eidx,xidx,dir,kind,variant,rr,Rg,risk_atr,asia,qt,qt90,qtM2,smt,tl,fib,idm,asset,pair,time,fee,Rf,half,conf
4849,5206,long,V,mss,2.0,-1.0,1.0987710721598523,True,False,False,False,False,False,True,True,BTC,1D>1h,2023-04-25 20:00:00+00:00,0.0002,-1.0104431079005312,H1,2
4849,5206,long,V,mss,3.0,-1.0,1.0987710721598523,True,False,False,False,False,False,True,True,BTC,1D>1h,2023-04-25 20:00:00+00:00,0.0002,-1.0104431079005312,H1,2
4849,5206,long,V,mss,5.0,-1.0,1.0987710721598523,True,False,False,False,False,False,True,True,BTC,1D>1h,2023-04-25 20:00:00+00:00,0.0002,-1.0104431079005312,H1,2
4872,4877,long,V,retest,2.0,2.0,0.832863425008379,True,False,False,False,False,False,False,False,BTC,1D>1h,2023-04-26 19:00:00+00:00,0.0002,1.9856865831393635,H1,1
4872,5206,long,V,retest,3.0,-1.0,0.832863425008379,True,False,False,False,False,False,False,False,BTC,1D>1h,2023-04-26 19:00:00+00:00,0.0002,-1.0137134168606365,H1,1
4872,5206,long,V,retest,5.0,-1.0,0.832863425008379,True,False,False,False,False,False,False,False,BTC,1D>1h,2023-04-26 19:00:00+00:00,0.0002,-1.0137134168606365,H1,1
4707,5242,short,A,mss,2.0,2.0,1.774839244344158,True,False,False,False,False,False,False,True,BTC,1D>1h,2023-04-19 22:00:00+00:00,0.0002,1.992259808103971,H1,1
4707,5283,short,A,mss,3.0,1.5301669350372835,1.774839244344158,True,False,False,False,False,False,False,True,BTC,1D>1h,2023-04-19 22:00:00+00:00,0.0002,1.522332776528262,H1,1
4707,5283,short,A,mss,5.0,1.5301669350372835,1.774839244344158,True,False,False,False,False,False,False,True,BTC,1D>1h,2023-04-19 22:00:00+00:00,0.0002,1.522332776528262,H1,1
5528,5639,short,A,mss,2.0,-1.0,0.9207251150346647,False,False,False,False,False,False,False,True,BTC,1D>1h,2023-05-24 03:00:00+00:00,0.0002,-1.0150561872041854,H1,0
5528,5639,short,A,mss,3.0,-1.0,0.9207251150346647,False,False,False,False,False,False,False,True,BTC,1D>1h,2023-05-24 03:00:00+00:00,0.0002,-1.0150561872041854,H1,0
5528,5639,short,A,mss,5.0,-1.0,0.9207251150346647,False,False,False,False,False,False,False,True,BTC,1D>1h,2023-05-24 03:00:00+00:00,0.0002,-1.0150561872041854,H1,0
5529,5639,short,A,retest,2.0,-1.0,0.9052649672723457,False,False,False,False,False,False,False,False,BTC,1D>1h,2023-05-24 04:00:00+00:00,0.0002,-1.0153167329195212,H1,0
5529,5639,short,A,retest,3.0,-1.0,0.9052649672723457,False,False,False,False,False,False,False,False,BTC,1D>1h,2023-05-24 04:00:00+00:00,0.0002,-1.0153167329195212,H1,0
5529,5639,short,A,retest,5.0,-1.0,0.9052649672723457,False,False,False,False,False,False,False,False,BTC,1D>1h,2023-05-24 04:00:00+00:00,0.0002,-1.0153167329195212,H1,0
10871,10913,long,V,mss,2.0,-1.0,1.2764309482326692,True,False,False,False,False,True,False,True,BTC,1D>1h,2024-01-01 18:00:00+00:00,0.0002,-1.0092286596586209,H1,2
10871,10913,long,V,mss,3.0,-1.0,1.2764309482326692,True,False,False,False,False,True,False,True,BTC,1D>1h,2024-01-01 18:00:00+00:00,0.0002,-1.0092286596586209,H1,2
10871,10913,long,V,mss,5.0,-1.0,1.2764309482326692,True,False,False,False,False,True,False,True,BTC,1D>1h,2024-01-01 18:00:00+00:00,0.0002,-1.0092286596586209,H1,2
10872,10913,long,V,retest,2.0,-1.0,1.2763611574305995,True,False,False,False,False,True,False,False,BTC,1D>1h,2024-01-01 19:00:00+00:00,0.0002,-1.0092291533413027,H1,2
10872,10913,long,V,retest,3.0,-1.0,1.2763611574305995,True,False,False,False,False,True,False,False,BTC,1D>1h,2024-01-01 19:00:00+00:00,0.0002,-1.0092291533413027,H1,2
10872,10913,long,V,retest,5.0,-1.0,1.2763611574305995,True,False,False,False,False,True,False,False,BTC,1D>1h,2024-01-01 19:00:00+00:00,0.0002,-1.0092291533413027,H1,2
18163,18296,short,A,mss,2.0,-1.0,1.4959907167058846,True,True,False,False,False,False,False,True,BTC,1D>1h,2024-10-31 14:00:00+00:00,0.0002,-1.0099349900788002,H2,2
18163,18296,short,A,mss,3.0,-1.0,1.4959907167058846,True,True,False,False,False,False,False,True,BTC,1D>1h,2024-10-31 14:00:00+00:00,0.0002,-1.0099349900788002,H2,2
18163,18296,short,A,mss,5.0,-1.0,1.4959907167058846,True,True,False,False,False,False,False,True,BTC,1D>1h,2024-10-31 14:00:00+00:00,0.0002,-1.0099349900788002,H2,2
18164,18296,short,A,retest,2.0,-1.0,1.4049176905269678,True,True,False,False,False,False,False,False,BTC,1D>1h,2024-10-31 15:00:00+00:00,0.0002,-1.010591985305633,H2,2
18164,18296,short,A,retest,3.0,-1.0,1.4049176905269678,True,True,False,False,False,False,False,False,BTC,1D>1h,2024-10-31 15:00:00+00:00,0.0002,-1.010591985305633,H2,2
18164,18296,short,A,retest,5.0,-1.0,1.4049176905269678,True,True,False,False,False,False,False,False,BTC,1D>1h,2024-10-31 15:00:00+00:00,0.0002,-1.010591985305633,H2,2
15215,15279,long,V,mss,2.0,-1.0,1.0885291147165546,True,False,False,False,False,False,False,True,BTC,1D>1h,2024-06-30 18:00:00+00:00,0.0002,-1.012092335598597,H1,1
15215,15279,long,V,mss,3.0,-1.0,1.0885291147165546,True,False,False,False,False,False,False,True,BTC,1D>1h,2024-06-30 18:00:00+00:00,0.0002,-1.012092335598597,H1,1
15215,15279,long,V,mss,5.0,-1.0,1.0885291147165546,True,False,False,False,False,False,False,True,BTC,1D>1h,2024-06-30 18:00:00+00:00,0.0002,-1.012092335598597,H1,1
15218,15279,long,V,retest,2.0,-1.0,0.9913315618859813,True,False,False,False,False,False,False,False,BTC,1D>1h,2024-06-30 21:00:00+00:00,0.0002,-1.0132583490315037,H1,1
15218,15279,long,V,retest,3.0,-1.0,0.9913315618859813,True,False,False,False,False,False,False,False,BTC,1D>1h,2024-06-30 21:00:00+00:00,0.0002,-1.0132583490315037,H1,1
15218,15279,long,V,retest,5.0,-1.0,0.9913315618859813,True,False,False,False,False,False,False,False,BTC,1D>1h,2024-06-30 21:00:00+00:00,0.0002,-1.0132583490315037,H1,1
15829,15980,long,V,mss,2.0,-1.0,1.490004734909812,False,False,False,False,False,False,False,True,BTC,1D>1h,2024-07-26 08:00:00+00:00,0.0002,-1.0070595149642612,H1,0
15829,15980,long,V,mss,3.0,-1.0,1.490004734909812,False,False,False,False,False,False,False,True,BTC,1D>1h,2024-07-26 08:00:00+00:00,0.0002,-1.0070595149642612,H1,0
15829,15980,long,V,mss,5.0,-1.0,1.490004734909812,False,False,False,False,False,False,False,True,BTC,1D>1h,2024-07-26 08:00:00+00:00,0.0002,-1.0070595149642612,H1,0
15830,15980,long,V,retest,2.0,-1.0,1.4883928507179345,False,False,False,False,False,False,False,False,BTC,1D>1h,2024-07-26 09:00:00+00:00,0.0002,-1.0070669436103536,H1,0
15830,15980,long,V,retest,3.0,-1.0,1.4883928507179345,False,False,False,False,False,False,False,False,BTC,1D>1h,2024-07-26 09:00:00+00:00,0.0002,-1.0070669436103536,H1,0
15830,15980,long,V,retest,5.0,-1.0,1.4883928507179345,False,False,False,False,False,False,False,False,BTC,1D>1h,2024-07-26 09:00:00+00:00,0.0002,-1.0070669436103536,H1,0
16727,16733,long,V,mss,2.0,-1.0,0.5932631015366215,True,False,False,False,False,True,False,False,BTC,1D>1h,2024-09-01 18:00:00+00:00,0.0002,-1.016686806477385,H1,2
16727,16733,long,V,mss,3.0,-1.0,0.5932631015366215,True,False,False,False,False,True,False,False,BTC,1D>1h,2024-09-01 18:00:00+00:00,0.0002,-1.016686806477385,H1,2
16727,16733,long,V,mss,5.0,-1.0,0.5932631015366215,True,False,False,False,False,True,False,False,BTC,1D>1h,2024-09-01 18:00:00+00:00,0.0002,-1.016686806477385,H1,2
16728,16733,long,V,retest,2.0,-1.0,0.5777370521775604,True,False,False,False,False,True,False,False,BTC,1D>1h,2024-09-01 19:00:00+00:00,0.0002,-1.0171298713114238,H1,2
16728,16733,long,V,retest,3.0,-1.0,0.5777370521775604,True,False,False,False,False,True,False,False,BTC,1D>1h,2024-09-01 19:00:00+00:00,0.0002,-1.0171298713114238,H1,2
16728,16733,long,V,retest,5.0,-1.0,0.5777370521775604,True,False,False,False,False,True,False,False,BTC,1D>1h,2024-09-01 19:00:00+00:00,0.0002,-1.0171298713114238,H1,2
20091,20099,short,A,mss,2.0,-1.0,0.8072037942300822,True,False,False,False,False,False,False,False,BTC,1D>1h,2025-01-19 22:00:00+00:00,0.0002,-1.0134260054973308,H2,1
20091,20099,short,A,mss,3.0,-1.0,0.8072037942300822,True,False,False,False,False,False,False,False,BTC,1D>1h,2025-01-19 22:00:00+00:00,0.0002,-1.0134260054973308,H2,1
20091,20099,short,A,mss,5.0,-1.0,0.8072037942300822,True,False,False,False,False,False,False,False,BTC,1D>1h,2025-01-19 22:00:00+00:00,0.0002,-1.0134260054973308,H2,1
20099,20099,short,A,retest,2.0,-1.0,0.7977344418702926,True,False,False,False,False,False,False,False,BTC,1D>1h,2025-01-20 06:00:00+00:00,0.0002,-1.0135877503594533,H2,1
20099,20099,short,A,retest,3.0,-1.0,0.7977344418702926,True,False,False,False,False,False,False,False,BTC,1D>1h,2025-01-20 06:00:00+00:00,0.0002,-1.0135877503594533,H2,1
20099,20099,short,A,retest,5.0,-1.0,0.7977344418702926,True,False,False,False,False,False,False,False,BTC,1D>1h,2025-01-20 06:00:00+00:00,0.0002,-1.0135877503594533,H2,1
19526,19532,long,V,mss,2.0,-1.0,0.5248607206242949,True,False,False,True,False,False,True,False,BTC,1D>1h,2024-12-27 09:00:00+00:00,0.0002,-1.017348008468996,H2,2
19526,19532,long,V,mss,3.0,-1.0,0.5248607206242949,True,False,False,True,False,False,True,False,BTC,1D>1h,2024-12-27 09:00:00+00:00,0.0002,-1.017348008468996,H2,2
19526,19532,long,V,mss,5.0,-1.0,0.5248607206242949,True,False,False,True,False,False,True,False,BTC,1D>1h,2024-12-27 09:00:00+00:00,0.0002,-1.017348008468996,H2,2
19527,19532,long,V,retest,2.0,-1.0,0.488652246748279,True,False,False,True,False,False,False,False,BTC,1D>1h,2024-12-27 10:00:00+00:00,0.0002,-1.0186186528194665,H2,1
19527,19532,long,V,retest,3.0,-1.0,0.488652246748279,True,False,False,True,False,False,False,False,BTC,1D>1h,2024-12-27 10:00:00+00:00,0.0002,-1.0186186528194665,H2,1
19527,19532,long,V,retest,5.0,-1.0,0.488652246748279,True,False,False,True,False,False,False,False,BTC,1D>1h,2024-12-27 10:00:00+00:00,0.0002,-1.0186186528194665,H2,1
20448,20957,long,V,mss,2.0,-1.0,2.42585719119635,False,False,False,False,False,False,False,False,BTC,1D>1h,2025-02-03 19:00:00+00:00,0.0002,-1.0035787741933582,H2,0
20448,20957,long,V,mss,3.0,-1.0,2.42585719119635,False,False,False,False,False,False,False,False,BTC,1D>1h,2025-02-03 19:00:00+00:00,0.0002,-1.0035787741933582,H2,0
20448,20957,long,V,mss,5.0,-1.0,2.42585719119635,False,False,False,False,False,False,False,False,BTC,1D>1h,2025-02-03 19:00:00+00:00,0.0002,-1.0035787741933582,H2,0
20449,20957,long,V,retest,2.0,-1.0,2.3306174739398644,False,False,False,False,False,False,False,False,BTC,1D>1h,2025-02-03 20:00:00+00:00,0.0002,-1.0037168464005939,H2,0
20449,20957,long,V,retest,3.0,-1.0,2.3306174739398644,False,False,False,False,False,False,False,False,BTC,1D>1h,2025-02-03 20:00:00+00:00,0.0002,-1.0037168464005939,H2,0
20449,20957,long,V,retest,5.0,-1.0,2.3306174739398644,False,False,False,False,False,False,False,False,BTC,1D>1h,2025-02-03 20:00:00+00:00,0.0002,-1.0037168464005939,H2,0
22795,22941,short,A,mss,2.0,-1.0,1.2270366843510776,True,True,False,False,False,False,False,False,BTC,1D>1h,2025-05-12 14:00:00+00:00,0.0002,-1.0134806551187612,H2,2
22795,22941,short,A,mss,3.0,-1.0,1.2270366843510776,True,True,False,False,False,False,False,False,BTC,1D>1h,2025-05-12 14:00:00+00:00,0.0002,-1.0134806551187612,H2,2
22795,22941,short,A,mss,5.0,-1.0,1.2270366843510776,True,True,False,False,False,False,False,False,BTC,1D>1h,2025-05-12 14:00:00+00:00,0.0002,-1.0134806551187612,H2,2
22796,22941,short,A,retest,2.0,-1.0,1.145660459288959,True,True,False,False,False,False,False,False,BTC,1D>1h,2025-05-12 15:00:00+00:00,0.0002,-1.0144523916057064,H2,2
22796,22941,short,A,retest,3.0,-1.0,1.145660459288959,True,True,False,False,False,False,False,False,BTC,1D>1h,2025-05-12 15:00:00+00:00,0.0002,-1.0144523916057064,H2,2
22796,22941,short,A,retest,5.0,-1.0,1.145660459288959,True,True,False,False,False,False,False,False,BTC,1D>1h,2025-05-12 15:00:00+00:00,0.0002,-1.0144523916057064,H2,2
24066,24192,short,A,mss,2.0,-1.0,0.9275319364498364,True,True,False,False,False,True,False,True,BTC,1D>1h,2025-07-04 13:00:00+00:00,0.0002,-1.0168441624433673,H2,3
24066,24192,short,A,mss,3.0,-1.0,0.9275319364498364,True,True,False,False,False,True,False,True,BTC,1D>1h,2025-07-04 13:00:00+00:00,0.0002,-1.0168441624433673,H2,3
24066,24192,short,A,mss,5.0,-1.0,0.9275319364498364,True,True,False,False,False,True,False,True,BTC,1D>1h,2025-07-04 13:00:00+00:00,0.0002,-1.0168441624433673,H2,3
24114,24192,short,A,retest,2.0,-1.0,0.7272938684467486,True,True,False,False,False,True,False,True,BTC,1D>1h,2025-07-06 13:00:00+00:00,0.0002,-1.0215367500017905,H2,3
24114,24192,short,A,retest,3.0,-1.0,0.7272938684467486,True,True,False,False,False,True,False,True,BTC,1D>1h,2025-07-06 13:00:00+00:00,0.0002,-1.0215367500017905,H2,3
24114,24192,short,A,retest,5.0,-1.0,0.7272938684467486,True,True,False,False,False,True,False,True,BTC,1D>1h,2025-07-06 13:00:00+00:00,0.0002,-1.0215367500017905,H2,3
25198,25222,long,V,mss,2.0,-1.0,0.6291113685145026,True,True,False,False,False,True,True,False,BTC,1D>1h,2025-08-20 17:00:00+00:00,0.0002,-1.0240723993561025,H2,4
25198,25222,long,V,mss,3.0,-1.0,0.6291113685145026,True,True,False,False,False,True,True,False,BTC,1D>1h,2025-08-20 17:00:00+00:00,0.0002,-1.0240723993561025,H2,4
25198,25222,long,V,mss,5.0,-1.0,0.6291113685145026,True,True,False,False,False,True,True,False,BTC,1D>1h,2025-08-20 17:00:00+00:00,0.0002,-1.0240723993561025,H2,4
25199,25222,long,V,retest,2.0,-1.0,0.5686850865298048,True,False,False,False,False,True,False,False,BTC,1D>1h,2025-08-20 18:00:00+00:00,0.0002,-1.0266089883564324,H2,2
25199,25222,long,V,retest,3.0,-1.0,0.5686850865298048,True,False,False,False,False,True,False,False,BTC,1D>1h,2025-08-20 18:00:00+00:00,0.0002,-1.0266089883564324,H2,2
25199,25222,long,V,retest,5.0,-1.0,0.5686850865298048,True,False,False,False,False,True,False,False,BTC,1D>1h,2025-08-20 18:00:00+00:00,0.0002,-1.0266089883564324,H2,2
25547,25572,short,A,mss,2.0,-1.0,0.6896471941433489,True,False,False,False,False,False,False,False,BTC,1D>1h,2025-09-04 06:00:00+00:00,0.0002,-1.020012960073082,H2,1
25547,25572,short,A,mss,3.0,-1.0,0.6896471941433489,True,False,False,False,False,False,False,False,BTC,1D>1h,2025-09-04 06:00:00+00:00,0.0002,-1.020012960073082,H2,1
25547,25572,short,A,mss,5.0,-1.0,0.6896471941433489,True,False,False,False,False,False,False,False,BTC,1D>1h,2025-09-04 06:00:00+00:00,0.0002,-1.020012960073082,H2,1
25548,25572,short,A,retest,2.0,-1.0,0.6479475762086024,True,False,False,False,False,False,False,False,BTC,1D>1h,2025-09-04 07:00:00+00:00,0.0002,-1.0213137948062094,H2,1
25548,25572,short,A,retest,3.0,-1.0,0.6479475762086024,True,False,False,False,False,False,False,False,BTC,1D>1h,2025-09-04 07:00:00+00:00,0.0002,-1.0213137948062094,H2,1
25548,25572,short,A,retest,5.0,-1.0,0.6479475762086024,True,False,False,False,False,False,False,False,BTC,1D>1h,2025-09-04 07:00:00+00:00,0.0002,-1.0213137948062094,H2,1
27680,27705,long,V,mss,2.0,2.0,0.8534532016697459,True,False,False,False,False,True,False,False,BTC,1D>1h,2025-12-02 03:00:00+00:00,0.0002,1.9888808495334285,H2,2
27680,28256,long,V,mss,3.0,0.5754995307810522,0.8534532016697459,True,False,False,False,False,True,False,False,BTC,1D>1h,2025-12-02 03:00:00+00:00,0.0002,0.5646652804083245,H2,2
27680,28256,long,V,mss,5.0,0.5754995307810522,0.8534532016697459,True,False,False,False,False,True,False,False,BTC,1D>1h,2025-12-02 03:00:00+00:00,0.0002,0.5646652804083245,H2,2
27681,27705,long,V,retest,2.0,2.0,0.8432033507538735,True,False,False,False,False,True,False,False,BTC,1D>1h,2025-12-02 04:00:00+00:00,0.0002,1.9887554115192576,H2,2
27681,28256,long,V,retest,3.0,0.5946510620150005,0.8432033507538735,True,False,False,False,False,True,False,False,BTC,1D>1h,2025-12-02 04:00:00+00:00,0.0002,0.5836875433218552,H2,2
27681,28256,long,V,retest,5.0,0.5946510620150005,0.8432033507538735,True,False,False,False,False,True,False,False,BTC,1D>1h,2025-12-02 04:00:00+00:00,0.0002,0.5836875433218552,H2,2
27896,28472,short,A,mss,2.0,-0.28272429889515577,1.42192945678273,True,False,False,False,False,False,True,True,BTC,1D>1h,2025-12-11 03:00:00+00:00,0.0002,-0.2902725373542743,H2,2
27896,28472,short,A,mss,3.0,-0.28272429889515577,1.42192945678273,True,False,False,False,False,False,True,True,BTC,1D>1h,2025-12-11 03:00:00+00:00,0.0002,-0.2902725373542743,H2,2
27896,28472,short,A,mss,5.0,-0.28272429889515577,1.42192945678273,True,False,False,False,False,False,True,True,BTC,1D>1h,2025-12-11 03:00:00+00:00,0.0002,-0.2902725373542743,H2,2
27897,28472,short,A,retest,2.0,-0.2778380702864595,1.412308522605217,True,False,False,False,False,False,False,False,BTC,1D>1h,2025-12-11 04:00:00+00:00,0.0002,-0.28543909132885475,H2,1
27897,28472,short,A,retest,3.0,-0.2778380702864595,1.412308522605217,True,False,False,False,False,False,False,False,BTC,1D>1h,2025-12-11 04:00:00+00:00,0.0002,-0.28543909132885475,H2,1
27897,28472,short,A,retest,5.0,-0.2778380702864595,1.412308522605217,True,False,False,False,False,False,False,False,BTC,1D>1h,2025-12-11 04:00:00+00:00,0.0002,-0.28543909132885475,H2,1
29795,29853,short,A,mss,2.0,-1.0,2.592018506066656,True,False,False,False,False,False,False,True,BTC,1D>1h,2026-02-28 06:00:00+00:00,0.0002,-1.0039044905520016,H2,1
29795,29853,short,A,mss,3.0,-1.0,2.592018506066656,True,False,False,False,False,False,False,True,BTC,1D>1h,2026-02-28 06:00:00+00:00,0.0002,-1.0039044905520016,H2,1
29795,29853,short,A,mss,5.0,-1.0,2.592018506066656,True,False,False,False,False,False,False,True,BTC,1D>1h,2026-02-28 06:00:00+00:00,0.0002,-1.0039044905520016,H2,1
29802,29853,short,A,retest,2.0,-1.0,2.007512902141725,True,True,False,False,False,False,False,False,BTC,1D>1h,2026-02-28 13:00:00+00:00,0.0002,-1.0050995502332334,H2,2
29802,29853,short,A,retest,3.0,-1.0,2.007512902141725,True,True,False,False,False,False,False,False,BTC,1D>1h,2026-02-28 13:00:00+00:00,0.0002,-1.0050995502332334,H2,2
29802,29853,short,A,retest,5.0,-1.0,2.007512902141725,True,True,False,False,False,False,False,False,BTC,1D>1h,2026-02-28 13:00:00+00:00,0.0002,-1.0050995502332334,H2,2
29808,29900,long,V,mss,2.0,2.0,1.3001054575645856,True,False,False,True,False,False,False,False,BTC,1D>1h,2026-02-28 19:00:00+00:00,0.0002,1.9918468094341064,H2,1
29808,30384,long,V,mss,3.0,0.8807128723629092,1.3001054575645856,True,False,False,True,False,False,False,False,BTC,1D>1h,2026-02-28 19:00:00+00:00,0.0002,0.8727835392225429,H2,1
29808,30384,long,V,mss,5.0,0.8807128723629092,1.3001054575645856,True,False,False,True,False,False,False,False,BTC,1D>1h,2026-02-28 19:00:00+00:00,0.0002,0.8727835392225429,H2,1
29829,29899,long,V,retest,2.0,2.0,1.172328754193012,True,True,False,True,False,False,False,True,BTC,1D>1h,2026-03-01 16:00:00+00:00,0.0002,1.9910453563891202,H2,2
29829,30197,long,V,retest,3.0,3.0,1.172328754193012,True,True,False,True,False,False,False,True,BTC,1D>1h,2026-03-01 16:00:00+00:00,0.0002,2.99084535638912,H2,2
29829,30404,long,V,retest,5.0,1.557208202222276,1.172328754193012,True,True,False,True,False,False,False,True,BTC,1D>1h,2026-03-01 16:00:00+00:00,0.0002,1.5483421169709517,H2,2
33511,33931,long,V,mss,2.0,2.0,0.7475183272688346,True,False,False,False,False,False,False,False,BTC,1D>1h,2026-08-02 02:00:00+00:00,0.0002,1.9784034806714832,H2,1
33511,33932,long,V,mss,3.0,3.0,0.7475183272688346,True,False,False,False,False,False,False,False,BTC,1D>1h,2026-08-02 02:00:00+00:00,0.0002,2.978203480671483,H2,1
33511,33932,long,V,mss,5.0,5.0,0.7475183272688346,True,False,False,False,False,False,False,False,BTC,1D>1h,2026-08-02 02:00:00+00:00,0.0002,4.977803480671483,H2,1
33518,33600,long,V,retest,2.0,2.0,0.544931105522258,True,False,False,False,False,False,False,False,BTC,1D>1h,2026-08-02 09:00:00+00:00,0.0002,1.970672027961098,H2,1
33518,33931,long,V,retest,3.0,3.0,0.544931105522258,True,False,False,False,False,False,False,False,BTC,1D>1h,2026-08-02 09:00:00+00:00,0.0002,2.970472027961098,H2,1
33518,33932,long,V,retest,5.0,5.0,0.544931105522258,True,False,False,False,False,False,False,False,BTC,1D>1h,2026-08-02 09:00:00+00:00,0.0002,4.970072027961098,H2,1
33202,33212,short,A,mss,2.0,-1.0,0.604557492168566,False,False,False,False,False,False,True,False,BTC,1D>1h,2026-07-20 05:00:00+00:00,0.0002,-1.0255238708803918,H2,1
33202,33212,short,A,mss,3.0,-1.0,0.604557492168566,False,False,False,False,False,False,True,False,BTC,1D>1h,2026-07-20 05:00:00+00:00,0.0002,-1.0255238708803918,H2,1
33202,33212,short,A,mss,5.0,-1.0,0.604557492168566,False,False,False,False,False,False,True,False,BTC,1D>1h,2026-07-20 05:00:00+00:00,0.0002,-1.0255238708803918,H2,1
33204,33212,short,A,retest,2.0,-1.0,0.5138373756648374,False,False,False,False,False,False,False,False,BTC,1D>1h,2026-07-20 07:00:00+00:00,0.0002,-1.0300655268083527,H2,0
33204,33212,short,A,retest,3.0,-1.0,0.5138373756648374,False,False,False,False,False,False,False,False,BTC,1D>1h,2026-07-20 07:00:00+00:00,0.0002,-1.0300655268083527,H2,0
33204,33212,short,A,retest,5.0,-1.0,0.5138373756648374,False,False,False,False,False,False,False,False,BTC,1D>1h,2026-07-20 07:00:00+00:00,0.0002,-1.0300655268083527,H2,0
31109,31196,long,RBS,mss,2.0,-1.0,0.6050942264687674,True,False,False,False,False,True,False,False,BTC,1D>1h,2026-04-24 00:00:00+00:00,0.0002,-1.0206145838452414,H2,2
31109,31196,long,RBS,mss,3.0,-1.0,0.6050942264687674,True,False,False,False,False,True,False,False,BTC,1D>1h,2026-04-24 00:00:00+00:00,0.0002,-1.0206145838452414,H2,2
31109,31196,long,RBS,mss,5.0,-1.0,0.6050942264687674,True,False,False,False,False,True,False,False,BTC,1D>1h,2026-04-24 00:00:00+00:00,0.0002,-1.0206145838452414,H2,2
31110,31196,long,RBS,retest,2.0,-1.0,0.5738269911000647,True,False,False,False,False,True,False,False,BTC,1D>1h,2026-04-24 01:00:00+00:00,0.0002,-1.0217269532665885,H2,2
31110,31196,long,RBS,retest,3.0,-1.0,0.5738269911000647,True,False,False,False,False,True,False,False,BTC,1D>1h,2026-04-24 01:00:00+00:00,0.0002,-1.0217269532665885,H2,2
31110,31196,long,RBS,retest,5.0,-1.0,0.5738269911000647,True,False,False,False,False,True,False,False,BTC,1D>1h,2026-04-24 01:00:00+00:00,0.0002,-1.0217269532665885,H2,2
681,724,long,V,mss,2.0,-1.0,1.1067864873630207,True,False,False,False,False,False,False,True,BTC,4h>15m,2022-10-12 20:45:00+00:00,0.0002,-1.0363805888425879,H1,1
681,724,long,V,mss,3.0,-1.0,1.1067864873630207,True,False,False,False,False,False,False,True,BTC,4h>15m,2022-10-12 20:45:00+00:00,0.0002,-1.0363805888425879,H1,1
681,724,long,V,mss,5.0,-1.0,1.1067864873630207,True,False,False,False,False,False,False,True,BTC,4h>15m,2022-10-12 20:45:00+00:00,0.0002,-1.0363805888425879,H1,1
682,724,long,V,retest,2.0,-1.0,1.0960162006833265,True,False,False,False,False,False,False,False,BTC,4h>15m,2022-10-12 21:00:00+00:00,0.0002,-1.0367361267569288,H1,1
682,724,long,V,retest,3.0,-1.0,1.0960162006833265,True,False,False,False,False,False,False,False,BTC,4h>15m,2022-10-12 21:00:00+00:00,0.0002,-1.0367361267569288,H1,1
682,724,long,V,retest,5.0,-1.0,1.0960162006833265,True,False,False,False,False,False,False,False,BTC,4h>15m,2022-10-12 21:00:00+00:00,0.0002,-1.0367361267569288,H1,1
1629,1725,short,A,mss,2.0,-1.0,0.6681881014407969,True,True,False,False,False,False,False,True,BTC,4h>15m,2022-10-22 17:45:00+00:00,0.0002,-1.0713142973462928,H1,2
1629,1725,short,A,mss,3.0,-1.0,0.6681881014407969,True,True,False,False,False,False,False,True,BTC,4h>15m,2022-10-22 17:45:00+00:00,0.0002,-1.0713142973462928,H1,2
1629,1725,short,A,mss,5.0,-1.0,0.6681881014407969,True,True,False,False,False,False,False,True,BTC,4h>15m,2022-10-22 17:45:00+00:00,0.0002,-1.0713142973462928,H1,2
1630,1725,short,A,retest,2.0,-1.0,0.6497040423910538,True,False,False,False,False,False,False,False,BTC,4h>15m,2022-10-22 18:00:00+00:00,0.0002,-1.0733488767990926,H1,1
1630,1725,short,A,retest,3.0,-1.0,0.6497040423910538,True,False,False,False,False,False,False,False,BTC,4h>15m,2022-10-22 18:00:00+00:00,0.0002,-1.0733488767990926,H1,1
1630,1725,short,A,retest,5.0,-1.0,0.6497040423910538,True,False,False,False,False,False,False,False,BTC,4h>15m,2022-10-22 18:00:00+00:00,0.0002,-1.0733488767990926,H1,1
3254,3262,long,V,mss,2.0,-1.0,2.985447551869748,True,True,True,False,False,False,False,False,BTC,4h>15m,2022-11-08 16:00:00+00:00,0.0002,-1.0080352280200053,H1,2
3254,3262,long,V,mss,3.0,-1.0,2.985447551869748,True,True,True,False,False,False,False,False,BTC,4h>15m,2022-11-08 16:00:00+00:00,0.0002,-1.0080352280200053,H1,2
3254,3262,long,V,mss,5.0,-1.0,2.985447551869748,True,True,True,False,False,False,False,False,BTC,4h>15m,2022-11-08 16:00:00+00:00,0.0002,-1.0080352280200053,H1,2
3259,3262,long,V,retest,2.0,-1.0,1.632546281599124,True,True,True,False,False,False,False,False,BTC,4h>15m,2022-11-08 17:15:00+00:00,0.0002,-1.014528330274198,H1,2
3259,3262,long,V,retest,3.0,-1.0,1.632546281599124,True,True,True,False,False,False,False,False,BTC,4h>15m,2022-11-08 17:15:00+00:00,0.0002,-1.014528330274198,H1,2
3259,3262,long,V,retest,5.0,-1.0,1.632546281599124,True,True,True,False,False,False,False,False,BTC,4h>15m,2022-11-08 17:15:00+00:00,0.0002,-1.014528330274198,H1,2
2364,2477,short,A,mss,2.0,2.0,0.8016304574686797,True,False,False,True,False,False,False,False,BTC,4h>15m,2022-10-30 09:30:00+00:00,0.0002,1.9600981609957524,H1,1
2364,2691,short,A,mss,3.0,3.0,0.8016304574686797,True,False,False,True,False,False,False,False,BTC,4h>15m,2022-10-30 09:30:00+00:00,0.0002,2.9602981609957526,H1,1
2364,2748,short,A,mss,5.0,2.053075103232455,0.8016304574686797,True,False,False,True,False,False,False,False,BTC,4h>15m,2022-10-30 09:30:00+00:00,0.0002,2.013183879248854,H1,1
2365,2477,short,A,retest,2.0,2.0,0.7623202642571038,True,False,True,True,False,False,False,False,BTC,4h>15m,2022-10-30 09:45:00+00:00,0.0002,1.9579993093315078,H1,1
2365,2686,short,A,retest,3.0,3.0,0.7623202642571038,True,False,True,True,False,False,False,False,BTC,4h>15m,2022-10-30 09:45:00+00:00,0.0002,2.9581993093315075,H1,1
2365,2748,short,A,retest,5.0,2.210511521788741,0.7623202642571038,True,False,True,True,False,False,False,False,BTC,4h>15m,2022-10-30 09:45:00+00:00,0.0002,2.1685529334246065,H1,1
2691,2859,short,A,mss,2.0,-1.0,2.6655647457443847,True,False,False,False,False,False,False,False,BTC,4h>15m,2022-11-02 19:15:00+00:00,0.0002,-1.0145899939716607,H1,1
2691,2859,short,A,mss,3.0,-1.0,2.6655647457443847,True,False,False,False,False,False,False,False,BTC,4h>15m,2022-11-02 19:15:00+00:00,0.0002,-1.0145899939716607,H1,1
2691,2859,short,A,mss,5.0,-1.0,2.6655647457443847,True,False,False,False,False,False,False,False,BTC,4h>15m,2022-11-02 19:15:00+00:00,0.0002,-1.0145899939716607,H1,1
2726,2859,short,A,retest,2.0,-1.0,2.1253078863542774,True,False,True,False,False,False,False,True,BTC,4h>15m,2022-11-03 04:00:00+00:00,0.0002,-1.018349635454587,H1,1
2726,2859,short,A,retest,3.0,-1.0,2.1253078863542774,True,False,True,False,False,False,False,True,BTC,4h>15m,2022-11-03 04:00:00+00:00,0.0002,-1.018349635454587,H1,1
2726,2859,short,A,retest,5.0,-1.0,2.1253078863542774,True,False,True,False,False,False,False,True,BTC,4h>15m,2022-11-03 04:00:00+00:00,0.0002,-1.018349635454587,H1,1
5455,5793,short,A,mss,2.0,-1.0,1.4358843660501126,True,True,True,False,False,False,False,False,BTC,4h>15m,2022-12-01 14:15:00+00:00,0.0002,-1.0230938187402354,H1,2
5455,5793,short,A,mss,3.0,-1.0,1.4358843660501126,True,True,True,False,False,False,False,False,BTC,4h>15m,2022-12-01 14:15:00+00:00,0.0002,-1.0230938187402354,H1,2
5455,5793,short,A,mss,5.0,-1.0,1.4358843660501126,True,True,True,False,False,False,False,False,BTC,4h>15m,2022-12-01 14:15:00+00:00,0.0002,-1.0230938187402354,H1,2
5456,5793,short,A,retest,2.0,-1.0,1.3890821176121944,True,True,True,False,False,False,False,False,BTC,4h>15m,2022-12-01 14:30:00+00:00,0.0002,-1.0238786557760922,H1,2
5456,5793,short,A,retest,3.0,-1.0,1.3890821176121944,True,True,True,False,False,False,False,False,BTC,4h>15m,2022-12-01 14:30:00+00:00,0.0002,-1.0238786557760922,H1,2
5456,5793,short,A,retest,5.0,-1.0,1.3890821176121944,True,True,True,False,False,False,False,False,BTC,4h>15m,2022-12-01 14:30:00+00:00,0.0002,-1.0238786557760922,H1,2
6220,6589,short,A,mss,2.0,-1.0,1.583074021212314,True,True,False,False,False,False,False,False,BTC,4h>15m,2022-12-09 13:30:00+00:00,0.0002,-1.0307798444376837,H1,2
6220,6589,short,A,mss,3.0,-1.0,1.583074021212314,True,True,False,False,False,False,False,False,BTC,4h>15m,2022-12-09 13:30:00+00:00,0.0002,-1.0307798444376837,H1,2
6220,6589,short,A,mss,5.0,-1.0,1.583074021212314,True,True,False,False,False,False,False,False,BTC,4h>15m,2022-12-09 13:30:00+00:00,0.0002,-1.0307798444376837,H1,2
5971,6002,long,V,mss,2.0,-1.0,0.992182404727984,True,False,True,True,False,False,True,True,BTC,4h>15m,2022-12-06 23:15:00+00:00,0.0002,-1.041903622560111,H1,2
5971,6002,long,V,mss,3.0,-1.0,0.992182404727984,True,False,True,True,False,False,True,True,BTC,4h>15m,2022-12-06 23:15:00+00:00,0.0002,-1.041903622560111,H1,2
5971,6002,long,V,mss,5.0,-1.0,0.992182404727984,True,False,True,True,False,False,True,True,BTC,4h>15m,2022-12-06 23:15:00+00:00,0.0002,-1.041903622560111,H1,2
5979,6002,long,V,retest,2.0,-1.0,0.8492240979865945,True,False,False,True,False,False,False,True,BTC,4h>15m,2022-12-07 01:15:00+00:00,0.0002,-1.0489240065557024,H1,1
5979,6002,long,V,retest,3.0,-1.0,0.8492240979865945,True,False,False,True,False,False,False,True,BTC,4h>15m,2022-12-07 01:15:00+00:00,0.0002,-1.0489240065557024,H1,1
5979,6002,long,V,retest,5.0,-1.0,0.8492240979865945,True,False,False,True,False,False,False,True,BTC,4h>15m,2022-12-07 01:15:00+00:00,0.0002,-1.0489240065557024,H1,1
6117,6144,long,V,mss,2.0,2.0,0.9541597577883795,True,False,False,True,False,False,False,False,BTC,4h>15m,2022-12-08 11:45:00+00:00,0.0002,1.943631420220538,H1,1
6117,6144,long,V,mss,3.0,3.0,0.9541597577883795,True,False,False,True,False,False,False,False,BTC,4h>15m,2022-12-08 11:45:00+00:00,0.0002,2.943431420220538,H1,1
6117,6501,long,V,mss,5.0,1.1425534741597076,0.9541597577883795,True,False,False,True,False,False,False,False,BTC,4h>15m,2022-12-08 11:45:00+00:00,0.0002,1.0863563836854138,H1,1
6120,6144,long,V,retest,2.0,2.0,0.8245425992473039,True,True,False,True,False,False,False,False,BTC,4h>15m,2022-12-08 12:30:00+00:00,0.0002,1.93489610269813,H1,2
6120,6144,long,V,retest,3.0,3.0,0.8245425992473039,True,True,False,True,False,False,False,False,BTC,4h>15m,2022-12-08 12:30:00+00:00,0.0002,2.9346961026981297,H1,2
6120,6216,long,V,retest,5.0,5.0,0.8245425992473039,True,True,False,True,False,False,False,False,BTC,4h>15m,2022-12-08 12:30:00+00:00,0.0002,4.93429610269813,H1,2
6895,6902,long,V,mss,2.0,-1.0,0.6202894143067769,True,True,True,False,False,False,False,False,BTC,4h>15m,2022-12-16 14:15:00+00:00,0.0002,-1.044354943795198,H1,2
6895,6902,long,V,mss,3.0,-1.0,0.6202894143067769,True,True,True,False,False,False,False,False,BTC,4h>15m,2022-12-16 14:15:00+00:00,0.0002,-1.044354943795198,H1,2
6895,6902,long,V,mss,5.0,-1.0,0.6202894143067769,True,True,True,False,False,False,False,False,BTC,4h>15m,2022-12-16 14:15:00+00:00,0.0002,-1.044354943795198,H1,2
6896,6902,long,V,retest,2.0,-1.0,0.6167615257393845,True,True,True,False,False,False,False,False,BTC,4h>15m,2022-12-16 14:30:00+00:00,0.0002,-1.0446075109786361,H1,2
6896,6902,long,V,retest,3.0,-1.0,0.6167615257393845,True,True,True,False,False,False,False,False,BTC,4h>15m,2022-12-16 14:30:00+00:00,0.0002,-1.0446075109786361,H1,2
6896,6902,long,V,retest,5.0,-1.0,0.6167615257393845,True,True,True,False,False,False,False,False,BTC,4h>15m,2022-12-16 14:30:00+00:00,0.0002,-1.0446075109786361,H1,2
9345,9406,short,A,mss,2.0,-1.0,0.9649942886783466,False,False,False,False,False,True,False,False,BTC,4h>15m,2023-01-11 02:45:00+00:00,0.0002,-1.0558819173433867,H1,1
9345,9406,short,A,mss,3.0,-1.0,0.9649942886783466,False,False,False,False,False,True,False,False,BTC,4h>15m,2023-01-11 02:45:00+00:00,0.0002,-1.0558819173433867,H1,1
9345,9406,short,A,mss,5.0,-1.0,0.9649942886783466,False,False,False,False,False,True,False,False,BTC,4h>15m,2023-01-11 02:45:00+00:00,0.0002,-1.0558819173433867,H1,1
9346,9406,short,A,retest,2.0,-1.0,0.8450179065109227,False,False,False,False,False,True,False,False,BTC,4h>15m,2023-01-11 03:00:00+00:00,0.0002,-1.0638444770667113,H1,1
9346,9406,short,A,retest,3.0,-1.0,0.8450179065109227,False,False,False,False,False,True,False,False,BTC,4h>15m,2023-01-11 03:00:00+00:00,0.0002,-1.0638444770667113,H1,1
9346,9406,short,A,retest,5.0,-1.0,0.8450179065109227,False,False,False,False,False,True,False,False,BTC,4h>15m,2023-01-11 03:00:00+00:00,0.0002,-1.0638444770667113,H1,1
7761,7964,long,V,mss,2.0,-1.0,1.767596554149925,True,True,False,False,False,False,False,False,BTC,4h>15m,2022-12-25 14:45:00+00:00,0.0002,-1.0612852185895016,H1,2
7761,7964,long,V,mss,3.0,-1.0,1.767596554149925,True,True,False,False,False,False,False,False,BTC,4h>15m,2022-12-25 14:45:00+00:00,0.0002,-1.0612852185895016,H1,2
7761,7964,long,V,mss,5.0,-1.0,1.767596554149925,True,True,False,False,False,False,False,False,BTC,4h>15m,2022-12-25 14:45:00+00:00,0.0002,-1.0612852185895016,H1,2
7762,7964,long,V,retest,2.0,-1.0,1.7491910094219236,True,True,False,False,False,False,False,False,BTC,4h>15m,2022-12-25 15:00:00+00:00,0.0002,-1.0619279767084908,H1,2
7762,7964,long,V,retest,3.0,-1.0,1.7491910094219236,True,True,False,False,False,False,False,False,BTC,4h>15m,2022-12-25 15:00:00+00:00,0.0002,-1.0619279767084908,H1,2
7762,7964,long,V,retest,5.0,-1.0,1.7491910094219236,True,True,False,False,False,False,False,False,BTC,4h>15m,2022-12-25 15:00:00+00:00,0.0002,-1.0619279767084908,H1,2
7892,7952,long,V,mss,2.0,-1.0,1.3463527523389667,True,False,True,False,False,False,False,True,BTC,4h>15m,2022-12-26 23:30:00+00:00,0.0002,-1.0769750072879214,H1,1
7892,7952,long,V,mss,3.0,-1.0,1.3463527523389667,True,False,True,False,False,False,False,True,BTC,4h>15m,2022-12-26 23:30:00+00:00,0.0002,-1.0769750072879214,H1,1
7892,7952,long,V,mss,5.0,-1.0,1.3463527523389667,True,False,True,False,False,False,False,True,BTC,4h>15m,2022-12-26 23:30:00+00:00,0.0002,-1.0769750072879214,H1,1
7897,7952,long,V,retest,2.0,-1.0,1.288326608691878,True,False,True,False,False,False,False,False,BTC,4h>15m,2022-12-27 00:45:00+00:00,0.0002,-1.080432948443013,H1,1
7897,7952,long,V,retest,3.0,-1.0,1.288326608691878,True,False,True,False,False,False,False,False,BTC,4h>15m,2022-12-27 00:45:00+00:00,0.0002,-1.080432948443013,H1,1
7897,7952,long,V,retest,5.0,-1.0,1.288326608691878,True,False,True,False,False,False,False,False,BTC,4h>15m,2022-12-27 00:45:00+00:00,0.0002,-1.080432948443013,H1,1
9818,9874,long,V,mss,2.0,-1.0,1.1814294946565311,False,False,True,False,False,False,False,True,BTC,4h>15m,2023-01-16 01:00:00+00:00,0.0002,-1.015631953810593,H1,0
9818,9874,long,V,mss,3.0,-1.0,1.1814294946565311,False,False,True,False,False,False,False,True,BTC,4h>15m,2023-01-16 01:00:00+00:00,0.0002,-1.015631953810593,H1,0
9818,9874,long,V,mss,5.0,-1.0,1.1814294946565311,False,False,True,False,False,False,False,True,BTC,4h>15m,2023-01-16 01:00:00+00:00,0.0002,-1.015631953810593,H1,0
9819,9874,long,V,retest,2.0,-1.0,0.8740968128369234,False,False,False,False,False,False,False,False,BTC,4h>15m,2023-01-16 01:15:00+00:00,0.0002,-1.0210578330503683,H1,0
9819,9874,long,V,retest,3.0,-1.0,0.8740968128369234,False,False,False,False,False,False,False,False,BTC,4h>15m,2023-01-16 01:15:00+00:00,0.0002,-1.0210578330503683,H1,0
9819,9874,long,V,retest,5.0,-1.0,0.8740968128369234,False,False,False,False,False,False,False,False,BTC,4h>15m,2023-01-16 01:15:00+00:00,0.0002,-1.0210578330503683,H1,0
10157,10177,long,V,mss,2.0,2.0,0.38655157346636415,False,True,False,False,False,False,False,False,BTC,4h>15m,2023-01-19 13:45:00+00:00,0.0002,1.9311000170733466,H1,1
10157,10181,long,V,mss,3.0,3.0,0.38655157346636415,False,True,False,False,False,False,False,False,BTC,4h>15m,2023-01-19 13:45:00+00:00,0.0002,2.9309000170733466,H1,1
10157,10265,long,V,mss,5.0,5.0,0.38655157346636415,False,True,False,False,False,False,False,False,BTC,4h>15m,2023-01-19 13:45:00+00:00,0.0002,4.930500017073347,H1,1
10158,10177,long,V,retest,2.0,2.0,0.3826008393034322,False,True,False,False,False,False,False,False,BTC,4h>15m,2023-01-19 14:00:00+00:00,0.0002,1.930396817024091,H1,1
10158,10180,long,V,retest,3.0,3.0,0.3826008393034322,False,True,False,False,False,False,False,False,BTC,4h>15m,2023-01-19 14:00:00+00:00,0.0002,2.930196817024091,H1,1
10158,10265,long,V,retest,5.0,5.0,0.3826008393034322,False,True,False,False,False,False,False,False,BTC,4h>15m,2023-01-19 14:00:00+00:00,0.0002,4.929796817024091,H1,1
10671,10764,short,A,mss,2.0,-1.0,1.1929202134962555,False,False,False,False,False,True,False,False,BTC,4h>15m,2023-01-24 22:15:00+00:00,0.0002,-1.02305340583226,H1,1
10671,10764,short,A,mss,3.0,-1.0,1.1929202134962555,False,False,False,False,False,True,False,False,BTC,4h>15m,2023-01-24 22:15:00+00:00,0.0002,-1.02305340583226,H1,1
10671,10764,short,A,mss,5.0,-1.0,1.1929202134962555,False,False,False,False,False,True,False,False,BTC,4h>15m,2023-01-24 22:15:00+00:00,0.0002,-1.02305340583226,H1,1
10672,10764,short,A,retest,2.0,-1.0,0.9152291995606504,False,False,False,False,False,True,False,False,BTC,4h>15m,2023-01-24 22:30:00+00:00,0.0002,-1.0301087552967616,H1,1
10672,10764,short,A,retest,3.0,-1.0,0.9152291995606504,False,False,False,False,False,True,False,False,BTC,4h>15m,2023-01-24 22:30:00+00:00,0.0002,-1.0301087552967616,H1,1
10672,10764,short,A,retest,5.0,-1.0,0.9152291995606504,False,False,False,False,False,True,False,False,BTC,4h>15m,2023-01-24 22:30:00+00:00,0.0002,-1.0301087552967616,H1,1
11428,11811,long,V,mss,2.0,-1.0,1.6885711508463677,True,False,False,False,False,False,False,False,BTC,4h>15m,2023-02-01 19:30:00+00:00,0.0002,-1.0176599333444079,H1,1
11428,11811,long,V,mss,3.0,-1.0,1.6885711508463677,True,False,False,False,False,False,False,False,BTC,4h>15m,2023-02-01 19:30:00+00:00,0.0002,-1.0176599333444079,H1,1
11428,11811,long,V,mss,5.0,-1.0,1.6885711508463677,True,False,False,False,False,False,False,False,BTC,4h>15m,2023-02-01 19:30:00+00:00,0.0002,-1.0176599333444079,H1,1
13910,14073,short,A,mss,2.0,-1.0,2.2811255394763315,True,True,True,False,False,False,False,False,BTC,4h>15m,2023-02-27 16:00:00+00:00,0.0002,-1.0157747997361746,H1,2
13910,14073,short,A,mss,3.0,-1.0,2.2811255394763315,True,True,True,False,False,False,False,False,BTC,4h>15m,2023-02-27 16:00:00+00:00,0.0002,-1.0157747997361746,H1,2
13910,14073,short,A,mss,5.0,-1.0,2.2811255394763315,True,True,True,False,False,False,False,False,BTC,4h>15m,2023-02-27 16:00:00+00:00,0.0002,-1.0157747997361746,H1,2
13911,14073,short,A,retest,2.0,-1.0,2.150339604774051,True,True,False,False,False,False,False,False,BTC,4h>15m,2023-02-27 16:15:00+00:00,0.0002,-1.0167464039937248,H1,2
13911,14073,short,A,retest,3.0,-1.0,2.150339604774051,True,True,False,False,False,False,False,False,BTC,4h>15m,2023-02-27 16:15:00+00:00,0.0002,-1.0167464039937248,H1,2
13911,14073,short,A,retest,5.0,-1.0,2.150339604774051,True,True,False,False,False,False,False,False,BTC,4h>15m,2023-02-27 16:15:00+00:00,0.0002,-1.0167464039937248,H1,2
16015,16024,short,A,mss,2.0,-1.0,0.6190739017704503,True,True,True,False,False,True,False,False,BTC,4h>15m,2023-03-21 14:15:00+00:00,0.0002,-1.0276852588939458,H1,3
16015,16024,short,A,mss,3.0,-1.0,0.6190739017704503,True,True,True,False,False,True,False,False,BTC,4h>15m,2023-03-21 14:15:00+00:00,0.0002,-1.0276852588939458,H1,3
16015,16024,short,A,mss,5.0,-1.0,0.6190739017704503,True,True,True,False,False,True,False,False,BTC,4h>15m,2023-03-21 14:15:00+00:00,0.0002,-1.0276852588939458,H1,3
16016,16024,short,A,retest,2.0,-1.0,0.5862107331056468,True,True,True,False,False,True,False,False,BTC,4h>15m,2023-03-21 14:30:00+00:00,0.0002,-1.0292485157818547,H1,3
16016,16024,short,A,retest,3.0,-1.0,0.5862107331056468,True,True,True,False,False,True,False,False,BTC,4h>15m,2023-03-21 14:30:00+00:00,0.0002,-1.0292485157818547,H1,3
16016,16024,short,A,retest,5.0,-1.0,0.5862107331056468,True,True,True,False,False,True,False,False,BTC,4h>15m,2023-03-21 14:30:00+00:00,0.0002,-1.0292485157818547,H1,3
17037,17284,short,A,mss,2.0,2.0,0.8812748538011657,False,False,True,False,False,False,False,True,BTC,4h>15m,2023-04-01 07:00:00+00:00,0.0002,1.9736821424557556,H1,0
17037,17421,short,A,mss,3.0,-0.26689643853051104,0.8812748538011657,False,False,True,False,False,False,False,True,BTC,4h>15m,2023-04-01 07:00:00+00:00,0.0002,-0.29366767536246163,H1,0
17037,17421,short,A,mss,5.0,-0.26689643853051104,0.8812748538011657,False,False,True,False,False,False,False,True,BTC,4h>15m,2023-04-01 07:00:00+00:00,0.0002,-0.29366767536246163,H1,0
17038,17208,short,A,retest,2.0,2.0,0.8634911540454512,False,False,False,False,False,False,False,False,BTC,4h>15m,2023-04-01 07:15:00+00:00,0.0002,1.9731236470567861,H1,0
17038,17421,short,A,retest,3.0,-0.2517980862591082,0.8634911540454512,False,False,False,False,False,False,False,False,BTC,4h>15m,2023-04-01 07:15:00+00:00,0.0002,-0.2791247988195738,H1,0
17038,17421,short,A,retest,5.0,-0.2517980862591082,0.8634911540454512,False,False,False,False,False,False,False,False,BTC,4h>15m,2023-04-01 07:15:00+00:00,0.0002,-0.2791247988195738,H1,0
17284,17396,short,A,mss,2.0,-1.0,2.961467505620836,True,False,False,True,False,False,False,True,BTC,4h>15m,2023-04-03 20:45:00+00:00,0.0002,-1.0120094599953653,H1,1
17284,17396,short,A,mss,3.0,-1.0,2.961467505620836,True,False,False,True,False,False,False,True,BTC,4h>15m,2023-04-03 20:45:00+00:00,0.0002,-1.0120094599953653,H1,1
17284,17396,short,A,mss,5.0,-1.0,2.961467505620836,True,False,False,True,False,False,False,True,BTC,4h>15m,2023-04-03 20:45:00+00:00,0.0002,-1.0120094599953653,H1,1
17288,17396,short,A,retest,2.0,-1.0,2.7658242407638496,True,False,True,True,False,False,False,False,BTC,4h>15m,2023-04-03 21:45:00+00:00,0.0002,-1.0128731080104592,H1,1
17288,17396,short,A,retest,3.0,-1.0,2.7658242407638496,True,False,True,True,False,False,False,False,BTC,4h>15m,2023-04-03 21:45:00+00:00,0.0002,-1.0128731080104592,H1,1
17288,17396,short,A,retest,5.0,-1.0,2.7658242407638496,True,False,True,True,False,False,False,False,BTC,4h>15m,2023-04-03 21:45:00+00:00,0.0002,-1.0128731080104592,H1,1
17549,17933,long,V,mss,2.0,1.1497938484135433,0.9226835575220835,True,True,False,True,False,True,False,False,BTC,4h>15m,2023-04-06 15:00:00+00:00,0.0002,1.1171258536641921,H1,3
17549,17933,long,V,mss,3.0,1.1497938484135433,0.9226835575220835,True,True,False,True,False,True,False,False,BTC,4h>15m,2023-04-06 15:00:00+00:00,0.0002,1.1171258536641921,H1,3
17549,17933,long,V,mss,5.0,1.1497938484135433,0.9226835575220835,True,True,False,True,False,True,False,False,BTC,4h>15m,2023-04-06 15:00:00+00:00,0.0002,1.1171258536641921,H1,3
17550,17933,long,V,retest,2.0,1.2755239447654692,0.8717022910509254,True,True,False,True,False,True,False,False,BTC,4h>15m,2023-04-06 15:15:00+00:00,0.0002,1.2409570683576734,H1,3
17550,17933,long,V,retest,3.0,1.2755239447654692,0.8717022910509254,True,True,False,True,False,True,False,False,BTC,4h>15m,2023-04-06 15:15:00+00:00,0.0002,1.2409570683576734,H1,3
17550,17933,long,V,retest,5.0,1.2755239447654692,0.8717022910509254,True,True,False,True,False,True,False,False,BTC,4h>15m,2023-04-06 15:15:00+00:00,0.0002,1.2409570683576734,H1,3
20131,20151,short,A,mss,2.0,-1.0,1.1608785613450907,True,True,False,True,False,True,False,False,BTC,4h>15m,2023-05-03 12:30:00+00:00,0.0002,-1.0256523166012945,H1,3
20131,20151,short,A,mss,3.0,-1.0,1.1608785613450907,True,True,False,True,False,True,False,False,BTC,4h>15m,2023-05-03 12:30:00+00:00,0.0002,-1.0256523166012945,H1,3
20131,20151,short,A,mss,5.0,-1.0,1.1608785613450907,True,True,False,True,False,True,False,False,BTC,4h>15m,2023-05-03 12:30:00+00:00,0.0002,-1.0256523166012945,H1,3
20146,20151,short,A,retest,2.0,-1.0,0.9082274567647376,True,True,False,True,False,True,False,True,BTC,4h>15m,2023-05-03 16:15:00+00:00,0.0002,-1.032843925153347,H1,3
20146,20151,short,A,retest,3.0,-1.0,0.9082274567647376,True,True,False,True,False,True,False,True,BTC,4h>15m,2023-05-03 16:15:00+00:00,0.0002,-1.032843925153347,H1,3
20146,20151,short,A,retest,5.0,-1.0,0.9082274567647376,True,True,False,True,False,True,False,True,BTC,4h>15m,2023-05-03 16:15:00+00:00,0.0002,-1.032843925153347,H1,3
20327,20425,long,V,mss,2.0,-1.0,0.9560448357243386,True,True,False,False,False,False,False,False,BTC,4h>15m,2023-05-05 13:30:00+00:00,0.0002,-1.0306015872746468,H1,2
20327,20425,long,V,mss,3.0,-1.0,0.9560448357243386,True,True,False,False,False,False,False,False,BTC,4h>15m,2023-05-05 13:30:00+00:00,0.0002,-1.0306015872746468,H1,2
20327,20425,long,V,mss,5.0,-1.0,0.9560448357243386,True,True,False,False,False,False,False,False,BTC,4h>15m,2023-05-05 13:30:00+00:00,0.0002,-1.0306015872746468,H1,2
20328,20425,long,V,retest,2.0,-1.0,0.8927649477956207,True,True,False,False,False,False,False,False,BTC,4h>15m,2023-05-05 13:45:00+00:00,0.0002,-1.0327564759050136,H1,2
20328,20425,long,V,retest,3.0,-1.0,0.8927649477956207,True,True,False,False,False,False,False,False,BTC,4h>15m,2023-05-05 13:45:00+00:00,0.0002,-1.0327564759050136,H1,2
20328,20425,long,V,retest,5.0,-1.0,0.8927649477956207,True,True,False,False,False,False,False,False,BTC,4h>15m,2023-05-05 13:45:00+00:00,0.0002,-1.0327564759050136,H1,2
23016,23039,short,A,mss,2.0,-1.0,0.9950682041288784,False,True,False,False,False,False,False,True,BTC,4h>15m,2023-06-02 13:45:00+00:00,0.0002,-1.0318973602063775,H1,1
23016,23039,short,A,mss,3.0,-1.0,0.9950682041288784,False,True,False,False,False,False,False,True,BTC,4h>15m,2023-06-02 13:45:00+00:00,0.0002,-1.0318973602063775,H1,1
23016,23039,short,A,mss,5.0,-1.0,0.9950682041288784,False,True,False,False,False,False,False,True,BTC,4h>15m,2023-06-02 13:45:00+00:00,0.0002,-1.0318973602063775,H1,1
23017,23039,short,A,retest,2.0,-1.0,0.926732209051884,False,True,False,False,False,False,False,False,BTC,4h>15m,2023-06-02 14:00:00+00:00,0.0002,-1.0342641766692384,H1,1
23017,23039,short,A,retest,3.0,-1.0,0.926732209051884,False,True,False,False,False,False,False,False,BTC,4h>15m,2023-06-02 14:00:00+00:00,0.0002,-1.0342641766692384,H1,1
23017,23039,short,A,retest,5.0,-1.0,0.926732209051884,False,True,False,False,False,False,False,False,BTC,4h>15m,2023-06-02 14:00:00+00:00,0.0002,-1.0342641766692384,H1,1
23696,23746,short,A,mss,2.0,2.0,0.9707287464639343,True,True,True,False,False,False,False,False,BTC,4h>15m,2023-06-09 15:45:00+00:00,0.0002,1.9665635224029647,H1,2
23696,23750,short,A,mss,3.0,3.0,0.9707287464639343,True,True,True,False,False,False,False,False,BTC,4h>15m,2023-06-09 15:45:00+00:00,0.0002,2.9667635224029647,H1,2
23696,24080,short,A,mss,5.0,2.2933583200937044,0.9707287464639343,True,True,True,False,False,False,False,False,BTC,4h>15m,2023-06-09 15:45:00+00:00,0.0002,2.259980514160688,H1,2
23990,24027,short,A,mss,2.0,-1.0,1.2138146020113596,True,True,True,True,False,False,False,True,BTC,4h>15m,2023-06-12 17:15:00+00:00,0.0002,-1.0295471669795606,H1,2
23990,24027,short,A,mss,3.0,-1.0,1.2138146020113596,True,True,True,True,False,False,False,True,BTC,4h>15m,2023-06-12 17:15:00+00:00,0.0002,-1.0295471669795606,H1,2
23990,24027,short,A,mss,5.0,-1.0,1.2138146020113596,True,True,True,True,False,False,False,True,BTC,4h>15m,2023-06-12 17:15:00+00:00,0.0002,-1.0295471669795606,H1,2
23991,24027,short,A,retest,2.0,-1.0,1.1761009286442652,True,True,True,True,False,False,False,False,BTC,4h>15m,2023-06-12 17:30:00+00:00,0.0002,-1.030501060401239,H1,2
23991,24027,short,A,retest,3.0,-1.0,1.1761009286442652,True,True,True,True,False,False,False,False,BTC,4h>15m,2023-06-12 17:30:00+00:00,0.0002,-1.030501060401239,H1,2
23991,24027,short,A,retest,5.0,-1.0,1.1761009286442652,True,True,True,True,False,False,False,False,BTC,4h>15m,2023-06-12 17:30:00+00:00,0.0002,-1.030501060401239,H1,2
24020,24023,short,A,mss,2.0,-1.0,0.5695532001884129,False,False,True,False,False,False,False,False,BTC,4h>15m,2023-06-13 00:45:00+00:00,0.0002,-1.0610141891310412,H1,0
24020,24023,short,A,mss,3.0,-1.0,0.5695532001884129,False,False,True,False,False,False,False,False,BTC,4h>15m,2023-06-13 00:45:00+00:00,0.0002,-1.0610141891310412,H1,0
24020,24023,short,A,mss,5.0,-1.0,0.5695532001884129,False,False,True,False,False,False,False,False,BTC,4h>15m,2023-06-13 00:45:00+00:00,0.0002,-1.0610141891310412,H1,0
24021,24023,short,A,retest,2.0,-1.0,0.5023048911990976,False,False,True,False,False,False,False,False,BTC,4h>15m,2023-06-13 01:00:00+00:00,0.0002,-1.0692095118868832,H1,0
24021,24023,short,A,retest,3.0,-1.0,0.5023048911990976,False,False,True,False,False,False,False,False,BTC,4h>15m,2023-06-13 01:00:00+00:00,0.0002,-1.0692095118868832,H1,0
24021,24023,short,A,retest,5.0,-1.0,0.5023048911990976,False,False,True,False,False,False,False,False,BTC,4h>15m,2023-06-13 01:00:00+00:00,0.0002,-1.0692095118868832,H1,0
24499,24518,short,A,mss,2.0,-1.0,0.531923955453303,False,False,False,False,False,False,False,False,BTC,4h>15m,2023-06-18 00:30:00+00:00,0.0002,-1.0583214534688183,H1,0
24499,24518,short,A,mss,3.0,-1.0,0.531923955453303,False,False,False,False,False,False,False,False,BTC,4h>15m,2023-06-18 00:30:00+00:00,0.0002,-1.0583214534688183,H1,0
24499,24518,short,A,mss,5.0,-1.0,0.531923955453303,False,False,False,False,False,False,False,False,BTC,4h>15m,2023-06-18 00:30:00+00:00,0.0002,-1.0583214534688183,H1,0
24503,24518,short,A,retest,2.0,-1.0,0.39107811974279566,False,False,False,False,False,False,False,False,BTC,4h>15m,2023-06-18 01:30:00+00:00,0.0002,-1.0793978129087947,H1,0
24503,24518,short,A,retest,3.0,-1.0,0.39107811974279566,False,False,False,False,False,False,False,False,BTC,4h>15m,2023-06-18 01:30:00+00:00,0.0002,-1.0793978129087947,H1,0
24503,24518,short,A,retest,5.0,-1.0,0.39107811974279566,False,False,False,False,False,False,False,False,BTC,4h>15m,2023-06-18 01:30:00+00:00,0.0002,-1.0793978129087947,H1,0
24661,24754,long,V,mss,2.0,2.0,1.6567712932487801,False,True,False,False,False,False,False,False,BTC,4h>15m,2023-06-19 17:00:00+00:00,0.0002,1.9652159909036877,H1,1
24661,24760,long,V,mss,3.0,3.0,1.6567712932487801,False,True,False,False,False,False,False,False,BTC,4h>15m,2023-06-19 17:00:00+00:00,0.0002,2.9650159909036877,H1,1
24661,24771,long,V,mss,5.0,5.0,1.6567712932487801,False,True,False,False,False,False,False,False,BTC,4h>15m,2023-06-19 17:00:00+00:00,0.0002,4.964615990903687,H1,1
24662,24693,long,V,retest,2.0,2.0,1.4732600144497068,False,True,True,False,False,False,False,False,BTC,4h>15m,2023-06-19 17:15:00+00:00,0.0002,1.960982896333268,H1,1
24662,24757,long,V,retest,3.0,3.0,1.4732600144497068,False,True,True,False,False,False,False,False,BTC,4h>15m,2023-06-19 17:15:00+00:00,0.0002,2.960782896333268,H1,1
24662,24760,long,V,retest,5.0,5.0,1.4732600144497068,False,True,True,False,False,False,False,False,BTC,4h>15m,2023-06-19 17:15:00+00:00,0.0002,4.960382896333268,H1,1
27242,27322,long,V,mss,2.0,-1.0,1.2521746962474103,False,True,True,False,False,False,False,True,BTC,4h>15m,2023-07-16 14:15:00+00:00,0.0002,-1.0352982781716533,H1,1
27242,27322,long,V,mss,3.0,-1.0,1.2521746962474103,False,True,True,False,False,False,False,True,BTC,4h>15m,2023-07-16 14:15:00+00:00,0.0002,-1.0352982781716533,H1,1
27242,27322,long,V,mss,5.0,-1.0,1.2521746962474103,False,True,True,False,False,False,False,True,BTC,4h>15m,2023-07-16 14:15:00+00:00,0.0002,-1.0352982781716533,H1,1
27250,27322,long,V,retest,2.0,-1.0,0.9890912745860663,False,True,False,False,False,False,False,False,BTC,4h>15m,2023-07-16 16:15:00+00:00,0.0002,-1.044633892945613,H1,1
27250,27322,long,V,retest,3.0,-1.0,0.9890912745860663,False,True,False,False,False,False,False,False,BTC,4h>15m,2023-07-16 16:15:00+00:00,0.0002,-1.044633892945613,H1,1
27250,27322,long,V,retest,5.0,-1.0,0.9890912745860663,False,True,False,False,False,False,False,False,BTC,4h>15m,2023-07-16 16:15:00+00:00,0.0002,-1.044633892945613,H1,1
27626,27992,short,A,mss,2.0,2.0,1.1522101774119038,True,True,True,True,False,False,False,True,BTC,4h>15m,2023-07-20 14:15:00+00:00,0.0002,1.9606276721670195,H1,2
27626,27992,short,A,mss,3.0,3.0,1.1522101774119038,True,True,True,True,False,False,False,True,BTC,4h>15m,2023-07-20 14:15:00+00:00,0.0002,2.9608276721670195,H1,2
27626,28010,short,A,mss,5.0,3.404745174418874,1.1522101774119038,True,True,True,True,False,False,False,True,BTC,4h>15m,2023-07-20 14:15:00+00:00,0.0002,3.3656537956207773,H1,2
28407,28791,short,A,mss,2.0,0.749463761895062,1.7422222141510757,True,True,True,False,False,False,False,False,BTC,4h>15m,2023-07-28 17:30:00+00:00,0.0002,0.7155166404237111,H1,2
28407,28791,short,A,mss,3.0,0.749463761895062,1.7422222141510757,True,True,True,False,False,False,False,False,BTC,4h>15m,2023-07-28 17:30:00+00:00,0.0002,0.7155166404237111,H1,2
28407,28791,short,A,mss,5.0,0.749463761895062,1.7422222141510757,True,True,True,False,False,False,False,False,BTC,4h>15m,2023-07-28 17:30:00+00:00,0.0002,0.7155166404237111,H1,2
28408,28783,short,A,retest,2.0,2.0,1.5133033570746306,True,True,False,False,False,False,False,False,BTC,4h>15m,2023-07-28 17:45:00+00:00,0.0002,1.9610845891925792,H1,2
28408,28791,short,A,retest,3.0,1.014106830977955,1.5133033570746306,True,True,False,False,False,False,False,False,BTC,4h>15m,2023-07-28 17:45:00+00:00,0.0002,0.9749942415367299,H1,2
28408,28791,short,A,retest,5.0,1.014106830977955,1.5133033570746306,True,True,False,False,False,False,False,False,BTC,4h>15m,2023-07-28 17:45:00+00:00,0.0002,0.9749942415367299,H1,2
28573,28608,long,V,mss,2.0,-1.0,0.683793079199873,True,False,False,True,False,False,False,False,BTC,4h>15m,2023-07-30 11:00:00+00:00,0.0002,-1.1532357917686122,H1,1
28573,28608,long,V,mss,3.0,-1.0,0.683793079199873,True,False,False,True,False,False,False,False,BTC,4h>15m,2023-07-30 11:00:00+00:00,0.0002,-1.1532357917686122,H1,1
28573,28608,long,V,mss,5.0,-1.0,0.683793079199873,True,False,False,True,False,False,False,False,BTC,4h>15m,2023-07-30 11:00:00+00:00,0.0002,-1.1532357917686122,H1,1
28574,28608,long,V,retest,2.0,-1.0,0.6759172009946947,True,False,True,True,False,False,False,False,BTC,4h>15m,2023-07-30 11:15:00+00:00,0.0002,-1.1550189854130835,H1,1
28574,28608,long,V,retest,3.0,-1.0,0.6759172009946947,True,False,True,True,False,False,False,False,BTC,4h>15m,2023-07-30 11:15:00+00:00,0.0002,-1.1550189854130835,H1,1
28574,28608,long,V,retest,5.0,-1.0,0.6759172009946947,True,False,True,True,False,False,False,False,BTC,4h>15m,2023-07-30 11:15:00+00:00,0.0002,-1.1550189854130835,H1,1
30696,30702,long,V,mss,2.0,-1.0,1.393778583881234,True,True,False,True,False,False,False,False,BTC,4h>15m,2023-08-21 13:45:00+00:00,0.0002,-1.0408377917281795,H1,2
30696,30702,long,V,mss,3.0,-1.0,1.393778583881234,True,True,False,True,False,False,False,False,BTC,4h>15m,2023-08-21 13:45:00+00:00,0.0002,-1.0408377917281795,H1,2
30696,30702,long,V,mss,5.0,-1.0,1.393778583881234,True,True,False,True,False,False,False,False,BTC,4h>15m,2023-08-21 13:45:00+00:00,0.0002,-1.0408377917281795,H1,2
30697,30702,long,V,retest,2.0,-1.0,1.1673277931093757,True,True,False,True,False,False,False,False,BTC,4h>15m,2023-08-21 14:00:00+00:00,0.0002,-1.0487211473086682,H1,2
30697,30702,long,V,retest,3.0,-1.0,1.1673277931093757,True,True,False,True,False,False,False,False,BTC,4h>15m,2023-08-21 14:00:00+00:00,0.0002,-1.0487211473086682,H1,2
30697,30702,long,V,retest,5.0,-1.0,1.1673277931093757,True,True,False,True,False,False,False,False,BTC,4h>15m,2023-08-21 14:00:00+00:00,0.0002,-1.0487211473086682,H1,2
30702,30727,short,A,mss,2.0,-1.0,1.8616497150406828,True,True,False,False,False,False,False,False,BTC,4h>15m,2023-08-21 15:15:00+00:00,0.0002,-1.0306145010355725,H1,2
30702,30727,short,A,mss,3.0,-1.0,1.8616497150406828,True,True,False,False,False,False,False,False,BTC,4h>15m,2023-08-21 15:15:00+00:00,0.0002,-1.0306145010355725,H1,2
30702,30727,short,A,mss,5.0,-1.0,1.8616497150406828,True,True,False,False,False,False,False,False,BTC,4h>15m,2023-08-21 15:15:00+00:00,0.0002,-1.0306145010355725,H1,2
30703,30727,short,A,retest,2.0,-1.0,1.2242164596248952,True,True,False,False,False,False,False,False,BTC,4h>15m,2023-08-21 15:30:00+00:00,0.0002,-1.0466592025707375,H1,2
30703,30727,short,A,retest,3.0,-1.0,1.2242164596248952,True,True,False,False,False,False,False,False,BTC,4h>15m,2023-08-21 15:30:00+00:00,0.0002,-1.0466592025707375,H1,2
30703,30727,short,A,retest,5.0,-1.0,1.2242164596248952,True,True,False,False,False,False,False,False,BTC,4h>15m,2023-08-21 15:30:00+00:00,0.0002,-1.0466592025707375,H1,2
32248,32632,long,V,mss,2.0,-0.33004626331661924,2.922549418129547,True,True,False,False,False,False,False,False,BTC,4h>15m,2023-09-06 17:45:00+00:00,0.0002,-0.350745413530729,H1,2
32248,32632,long,V,mss,3.0,-0.33004626331661924,2.922549418129547,True,True,False,False,False,False,False,False,BTC,4h>15m,2023-09-06 17:45:00+00:00,0.0002,-0.350745413530729,H1,2
32248,32632,long,V,mss,5.0,-0.33004626331661924,2.922549418129547,True,True,False,False,False,False,False,False,BTC,4h>15m,2023-09-06 17:45:00+00:00,0.0002,-0.350745413530729,H1,2
32250,32633,long,V,retest,2.0,-0.0326288650596748,2.254779216098765,True,False,False,False,False,False,False,False,BTC,4h>15m,2023-09-06 18:15:00+00:00,0.0002,-0.05941879731890956,H1,1
32250,32633,long,V,retest,3.0,-0.0326288650596748,2.254779216098765,True,False,False,False,False,False,False,False,BTC,4h>15m,2023-09-06 18:15:00+00:00,0.0002,-0.05941879731890956,H1,1
32250,32633,long,V,retest,5.0,-0.0326288650596748,2.254779216098765,True,False,False,False,False,False,False,False,BTC,4h>15m,2023-09-06 18:15:00+00:00,0.0002,-0.05941879731890956,H1,1
33236,33338,short,A,mss,2.0,-1.0,0.7555877237781227,False,False,True,False,False,False,False,True,BTC,4h>15m,2023-09-17 00:45:00+00:00,0.0002,-1.0678928604995361,H1,0
33236,33338,short,A,mss,3.0,-1.0,0.7555877237781227,False,False,True,False,False,False,False,True,BTC,4h>15m,2023-09-17 00:45:00+00:00,0.0002,-1.0678928604995361,H1,0
33236,33338,short,A,mss,5.0,-1.0,0.7555877237781227,False,False,True,False,False,False,False,True,BTC,4h>15m,2023-09-17 00:45:00+00:00,0.0002,-1.0678928604995361,H1,0
33238,33338,short,A,retest,2.0,-1.0,0.6228805780618206,False,False,False,False,False,False,False,False,BTC,4h>15m,2023-09-17 01:15:00+00:00,0.0002,-1.0824003110106275,H1,0
33238,33338,short,A,retest,3.0,-1.0,0.6228805780618206,False,False,False,False,False,False,False,False,BTC,4h>15m,2023-09-17 01:15:00+00:00,0.0002,-1.0824003110106275,H1,0
33238,33338,short,A,retest,5.0,-1.0,0.6228805780618206,False,False,False,False,False,False,False,False,BTC,4h>15m,2023-09-17 01:15:00+00:00,0.0002,-1.0824003110106275,H1,0
33771,33783,long,V,mss,2.0,-1.0,0.4387140166017987,False,True,True,False,False,False,False,False,BTC,4h>15m,2023-09-22 14:30:00+00:00,0.0002,-1.0988821519066283,H1,1
33771,33783,long,V,mss,3.0,-1.0,0.4387140166017987,False,True,True,False,False,False,False,False,BTC,4h>15m,2023-09-22 14:30:00+00:00,0.0002,-1.0988821519066283,H1,1
33771,33783,long,V,mss,5.0,-1.0,0.4387140166017987,False,True,True,False,False,False,False,False,BTC,4h>15m,2023-09-22 14:30:00+00:00,0.0002,-1.0988821519066283,H1,1
33772,33783,long,V,retest,2.0,-1.0,0.4103844149340469,False,True,False,False,False,False,False,False,BTC,4h>15m,2023-09-22 14:45:00+00:00,0.0002,-1.105694364928121,H1,1
33772,33783,long,V,retest,3.0,-1.0,0.4103844149340469,False,True,False,False,False,False,False,False,BTC,4h>15m,2023-09-22 14:45:00+00:00,0.0002,-1.105694364928121,H1,1
33772,33783,long,V,retest,5.0,-1.0,0.4103844149340469,False,True,False,False,False,False,False,False,BTC,4h>15m,2023-09-22 14:45:00+00:00,0.0002,-1.105694364928121,H1,1
35023,35143,short,A,mss,2.0,-1.0,2.2550721758513963,True,True,False,False,False,False,False,False,BTC,4h>15m,2023-10-05 15:30:00+00:00,0.0002,-1.0202111643371357,H1,2
35023,35143,short,A,mss,3.0,-1.0,2.2550721758513963,True,True,False,False,False,False,False,False,BTC,4h>15m,2023-10-05 15:30:00+00:00,0.0002,-1.0202111643371357,H1,2
35023,35143,short,A,mss,5.0,-1.0,2.2550721758513963,True,True,False,False,False,False,False,False,BTC,4h>15m,2023-10-05 15:30:00+00:00,0.0002,-1.0202111643371357,H1,2
35118,35502,long,V,mss,2.0,-0.6346875779589815,2.584849056603774,True,True,False,False,False,False,False,False,BTC,4h>15m,2023-10-06 15:15:00+00:00,0.0002,-0.6512879230073273,H1,2
35118,35502,long,V,mss,3.0,-0.6346875779589815,2.584849056603774,True,True,False,False,False,False,False,False,BTC,4h>15m,2023-10-06 15:15:00+00:00,0.0002,-0.6512879230073273,H1,2
35118,35502,long,V,mss,5.0,-0.6346875779589815,2.584849056603774,True,True,False,False,False,False,False,False,BTC,4h>15m,2023-10-06 15:15:00+00:00,0.0002,-0.6512879230073273,H1,2
35976,35990,short,A,mss,2.0,-1.0,0.7897322673852291,True,True,False,False,False,False,False,False,BTC,4h>15m,2023-10-15 13:45:00+00:00,0.0002,-1.1004471338173922,H1,2
35976,35990,short,A,mss,3.0,-1.0,0.7897322673852291,True,True,False,False,False,False,False,False,BTC,4h>15m,2023-10-15 13:45:00+00:00,0.0002,-1.1004471338173922,H1,2
35976,35990,short,A,mss,5.0,-1.0,0.7897322673852291,True,True,False,False,False,False,False,False,BTC,4h>15m,2023-10-15 13:45:00+00:00,0.0002,-1.1004471338173922,H1,2
35977,35990,short,A,retest,2.0,-1.0,0.6955653331789355,True,True,False,False,False,False,False,False,BTC,4h>15m,2023-10-15 14:00:00+00:00,0.0002,-1.114072930814662,H1,2
35977,35990,short,A,retest,3.0,-1.0,0.6955653331789355,True,True,False,False,False,False,False,False,BTC,4h>15m,2023-10-15 14:00:00+00:00,0.0002,-1.114072930814662,H1,2
35977,35990,short,A,retest,5.0,-1.0,0.6955653331789355,True,True,False,False,False,False,False,False,BTC,4h>15m,2023-10-15 14:00:00+00:00,0.0002,-1.114072930814662,H1,2
37427,37604,short,A,mss,2.0,-1.0,1.5892183885592164,True,True,False,False,False,False,True,True,BTC,4h>15m,2023-10-30 16:30:00+00:00,0.0002,-1.0290705289331197,H1,3
37427,37604,short,A,mss,3.0,-1.0,1.5892183885592164,True,True,False,False,False,False,True,True,BTC,4h>15m,2023-10-30 16:30:00+00:00,0.0002,-1.0290705289331197,H1,3
37427,37604,short,A,mss,5.0,-1.0,1.5892183885592164,True,True,False,False,False,False,True,True,BTC,4h>15m,2023-10-30 16:30:00+00:00,0.0002,-1.0290705289331197,H1,3
37428,37604,short,A,retest,2.0,-1.0,1.4777549605609088,True,True,False,False,False,False,False,False,BTC,4h>15m,2023-10-30 16:45:00+00:00,0.0002,-1.0312783330557809,H1,2
37428,37604,short,A,retest,3.0,-1.0,1.4777549605609088,True,True,False,False,False,False,False,False,BTC,4h>15m,2023-10-30 16:45:00+00:00,0.0002,-1.0312783330557809,H1,2
37428,37604,short,A,retest,5.0,-1.0,1.4777549605609088,True,True,False,False,False,False,False,False,BTC,4h>15m,2023-10-30 16:45:00+00:00,0.0002,-1.0312783330557809,H1,2
37617,37636,short,A,retest,2.0,-1.0,2.553028262953841,True,True,True,False,False,False,False,False,BTC,4h>15m,2023-11-01 16:00:00+00:00,0.0002,-1.0159019570461687,H1,2
37617,37636,short,A,retest,3.0,-1.0,2.553028262953841,True,True,True,False,False,False,False,False,BTC,4h>15m,2023-11-01 16:00:00+00:00,0.0002,-1.0159019570461687,H1,2
37617,37636,short,A,retest,5.0,-1.0,2.553028262953841,True,True,True,False,False,False,False,False,BTC,4h>15m,2023-11-01 16:00:00+00:00,0.0002,-1.0159019570461687,H1,2
38024,38029,short,A,mss,2.0,-1.0,1.9229197498652775,False,False,True,False,False,False,False,True,BTC,4h>15m,2023-11-05 21:45:00+00:00,0.0002,-1.0217782195805696,H1,0
38024,38029,short,A,mss,3.0,-1.0,1.9229197498652775,False,False,True,False,False,False,False,True,BTC,4h>15m,2023-11-05 21:45:00+00:00,0.0002,-1.0217782195805696,H1,0
38024,38029,short,A,mss,5.0,-1.0,1.9229197498652775,False,False,True,False,False,False,False,True,BTC,4h>15m,2023-11-05 21:45:00+00:00,0.0002,-1.0217782195805696,H1,0
38028,38029,short,A,retest,2.0,-1.0,1.448985431619298,False,False,False,False,False,False,False,False,BTC,4h>15m,2023-11-05 22:45:00+00:00,0.0002,-1.0289668581174922,H1,0
38028,38029,short,A,retest,3.0,-1.0,1.448985431619298,False,False,False,False,False,False,False,False,BTC,4h>15m,2023-11-05 22:45:00+00:00,0.0002,-1.0289668581174922,H1,0
38028,38029,short,A,retest,5.0,-1.0,1.448985431619298,False,False,False,False,False,False,False,False,BTC,4h>15m,2023-11-05 22:45:00+00:00,0.0002,-1.0289668581174922,H1,0
38461,38802,long,V,mss,2.0,-1.0,0.8948197152358076,True,False,False,True,False,False,False,False,BTC,4h>15m,2023-11-10 11:00:00+00:00,0.0002,-1.0267820974060062,H1,1
38461,38802,long,V,mss,3.0,-1.0,0.8948197152358076,True,False,False,True,False,False,False,False,BTC,4h>15m,2023-11-10 11:00:00+00:00,0.0002,-1.0267820974060062,H1,1
38461,38802,long,V,mss,5.0,-1.0,0.8948197152358076,True,False,False,True,False,False,False,False,BTC,4h>15m,2023-11-10 11:00:00+00:00,0.0002,-1.0267820974060062,H1,1
38720,38873,short,A,mss,2.0,2.0,1.7326150910010498,False,False,True,False,False,False,False,False,BTC,4h>15m,2023-11-13 03:45:00+00:00,0.0002,1.9717941622455193,H1,0
38720,38876,short,A,mss,3.0,3.0,1.7326150910010498,False,False,True,False,False,False,False,False,BTC,4h>15m,2023-11-13 03:45:00+00:00,0.0002,2.9719941622455193,H1,0
38720,38972,short,A,mss,5.0,-1.0,1.7326150910010498,False,False,True,False,False,False,False,False,BTC,4h>15m,2023-11-13 03:45:00+00:00,0.0002,-1.0288058377544806,H1,0
38721,38863,short,A,retest,2.0,2.0,1.6513171239297437,False,False,True,False,False,False,False,False,BTC,4h>15m,2023-11-13 04:00:00+00:00,0.0002,1.9703661411776898,H1,0
38721,38876,short,A,retest,3.0,3.0,1.6513171239297437,False,False,True,False,False,False,False,False,BTC,4h>15m,2023-11-13 04:00:00+00:00,0.0002,2.97056614117769,H1,0
38721,38972,short,A,retest,5.0,-1.0,1.6513171239297437,False,False,True,False,False,False,False,False,BTC,4h>15m,2023-11-13 04:00:00+00:00,0.0002,-1.0302338588223103,H1,0
39325,39354,short,A,mss,2.0,-1.0,0.6805975512325979,True,False,False,True,False,False,False,True,BTC,4h>15m,2023-11-19 11:00:00+00:00,0.0002,-1.057547733438176,H1,1
39325,39354,short,A,mss,3.0,-1.0,0.6805975512325979,True,False,False,True,False,False,False,True,BTC,4h>15m,2023-11-19 11:00:00+00:00,0.0002,-1.057547733438176,H1,1
39325,39354,short,A,mss,5.0,-1.0,0.6805975512325979,True,False,False,True,False,False,False,True,BTC,4h>15m,2023-11-19 11:00:00+00:00,0.0002,-1.057547733438176,H1,1
39333,39354,short,A,retest,2.0,-1.0,0.5895925474290903,True,True,True,True,False,False,False,False,BTC,4h>15m,2023-11-19 13:00:00+00:00,0.0002,-1.0664612326404659,H1,2
39333,39354,short,A,retest,3.0,-1.0,0.5895925474290903,True,True,True,True,False,False,False,False,BTC,4h>15m,2023-11-19 13:00:00+00:00,0.0002,-1.0664612326404659,H1,2
39333,39354,short,A,retest,5.0,-1.0,0.5895925474290903,True,True,True,True,False,False,False,False,BTC,4h>15m,2023-11-19 13:00:00+00:00,0.0002,-1.0664612326404659,H1,2
40371,40450,short,A,mss,2.0,-1.0,1.0874588692790907,False,False,True,False,False,False,False,False,BTC,4h>15m,2023-11-30 08:30:00+00:00,0.0002,-1.031741950250333,H1,0
40371,40450,short,A,mss,3.0,-1.0,1.0874588692790907,False,False,True,False,False,False,False,False,BTC,4h>15m,2023-11-30 08:30:00+00:00,0.0002,-1.031741950250333,H1,0
40371,40450,short,A,mss,5.0,-1.0,1.0874588692790907,False,False,True,False,False,False,False,False,BTC,4h>15m,2023-11-30 08:30:00+00:00,0.0002,-1.031741950250333,H1,0
40372,40450,short,A,retest,2.0,-1.0,1.063333181599452,False,False,False,False,False,False,False,False,BTC,4h>15m,2023-11-30 08:45:00+00:00,0.0002,-1.0324666727822294,H1,0
40372,40450,short,A,retest,3.0,-1.0,1.063333181599452,False,False,False,False,False,False,False,False,BTC,4h>15m,2023-11-30 08:45:00+00:00,0.0002,-1.0324666727822294,H1,0
40372,40450,short,A,retest,5.0,-1.0,1.063333181599452,False,False,False,False,False,False,False,False,BTC,4h>15m,2023-11-30 08:45:00+00:00,0.0002,-1.0324666727822294,H1,0
42554,42730,short,A,mss,2.0,2.0,0.8624928793487141,False,False,True,False,False,False,False,False,BTC,4h>15m,2023-12-23 02:15:00+00:00,0.0002,1.9642621183962092,H1,0
42554,42898,short,A,mss,3.0,3.0,0.8624928793487141,False,False,True,False,False,False,False,False,BTC,4h>15m,2023-12-23 02:15:00+00:00,0.0002,2.9644621183962094,H1,0
42554,42938,short,A,mss,5.0,2.5411573062826127,0.8624928793487141,False,False,True,False,False,False,False,False,BTC,4h>15m,2023-12-23 02:15:00+00:00,0.0002,2.5055276561400786,H1,0
42568,42730,short,A,retest,2.0,2.0,0.7898226414998032,False,False,False,False,False,False,False,True,BTC,4h>15m,2023-12-23 05:45:00+00:00,0.0002,1.960900330056487,H1,0
42568,42872,short,A,retest,3.0,3.0,0.7898226414998032,False,False,False,False,False,False,False,True,BTC,4h>15m,2023-12-23 05:45:00+00:00,0.0002,2.9611003300564867,H1,0
42568,42951,short,A,retest,5.0,2.8875754189582508,0.7898226414998032,False,False,False,False,False,False,False,True,BTC,4h>15m,2023-12-23 05:45:00+00:00,0.0002,2.8486532640985294,H1,0
44228,44232,short,A,mss,2.0,-1.0,1.1067148110235707,False,True,True,False,False,False,False,False,BTC,4h>15m,2024-01-09 12:45:00+00:00,0.0002,-1.021723318605466,H1,1
44228,44232,short,A,mss,3.0,-1.0,1.1067148110235707,False,True,True,False,False,False,False,False,BTC,4h>15m,2024-01-09 12:45:00+00:00,0.0002,-1.021723318605466,H1,1
44228,44232,short,A,mss,5.0,-1.0,1.1067148110235707,False,True,True,False,False,False,False,False,BTC,4h>15m,2024-01-09 12:45:00+00:00,0.0002,-1.021723318605466,H1,1
44229,44232,short,A,retest,2.0,-1.0,0.82970662838705,False,True,True,False,False,False,False,False,BTC,4h>15m,2024-01-09 13:00:00+00:00,0.0002,-1.0290426992594053,H1,1
44229,44232,short,A,retest,3.0,-1.0,0.82970662838705,False,True,True,False,False,False,False,False,BTC,4h>15m,2024-01-09 13:00:00+00:00,0.0002,-1.0290426992594053,H1,1
44229,44232,short,A,retest,5.0,-1.0,0.82970662838705,False,True,True,False,False,False,False,False,BTC,4h>15m,2024-01-09 13:00:00+00:00,0.0002,-1.0290426992594053,H1,1
44912,45107,long,V,mss,2.0,-1.0,2.1668276620754066,True,True,True,False,False,False,False,False,BTC,4h>15m,2024-01-16 15:45:00+00:00,0.0002,-1.0138378967359094,H1,2
44912,45107,long,V,mss,3.0,-1.0,2.1668276620754066,True,True,True,False,False,False,False,False,BTC,4h>15m,2024-01-16 15:45:00+00:00,0.0002,-1.0138378967359094,H1,2
44912,45107,long,V,mss,5.0,-1.0,2.1668276620754066,True,True,True,False,False,False,False,False,BTC,4h>15m,2024-01-16 15:45:00+00:00,0.0002,-1.0138378967359094,H1,2
44913,45107,long,V,retest,2.0,-1.0,2.029358680691608,True,True,True,False,False,False,False,False,BTC,4h>15m,2024-01-16 16:00:00+00:00,0.0002,-1.0147617293685243,H1,2
44913,45107,long,V,retest,3.0,-1.0,2.029358680691608,True,True,True,False,False,False,False,False,BTC,4h>15m,2024-01-16 16:00:00+00:00,0.0002,-1.0147617293685243,H1,2
44913,45107,long,V,retest,5.0,-1.0,2.029358680691608,True,True,True,False,False,False,False,False,BTC,4h>15m,2024-01-16 16:00:00+00:00,0.0002,-1.0147617293685243,H1,2
47479,47501,short,A,mss,2.0,-1.0,1.6230023555946602,False,False,False,False,False,False,False,True,BTC,4h>15m,2024-02-12 09:30:00+00:00,0.0002,-1.0220017397414238,H1,0
47479,47501,short,A,mss,3.0,-1.0,1.6230023555946602,False,False,False,False,False,False,False,True,BTC,4h>15m,2024-02-12 09:30:00+00:00,0.0002,-1.0220017397414238,H1,0
47479,47501,short,A,mss,5.0,-1.0,1.6230023555946602,False,False,False,False,False,False,False,True,BTC,4h>15m,2024-02-12 09:30:00+00:00,0.0002,-1.0220017397414238,H1,0
47482,47501,short,A,retest,2.0,-1.0,1.5110457364790413,False,False,False,False,False,False,False,False,BTC,4h>15m,2024-02-12 10:15:00+00:00,0.0002,-1.023646714251412,H1,0
47482,47501,short,A,retest,3.0,-1.0,1.5110457364790413,False,False,False,False,False,False,False,False,BTC,4h>15m,2024-02-12 10:15:00+00:00,0.0002,-1.023646714251412,H1,0
47482,47501,short,A,retest,5.0,-1.0,1.5110457364790413,False,False,False,False,False,False,False,False,BTC,4h>15m,2024-02-12 10:15:00+00:00,0.0002,-1.023646714251412,H1,0
48287,48353,long,V,mss,2.0,-1.0,1.8107795057146676,True,False,False,False,False,True,False,False,BTC,4h>15m,2024-02-20 19:30:00+00:00,0.0002,-1.0191677369015961,H1,2
48287,48353,long,V,mss,3.0,-1.0,1.8107795057146676,True,False,False,False,False,True,False,False,BTC,4h>15m,2024-02-20 19:30:00+00:00,0.0002,-1.0191677369015961,H1,2
48287,48353,long,V,mss,5.0,-1.0,1.8107795057146676,True,False,False,False,False,True,False,False,BTC,4h>15m,2024-02-20 19:30:00+00:00,0.0002,-1.0191677369015961,H1,2
48329,48353,long,V,retest,2.0,-1.0,1.79571764449897,True,False,False,False,False,True,False,True,BTC,4h>15m,2024-02-21 06:00:00+00:00,0.0002,-1.0193268317468593,H1,2
48329,48353,long,V,retest,3.0,-1.0,1.79571764449897,True,False,False,False,False,True,False,True,BTC,4h>15m,2024-02-21 06:00:00+00:00,0.0002,-1.0193268317468593,H1,2
48329,48353,long,V,retest,5.0,-1.0,1.79571764449897,True,False,False,False,False,True,False,True,BTC,4h>15m,2024-02-21 06:00:00+00:00,0.0002,-1.0193268317468593,H1,2
49670,50054,long,V,mss,2.0,0.5367406402873125,2.9946590159265383,True,False,True,False,False,False,False,True,BTC,4h>15m,2024-03-06 05:15:00+00:00,0.0002,0.5327675709039356,H1,1
49670,50054,long,V,mss,3.0,0.5367406402873125,2.9946590159265383,True,False,True,False,False,False,False,True,BTC,4h>15m,2024-03-06 05:15:00+00:00,0.0002,0.5327675709039356,H1,1
49670,50054,long,V,mss,5.0,0.5367406402873125,2.9946590159265383,True,False,True,False,False,False,False,True,BTC,4h>15m,2024-03-06 05:15:00+00:00,0.0002,0.5327675709039356,H1,1
49671,50054,long,V,retest,2.0,0.5670199050486368,2.936793718286741,True,False,True,False,False,False,False,False,BTC,4h>15m,2024-03-06 05:30:00+00:00,0.0002,0.5629724927580528,H1,1
49671,50054,long,V,retest,3.0,0.5670199050486368,2.936793718286741,True,False,True,False,False,False,False,False,BTC,4h>15m,2024-03-06 05:30:00+00:00,0.0002,0.5629724927580528,H1,1
49671,50054,long,V,retest,5.0,0.5670199050486368,2.936793718286741,True,False,True,False,False,False,False,False,BTC,4h>15m,2024-03-06 05:30:00+00:00,0.0002,0.5629724927580528,H1,1
49670,50054,long,V,mss,2.0,0.5367406402873125,2.9946590159265383,True,False,True,False,False,False,False,True,BTC,4h>15m,2024-03-06 05:15:00+00:00,0.0002,0.5327675709039356,H1,1
49670,50054,long,V,mss,3.0,0.5367406402873125,2.9946590159265383,True,False,True,False,False,False,False,True,BTC,4h>15m,2024-03-06 05:15:00+00:00,0.0002,0.5327675709039356,H1,1
49670,50054,long,V,mss,5.0,0.5367406402873125,2.9946590159265383,True,False,True,False,False,False,False,True,BTC,4h>15m,2024-03-06 05:15:00+00:00,0.0002,0.5327675709039356,H1,1
49671,50054,long,V,retest,2.0,0.5670199050486368,2.936793718286741,True,False,True,False,False,False,False,False,BTC,4h>15m,2024-03-06 05:30:00+00:00,0.0002,0.5629724927580528,H1,1
49671,50054,long,V,retest,3.0,0.5670199050486368,2.936793718286741,True,False,True,False,False,False,False,False,BTC,4h>15m,2024-03-06 05:30:00+00:00,0.0002,0.5629724927580528,H1,1
49671,50054,long,V,retest,5.0,0.5670199050486368,2.936793718286741,True,False,True,False,False,False,False,False,BTC,4h>15m,2024-03-06 05:30:00+00:00,0.0002,0.5629724927580528,H1,1
50587,50701,long,V,mss,2.0,-1.0,1.9452439958257897,True,False,False,True,False,False,False,True,BTC,4h>15m,2024-03-15 18:30:00+00:00,0.0002,-1.0072845429097146,H1,1
50587,50701,long,V,mss,3.0,-1.0,1.9452439958257897,True,False,False,True,False,False,False,True,BTC,4h>15m,2024-03-15 18:30:00+00:00,0.0002,-1.0072845429097146,H1,1
50587,50701,long,V,mss,5.0,-1.0,1.9452439958257897,True,False,False,True,False,False,False,True,BTC,4h>15m,2024-03-15 18:30:00+00:00,0.0002,-1.0072845429097146,H1,1
50592,50701,long,V,retest,2.0,-1.0,1.7356260557511671,True,False,False,True,False,False,False,False,BTC,4h>15m,2024-03-15 19:45:00+00:00,0.0002,-1.0081401692044363,H1,1
50592,50701,long,V,retest,3.0,-1.0,1.7356260557511671,True,False,False,True,False,False,False,False,BTC,4h>15m,2024-03-15 19:45:00+00:00,0.0002,-1.0081401692044363,H1,1
50592,50701,long,V,retest,5.0,-1.0,1.7356260557511671,True,False,False,True,False,False,False,False,BTC,4h>15m,2024-03-15 19:45:00+00:00,0.0002,-1.0081401692044363,H1,1
50506,50524,long,V,mss,2.0,-1.0,2.0615124372350153,True,False,False,False,False,True,False,False,BTC,4h>15m,2024-03-14 22:15:00+00:00,0.0002,-1.0091742751491466,H1,2
50506,50524,long,V,mss,3.0,-1.0,2.0615124372350153,True,False,False,False,False,True,False,False,BTC,4h>15m,2024-03-14 22:15:00+00:00,0.0002,-1.0091742751491466,H1,2
50506,50524,long,V,mss,5.0,-1.0,2.0615124372350153,True,False,False,False,False,True,False,False,BTC,4h>15m,2024-03-14 22:15:00+00:00,0.0002,-1.0091742751491466,H1,2
50507,50524,long,V,retest,2.0,-1.0,2.0028034786635236,True,False,False,False,False,True,False,False,BTC,4h>15m,2024-03-14 22:30:00+00:00,0.0002,-1.0094373415725642,H1,2
50507,50524,long,V,retest,3.0,-1.0,2.0028034786635236,True,False,False,False,False,True,False,False,BTC,4h>15m,2024-03-14 22:30:00+00:00,0.0002,-1.0094373415725642,H1,2
50507,50524,long,V,retest,5.0,-1.0,2.0028034786635236,True,False,False,False,False,True,False,False,BTC,4h>15m,2024-03-14 22:30:00+00:00,0.0002,-1.0094373415725642,H1,2
51700,51717,short,A,mss,2.0,-1.0,0.9513717486447751,False,False,False,False,False,False,False,True,BTC,4h>15m,2024-03-27 08:45:00+00:00,0.0002,-1.0231348704421774,H1,0
51700,51717,short,A,mss,3.0,-1.0,0.9513717486447751,False,False,False,False,False,False,False,True,BTC,4h>15m,2024-03-27 08:45:00+00:00,0.0002,-1.0231348704421774,H1,0
51700,51717,short,A,mss,5.0,-1.0,0.9513717486447751,False,False,False,False,False,False,False,True,BTC,4h>15m,2024-03-27 08:45:00+00:00,0.0002,-1.0231348704421774,H1,0
51701,51717,short,A,retest,2.0,-1.0,0.8697223112382021,False,False,False,False,False,False,False,False,BTC,4h>15m,2024-03-27 09:00:00+00:00,0.0002,-1.0253255455794479,H1,0
51701,51717,short,A,retest,3.0,-1.0,0.8697223112382021,False,False,False,False,False,False,False,False,BTC,4h>15m,2024-03-27 09:00:00+00:00,0.0002,-1.0253255455794479,H1,0
51701,51717,short,A,retest,5.0,-1.0,0.8697223112382021,False,False,False,False,False,False,False,False,BTC,4h>15m,2024-03-27 09:00:00+00:00,0.0002,-1.0253255455794479,H1,0
51704,51718,long,V,mss,2.0,2.0,0.5306917624491059,True,False,True,True,False,True,False,False,BTC,4h>15m,2024-03-27 09:45:00+00:00,0.0002,1.9581833119030398,H1,2
51704,51721,long,V,mss,3.0,-1.0,0.5306917624491059,True,False,True,True,False,True,False,False,BTC,4h>15m,2024-03-27 09:45:00+00:00,0.0002,-1.04121668809696,H1,2
51704,51721,long,V,mss,5.0,-1.0,0.5306917624491059,True,False,True,True,False,True,False,False,BTC,4h>15m,2024-03-27 09:45:00+00:00,0.0002,-1.04121668809696,H1,2
51705,51717,long,V,retest,2.0,2.0,0.4790118255545862,True,False,True,True,False,True,False,False,BTC,4h>15m,2024-03-27 10:00:00+00:00,0.0002,1.9537580769936118,H1,2
51705,51721,long,V,retest,3.0,-1.0,0.4790118255545862,True,False,True,True,False,True,False,False,BTC,4h>15m,2024-03-27 10:00:00+00:00,0.0002,-1.0456419230063883,H1,2
51705,51721,long,V,retest,5.0,-1.0,0.4790118255545862,True,False,True,True,False,True,False,False,BTC,4h>15m,2024-03-27 10:00:00+00:00,0.0002,-1.0456419230063883,H1,2
52158,52168,short,A,mss,2.0,2.0,1.4408910603522609,True,False,False,False,False,False,False,False,BTC,4h>15m,2024-04-01 03:15:00+00:00,0.0002,1.9640072598749154,H1,1
52158,52205,short,A,mss,3.0,3.0,1.4408910603522609,True,False,False,False,False,False,False,False,BTC,4h>15m,2024-04-01 03:15:00+00:00,0.0002,2.9642072598749154,H1,1
52158,52251,short,A,mss,5.0,5.0,1.4408910603522609,True,False,False,False,False,False,False,False,BTC,4h>15m,2024-04-01 03:15:00+00:00,0.0002,4.964607259874915,H1,1
52160,52168,short,A,retest,2.0,2.0,1.3781529210647445,True,False,True,False,False,False,False,False,BTC,4h>15m,2024-04-01 03:45:00+00:00,0.0002,1.962332331048473,H1,1
52160,52205,short,A,retest,3.0,3.0,1.3781529210647445,True,False,True,False,False,False,False,False,BTC,4h>15m,2024-04-01 03:45:00+00:00,0.0002,2.962532331048473,H1,1
52160,52251,short,A,retest,5.0,5.0,1.3781529210647445,True,False,True,False,False,False,False,False,BTC,4h>15m,2024-04-01 03:45:00+00:00,0.0002,4.962932331048473,H1,1
52678,52685,short,A,mss,2.0,-1.0,0.5592274845981887,False,True,False,False,False,False,False,True,BTC,4h>15m,2024-04-06 13:15:00+00:00,0.0002,-1.0409224827492112,H1,1
52678,52685,short,A,mss,3.0,-1.0,0.5592274845981887,False,True,False,False,False,False,False,True,BTC,4h>15m,2024-04-06 13:15:00+00:00,0.0002,-1.0409224827492112,H1,1
52678,52685,short,A,mss,5.0,-1.0,0.5592274845981887,False,True,False,False,False,False,False,True,BTC,4h>15m,2024-04-06 13:15:00+00:00,0.0002,-1.0409224827492112,H1,1
52679,52685,short,A,retest,2.0,-1.0,0.5406935657213924,False,True,False,False,False,False,False,False,BTC,4h>15m,2024-04-06 13:30:00+00:00,0.0002,-1.0423320811014118,H1,1
52679,52685,short,A,retest,3.0,-1.0,0.5406935657213924,False,True,False,False,False,False,False,False,BTC,4h>15m,2024-04-06 13:30:00+00:00,0.0002,-1.0423320811014118,H1,1
52679,52685,short,A,retest,5.0,-1.0,0.5406935657213924,False,True,False,False,False,False,False,False,BTC,4h>15m,2024-04-06 13:30:00+00:00,0.0002,-1.0423320811014118,H1,1
56802,56913,short,A,mss,2.0,-1.0,1.2887536932190438,True,True,False,True,False,False,False,False,BTC,4h>15m,2024-05-19 12:15:00+00:00,0.0002,-1.032746174487222,H1,2
56802,56913,short,A,mss,3.0,-1.0,1.2887536932190438,True,True,False,True,False,False,False,False,BTC,4h>15m,2024-05-19 12:15:00+00:00,0.0002,-1.032746174487222,H1,2
56802,56913,short,A,mss,5.0,-1.0,1.2887536932190438,True,True,False,True,False,False,False,False,BTC,4h>15m,2024-05-19 12:15:00+00:00,0.0002,-1.032746174487222,H1,2
56803,56913,short,A,retest,2.0,-1.0,1.1476864410859615,True,True,False,True,False,False,False,False,BTC,4h>15m,2024-05-19 12:30:00+00:00,0.0002,-1.0367957355317978,H1,2
56803,56913,short,A,retest,3.0,-1.0,1.1476864410859615,True,True,False,True,False,False,False,False,BTC,4h>15m,2024-05-19 12:30:00+00:00,0.0002,-1.0367957355317978,H1,2
56803,56913,short,A,retest,5.0,-1.0,1.1476864410859615,True,True,False,True,False,False,False,False,BTC,4h>15m,2024-05-19 12:30:00+00:00,0.0002,-1.0367957355317978,H1,2
53900,54284,long,V,mss,2.0,0.34531280189129654,2.8862997839653777,False,False,True,False,False,False,False,True,BTC,4h>15m,2024-04-19 06:45:00+00:00,0.0002,0.3401540484842012,H1,0
53900,54284,long,V,mss,3.0,0.34531280189129654,2.8862997839653777,False,False,True,False,False,False,False,True,BTC,4h>15m,2024-04-19 06:45:00+00:00,0.0002,0.3401540484842012,H1,0
53900,54284,long,V,mss,5.0,0.34531280189129654,2.8862997839653777,False,False,True,False,False,False,False,True,BTC,4h>15m,2024-04-19 06:45:00+00:00,0.0002,0.3401540484842012,H1,0
53938,54321,long,V,retest,2.0,0.7306865739561988,2.341375379846673,False,True,False,False,False,False,False,True,BTC,4h>15m,2024-04-19 16:15:00+00:00,0.0002,0.7243592817722425,H1,1
53938,54321,long,V,retest,3.0,0.7306865739561988,2.341375379846673,False,True,False,False,False,False,False,True,BTC,4h>15m,2024-04-19 16:15:00+00:00,0.0002,0.7243592817722425,H1,1
53938,54321,long,V,retest,5.0,0.7306865739561988,2.341375379846673,False,True,False,False,False,False,False,True,BTC,4h>15m,2024-04-19 16:15:00+00:00,0.0002,0.7243592817722425,H1,1
54167,54175,short,A,mss,2.0,-1.0,0.9797330241695333,False,False,False,False,False,False,False,False,BTC,4h>15m,2024-04-22 01:30:00+00:00,0.0002,-1.0300171222443621,H1,0
54167,54175,short,A,mss,3.0,-1.0,0.9797330241695333,False,False,False,False,False,False,False,False,BTC,4h>15m,2024-04-22 01:30:00+00:00,0.0002,-1.0300171222443621,H1,0
54167,54175,short,A,mss,5.0,-1.0,0.9797330241695333,False,False,False,False,False,False,False,False,BTC,4h>15m,2024-04-22 01:30:00+00:00,0.0002,-1.0300171222443621,H1,0
54168,54175,short,A,retest,2.0,-1.0,0.8974390931195013,False,False,False,False,False,False,False,False,BTC,4h>15m,2024-04-22 01:45:00+00:00,0.0002,-1.0327879908120154,H1,0
54168,54175,short,A,retest,3.0,-1.0,0.8974390931195013,False,False,False,False,False,False,False,False,BTC,4h>15m,2024-04-22 01:45:00+00:00,0.0002,-1.0327879908120154,H1,0
54168,54175,short,A,retest,5.0,-1.0,0.8974390931195013,False,False,False,False,False,False,False,False,BTC,4h>15m,2024-04-22 01:45:00+00:00,0.0002,-1.0327879908120154,H1,0
54603,54646,short,A,mss,2.0,2.0,0.859258022333299,True,True,True,False,False,False,False,False,BTC,4h>15m,2024-04-26 14:30:00+00:00,0.0002,1.968572443541762,H1,2
54603,54967,short,A,mss,3.0,3.0,0.859258022333299,True,True,True,False,False,False,False,False,BTC,4h>15m,2024-04-26 14:30:00+00:00,0.0002,2.968772443541762,H1,2
54603,54987,short,A,mss,5.0,3.4590508616195863,0.859258022333299,True,True,True,False,False,False,False,False,BTC,4h>15m,2024-04-26 14:30:00+00:00,0.0002,3.4279151153336724,H1,2
54616,54646,short,A,retest,2.0,2.0,0.8466510356501573,True,True,False,False,False,False,False,True,BTC,4h>15m,2024-04-26 17:45:00+00:00,0.0002,1.9680925617982912,H1,2
54616,54967,short,A,retest,3.0,3.0,0.8466510356501573,True,True,False,False,False,False,False,True,BTC,4h>15m,2024-04-26 17:45:00+00:00,0.0002,2.9682925617982914,H1,2
54616,54999,short,A,retest,5.0,5.0,0.8466510356501573,True,True,False,False,False,False,False,True,BTC,4h>15m,2024-04-26 17:45:00+00:00,0.0002,4.968692561798291,H1,2
56246,56419,short,A,mss,2.0,-1.0,1.1168775458096116,True,True,True,False,False,False,False,False,BTC,4h>15m,2024-05-13 17:15:00+00:00,0.0002,-1.0315432415974564,H1,2
56246,56419,short,A,mss,3.0,-1.0,1.1168775458096116,True,True,True,False,False,False,False,False,BTC,4h>15m,2024-05-13 17:15:00+00:00,0.0002,-1.0315432415974564,H1,2
56246,56419,short,A,mss,5.0,-1.0,1.1168775458096116,True,True,True,False,False,False,False,False,BTC,4h>15m,2024-05-13 17:15:00+00:00,0.0002,-1.0315432415974564,H1,2
56247,56323,short,A,retest,2.0,2.0,1.0785901650462602,True,True,True,False,False,False,False,False,BTC,4h>15m,2024-05-13 17:30:00+00:00,0.0002,1.9679299489645465,H1,2
56247,56419,short,A,retest,3.0,-1.0,1.0785901650462602,True,True,True,False,False,False,False,False,BTC,4h>15m,2024-05-13 17:30:00+00:00,0.0002,-1.0326700510354534,H1,2
56247,56419,short,A,retest,5.0,-1.0,1.0785901650462602,True,True,True,False,False,False,False,False,BTC,4h>15m,2024-05-13 17:30:00+00:00,0.0002,-1.0326700510354534,H1,2
56122,56209,long,V,mss,2.0,2.0,0.9578621067793918,True,False,False,True,False,False,False,False,BTC,4h>15m,2024-05-12 10:15:00+00:00,0.0002,1.9636883304340749,H1,1
56122,56242,long,V,mss,3.0,3.0,0.9578621067793918,True,False,False,True,False,False,False,False,BTC,4h>15m,2024-05-12 10:15:00+00:00,0.0002,2.9634883304340747,H1,1
56122,56429,long,V,mss,5.0,5.0,0.9578621067793918,True,False,False,True,False,False,False,False,BTC,4h>15m,2024-05-12 10:15:00+00:00,0.0002,4.963088330434075,H1,1
56124,56208,long,V,retest,2.0,2.0,0.7333292904061378,True,False,False,True,False,False,False,False,BTC,4h>15m,2024-05-12 10:45:00+00:00,0.0002,1.9528152679694109,H1,1
56124,56210,long,V,retest,3.0,3.0,0.7333292904061378,True,False,False,True,False,False,False,False,BTC,4h>15m,2024-05-12 10:45:00+00:00,0.0002,2.952615267969411,H1,1
56124,56419,long,V,retest,5.0,5.0,0.7333292904061378,True,False,False,True,False,False,False,False,BTC,4h>15m,2024-05-12 10:45:00+00:00,0.0002,4.952215267969411,H1,1
56204,56211,long,V,mss,2.0,2.0,1.3563828132643372,False,False,True,False,False,False,False,True,BTC,4h>15m,2024-05-13 06:45:00+00:00,0.0002,1.9677502100198272,H1,0
56204,56419,long,V,mss,3.0,3.0,1.3563828132643372,False,False,True,False,False,False,False,True,BTC,4h>15m,2024-05-13 06:45:00+00:00,0.0002,2.9675502100198274,H1,0
56204,56442,long,V,mss,5.0,5.0,1.3563828132643372,False,False,True,False,False,False,False,True,BTC,4h>15m,2024-05-13 06:45:00+00:00,0.0002,4.9671502100198275,H1,0
56205,56211,long,V,retest,2.0,2.0,1.3491832086154523,False,False,True,False,False,False,False,False,BTC,4h>15m,2024-05-13 07:00:00+00:00,0.0002,1.967582385477762,H1,0
56205,56419,long,V,retest,3.0,3.0,1.3491832086154523,False,False,True,False,False,False,False,False,BTC,4h>15m,2024-05-13 07:00:00+00:00,0.0002,2.9673823854777623,H1,0
56205,56442,long,V,retest,5.0,5.0,1.3491832086154523,False,False,True,False,False,False,False,False,BTC,4h>15m,2024-05-13 07:00:00+00:00,0.0002,4.966982385477762,H1,0
56326,56419,long,V,mss,2.0,2.0,1.0492914264167592,True,True,False,False,False,False,False,False,BTC,4h>15m,2024-05-14 13:15:00+00:00,0.0002,1.9707250983338829,H1,2
56326,56423,long,V,mss,3.0,3.0,1.0492914264167592,True,True,False,False,False,False,False,False,BTC,4h>15m,2024-05-14 13:15:00+00:00,0.0002,2.970525098333883,H1,2
56326,56447,long,V,mss,5.0,5.0,1.0492914264167592,True,True,False,False,False,False,False,False,BTC,4h>15m,2024-05-14 13:15:00+00:00,0.0002,4.970125098333883,H1,2
56327,56419,long,V,retest,2.0,2.0,1.011446719072137,True,True,False,False,False,False,False,False,BTC,4h>15m,2024-05-14 13:30:00+00:00,0.0002,1.9696596696761977,H1,2
56327,56423,long,V,retest,3.0,3.0,1.011446719072137,True,True,False,False,False,False,False,False,BTC,4h>15m,2024-05-14 13:30:00+00:00,0.0002,2.9694596696761977,H1,2
56327,56447,long,V,retest,5.0,5.0,1.011446719072137,True,True,False,False,False,False,False,False,BTC,4h>15m,2024-05-14 13:30:00+00:00,0.0002,4.969059669676198,H1,2
57817,57879,long,V,mss,2.0,2.0,0.8087354009499866,True,False,False,False,False,False,False,True,BTC,4h>15m,2024-05-30 02:00:00+00:00,0.0002,1.9645753902622387,H1,1
57817,57969,long,V,mss,3.0,-1.0,0.8087354009499866,True,False,False,False,False,False,False,True,BTC,4h>15m,2024-05-30 02:00:00+00:00,0.0002,-1.0348246097377614,H1,1
57817,57969,long,V,mss,5.0,-1.0,0.8087354009499866,True,False,False,False,False,False,False,True,BTC,4h>15m,2024-05-30 02:00:00+00:00,0.0002,-1.0348246097377614,H1,1
57834,57879,long,V,retest,2.0,2.0,0.7763881903697555,True,False,False,False,False,False,False,False,BTC,4h>15m,2024-05-30 06:15:00+00:00,0.0002,1.9631328006449078,H1,1
57834,57969,long,V,retest,3.0,-1.0,0.7763881903697555,True,False,False,False,False,False,False,False,BTC,4h>15m,2024-05-30 06:15:00+00:00,0.0002,-1.0362671993550923,H1,1
57834,57969,long,V,retest,5.0,-1.0,0.7763881903697555,True,False,False,False,False,False,False,False,BTC,4h>15m,2024-05-30 06:15:00+00:00,0.0002,-1.0362671993550923,H1,1
57859,57969,long,V,mss,2.0,-1.0,1.3209627596109028,True,True,False,True,False,False,False,True,BTC,4h>15m,2024-05-30 12:30:00+00:00,0.0002,-1.0241720094873537,H1,2
57859,57969,long,V,mss,3.0,-1.0,1.3209627596109028,True,True,False,True,False,False,False,True,BTC,4h>15m,2024-05-30 12:30:00+00:00,0.0002,-1.0241720094873537,H1,2
57859,57969,long,V,mss,5.0,-1.0,1.3209627596109028,True,True,False,True,False,False,False,True,BTC,4h>15m,2024-05-30 12:30:00+00:00,0.0002,-1.0241720094873537,H1,2
57860,57969,long,V,retest,2.0,-1.0,1.2648814098026906,True,True,True,True,False,False,False,False,BTC,4h>15m,2024-05-30 12:45:00+00:00,0.0002,-1.0252348622095515,H1,2
57860,57969,long,V,retest,3.0,-1.0,1.2648814098026906,True,True,True,True,False,False,False,False,BTC,4h>15m,2024-05-30 12:45:00+00:00,0.0002,-1.0252348622095515,H1,2
57860,57969,long,V,retest,5.0,-1.0,1.2648814098026906,True,True,True,True,False,False,False,False,BTC,4h>15m,2024-05-30 12:45:00+00:00,0.0002,-1.0252348622095515,H1,2
58547,58625,short,A,mss,2.0,-1.0,1.0968529112821244,True,True,False,False,False,False,False,False,BTC,4h>15m,2024-06-06 16:30:00+00:00,0.0002,-1.0352474430456025,H1,2
58547,58625,short,A,mss,3.0,-1.0,1.0968529112821244,True,True,False,False,False,False,False,False,BTC,4h>15m,2024-06-06 16:30:00+00:00,0.0002,-1.0352474430456025,H1,2
58547,58625,short,A,mss,5.0,-1.0,1.0968529112821244,True,True,False,False,False,False,False,False,BTC,4h>15m,2024-06-06 16:30:00+00:00,0.0002,-1.0352474430456025,H1,2
58548,58625,short,A,retest,2.0,-1.0,0.9816464837132823,True,True,False,False,False,False,False,False,BTC,4h>15m,2024-06-06 16:45:00+00:00,0.0002,-1.0394075692697458,H1,2
58548,58625,short,A,retest,3.0,-1.0,0.9816464837132823,True,True,False,False,False,False,False,False,BTC,4h>15m,2024-06-06 16:45:00+00:00,0.0002,-1.0394075692697458,H1,2
58548,58625,short,A,retest,5.0,-1.0,0.9816464837132823,True,True,False,False,False,False,False,False,BTC,4h>15m,2024-06-06 16:45:00+00:00,0.0002,-1.0394075692697458,H1,2
58826,58842,short,A,mss,2.0,-1.0,0.8098175310539322,True,True,True,False,False,False,False,False,BTC,4h>15m,2024-06-09 14:15:00+00:00,0.0002,-1.0604932177257742,H1,2
58826,58842,short,A,mss,3.0,-1.0,0.8098175310539322,True,True,True,False,False,False,False,False,BTC,4h>15m,2024-06-09 14:15:00+00:00,0.0002,-1.0604932177257742,H1,2
58826,58842,short,A,mss,5.0,-1.0,0.8098175310539322,True,True,True,False,False,False,False,False,BTC,4h>15m,2024-06-09 14:15:00+00:00,0.0002,-1.0604932177257742,H1,2
58827,58842,short,A,retest,2.0,-1.0,0.8031093543474321,True,True,True,False,False,False,False,False,BTC,4h>15m,2024-06-09 14:30:00+00:00,0.0002,-1.0610001733815473,H1,2
58827,58842,short,A,retest,3.0,-1.0,0.8031093543474321,True,True,True,False,False,False,False,False,BTC,4h>15m,2024-06-09 14:30:00+00:00,0.0002,-1.0610001733815473,H1,2
58827,58842,short,A,retest,5.0,-1.0,0.8031093543474321,True,True,True,False,False,False,False,False,BTC,4h>15m,2024-06-09 14:30:00+00:00,0.0002,-1.0610001733815473,H1,2
61898,62125,short,A,mss,2.0,-1.0,2.0949235015995313,True,True,True,False,False,False,False,False,BTC,4h>15m,2024-07-11 14:15:00+00:00,0.0002,-1.012298897787124,H1,2
61898,62125,short,A,mss,3.0,-1.0,2.0949235015995313,True,True,True,False,False,False,False,False,BTC,4h>15m,2024-07-11 14:15:00+00:00,0.0002,-1.012298897787124,H1,2
61898,62125,short,A,mss,5.0,-1.0,2.0949235015995313,True,True,True,False,False,False,False,False,BTC,4h>15m,2024-07-11 14:15:00+00:00,0.0002,-1.012298897787124,H1,2
61902,62125,short,A,retest,2.0,-1.0,1.7985019911830245,True,True,False,False,False,False,False,False,BTC,4h>15m,2024-07-11 15:15:00+00:00,0.0002,-1.0143589133883097,H1,2
61902,62125,short,A,retest,3.0,-1.0,1.7985019911830245,True,True,False,False,False,False,False,False,BTC,4h>15m,2024-07-11 15:15:00+00:00,0.0002,-1.0143589133883097,H1,2
61902,62125,short,A,retest,5.0,-1.0,1.7985019911830245,True,True,False,False,False,False,False,False,BTC,4h>15m,2024-07-11 15:15:00+00:00,0.0002,-1.0143589133883097,H1,2
62882,63071,long,V,mss,2.0,-1.0,2.8378128473671453,True,False,True,False,False,False,False,False,BTC,4h>15m,2024-07-21 20:15:00+00:00,0.0002,-1.0111810306331264,H1,1
62882,63071,long,V,mss,3.0,-1.0,2.8378128473671453,True,False,True,False,False,False,False,False,BTC,4h>15m,2024-07-21 20:15:00+00:00,0.0002,-1.0111810306331264,H1,1
62882,63071,long,V,mss,5.0,-1.0,2.8378128473671453,True,False,True,False,False,False,False,False,BTC,4h>15m,2024-07-21 20:15:00+00:00,0.0002,-1.0111810306331264,H1,1
62884,63071,long,V,retest,2.0,-1.0,2.3500913895701636,True,False,False,False,False,False,False,False,BTC,4h>15m,2024-07-21 20:45:00+00:00,0.0002,-1.0134599565899085,H1,1
62884,63071,long,V,retest,3.0,-1.0,2.3500913895701636,True,False,False,False,False,False,False,False,BTC,4h>15m,2024-07-21 20:45:00+00:00,0.0002,-1.0134599565899085,H1,1
62884,63071,long,V,retest,5.0,-1.0,2.3500913895701636,True,False,False,False,False,False,False,False,BTC,4h>15m,2024-07-21 20:45:00+00:00,0.0002,-1.0134599565899085,H1,1
64011,64053,short,A,mss,2.0,2.0,1.385865726661032,False,True,True,False,False,True,False,False,BTC,4h>15m,2024-08-02 14:30:00+00:00,0.0002,1.9852619775579272,H1,2
64011,64212,short,A,mss,3.0,3.0,1.385865726661032,False,True,True,False,False,True,False,False,BTC,4h>15m,2024-08-02 14:30:00+00:00,0.0002,2.985461977557927,H1,2
64011,64245,short,A,mss,5.0,5.0,1.385865726661032,False,True,True,False,False,True,False,False,BTC,4h>15m,2024-08-02 14:30:00+00:00,0.0002,4.985861977557927,H1,2
64190,64203,long,V,mss,2.0,-1.0,0.7131592017683106,True,False,True,True,False,False,False,True,BTC,4h>15m,2024-08-04 11:15:00+00:00,0.0002,-1.0269109244057835,H1,1
64190,64203,long,V,mss,3.0,-1.0,0.7131592017683106,True,False,True,True,False,False,False,True,BTC,4h>15m,2024-08-04 11:15:00+00:00,0.0002,-1.0269109244057835,H1,1
64190,64203,long,V,mss,5.0,-1.0,0.7131592017683106,True,False,True,True,False,False,False,True,BTC,4h>15m,2024-08-04 11:15:00+00:00,0.0002,-1.0269109244057835,H1,1
64191,64203,long,V,retest,2.0,-1.0,0.6398986721245823,True,False,True,True,False,False,False,False,BTC,4h>15m,2024-08-04 11:30:00+00:00,0.0002,-1.0299689968076906,H1,1
64191,64203,long,V,retest,3.0,-1.0,0.6398986721245823,True,False,True,True,False,False,False,False,BTC,4h>15m,2024-08-04 11:30:00+00:00,0.0002,-1.0299689968076906,H1,1
64191,64203,long,V,retest,5.0,-1.0,0.6398986721245823,True,False,True,True,False,False,False,False,BTC,4h>15m,2024-08-04 11:30:00+00:00,0.0002,-1.0299689968076906,H1,1
64855,64894,short,A,mss,2.0,2.0,0.8936359497951513,True,False,False,True,False,False,False,False,BTC,4h>15m,2024-08-11 09:30:00+00:00,0.0002,1.9671789561113442,H1,1
64855,64897,short,A,mss,3.0,3.0,0.8936359497951513,True,False,False,True,False,False,False,False,BTC,4h>15m,2024-08-11 09:30:00+00:00,0.0002,2.967378956111344,H1,1
64855,65239,short,A,mss,5.0,3.6011073075310738,0.8936359497951513,True,False,False,True,False,False,False,False,BTC,4h>15m,2024-08-11 09:30:00+00:00,0.0002,3.568606485103924,H1,1
64856,64894,short,A,retest,2.0,2.0,0.8706440354642213,True,False,True,True,False,False,False,False,BTC,4h>15m,2024-08-11 09:45:00+00:00,0.0002,1.9662910936448055,H1,1
64856,64897,short,A,retest,3.0,3.0,0.8706440354642213,True,False,True,True,False,False,False,False,BTC,4h>15m,2024-08-11 09:45:00+00:00,0.0002,2.9664910936448052,H1,1
64856,65239,short,A,retest,5.0,3.7226130673284916,0.8706440354642213,True,False,True,True,False,False,False,False,BTC,4h>15m,2024-08-11 09:45:00+00:00,0.0002,3.689248683586763,H1,1
65738,65856,short,A,mss,2.0,-1.0,1.769836403929598,False,True,True,False,False,False,False,True,BTC,4h>15m,2024-08-20 14:15:00+00:00,0.0002,-1.0171967572657583,H1,1
65738,65856,short,A,mss,3.0,-1.0,1.769836403929598,False,True,True,False,False,False,False,True,BTC,4h>15m,2024-08-20 14:15:00+00:00,0.0002,-1.0171967572657583,H1,1
65738,65856,short,A,mss,5.0,-1.0,1.769836403929598,False,True,True,False,False,False,False,True,BTC,4h>15m,2024-08-20 14:15:00+00:00,0.0002,-1.0171967572657583,H1,1
65467,65491,short,A,mss,2.0,-1.0,0.3453219146581532,True,False,False,False,False,False,False,False,BTC,4h>15m,2024-08-17 18:30:00+00:00,0.0002,-1.060722998636288,H1,1
65467,65491,short,A,mss,3.0,-1.0,0.3453219146581532,True,False,False,False,False,False,False,False,BTC,4h>15m,2024-08-17 18:30:00+00:00,0.0002,-1.060722998636288,H1,1
65467,65491,short,A,mss,5.0,-1.0,0.3453219146581532,True,False,False,False,False,False,False,False,BTC,4h>15m,2024-08-17 18:30:00+00:00,0.0002,-1.060722998636288,H1,1
65468,65491,short,A,retest,2.0,-1.0,0.30692733240512804,True,False,True,False,False,False,False,False,BTC,4h>15m,2024-08-17 18:45:00+00:00,0.0002,-1.0683440634137786,H1,1
65468,65491,short,A,retest,3.0,-1.0,0.30692733240512804,True,False,True,False,False,False,False,False,BTC,4h>15m,2024-08-17 18:45:00+00:00,0.0002,-1.0683440634137786,H1,1
65468,65491,short,A,retest,5.0,-1.0,0.30692733240512804,True,False,True,False,False,False,False,False,BTC,4h>15m,2024-08-17 18:45:00+00:00,0.0002,-1.0683440634137786,H1,1
68344,68425,long,V,mss,2.0,2.0,1.1339008987625518,True,True,False,False,False,False,False,False,BTC,4h>15m,2024-09-16 17:45:00+00:00,0.0002,1.9668134199428273,H1,2
68344,68426,long,V,mss,3.0,3.0,1.1339008987625518,True,True,False,False,False,False,False,False,BTC,4h>15m,2024-09-16 17:45:00+00:00,0.0002,2.9666134199428273,H1,2
68344,68560,long,V,mss,5.0,5.0,1.1339008987625518,True,True,False,False,False,False,False,False,BTC,4h>15m,2024-09-16 17:45:00+00:00,0.0002,4.966213419942827,H1,2
68345,68408,long,V,retest,2.0,2.0,0.8527078131632891,True,False,False,False,False,False,False,False,BTC,4h>15m,2024-09-16 18:00:00+00:00,0.0002,1.9561334634117618,H1,1
68345,68425,long,V,retest,3.0,3.0,0.8527078131632891,True,False,False,False,False,False,False,False,BTC,4h>15m,2024-09-16 18:00:00+00:00,0.0002,2.9559334634117618,H1,1
68345,68429,long,V,retest,5.0,5.0,0.8527078131632891,True,False,False,False,False,False,False,False,BTC,4h>15m,2024-09-16 18:00:00+00:00,0.0002,4.955533463411761,H1,1
69609,69624,short,A,mss,2.0,2.0,0.7778231074518768,True,False,True,False,False,False,False,True,BTC,4h>15m,2024-09-29 22:00:00+00:00,0.0002,1.927495962629085,H1,1
69609,69625,short,A,mss,3.0,3.0,0.7778231074518768,True,False,True,False,False,False,False,True,BTC,4h>15m,2024-09-29 22:00:00+00:00,0.0002,2.9276959626290853,H1,1
69609,69654,short,A,mss,5.0,5.0,0.7778231074518768,True,False,True,False,False,False,False,True,BTC,4h>15m,2024-09-29 22:00:00+00:00,0.0002,4.928095962629085,H1,1
69610,69624,short,A,retest,2.0,2.0,0.7260784627899481,True,False,False,False,False,False,False,False,BTC,4h>15m,2024-09-29 22:15:00+00:00,0.0002,1.9222718834690067,H1,1
69610,69624,short,A,retest,3.0,3.0,0.7260784627899481,True,False,False,False,False,False,False,False,BTC,4h>15m,2024-09-29 22:15:00+00:00,0.0002,2.9224718834690067,H1,1
69610,69652,short,A,retest,5.0,5.0,0.7260784627899481,True,False,False,False,False,False,False,False,BTC,4h>15m,2024-09-29 22:15:00+00:00,0.0002,4.922871883469007,H1,1
70439,70649,short,A,retest,2.0,2.0,2.546896361176013,True,True,False,False,False,False,False,True,BTC,4h>15m,2024-10-08 13:30:00+00:00,0.0002,1.9853737444830664,H2,2
70439,70822,short,A,retest,3.0,-0.12713345134339607,2.546896361176013,True,True,False,False,False,False,False,True,BTC,4h>15m,2024-10-08 13:30:00+00:00,0.0002,-0.1421851335505983,H2,2
70439,70822,short,A,retest,5.0,-0.12713345134339607,2.546896361176013,True,True,False,False,False,False,False,True,BTC,4h>15m,2024-10-08 13:30:00+00:00,0.0002,-0.1421851335505983,H2,2
70058,70067,short,A,mss,2.0,-1.0,1.138051702088564,True,True,True,False,False,False,False,False,BTC,4h>15m,2024-10-04 14:15:00+00:00,0.0002,-1.0226964403115177,H1,2
70058,70067,short,A,mss,3.0,-1.0,1.138051702088564,True,True,True,False,False,False,False,False,BTC,4h>15m,2024-10-04 14:15:00+00:00,0.0002,-1.0226964403115177,H1,2
70058,70067,short,A,mss,5.0,-1.0,1.138051702088564,True,True,True,False,False,False,False,False,BTC,4h>15m,2024-10-04 14:15:00+00:00,0.0002,-1.0226964403115177,H1,2
70060,70067,short,A,retest,2.0,-1.0,0.8078813994742089,True,True,False,False,False,False,False,False,BTC,4h>15m,2024-10-04 14:45:00+00:00,0.0002,-1.0320539086619036,H1,2
70060,70067,short,A,retest,3.0,-1.0,0.8078813994742089,True,True,False,False,False,False,False,False,BTC,4h>15m,2024-10-04 14:45:00+00:00,0.0002,-1.0320539086619036,H1,2
70060,70067,short,A,retest,5.0,-1.0,0.8078813994742089,True,True,False,False,False,False,False,False,BTC,4h>15m,2024-10-04 14:45:00+00:00,0.0002,-1.0320539086619036,H1,2
70152,70180,short,A,mss,2.0,2.0,0.3153768982769094,True,True,False,False,False,True,False,False,BTC,4h>15m,2024-10-05 13:45:00+00:00,0.0002,1.8893482397917427,H2,3
70152,70250,short,A,mss,3.0,-1.0,0.3153768982769094,True,True,False,False,False,True,False,False,BTC,4h>15m,2024-10-05 13:45:00+00:00,0.0002,-1.1112517602082572,H2,3
70152,70250,short,A,mss,5.0,-1.0,0.3153768982769094,True,True,False,False,False,True,False,False,BTC,4h>15m,2024-10-05 13:45:00+00:00,0.0002,-1.1112517602082572,H2,3
70153,70177,short,A,retest,2.0,2.0,0.2925834879592985,True,True,False,False,False,True,False,False,BTC,4h>15m,2024-10-05 14:00:00+00:00,0.0002,1.8806657070939297,H2,3
70153,70250,short,A,retest,3.0,-1.0,0.2925834879592985,True,True,False,False,False,True,False,False,BTC,4h>15m,2024-10-05 14:00:00+00:00,0.0002,-1.1199342929060703,H2,3
70153,70250,short,A,retest,5.0,-1.0,0.2925834879592985,True,True,False,False,False,True,False,False,BTC,4h>15m,2024-10-05 14:00:00+00:00,0.0002,-1.1199342929060703,H2,3
117048,117432,long,V,mss,2.0,0.8169435202621335,2.3873338950205443,False,False,False,False,False,False,False,False,BTC,4h>15m,2026-02-06 01:45:00+00:00,0.0002,0.812279965102545,H2,0
117048,117432,long,V,mss,3.0,0.8169435202621335,2.3873338950205443,False,False,False,False,False,False,False,False,BTC,4h>15m,2026-02-06 01:45:00+00:00,0.0002,0.812279965102545,H2,0
117048,117432,long,V,mss,5.0,0.8169435202621335,2.3873338950205443,False,False,False,False,False,False,False,False,BTC,4h>15m,2026-02-06 01:45:00+00:00,0.0002,0.812279965102545,H2,0
117049,117432,long,V,retest,2.0,1.1081942103135753,2.0575195729308784,False,False,False,False,False,False,False,False,BTC,4h>15m,2026-02-06 02:00:00+00:00,0.0002,1.1028151604202125,H2,0
117049,117432,long,V,retest,3.0,1.1081942103135753,2.0575195729308784,False,False,False,False,False,False,False,False,BTC,4h>15m,2026-02-06 02:00:00+00:00,0.0002,1.1028151604202125,H2,0
117049,117432,long,V,retest,5.0,1.1081942103135753,2.0575195729308784,False,False,False,False,False,False,False,False,BTC,4h>15m,2026-02-06 02:00:00+00:00,0.0002,1.1028151604202125,H2,0
73086,73171,long,V,mss,2.0,2.0,1.4485700111816389,True,False,False,False,False,False,False,True,BTC,4h>15m,2024-11-05 03:15:00+00:00,0.0002,1.9788610042308181,H2,1
73086,73178,long,V,mss,3.0,3.0,1.4485700111816389,True,False,False,False,False,False,False,True,BTC,4h>15m,2024-11-05 03:15:00+00:00,0.0002,2.978661004230818,H2,1
73086,73181,long,V,mss,5.0,5.0,1.4485700111816389,True,False,False,False,False,False,False,True,BTC,4h>15m,2024-11-05 03:15:00+00:00,0.0002,4.978261004230818,H2,1
73087,73171,long,V,retest,2.0,2.0,1.4182646424240541,True,False,False,False,False,False,False,False,BTC,4h>15m,2024-11-05 03:30:00+00:00,0.0002,1.9784264021484517,H2,1
73087,73178,long,V,retest,3.0,3.0,1.4182646424240541,True,False,False,False,False,False,False,False,BTC,4h>15m,2024-11-05 03:30:00+00:00,0.0002,2.9782264021484517,H2,1
73087,73181,long,V,retest,5.0,5.0,1.4182646424240541,True,False,False,False,False,False,False,False,BTC,4h>15m,2024-11-05 03:30:00+00:00,0.0002,4.977826402148452,H2,1
74233,74261,short,A,mss,2.0,-1.0,1.2113772313796483,False,False,False,False,False,False,False,True,BTC,4h>15m,2024-11-17 02:00:00+00:00,0.0002,-1.018616485524404,H2,0
74233,74261,short,A,mss,3.0,-1.0,1.2113772313796483,False,False,False,False,False,False,False,True,BTC,4h>15m,2024-11-17 02:00:00+00:00,0.0002,-1.018616485524404,H2,0
74233,74261,short,A,mss,5.0,-1.0,1.2113772313796483,False,False,False,False,False,False,False,True,BTC,4h>15m,2024-11-17 02:00:00+00:00,0.0002,-1.018616485524404,H2,0
74236,74261,short,A,retest,2.0,-1.0,0.8535088133263067,False,False,False,False,False,False,False,False,BTC,4h>15m,2024-11-17 02:45:00+00:00,0.0002,-1.0265060653422138,H2,0
74236,74261,short,A,retest,3.0,-1.0,0.8535088133263067,False,False,False,False,False,False,False,False,BTC,4h>15m,2024-11-17 02:45:00+00:00,0.0002,-1.0265060653422138,H2,0
74236,74261,short,A,retest,5.0,-1.0,0.8535088133263067,False,False,False,False,False,False,False,False,BTC,4h>15m,2024-11-17 02:45:00+00:00,0.0002,-1.0265060653422138,H2,0
75679,75716,short,A,mss,2.0,2.0,1.4148011938833251,False,False,False,False,False,False,False,False,BTC,4h>15m,2024-12-02 03:30:00+00:00,0.0002,1.9657431415439894,H2,0
75679,75816,short,A,mss,3.0,3.0,1.4148011938833251,False,False,False,False,False,False,False,False,BTC,4h>15m,2024-12-02 03:30:00+00:00,0.0002,2.965943141543989,H2,0
75679,75937,short,A,mss,5.0,-1.0,1.4148011938833251,False,False,False,False,False,False,False,False,BTC,4h>15m,2024-12-02 03:30:00+00:00,0.0002,-1.0348568584560107,H2,0
75680,75699,short,A,retest,2.0,2.0,1.381023823530477,False,False,True,False,False,False,False,False,BTC,4h>15m,2024-12-02 03:45:00+00:00,0.0002,1.9648857135465136,H2,0
75680,75816,short,A,retest,3.0,3.0,1.381023823530477,False,False,True,False,False,False,False,False,BTC,4h>15m,2024-12-02 03:45:00+00:00,0.0002,2.9650857135465136,H2,0
75680,75937,short,A,retest,5.0,-1.0,1.381023823530477,False,False,True,False,False,False,False,False,BTC,4h>15m,2024-12-02 03:45:00+00:00,0.0002,-1.0357142864534863,H2,0
78365,78408,long,V,mss,2.0,-1.0,1.312024158208609,True,False,False,False,False,False,False,True,BTC,4h>15m,2024-12-30 03:00:00+00:00,0.0002,-1.0360639722017937,H2,1
78365,78408,long,V,mss,3.0,-1.0,1.312024158208609,True,False,False,False,False,False,False,True,BTC,4h>15m,2024-12-30 03:00:00+00:00,0.0002,-1.0360639722017937,H2,1
78365,78408,long,V,mss,5.0,-1.0,1.312024158208609,True,False,False,False,False,False,False,True,BTC,4h>15m,2024-12-30 03:00:00+00:00,0.0002,-1.0360639722017937,H2,1
78366,78408,long,V,retest,2.0,-1.0,1.2295200621035567,True,False,False,False,False,False,True,False,BTC,4h>15m,2024-12-30 03:15:00+00:00,0.0002,-1.0384705409926953,H2,2
78366,78408,long,V,retest,3.0,-1.0,1.2295200621035567,True,False,False,False,False,False,True,False,BTC,4h>15m,2024-12-30 03:15:00+00:00,0.0002,-1.0384705409926953,H2,2
78366,78408,long,V,retest,5.0,-1.0,1.2295200621035567,True,False,False,False,False,False,True,False,BTC,4h>15m,2024-12-30 03:15:00+00:00,0.0002,-1.0384705409926953,H2,2
78696,78699,short,A,mss,2.0,-1.0,0.47288425965626296,True,True,False,False,False,False,False,False,BTC,4h>15m,2025-01-02 13:45:00+00:00,0.0002,-1.0701660046243693,H2,2
78696,78699,short,A,mss,3.0,-1.0,0.47288425965626296,True,True,False,False,False,False,False,False,BTC,4h>15m,2025-01-02 13:45:00+00:00,0.0002,-1.0701660046243693,H2,2
78696,78699,short,A,mss,5.0,-1.0,0.47288425965626296,True,True,False,False,False,False,False,False,BTC,4h>15m,2025-01-02 13:45:00+00:00,0.0002,-1.0701660046243693,H2,2
78698,78699,short,A,retest,2.0,-1.0,0.46320288860849224,True,True,True,False,False,False,False,False,BTC,4h>15m,2025-01-02 14:15:00+00:00,0.0002,-1.0716367195457814,H2,2
78698,78699,short,A,retest,3.0,-1.0,0.46320288860849224,True,True,True,False,False,False,False,False,BTC,4h>15m,2025-01-02 14:15:00+00:00,0.0002,-1.0716367195457814,H2,2
78698,78699,short,A,retest,5.0,-1.0,0.46320288860849224,True,True,True,False,False,False,False,False,BTC,4h>15m,2025-01-02 14:15:00+00:00,0.0002,-1.0716367195457814,H2,2
79689,79698,short,A,mss,2.0,-1.0,1.4433250497628853,True,False,True,False,False,False,False,True,BTC,4h>15m,2025-01-12 22:00:00+00:00,0.0002,-1.0265821733222917,H2,1
79689,79698,short,A,mss,3.0,-1.0,1.4433250497628853,True,False,True,False,False,False,False,True,BTC,4h>15m,2025-01-12 22:00:00+00:00,0.0002,-1.0265821733222917,H2,1
79689,79698,short,A,mss,5.0,-1.0,1.4433250497628853,True,False,True,False,False,False,False,True,BTC,4h>15m,2025-01-12 22:00:00+00:00,0.0002,-1.0265821733222917,H2,1
79695,79698,short,A,retest,2.0,-1.0,1.180312408942788,True,False,True,False,False,False,False,False,BTC,4h>15m,2025-01-12 23:30:00+00:00,0.0002,-1.032550127297042,H2,1
79695,79698,short,A,retest,3.0,-1.0,1.180312408942788,True,False,True,False,False,False,False,False,BTC,4h>15m,2025-01-12 23:30:00+00:00,0.0002,-1.032550127297042,H2,1
79695,79698,short,A,retest,5.0,-1.0,1.180312408942788,True,False,True,False,False,False,False,False,BTC,4h>15m,2025-01-12 23:30:00+00:00,0.0002,-1.032550127297042,H2,1
80358,80367,short,A,mss,2.0,2.0,1.2810450924183452,True,False,False,False,False,False,False,False,BTC,4h>15m,2025-01-19 21:15:00+00:00,0.0002,1.9803364406323014,H2,1
80358,80396,short,A,mss,3.0,-1.0,1.2810450924183452,True,False,False,False,False,False,False,False,BTC,4h>15m,2025-01-19 21:15:00+00:00,0.0002,-1.0202635593676985,H2,1
80358,80396,short,A,mss,5.0,-1.0,1.2810450924183452,True,False,False,False,False,False,False,False,BTC,4h>15m,2025-01-19 21:15:00+00:00,0.0002,-1.0202635593676985,H2,1
80359,80364,short,A,retest,2.0,2.0,0.9657182427322696,True,False,False,False,False,False,False,False,BTC,4h>15m,2025-01-19 21:30:00+00:00,0.0002,1.9736546680165912,H2,1
80359,80367,short,A,retest,3.0,3.0,0.9657182427322696,True,False,False,False,False,False,False,False,BTC,4h>15m,2025-01-19 21:30:00+00:00,0.0002,2.973854668016591,H2,1
80359,80396,short,A,retest,5.0,-1.0,0.9657182427322696,True,False,False,False,False,False,False,False,BTC,4h>15m,2025-01-19 21:30:00+00:00,0.0002,-1.0269453319834088,H2,1
80834,81045,short,A,mss,2.0,2.0,0.9562207277551869,True,False,True,False,False,False,False,False,BTC,4h>15m,2025-01-24 20:15:00+00:00,0.0002,1.9789278384686113,H2,1
80834,81067,short,A,mss,3.0,3.0,0.9562207277551869,True,False,True,False,False,False,False,False,BTC,4h>15m,2025-01-24 20:15:00+00:00,0.0002,2.979127838468611,H2,1
80834,81218,short,A,mss,5.0,1.6496329806178238,0.9562207277551869,True,False,True,False,False,False,False,False,BTC,4h>15m,2025-01-24 20:15:00+00:00,0.0002,1.6284907456825586,H2,1
81498,81629,short,A,mss,2.0,2.0,1.507245194745178,True,False,False,False,False,False,False,False,BTC,4h>15m,2025-01-31 18:15:00+00:00,0.0002,1.9800109524686584,H2,1
81498,81686,short,A,mss,3.0,3.0,1.507245194745178,True,False,False,False,False,False,False,False,BTC,4h>15m,2025-01-31 18:15:00+00:00,0.0002,2.980210952468658,H2,1
81498,81719,short,A,mss,5.0,5.0,1.507245194745178,True,False,False,False,False,False,False,False,BTC,4h>15m,2025-01-31 18:15:00+00:00,0.0002,4.980610952468658,H2,1
91178,91562,short,A,mss,2.0,-0.3016105804439397,2.4323475449860577,True,True,True,True,False,False,False,True,BTC,4h>15m,2025-05-12 14:15:00+00:00,0.0002,-0.31581338304656986,H2,2
91178,91562,short,A,mss,3.0,-0.3016105804439397,2.4323475449860577,True,True,True,True,False,False,False,True,BTC,4h>15m,2025-05-12 14:15:00+00:00,0.0002,-0.31581338304656986,H2,2
91178,91562,short,A,mss,5.0,-0.3016105804439397,2.4323475449860577,True,True,True,True,False,False,False,True,BTC,4h>15m,2025-05-12 14:15:00+00:00,0.0002,-0.31581338304656986,H2,2
83725,83747,long,V,mss,2.0,-1.0,1.0750027605110635,True,False,False,False,False,True,False,True,BTC,4h>15m,2025-02-23 23:00:00+00:00,0.0002,-1.0404715606008785,H2,2
83725,83747,long,V,mss,3.0,-1.0,1.0750027605110635,True,False,False,False,False,True,False,True,BTC,4h>15m,2025-02-23 23:00:00+00:00,0.0002,-1.0404715606008785,H2,2
83725,83747,long,V,mss,5.0,-1.0,1.0750027605110635,True,False,False,False,False,True,False,True,BTC,4h>15m,2025-02-23 23:00:00+00:00,0.0002,-1.0404715606008785,H2,2
83726,83747,long,V,retest,2.0,-1.0,0.947478516728706,True,False,True,False,False,True,False,False,BTC,4h>15m,2025-02-23 23:15:00+00:00,0.0002,-1.0458918421385475,H2,2
83726,83747,long,V,retest,3.0,-1.0,0.947478516728706,True,False,True,False,False,True,False,False,BTC,4h>15m,2025-02-23 23:15:00+00:00,0.0002,-1.0458918421385475,H2,2
83726,83747,long,V,retest,5.0,-1.0,0.947478516728706,True,False,True,False,False,True,False,False,BTC,4h>15m,2025-02-23 23:15:00+00:00,0.0002,-1.0458918421385475,H2,2
85415,85517,short,A,mss,2.0,-1.0,0.9263716784824547,False,True,False,False,False,False,False,False,BTC,4h>15m,2025-03-13 13:30:00+00:00,0.0002,-1.0213656987016826,H2,1
85415,85517,short,A,mss,3.0,-1.0,0.9263716784824547,False,True,False,False,False,False,False,False,BTC,4h>15m,2025-03-13 13:30:00+00:00,0.0002,-1.0213656987016826,H2,1
85415,85517,short,A,mss,5.0,-1.0,0.9263716784824547,False,True,False,False,False,False,False,False,BTC,4h>15m,2025-03-13 13:30:00+00:00,0.0002,-1.0213656987016826,H2,1
85416,85517,short,A,retest,2.0,-1.0,0.9192082585018885,False,True,False,False,False,False,False,False,BTC,4h>15m,2025-03-13 13:45:00+00:00,0.0002,-1.0215337608960176,H2,1
85416,85517,short,A,retest,3.0,-1.0,0.9192082585018885,False,True,False,False,False,False,False,False,BTC,4h>15m,2025-03-13 13:45:00+00:00,0.0002,-1.0215337608960176,H2,1
85416,85517,short,A,retest,5.0,-1.0,0.9192082585018885,False,True,False,False,False,False,False,False,BTC,4h>15m,2025-03-13 13:45:00+00:00,0.0002,-1.0215337608960176,H2,1
85738,86012,short,A,mss,2.0,-1.0,2.6176078388393362,True,False,False,False,False,False,False,True,BTC,4h>15m,2025-03-16 22:15:00+00:00,0.0002,-1.0124366460046383,H2,1
85738,86012,short,A,mss,3.0,-1.0,2.6176078388393362,True,False,False,False,False,False,False,True,BTC,4h>15m,2025-03-16 22:15:00+00:00,0.0002,-1.0124366460046383,H2,1
85738,86012,short,A,mss,5.0,-1.0,2.6176078388393362,True,False,False,False,False,False,False,True,BTC,4h>15m,2025-03-16 22:15:00+00:00,0.0002,-1.0124366460046383,H2,1
85743,86012,short,A,retest,2.0,-1.0,2.5790545780436487,True,False,True,False,False,False,False,False,BTC,4h>15m,2025-03-16 23:30:00+00:00,0.0002,-1.0126255461982003,H2,1
85743,86012,short,A,retest,3.0,-1.0,2.5790545780436487,True,False,True,False,False,False,False,False,BTC,4h>15m,2025-03-16 23:30:00+00:00,0.0002,-1.0126255461982003,H2,1
85743,86012,short,A,retest,5.0,-1.0,2.5790545780436487,True,False,True,False,False,False,False,False,BTC,4h>15m,2025-03-16 23:30:00+00:00,0.0002,-1.0126255461982003,H2,1
86813,86834,short,A,mss,2.0,2.0,0.9008455790848248,False,False,False,False,False,False,False,True,BTC,4h>15m,2025-03-28 03:00:00+00:00,0.0002,1.9609855616524399,H2,0
86813,86859,short,A,mss,3.0,3.0,0.9008455790848248,False,False,False,False,False,False,False,True,BTC,4h>15m,2025-03-28 03:00:00+00:00,0.0002,2.96118556165244,H2,0
86813,86942,short,A,mss,5.0,5.0,0.9008455790848248,False,False,False,False,False,False,False,True,BTC,4h>15m,2025-03-28 03:00:00+00:00,0.0002,4.96158556165244,H2,0
86814,86831,short,A,retest,2.0,2.0,0.8240945880748957,False,False,False,False,False,False,False,False,BTC,4h>15m,2025-03-28 03:15:00+00:00,0.0002,1.9572774950737994,H2,0
86814,86857,short,A,retest,3.0,3.0,0.8240945880748957,False,False,False,False,False,False,False,False,BTC,4h>15m,2025-03-28 03:15:00+00:00,0.0002,2.9574774950737996,H2,0
86814,86940,short,A,retest,5.0,5.0,0.8240945880748957,False,False,False,False,False,False,False,False,BTC,4h>15m,2025-03-28 03:15:00+00:00,0.0002,4.9578774950738,H2,0
88061,88215,short,A,mss,2.0,-1.0,0.8381097284011223,True,False,False,False,False,False,False,True,BTC,4h>15m,2025-04-10 03:00:00+00:00,0.0002,-1.0176710896106713,H2,1
88061,88215,short,A,mss,3.0,-1.0,0.8381097284011223,True,False,False,False,False,False,False,True,BTC,4h>15m,2025-04-10 03:00:00+00:00,0.0002,-1.0176710896106713,H2,1
88061,88215,short,A,mss,5.0,-1.0,0.8381097284011223,True,False,False,False,False,False,False,True,BTC,4h>15m,2025-04-10 03:00:00+00:00,0.0002,-1.0176710896106713,H2,1
88068,88112,short,A,retest,2.0,2.0,0.7286884066037375,True,False,False,False,False,False,False,False,BTC,4h>15m,2025-04-10 04:45:00+00:00,0.0002,1.9802453515053975,H2,1
88068,88215,short,A,retest,3.0,-1.0,0.7286884066037375,True,False,False,False,False,False,False,False,BTC,4h>15m,2025-04-10 04:45:00+00:00,0.0002,-1.0203546484946024,H2,1
88068,88215,short,A,retest,5.0,-1.0,0.7286884066037375,True,False,False,False,False,False,False,False,BTC,4h>15m,2025-04-10 04:45:00+00:00,0.0002,-1.0203546484946024,H2,1
89687,89821,short,A,mss,2.0,-1.0,0.934404730678437,False,False,False,False,False,True,False,False,BTC,4h>15m,2025-04-27 01:30:00+00:00,0.0002,-1.043906127696626,H2,1
89687,89821,short,A,mss,3.0,-1.0,0.934404730678437,False,False,False,False,False,True,False,False,BTC,4h>15m,2025-04-27 01:30:00+00:00,0.0002,-1.043906127696626,H2,1
89687,89821,short,A,mss,5.0,-1.0,0.934404730678437,False,False,False,False,False,True,False,False,BTC,4h>15m,2025-04-27 01:30:00+00:00,0.0002,-1.043906127696626,H2,1
89881,90024,short,A,mss,2.0,2.0,0.6963819817466409,False,False,False,False,False,True,True,False,BTC,4h>15m,2025-04-29 02:00:00+00:00,0.0002,1.9438127265096934,H2,2
89881,90103,short,A,mss,3.0,-1.0,0.6963819817466409,False,False,False,False,False,True,True,False,BTC,4h>15m,2025-04-29 02:00:00+00:00,0.0002,-1.0567872734903065,H2,2
89881,90103,short,A,mss,5.0,-1.0,0.6963819817466409,False,False,False,False,False,True,True,False,BTC,4h>15m,2025-04-29 02:00:00+00:00,0.0002,-1.0567872734903065,H2,2
89882,90024,short,A,retest,2.0,2.0,0.686719486329273,False,False,True,False,False,True,True,False,BTC,4h>15m,2025-04-29 02:15:00+00:00,0.0002,1.9430108863407305,H2,2
89882,90103,short,A,retest,3.0,-1.0,0.686719486329273,False,False,True,False,False,True,True,False,BTC,4h>15m,2025-04-29 02:15:00+00:00,0.0002,-1.0575891136592694,H2,2
89882,90103,short,A,retest,5.0,-1.0,0.686719486329273,False,False,True,False,False,True,True,False,BTC,4h>15m,2025-04-29 02:15:00+00:00,0.0002,-1.0575891136592694,H2,2
91080,91125,short,A,mss,2.0,-1.0,0.8325979089744052,False,True,False,False,False,True,False,False,BTC,4h>15m,2025-05-11 13:45:00+00:00,0.0002,-1.0437590797984893,H2,2
91080,91125,short,A,mss,3.0,-1.0,0.8325979089744052,False,True,False,False,False,True,False,False,BTC,4h>15m,2025-05-11 13:45:00+00:00,0.0002,-1.0437590797984893,H2,2
91080,91125,short,A,mss,5.0,-1.0,0.8325979089744052,False,True,False,False,False,True,False,False,BTC,4h>15m,2025-05-11 13:45:00+00:00,0.0002,-1.0437590797984893,H2,2
91083,91125,short,A,retest,2.0,-1.0,0.628804210707293,False,True,True,False,False,True,False,False,BTC,4h>15m,2025-05-11 14:30:00+00:00,0.0002,-1.0580060954704682,H2,2
91083,91125,short,A,retest,3.0,-1.0,0.628804210707293,False,True,True,False,False,True,False,False,BTC,4h>15m,2025-05-11 14:30:00+00:00,0.0002,-1.0580060954704682,H2,2
91083,91125,short,A,retest,5.0,-1.0,0.628804210707293,False,True,True,False,False,True,False,False,BTC,4h>15m,2025-05-11 14:30:00+00:00,0.0002,-1.0580060954704682,H2,2
92749,92811,long,V,mss,2.0,-1.0,0.9462384134772304,True,False,False,False,False,False,False,False,BTC,4h>15m,2025-05-28 23:00:00+00:00,0.0002,-1.0383727170124442,H2,1
92749,92811,long,V,mss,3.0,-1.0,0.9462384134772304,True,False,False,False,False,False,False,False,BTC,4h>15m,2025-05-28 23:00:00+00:00,0.0002,-1.0383727170124442,H2,1
92749,92811,long,V,mss,5.0,-1.0,0.9462384134772304,True,False,False,False,False,False,False,False,BTC,4h>15m,2025-05-28 23:00:00+00:00,0.0002,-1.0383727170124442,H2,1
92750,92811,long,V,retest,2.0,-1.0,0.9281857952554124,True,False,True,False,False,False,False,False,BTC,4h>15m,2025-05-28 23:15:00+00:00,0.0002,-1.039115151867877,H2,1
92750,92811,long,V,retest,3.0,-1.0,0.9281857952554124,True,False,True,False,False,False,False,False,BTC,4h>15m,2025-05-28 23:15:00+00:00,0.0002,-1.039115151867877,H2,1
92750,92811,long,V,retest,5.0,-1.0,0.9281857952554124,True,False,True,False,False,False,False,False,BTC,4h>15m,2025-05-28 23:15:00+00:00,0.0002,-1.039115151867877,H2,1
94051,94072,long,V,mss,2.0,-1.0,0.7529527005239982,True,True,False,False,False,False,False,False,BTC,4h>15m,2025-06-11 12:30:00+00:00,0.0002,-1.0522669207803177,H2,2
94051,94072,long,V,mss,3.0,-1.0,0.7529527005239982,True,True,False,False,False,False,False,False,BTC,4h>15m,2025-06-11 12:30:00+00:00,0.0002,-1.0522669207803177,H2,2
94051,94072,long,V,mss,5.0,-1.0,0.7529527005239982,True,True,False,False,False,False,False,False,BTC,4h>15m,2025-06-11 12:30:00+00:00,0.0002,-1.0522669207803177,H2,2
94055,94072,long,V,retest,2.0,-1.0,0.43031834876409475,True,True,False,False,False,False,False,False,BTC,4h>15m,2025-06-11 13:30:00+00:00,0.0002,-1.0913044781662362,H2,2
94055,94072,long,V,retest,3.0,-1.0,0.43031834876409475,True,True,False,False,False,False,False,False,BTC,4h>15m,2025-06-11 13:30:00+00:00,0.0002,-1.0913044781662362,H2,2
94055,94072,long,V,retest,5.0,-1.0,0.43031834876409475,True,True,False,False,False,False,False,False,BTC,4h>15m,2025-06-11 13:30:00+00:00,0.0002,-1.0913044781662362,H2,2
94071,94142,short,A,mss,2.0,2.0,0.959977950082604,True,True,True,False,False,True,False,False,BTC,4h>15m,2025-06-11 17:30:00+00:00,0.0002,1.9618862458907955,H2,3
94071,94180,short,A,mss,3.0,3.0,0.959977950082604,True,True,True,False,False,True,False,False,BTC,4h>15m,2025-06-11 17:30:00+00:00,0.0002,2.9620862458907955,H2,3
94071,94194,short,A,mss,5.0,5.0,0.959977950082604,True,True,True,False,False,True,False,False,BTC,4h>15m,2025-06-11 17:30:00+00:00,0.0002,4.962486245890796,H2,3
96163,96168,short,A,mss,2.0,-1.0,1.3700343133937556,True,True,False,True,False,False,False,False,BTC,4h>15m,2025-07-03 12:30:00+00:00,0.0002,-1.032259814424694,H2,2
96163,96168,short,A,mss,3.0,-1.0,1.3700343133937556,True,True,False,True,False,False,False,False,BTC,4h>15m,2025-07-03 12:30:00+00:00,0.0002,-1.032259814424694,H2,2
96163,96168,short,A,mss,5.0,-1.0,1.3700343133937556,True,True,False,True,False,False,False,False,BTC,4h>15m,2025-07-03 12:30:00+00:00,0.0002,-1.032259814424694,H2,2
96164,96168,short,A,retest,2.0,-1.0,1.1640704353323001,True,True,True,True,False,False,False,False,BTC,4h>15m,2025-07-03 12:45:00+00:00,0.0002,-1.038003065912871,H2,2
96164,96168,short,A,retest,3.0,-1.0,1.1640704353323001,True,True,True,True,False,False,False,False,BTC,4h>15m,2025-07-03 12:45:00+00:00,0.0002,-1.038003065912871,H2,2
96164,96168,short,A,retest,5.0,-1.0,1.1640704353323001,True,True,True,True,False,False,False,False,BTC,4h>15m,2025-07-03 12:45:00+00:00,0.0002,-1.038003065912871,H2,2
94412,94498,short,A,mss,2.0,-1.0,0.6388161876191731,False,False,True,False,False,False,False,False,BTC,4h>15m,2025-06-15 06:45:00+00:00,0.0002,-1.060348220615918,H2,0
94412,94498,short,A,mss,3.0,-1.0,0.6388161876191731,False,False,True,False,False,False,False,False,BTC,4h>15m,2025-06-15 06:45:00+00:00,0.0002,-1.060348220615918,H2,0
94412,94498,short,A,mss,5.0,-1.0,0.6388161876191731,False,False,True,False,False,False,False,False,BTC,4h>15m,2025-06-15 06:45:00+00:00,0.0002,-1.060348220615918,H2,0
94417,94498,short,A,retest,2.0,-1.0,0.6179992581650805,False,False,False,False,False,False,False,False,BTC,4h>15m,2025-06-15 08:00:00+00:00,0.0002,-1.0623877506323047,H2,0
94417,94498,short,A,retest,3.0,-1.0,0.6179992581650805,False,False,False,False,False,False,False,False,BTC,4h>15m,2025-06-15 08:00:00+00:00,0.0002,-1.0623877506323047,H2,0
94417,94498,short,A,retest,5.0,-1.0,0.6179992581650805,False,False,False,False,False,False,False,False,BTC,4h>15m,2025-06-15 08:00:00+00:00,0.0002,-1.0623877506323047,H2,0
95527,95769,short,A,mss,2.0,-1.0,1.1118834813906904,False,False,False,False,False,False,False,False,BTC,4h>15m,2025-06-26 21:30:00+00:00,0.0002,-1.0408880426630616,H2,0
95527,95769,short,A,mss,3.0,-1.0,1.1118834813906904,False,False,False,False,False,False,False,False,BTC,4h>15m,2025-06-26 21:30:00+00:00,0.0002,-1.0408880426630616,H2,0
95527,95769,short,A,mss,5.0,-1.0,1.1118834813906904,False,False,False,False,False,False,False,False,BTC,4h>15m,2025-06-26 21:30:00+00:00,0.0002,-1.0408880426630616,H2,0
95529,95769,short,A,retest,2.0,-1.0,0.9386476899502952,False,False,True,False,False,False,False,False,BTC,4h>15m,2025-06-26 22:00:00+00:00,0.0002,-1.0484712068956918,H2,0
95529,95769,short,A,retest,3.0,-1.0,0.9386476899502952,False,False,True,False,False,False,False,False,BTC,4h>15m,2025-06-26 22:00:00+00:00,0.0002,-1.0484712068956918,H2,0
95529,95769,short,A,retest,5.0,-1.0,0.9386476899502952,False,False,True,False,False,False,False,False,BTC,4h>15m,2025-06-26 22:00:00+00:00,0.0002,-1.0484712068956918,H2,0
96163,96168,short,A,mss,2.0,-1.0,1.3700343133937556,True,True,False,True,False,False,False,False,BTC,4h>15m,2025-07-03 12:30:00+00:00,0.0002,-1.032259814424694,H2,2
96163,96168,short,A,mss,3.0,-1.0,1.3700343133937556,True,True,False,True,False,False,False,False,BTC,4h>15m,2025-07-03 12:30:00+00:00,0.0002,-1.032259814424694,H2,2
96163,96168,short,A,mss,5.0,-1.0,1.3700343133937556,True,True,False,True,False,False,False,False,BTC,4h>15m,2025-07-03 12:30:00+00:00,0.0002,-1.032259814424694,H2,2
96164,96168,short,A,retest,2.0,-1.0,1.1640704353323001,True,True,True,True,False,False,False,False,BTC,4h>15m,2025-07-03 12:45:00+00:00,0.0002,-1.038003065912871,H2,2
96164,96168,short,A,retest,3.0,-1.0,1.1640704353323001,True,True,True,True,False,False,False,False,BTC,4h>15m,2025-07-03 12:45:00+00:00,0.0002,-1.038003065912871,H2,2
96164,96168,short,A,retest,5.0,-1.0,1.1640704353323001,True,True,True,True,False,False,False,False,BTC,4h>15m,2025-07-03 12:45:00+00:00,0.0002,-1.038003065912871,H2,2
96634,96767,long,V,mss,2.0,2.0,1.5315789005998024,False,False,False,False,False,False,False,True,BTC,4h>15m,2025-07-08 10:15:00+00:00,0.0002,1.960421107290036,H2,0
96634,96768,long,V,mss,3.0,3.0,1.5315789005998024,False,False,False,False,False,False,False,True,BTC,4h>15m,2025-07-08 10:15:00+00:00,0.0002,2.960221107290036,H2,0
96634,96870,long,V,mss,5.0,5.0,1.5315789005998024,False,False,False,False,False,False,False,True,BTC,4h>15m,2025-07-08 10:15:00+00:00,0.0002,4.959821107290036,H2,0
96635,96767,long,V,retest,2.0,2.0,1.528772887715051,False,False,False,False,False,False,True,False,BTC,4h>15m,2025-07-08 10:30:00+00:00,0.0002,1.9603499298944431,H2,1
96635,96768,long,V,retest,3.0,3.0,1.528772887715051,False,False,False,False,False,False,True,False,BTC,4h>15m,2025-07-08 10:30:00+00:00,0.0002,2.960149929894443,H2,1
96635,96870,long,V,retest,5.0,5.0,1.528772887715051,False,False,False,False,False,False,True,False,BTC,4h>15m,2025-07-08 10:30:00+00:00,0.0002,4.959749929894443,H2,1
97023,97124,short,A,mss,2.0,-1.0,0.39810106891205405,True,False,True,True,False,True,False,False,BTC,4h>15m,2025-07-12 11:30:00+00:00,0.0002,-1.087341026258122,H2,2
97023,97124,short,A,mss,3.0,-1.0,0.39810106891205405,True,False,True,True,False,True,False,False,BTC,4h>15m,2025-07-12 11:30:00+00:00,0.0002,-1.087341026258122,H2,2
97023,97124,short,A,mss,5.0,-1.0,0.39810106891205405,True,False,True,True,False,True,False,False,BTC,4h>15m,2025-07-12 11:30:00+00:00,0.0002,-1.087341026258122,H2,2
97024,97124,short,A,retest,2.0,-1.0,0.3625998173294811,True,False,False,True,False,True,False,False,BTC,4h>15m,2025-07-12 11:45:00+00:00,0.0002,-1.0959119516928755,H2,2
97024,97124,short,A,retest,3.0,-1.0,0.3625998173294811,True,False,False,True,False,True,False,False,BTC,4h>15m,2025-07-12 11:45:00+00:00,0.0002,-1.0959119516928755,H2,2
97024,97124,short,A,retest,5.0,-1.0,0.3625998173294811,True,False,False,True,False,True,False,False,BTC,4h>15m,2025-07-12 11:45:00+00:00,0.0002,-1.0959119516928755,H2,2
98037,98088,short,A,mss,2.0,2.0,0.5612159364827078,True,False,True,False,False,False,False,False,BTC,4h>15m,2025-07-23 01:00:00+00:00,0.0002,1.947038437302122,H2,1
98037,98235,short,A,mss,3.0,3.0,0.5612159364827078,True,False,True,False,False,False,False,False,BTC,4h>15m,2025-07-23 01:00:00+00:00,0.0002,2.947238437302122,H2,1
98037,98256,short,A,mss,5.0,5.0,0.5612159364827078,True,False,True,False,False,False,False,False,BTC,4h>15m,2025-07-23 01:00:00+00:00,0.0002,4.947638437302122,H2,1
98038,98088,short,A,retest,2.0,2.0,0.5577227363072819,True,False,False,False,False,False,False,False,BTC,4h>15m,2025-07-23 01:15:00+00:00,0.0002,1.9467017110257452,H2,1
98038,98235,short,A,retest,3.0,3.0,0.5577227363072819,True,False,False,False,False,False,False,False,BTC,4h>15m,2025-07-23 01:15:00+00:00,0.0002,2.946901711025745,H2,1
98038,98256,short,A,retest,5.0,5.0,0.5577227363072819,True,False,False,False,False,False,False,False,BTC,4h>15m,2025-07-23 01:15:00+00:00,0.0002,4.947301711025745,H2,1
97775,97833,long,V,mss,2.0,-1.0,0.8509838515903875,True,False,False,False,False,True,False,True,BTC,4h>15m,2025-07-20 07:30:00+00:00,0.0002,-1.0496188798238197,H2,2
97775,97833,long,V,mss,3.0,-1.0,0.8509838515903875,True,False,False,False,False,True,False,True,BTC,4h>15m,2025-07-20 07:30:00+00:00,0.0002,-1.0496188798238197,H2,2
97775,97833,long,V,mss,5.0,-1.0,0.8509838515903875,True,False,False,False,False,True,False,True,BTC,4h>15m,2025-07-20 07:30:00+00:00,0.0002,-1.0496188798238197,H2,2
97776,97833,long,V,retest,2.0,-1.0,0.7843691002846025,True,False,False,False,False,True,True,False,BTC,4h>15m,2025-07-20 07:45:00+00:00,0.0002,-1.0538159171472938,H2,3
97776,97833,long,V,retest,3.0,-1.0,0.7843691002846025,True,False,False,False,False,True,True,False,BTC,4h>15m,2025-07-20 07:45:00+00:00,0.0002,-1.0538159171472938,H2,3
97776,97833,long,V,retest,5.0,-1.0,0.7843691002846025,True,False,False,False,False,True,True,False,BTC,4h>15m,2025-07-20 07:45:00+00:00,0.0002,-1.0538159171472938,H2,3
100782,100884,long,V,mss,2.0,-1.0,1.7696234989349737,True,True,False,False,False,False,False,False,BTC,4h>15m,2025-08-20 15:15:00+00:00,0.0002,-1.023062268939615,H2,2
100782,100884,long,V,mss,3.0,-1.0,1.7696234989349737,True,True,False,False,False,False,False,False,BTC,4h>15m,2025-08-20 15:15:00+00:00,0.0002,-1.023062268939615,H2,2
100782,100884,long,V,mss,5.0,-1.0,1.7696234989349737,True,True,False,False,False,False,False,False,BTC,4h>15m,2025-08-20 15:15:00+00:00,0.0002,-1.023062268939615,H2,2
100783,100884,long,V,retest,2.0,-1.0,1.4490785878926968,True,True,False,False,False,False,False,False,BTC,4h>15m,2025-08-20 15:30:00+00:00,0.0002,-1.028119540522194,H2,2
100783,100884,long,V,retest,3.0,-1.0,1.4490785878926968,True,True,False,False,False,False,False,False,BTC,4h>15m,2025-08-20 15:30:00+00:00,0.0002,-1.028119540522194,H2,2
100783,100884,long,V,retest,5.0,-1.0,1.4490785878926968,True,True,False,False,False,False,False,False,BTC,4h>15m,2025-08-20 15:30:00+00:00,0.0002,-1.028119540522194,H2,2
101873,101904,short,A,mss,2.0,-1.0,1.7862201251878038,False,False,False,False,False,False,False,True,BTC,4h>15m,2025-09-01 00:00:00+00:00,0.0002,-1.033746614696711,H2,0
101873,101904,short,A,mss,3.0,-1.0,1.7862201251878038,False,False,False,False,False,False,False,True,BTC,4h>15m,2025-09-01 00:00:00+00:00,0.0002,-1.033746614696711,H2,0
101873,101904,short,A,mss,5.0,-1.0,1.7862201251878038,False,False,False,False,False,False,False,True,BTC,4h>15m,2025-09-01 00:00:00+00:00,0.0002,-1.033746614696711,H2,0
101875,101904,short,A,retest,2.0,-1.0,1.4801066157670184,False,False,False,False,False,False,False,False,BTC,4h>15m,2025-09-01 00:30:00+00:00,0.0002,-1.0407674044473063,H2,0
101875,101904,short,A,retest,3.0,-1.0,1.4801066157670184,False,False,False,False,False,False,False,False,BTC,4h>15m,2025-09-01 00:30:00+00:00,0.0002,-1.0407674044473063,H2,0
101875,101904,short,A,retest,5.0,-1.0,1.4801066157670184,False,False,False,False,False,False,False,False,BTC,4h>15m,2025-09-01 00:30:00+00:00,0.0002,-1.0407674044473063,H2,0
101975,102359,long,V,mss,2.0,0.6737587925794777,2.0275408083572333,False,False,False,False,False,False,False,True,BTC,4h>15m,2025-09-02 01:30:00+00:00,0.0002,0.6523285714925834,H2,0
101975,102359,long,V,mss,3.0,0.6737587925794777,2.0275408083572333,False,False,False,False,False,False,False,True,BTC,4h>15m,2025-09-02 01:30:00+00:00,0.0002,0.6523285714925834,H2,0
101975,102359,long,V,mss,5.0,0.6737587925794777,2.0275408083572333,False,False,False,False,False,False,False,True,BTC,4h>15m,2025-09-02 01:30:00+00:00,0.0002,0.6523285714925834,H2,0
101976,102307,long,V,retest,2.0,2.0,1.8744370210797,False,False,False,False,False,False,False,False,BTC,4h>15m,2025-09-02 01:45:00+00:00,0.0002,1.976597791285268,H2,0
101976,102359,long,V,retest,3.0,0.8104712066276067,1.8744370210797,False,False,False,False,False,False,False,False,BTC,4h>15m,2025-09-02 01:45:00+00:00,0.0002,0.7873069036715491,H2,0
101976,102359,long,V,retest,5.0,0.8104712066276067,1.8744370210797,False,False,False,False,False,False,False,False,BTC,4h>15m,2025-09-02 01:45:00+00:00,0.0002,0.7873069036715491,H2,0
103380,103764,long,V,mss,2.0,-0.029451675431081653,1.6488912425104303,True,True,False,False,False,False,False,False,BTC,4h>15m,2025-09-16 16:45:00+00:00,0.0002,-0.06352752817710917,H2,2
103380,103764,long,V,mss,3.0,-0.029451675431081653,1.6488912425104303,True,True,False,False,False,False,False,False,BTC,4h>15m,2025-09-16 16:45:00+00:00,0.0002,-0.06352752817710917,H2,2
103380,103764,long,V,mss,5.0,-0.029451675431081653,1.6488912425104303,True,True,False,False,False,False,False,False,BTC,4h>15m,2025-09-16 16:45:00+00:00,0.0002,-0.06352752817710917,H2,2
103482,103483,long,V,mss,2.0,-1.0,1.1696723936581521,True,False,False,False,False,False,False,False,BTC,4h>15m,2025-09-17 18:15:00+00:00,0.0002,-1.0447003753903457,H2,1
103482,103483,long,V,mss,3.0,-1.0,1.1696723936581521,True,False,False,False,False,False,False,False,BTC,4h>15m,2025-09-17 18:15:00+00:00,0.0002,-1.0447003753903457,H2,1
103482,103483,long,V,mss,5.0,-1.0,1.1696723936581521,True,False,False,False,False,False,False,False,BTC,4h>15m,2025-09-17 18:15:00+00:00,0.0002,-1.0447003753903457,H2,1
103483,103483,long,V,retest,2.0,-1.0,1.0841201341869446,True,False,False,False,False,False,False,False,BTC,4h>15m,2025-09-17 18:30:00+00:00,0.0002,-1.0482120781453326,H2,1
103483,103483,long,V,retest,3.0,-1.0,1.0841201341869446,True,False,False,False,False,False,False,False,BTC,4h>15m,2025-09-17 18:30:00+00:00,0.0002,-1.0482120781453326,H2,1
103483,103483,long,V,retest,5.0,-1.0,1.0841201341869446,True,False,False,False,False,False,False,False,BTC,4h>15m,2025-09-17 18:30:00+00:00,0.0002,-1.0482120781453326,H2,1
106064,106231,long,V,mss,2.0,-1.0,1.8618179353235522,True,True,True,True,False,False,False,False,BTC,4h>15m,2025-10-14 15:45:00+00:00,0.0002,-1.014368991136693,H2,2
106064,106231,long,V,mss,3.0,-1.0,1.8618179353235522,True,True,True,True,False,False,False,False,BTC,4h>15m,2025-10-14 15:45:00+00:00,0.0002,-1.014368991136693,H2,2
106064,106231,long,V,mss,5.0,-1.0,1.8618179353235522,True,True,True,True,False,False,False,False,BTC,4h>15m,2025-10-14 15:45:00+00:00,0.0002,-1.014368991136693,H2,2
106069,106231,long,V,retest,2.0,-1.0,1.405076572464119,True,True,False,True,False,False,False,False,BTC,4h>15m,2025-10-14 17:00:00+00:00,0.0002,-1.0189748357212107,H2,2
106069,106231,long,V,retest,3.0,-1.0,1.405076572464119,True,True,False,True,False,False,False,False,BTC,4h>15m,2025-10-14 17:00:00+00:00,0.0002,-1.0189748357212107,H2,2
106069,106231,long,V,retest,5.0,-1.0,1.405076572464119,True,True,False,True,False,False,False,False,BTC,4h>15m,2025-10-14 17:00:00+00:00,0.0002,-1.0189748357212107,H2,2
107917,107927,long,V,mss,2.0,-1.0,1.2191141503584835,True,False,False,False,False,False,False,False,BTC,4h>15m,2025-11-02 23:00:00+00:00,0.0002,-1.0434352471745165,H2,1
107917,107927,long,V,mss,3.0,-1.0,1.2191141503584835,True,False,False,False,False,False,False,False,BTC,4h>15m,2025-11-02 23:00:00+00:00,0.0002,-1.0434352471745165,H2,1
107917,107927,long,V,mss,5.0,-1.0,1.2191141503584835,True,False,False,False,False,False,False,False,BTC,4h>15m,2025-11-02 23:00:00+00:00,0.0002,-1.0434352471745165,H2,1
107924,107927,long,V,retest,2.0,-1.0,0.8130656200526205,True,False,True,False,False,False,False,False,BTC,4h>15m,2025-11-03 00:45:00+00:00,0.0002,-1.065027118900057,H2,1
107924,107927,long,V,retest,3.0,-1.0,0.8130656200526205,True,False,True,False,False,False,False,False,BTC,4h>15m,2025-11-03 00:45:00+00:00,0.0002,-1.065027118900057,H2,1
107924,107927,long,V,retest,5.0,-1.0,0.8130656200526205,True,False,True,False,False,False,False,False,BTC,4h>15m,2025-11-03 00:45:00+00:00,0.0002,-1.065027118900057,H2,1
108712,108948,short,A,mss,2.0,2.0,1.7859782713619066,False,False,False,False,False,False,False,True,BTC,4h>15m,2025-11-11 05:45:00+00:00,0.0002,1.9819861105054513,H2,0
108712,108955,short,A,mss,3.0,3.0,1.7859782713619066,False,False,False,False,False,False,False,True,BTC,4h>15m,2025-11-11 05:45:00+00:00,0.0002,2.982186110505451,H2,0
108712,109096,short,A,mss,5.0,3.895882589516236,1.7859782713619066,False,False,False,False,False,False,False,True,BTC,4h>15m,2025-11-11 05:45:00+00:00,0.0002,3.8782478765395907,H2,0
108713,108946,short,A,retest,2.0,2.0,1.7620355909534515,False,False,False,False,False,False,False,False,BTC,4h>15m,2025-11-11 06:00:00+00:00,0.0002,1.9817304658716421,H2,0
108713,108955,short,A,retest,3.0,3.0,1.7620355909534515,False,False,False,False,False,False,False,False,BTC,4h>15m,2025-11-11 06:00:00+00:00,0.0002,2.981930465871642,H2,0
108713,109096,short,A,retest,5.0,3.962408233356766,1.7620355909534515,False,False,False,False,False,False,False,False,BTC,4h>15m,2025-11-11 06:00:00+00:00,0.0002,3.9445311808750794,H2,0
110103,110235,long,V,mss,2.0,2.0,1.4197085521491912,True,True,True,False,False,False,False,False,BTC,4h>15m,2025-11-25 17:30:00+00:00,0.0002,1.9808290952575212,H2,2
110103,110487,long,V,mss,3.0,1.4032855922035485,1.4197085521491912,True,True,True,False,False,False,False,False,BTC,4h>15m,2025-11-25 17:30:00+00:00,0.0002,1.3842340303426288,H2,2
110103,110487,long,V,mss,5.0,1.4032855922035485,1.4197085521491912,True,True,True,False,False,False,False,False,BTC,4h>15m,2025-11-25 17:30:00+00:00,0.0002,1.3842340303426288,H2,2
110104,110234,long,V,retest,2.0,2.0,1.3053761468386298,True,True,False,False,False,False,False,False,BTC,4h>15m,2025-11-25 17:45:00+00:00,0.0002,1.97922006499293,H2,2
110104,110378,long,V,retest,3.0,3.0,1.3053761468386298,True,True,False,False,False,False,False,False,BTC,4h>15m,2025-11-25 17:45:00+00:00,0.0002,2.97902006499293,H2,2
110104,110487,long,V,retest,5.0,1.6137792672031241,1.3053761468386298,True,True,False,False,False,False,False,False,BTC,4h>15m,2025-11-25 17:45:00+00:00,0.0002,1.5930765763426133,H2,2
111340,111440,short,A,mss,2.0,-1.0,1.3247424391668698,True,True,False,True,False,False,False,True,BTC,4h>15m,2025-12-08 14:45:00+00:00,0.0002,-1.0249093235146378,H2,2
111340,111440,short,A,mss,3.0,-1.0,1.3247424391668698,True,True,False,True,False,False,False,True,BTC,4h>15m,2025-12-08 14:45:00+00:00,0.0002,-1.0249093235146378,H2,2
111340,111440,short,A,mss,5.0,-1.0,1.3247424391668698,True,True,False,True,False,False,False,True,BTC,4h>15m,2025-12-08 14:45:00+00:00,0.0002,-1.0249093235146378,H2,2
111366,111440,short,A,retest,2.0,-1.0,1.1582242858971878,True,False,False,True,False,False,False,True,BTC,4h>15m,2025-12-08 21:15:00+00:00,0.0002,-1.0285192963259657,H2,1
111366,111440,short,A,retest,3.0,-1.0,1.1582242858971878,True,False,False,True,False,False,False,True,BTC,4h>15m,2025-12-08 21:15:00+00:00,0.0002,-1.0285192963259657,H2,1
111366,111440,short,A,retest,5.0,-1.0,1.1582242858971878,True,False,False,True,False,False,False,True,BTC,4h>15m,2025-12-08 21:15:00+00:00,0.0002,-1.0285192963259657,H2,1
111215,111242,short,A,mss,2.0,2.0,0.5886942211953372,False,False,False,False,False,False,False,False,BTC,4h>15m,2025-12-07 07:30:00+00:00,0.0002,1.9362481098634012,H2,0
111215,111252,short,A,mss,3.0,-1.0,0.5886942211953372,False,False,False,False,False,False,False,False,BTC,4h>15m,2025-12-07 07:30:00+00:00,0.0002,-1.0643518901365987,H2,0
111215,111252,short,A,mss,5.0,-1.0,0.5886942211953372,False,False,False,False,False,False,False,False,BTC,4h>15m,2025-12-07 07:30:00+00:00,0.0002,-1.0643518901365987,H2,0
111216,111242,short,A,retest,2.0,2.0,0.5422993723503343,False,False,False,False,False,False,False,False,BTC,4h>15m,2025-12-07 07:45:00+00:00,0.0002,1.9307255602565911,H2,0
111216,111243,short,A,retest,3.0,3.0,0.5422993723503343,False,False,False,False,False,False,False,False,BTC,4h>15m,2025-12-07 07:45:00+00:00,0.0002,2.930925560256591,H2,0
111216,111252,short,A,retest,5.0,-1.0,0.5422993723503343,False,False,False,False,False,False,False,False,BTC,4h>15m,2025-12-07 07:45:00+00:00,0.0002,-1.069874439743409,H2,0
111571,111955,short,A,mss,2.0,0.9303459837498532,2.4145646968278394,True,False,False,False,False,False,True,True,BTC,4h>15m,2025-12-11 00:30:00+00:00,0.0002,0.9192652241411553,H2,2
111571,111955,short,A,mss,3.0,0.9303459837498532,2.4145646968278394,True,False,False,False,False,False,True,True,BTC,4h>15m,2025-12-11 00:30:00+00:00,0.0002,0.9192652241411553,H2,2
111571,111955,short,A,mss,5.0,0.9303459837498532,2.4145646968278394,True,False,False,False,False,False,True,True,BTC,4h>15m,2025-12-11 00:30:00+00:00,0.0002,0.9192652241411553,H2,2
112210,112594,short,A,mss,2.0,-0.456682546696621,2.772958956280208,True,True,False,False,False,False,False,False,BTC,4h>15m,2025-12-17 16:15:00+00:00,0.0002,-0.46521319587227117,H2,2
112210,112594,short,A,mss,3.0,-0.456682546696621,2.772958956280208,True,True,False,False,False,False,False,False,BTC,4h>15m,2025-12-17 16:15:00+00:00,0.0002,-0.46521319587227117,H2,2
112210,112594,short,A,mss,5.0,-0.456682546696621,2.772958956280208,True,True,False,False,False,False,False,False,BTC,4h>15m,2025-12-17 16:15:00+00:00,0.0002,-0.46521319587227117,H2,2
112212,112595,short,A,retest,2.0,-0.37773384597579274,2.4599049580078027,True,True,False,False,False,False,False,False,BTC,4h>15m,2025-12-17 16:45:00+00:00,0.0002,-0.3873736196740065,H2,2
112212,112595,short,A,retest,3.0,-0.37773384597579274,2.4599049580078027,True,True,False,False,False,False,False,False,BTC,4h>15m,2025-12-17 16:45:00+00:00,0.0002,-0.3873736196740065,H2,2
112212,112595,short,A,retest,5.0,-0.37773384597579274,2.4599049580078027,True,True,False,False,False,False,False,False,BTC,4h>15m,2025-12-17 16:45:00+00:00,0.0002,-0.3873736196740065,H2,2
113017,113069,long,V,mss,2.0,-1.0,1.6784926404530875,False,False,False,False,False,False,False,False,BTC,4h>15m,2025-12-26 02:00:00+00:00,0.0002,-1.0262348551767833,H2,0
113017,113069,long,V,mss,3.0,-1.0,1.6784926404530875,False,False,False,False,False,False,False,False,BTC,4h>15m,2025-12-26 02:00:00+00:00,0.0002,-1.0262348551767833,H2,0
113017,113069,long,V,mss,5.0,-1.0,1.6784926404530875,False,False,False,False,False,False,False,False,BTC,4h>15m,2025-12-26 02:00:00+00:00,0.0002,-1.0262348551767833,H2,0
113068,113069,long,V,retest,2.0,-1.0,1.410997545619853,False,True,False,False,False,False,False,True,BTC,4h>15m,2025-12-26 14:45:00+00:00,0.0002,-1.0311705094421661,H2,1
113068,113069,long,V,retest,3.0,-1.0,1.410997545619853,False,True,False,False,False,False,False,True,BTC,4h>15m,2025-12-26 14:45:00+00:00,0.0002,-1.0311705094421661,H2,1
113068,113069,long,V,retest,5.0,-1.0,1.410997545619853,False,True,False,False,False,False,False,True,BTC,4h>15m,2025-12-26 14:45:00+00:00,0.0002,-1.0311705094421661,H2,1
113741,113746,short,A,mss,2.0,-1.0,1.579463006540673,True,True,False,False,False,False,False,False,BTC,4h>15m,2026-01-02 15:00:00+00:00,0.0002,-1.035864969885109,H2,2
113741,113746,short,A,mss,3.0,-1.0,1.579463006540673,True,True,False,False,False,False,False,False,BTC,4h>15m,2026-01-02 15:00:00+00:00,0.0002,-1.035864969885109,H2,2
113741,113746,short,A,mss,5.0,-1.0,1.579463006540673,True,True,False,False,False,False,False,False,BTC,4h>15m,2026-01-02 15:00:00+00:00,0.0002,-1.035864969885109,H2,2
113742,113746,short,A,retest,2.0,-1.0,1.2796279333163338,True,True,False,False,False,False,False,False,BTC,4h>15m,2026-01-02 15:15:00+00:00,0.0002,-1.044315506642548,H2,2
113742,113746,short,A,retest,3.0,-1.0,1.2796279333163338,True,True,False,False,False,False,False,False,BTC,4h>15m,2026-01-02 15:15:00+00:00,0.0002,-1.044315506642548,H2,2
113742,113746,short,A,retest,5.0,-1.0,1.2796279333163338,True,True,False,False,False,False,False,False,BTC,4h>15m,2026-01-02 15:15:00+00:00,0.0002,-1.044315506642548,H2,2
115561,115571,long,V,mss,2.0,-1.0,1.3474931733298212,True,True,False,False,False,False,False,False,BTC,4h>15m,2026-01-21 14:00:00+00:00,0.0002,-1.0250940049972725,H2,2
115561,115571,long,V,mss,3.0,-1.0,1.3474931733298212,True,True,False,False,False,False,False,False,BTC,4h>15m,2026-01-21 14:00:00+00:00,0.0002,-1.0250940049972725,H2,2
115561,115571,long,V,mss,5.0,-1.0,1.3474931733298212,True,True,False,False,False,False,False,False,BTC,4h>15m,2026-01-21 14:00:00+00:00,0.0002,-1.0250940049972725,H2,2
115562,115571,long,V,retest,2.0,-1.0,1.2663164381597847,True,True,True,False,False,False,False,False,BTC,4h>15m,2026-01-21 14:15:00+00:00,0.0002,-1.0266898257495656,H2,2
115562,115571,long,V,retest,3.0,-1.0,1.2663164381597847,True,True,True,False,False,False,False,False,BTC,4h>15m,2026-01-21 14:15:00+00:00,0.0002,-1.0266898257495656,H2,2
115562,115571,long,V,retest,5.0,-1.0,1.2663164381597847,True,True,True,False,False,False,False,False,BTC,4h>15m,2026-01-21 14:15:00+00:00,0.0002,-1.0266898257495656,H2,2
116151,116162,short,A,mss,2.0,-1.0,1.430537600772525,False,True,True,False,False,True,False,False,BTC,4h>15m,2026-01-27 17:30:00+00:00,0.0002,-1.0234564115216243,H2,2
116151,116162,short,A,mss,3.0,-1.0,1.430537600772525,False,True,True,False,False,True,False,False,BTC,4h>15m,2026-01-27 17:30:00+00:00,0.0002,-1.0234564115216243,H2,2
116151,116162,short,A,mss,5.0,-1.0,1.430537600772525,False,True,True,False,False,True,False,False,BTC,4h>15m,2026-01-27 17:30:00+00:00,0.0002,-1.0234564115216243,H2,2
116153,116162,short,A,retest,2.0,-1.0,1.224419336082943,False,False,False,False,False,True,False,False,BTC,4h>15m,2026-01-27 18:00:00+00:00,0.0002,-1.0274387224407076,H2,1
116153,116162,short,A,retest,3.0,-1.0,1.224419336082943,False,False,False,False,False,True,False,False,BTC,4h>15m,2026-01-27 18:00:00+00:00,0.0002,-1.0274387224407076,H2,1
116153,116162,short,A,retest,5.0,-1.0,1.224419336082943,False,False,False,False,False,True,False,False,BTC,4h>15m,2026-01-27 18:00:00+00:00,0.0002,-1.0274387224407076,H2,1
117486,117538,long,V,mss,2.0,-1.0,1.0392317699086944,True,True,False,False,False,False,False,False,BTC,4h>15m,2026-02-10 15:15:00+00:00,0.0002,-1.0185865328322175,H2,2
117486,117538,long,V,mss,3.0,-1.0,1.0392317699086944,True,True,False,False,False,False,False,False,BTC,4h>15m,2026-02-10 15:15:00+00:00,0.0002,-1.0185865328322175,H2,2
117486,117538,long,V,mss,5.0,-1.0,1.0392317699086944,True,True,False,False,False,False,False,False,BTC,4h>15m,2026-02-10 15:15:00+00:00,0.0002,-1.0185865328322175,H2,2
117499,117538,long,V,retest,2.0,-1.0,0.7791824240510474,True,False,False,False,False,False,True,False,BTC,4h>15m,2026-02-10 18:30:00+00:00,0.0002,-1.024722972371946,H2,2
117499,117538,long,V,retest,3.0,-1.0,0.7791824240510474,True,False,False,False,False,False,True,False,BTC,4h>15m,2026-02-10 18:30:00+00:00,0.0002,-1.024722972371946,H2,2
117499,117538,long,V,retest,5.0,-1.0,0.7791824240510474,True,False,False,False,False,False,True,False,BTC,4h>15m,2026-02-10 18:30:00+00:00,0.0002,-1.024722972371946,H2,2
117958,118342,short,A,mss,2.0,1.47299069650561,2.0239842434145308,True,True,False,True,False,False,False,True,BTC,4h>15m,2026-02-15 13:15:00+00:00,0.0002,1.4591458186084667,H2,2
117958,118342,short,A,mss,3.0,1.47299069650561,2.0239842434145308,True,True,False,True,False,False,False,True,BTC,4h>15m,2026-02-15 13:15:00+00:00,0.0002,1.4591458186084667,H2,2
117958,118342,short,A,mss,5.0,1.47299069650561,2.0239842434145308,True,True,False,True,False,False,False,True,BTC,4h>15m,2026-02-15 13:15:00+00:00,0.0002,1.4591458186084667,H2,2
117965,118347,short,A,retest,2.0,2.0,1.8223203740376064,True,True,False,True,False,False,False,False,BTC,4h>15m,2026-02-15 15:00:00+00:00,0.0002,1.9846515384975554,H2,2
117965,118348,short,A,retest,3.0,1.6090940481566802,1.8223203740376064,True,True,False,True,False,False,False,False,BTC,4h>15m,2026-02-15 15:00:00+00:00,0.0002,1.5936674054638669,H2,2
117965,118348,short,A,retest,5.0,1.6090940481566802,1.8223203740376064,True,True,False,True,False,False,False,False,BTC,4h>15m,2026-02-15 15:00:00+00:00,0.0002,1.5936674054638669,H2,2
118386,118677,long,V,mss,2.0,-1.0,1.807037303002597,True,False,False,False,False,False,False,True,BTC,4h>15m,2026-02-20 00:15:00+00:00,0.0002,-1.0149943406489652,H2,1
118386,118677,long,V,mss,3.0,-1.0,1.807037303002597,True,False,False,False,False,False,False,True,BTC,4h>15m,2026-02-20 00:15:00+00:00,0.0002,-1.0149943406489652,H2,1
118386,118677,long,V,mss,5.0,-1.0,1.807037303002597,True,False,False,False,False,False,False,True,BTC,4h>15m,2026-02-20 00:15:00+00:00,0.0002,-1.0149943406489652,H2,1
118390,118677,long,V,retest,2.0,-1.0,1.606211807366894,True,False,False,False,False,False,False,False,BTC,4h>15m,2026-02-20 01:15:00+00:00,0.0002,-1.0168440847361429,H2,1
118390,118677,long,V,retest,3.0,-1.0,1.606211807366894,True,False,False,False,False,False,False,False,BTC,4h>15m,2026-02-20 01:15:00+00:00,0.0002,-1.0168440847361429,H2,1
118390,118677,long,V,retest,5.0,-1.0,1.606211807366894,True,False,False,False,False,False,False,False,BTC,4h>15m,2026-02-20 01:15:00+00:00,0.0002,-1.0168440847361429,H2,1
119228,119575,long,V,mss,2.0,2.0,2.4525414080012884,True,False,True,True,False,False,False,True,BTC,4h>15m,2026-02-28 18:45:00+00:00,0.0002,1.9905528772814918,H2,1
119228,119612,long,V,mss,3.0,2.6702953890267427,2.4525414080012884,True,False,True,True,False,False,False,True,BTC,4h>15m,2026-02-28 18:45:00+00:00,0.0002,2.660714207230429,H2,1
119228,119612,long,V,mss,5.0,2.6702953890267427,2.4525414080012884,True,False,True,True,False,False,False,True,BTC,4h>15m,2026-02-28 18:45:00+00:00,0.0002,2.660714207230429,H2,1
119229,119573,long,V,retest,2.0,2.0,2.2992111244497293,True,False,True,True,False,False,False,False,BTC,4h>15m,2026-02-28 19:00:00+00:00,0.0002,1.989976216110956,H2,1
119229,119612,long,V,retest,3.0,2.9150608334580963,2.2992111244497293,True,False,True,True,False,False,False,False,BTC,4h>15m,2026-02-28 19:00:00+00:00,0.0002,2.9048540374023606,H2,1
119229,119612,long,V,retest,5.0,2.9150608334580963,2.2992111244497293,True,False,True,True,False,False,False,False,BTC,4h>15m,2026-02-28 19:00:00+00:00,0.0002,2.9048540374023606,H2,1
119253,119257,short,A,mss,2.0,-1.0,1.1789610402805586,True,False,True,False,False,True,True,True,BTC,4h>15m,2026-03-01 01:00:00+00:00,0.0002,-1.0179769443192437,H2,3
119253,119257,short,A,mss,3.0,-1.0,1.1789610402805586,True,False,True,False,False,True,True,True,BTC,4h>15m,2026-03-01 01:00:00+00:00,0.0002,-1.0179769443192437,H2,3
119253,119257,short,A,mss,5.0,-1.0,1.1789610402805586,True,False,True,False,False,True,True,True,BTC,4h>15m,2026-03-01 01:00:00+00:00,0.0002,-1.0179769443192437,H2,3
119254,119257,short,A,retest,2.0,-1.0,1.1273579404820127,True,False,False,False,False,True,True,False,BTC,4h>15m,2026-03-01 01:15:00+00:00,0.0002,-1.0188089663754663,H2,3
119254,119257,short,A,retest,3.0,-1.0,1.1273579404820127,True,False,False,False,False,True,True,False,BTC,4h>15m,2026-03-01 01:15:00+00:00,0.0002,-1.0188089663754663,H2,3
119254,119257,short,A,retest,5.0,-1.0,1.1273579404820127,True,False,False,False,False,True,True,False,BTC,4h>15m,2026-03-01 01:15:00+00:00,0.0002,-1.0188089663754663,H2,3
120463,120703,short,A,mss,2.0,-1.0,1.8836519745340652,True,True,False,False,False,False,False,False,BTC,4h>15m,2026-03-13 15:30:00+00:00,0.0002,-1.0147339633660952,H2,2
120463,120703,short,A,mss,3.0,-1.0,1.8836519745340652,True,True,False,False,False,False,False,False,BTC,4h>15m,2026-03-13 15:30:00+00:00,0.0002,-1.0147339633660952,H2,2
120463,120703,short,A,mss,5.0,-1.0,1.8836519745340652,True,True,False,False,False,False,False,False,BTC,4h>15m,2026-03-13 15:30:00+00:00,0.0002,-1.0147339633660952,H2,2
120464,120703,short,A,retest,2.0,-1.0,1.6690116395159462,True,True,True,False,False,False,False,False,BTC,4h>15m,2026-03-13 15:45:00+00:00,0.0002,-1.0166545197146277,H2,2
120464,120703,short,A,retest,3.0,-1.0,1.6690116395159462,True,True,True,False,False,False,False,False,BTC,4h>15m,2026-03-13 15:45:00+00:00,0.0002,-1.0166545197146277,H2,2
120464,120703,short,A,retest,5.0,-1.0,1.6690116395159462,True,True,True,False,False,False,False,False,BTC,4h>15m,2026-03-13 15:45:00+00:00,0.0002,-1.0166545197146277,H2,2
121152,121264,long,V,mss,2.0,-1.0,0.685957265458624,True,False,False,False,False,False,False,True,BTC,4h>15m,2026-03-20 19:45:00+00:00,0.0002,-1.0340922715430945,H2,1
121152,121264,long,V,mss,3.0,-1.0,0.685957265458624,True,False,False,False,False,False,False,True,BTC,4h>15m,2026-03-20 19:45:00+00:00,0.0002,-1.0340922715430945,H2,1
121152,121264,long,V,mss,5.0,-1.0,0.685957265458624,True,False,False,False,False,False,False,True,BTC,4h>15m,2026-03-20 19:45:00+00:00,0.0002,-1.0340922715430945,H2,1
121153,121264,long,V,retest,2.0,-1.0,0.6207122104333226,True,False,False,False,False,False,False,False,BTC,4h>15m,2026-03-20 20:00:00+00:00,0.0002,-1.0376547971138705,H2,1
121153,121264,long,V,retest,3.0,-1.0,0.6207122104333226,True,False,False,False,False,False,False,False,BTC,4h>15m,2026-03-20 20:00:00+00:00,0.0002,-1.0376547971138705,H2,1
121153,121264,long,V,retest,5.0,-1.0,0.6207122104333226,True,False,False,False,False,False,False,False,BTC,4h>15m,2026-03-20 20:00:00+00:00,0.0002,-1.0376547971138705,H2,1
123697,123745,short,A,mss,2.0,-1.0,0.9790351097226412,True,False,False,False,False,False,False,True,BTC,4h>15m,2026-04-16 08:00:00+00:00,0.0002,-1.032600091676392,H2,1
123697,123745,short,A,mss,3.0,-1.0,0.9790351097226412,True,False,False,False,False,False,False,True,BTC,4h>15m,2026-04-16 08:00:00+00:00,0.0002,-1.032600091676392,H2,1
123697,123745,short,A,mss,5.0,-1.0,0.9790351097226412,True,False,False,False,False,False,False,True,BTC,4h>15m,2026-04-16 08:00:00+00:00,0.0002,-1.032600091676392,H2,1
123698,123745,short,A,retest,2.0,-1.0,0.9582733222356637,True,False,True,False,False,False,False,False,BTC,4h>15m,2026-04-16 08:15:00+00:00,0.0002,-1.0333107329069648,H2,1
123698,123745,short,A,retest,3.0,-1.0,0.9582733222356637,True,False,True,False,False,False,False,False,BTC,4h>15m,2026-04-16 08:15:00+00:00,0.0002,-1.0333107329069648,H2,1
123698,123745,short,A,retest,5.0,-1.0,0.9582733222356637,True,False,True,False,False,False,False,False,BTC,4h>15m,2026-04-16 08:15:00+00:00,0.0002,-1.0333107329069648,H2,1
123795,123814,long,V,mss,2.0,2.0,0.913458364662489,False,False,True,False,False,False,False,True,BTC,4h>15m,2026-04-17 08:30:00+00:00,0.0002,1.9630056137619123,H2,0
123795,123819,long,V,mss,3.0,3.0,0.913458364662489,False,False,True,False,False,False,False,True,BTC,4h>15m,2026-04-17 08:30:00+00:00,0.0002,2.9628056137619123,H2,0
123795,124035,long,V,mss,5.0,-1.0,0.913458364662489,False,False,True,False,False,False,False,True,BTC,4h>15m,2026-04-17 08:30:00+00:00,0.0002,-1.0363943862380878,H2,0
123803,123813,long,V,retest,2.0,2.0,0.7342511946009052,False,False,False,False,False,False,False,False,BTC,4h>15m,2026-04-17 10:30:00+00:00,0.0002,1.9541717247910277,H2,0
123803,123816,long,V,retest,3.0,3.0,0.7342511946009052,False,False,False,False,False,False,False,False,BTC,4h>15m,2026-04-17 10:30:00+00:00,0.0002,2.9539717247910278,H2,0
123803,124035,long,V,retest,5.0,-1.0,0.7342511946009052,False,False,False,False,False,False,False,False,BTC,4h>15m,2026-04-17 10:30:00+00:00,0.0002,-1.045228275208972,H2,0
125301,125379,short,A,mss,2.0,-1.0,1.4505705637891277,True,False,True,False,False,False,False,True,BTC,4h>15m,2026-05-03 01:00:00+00:00,0.0002,-1.0369283868810504,H2,1
125301,125379,short,A,mss,3.0,-1.0,1.4505705637891277,True,False,True,False,False,False,False,True,BTC,4h>15m,2026-05-03 01:00:00+00:00,0.0002,-1.0369283868810504,H2,1
125301,125379,short,A,mss,5.0,-1.0,1.4505705637891277,True,False,True,False,False,False,False,True,BTC,4h>15m,2026-05-03 01:00:00+00:00,0.0002,-1.0369283868810504,H2,1
125325,125379,short,A,retest,2.0,-1.0,1.3531928868621332,True,False,True,False,False,False,False,True,BTC,4h>15m,2026-05-03 07:00:00+00:00,0.0002,-1.0396001981931149,H2,1
125325,125379,short,A,retest,3.0,-1.0,1.3531928868621332,True,False,True,False,False,False,False,True,BTC,4h>15m,2026-05-03 07:00:00+00:00,0.0002,-1.0396001981931149,H2,1
125325,125379,short,A,retest,5.0,-1.0,1.3531928868621332,True,False,True,False,False,False,False,True,BTC,4h>15m,2026-05-03 07:00:00+00:00,0.0002,-1.0396001981931149,H2,1
126051,126058,short,A,mss,2.0,-1.0,1.800270966974207,True,False,True,False,False,False,False,True,BTC,4h>15m,2026-05-10 20:30:00+00:00,0.0002,-1.0406182928863068,H2,1
126051,126058,short,A,mss,3.0,-1.0,1.800270966974207,True,False,True,False,False,False,False,True,BTC,4h>15m,2026-05-10 20:30:00+00:00,0.0002,-1.0406182928863068,H2,1
126051,126058,short,A,mss,5.0,-1.0,1.800270966974207,True,False,True,False,False,False,False,True,BTC,4h>15m,2026-05-10 20:30:00+00:00,0.0002,-1.0406182928863068,H2,1
126053,126058,short,A,retest,2.0,-1.0,1.7637539459063212,True,False,False,False,False,False,False,False,BTC,4h>15m,2026-05-10 21:00:00+00:00,0.0002,-1.0414634008248285,H2,1
126053,126058,short,A,retest,3.0,-1.0,1.7637539459063212,True,False,False,False,False,False,False,False,BTC,4h>15m,2026-05-10 21:00:00+00:00,0.0002,-1.0414634008248285,H2,1
126053,126058,short,A,retest,5.0,-1.0,1.7637539459063212,True,False,False,False,False,False,False,False,BTC,4h>15m,2026-05-10 21:00:00+00:00,0.0002,-1.0414634008248285,H2,1
136538,136922,short,A,mss,2.0,1.0705275978533593,1.6870356684547392,False,False,True,False,False,False,True,False,BTC,4h>15m,2026-08-28 02:15:00+00:00,0.0002,1.0506337518347175,H2,1
136538,136922,short,A,mss,3.0,1.0705275978533593,1.6870356684547392,False,False,True,False,False,False,True,False,BTC,4h>15m,2026-08-28 02:15:00+00:00,0.0002,1.0506337518347175,H2,1
136538,136922,short,A,mss,5.0,1.0705275978533593,1.6870356684547392,False,False,True,False,False,False,True,False,BTC,4h>15m,2026-08-28 02:15:00+00:00,0.0002,1.0506337518347175,H2,1
136539,136594,short,A,retest,2.0,2.0,1.4577045666264052,False,False,True,False,False,False,False,False,BTC,4h>15m,2026-08-28 02:30:00+00:00,0.0002,1.9770656669094646,H2,0
136539,136922,short,A,retest,3.0,1.3962701291267625,1.4577045666264052,False,False,True,False,False,False,False,False,BTC,4h>15m,2026-08-28 02:30:00+00:00,0.0002,1.3732150500620526,H2,0
136539,136922,short,A,retest,5.0,1.3962701291267625,1.4577045666264052,False,False,True,False,False,False,False,False,BTC,4h>15m,2026-08-28 02:30:00+00:00,0.0002,1.3732150500620526,H2,0
127491,127562,short,A,mss,2.0,-1.0,0.8961587617433525,True,False,True,False,False,False,True,False,BTC,4h>15m,2026-05-25 20:30:00+00:00,0.0002,-1.0476662729625963,H2,2
127491,127562,short,A,mss,3.0,-1.0,0.8961587617433525,True,False,True,False,False,False,True,False,BTC,4h>15m,2026-05-25 20:30:00+00:00,0.0002,-1.0476662729625963,H2,2
127491,127562,short,A,mss,5.0,-1.0,0.8961587617433525,True,False,True,False,False,False,True,False,BTC,4h>15m,2026-05-25 20:30:00+00:00,0.0002,-1.0476662729625963,H2,2
127492,127562,short,A,retest,2.0,-1.0,0.865011620453574,True,False,False,False,False,False,True,False,BTC,4h>15m,2026-05-25 20:45:00+00:00,0.0002,-1.0493898308105236,H2,2
127492,127562,short,A,retest,3.0,-1.0,0.865011620453574,True,False,False,False,False,False,True,False,BTC,4h>15m,2026-05-25 20:45:00+00:00,0.0002,-1.0493898308105236,H2,2
127492,127562,short,A,retest,5.0,-1.0,0.865011620453574,True,False,False,False,False,False,True,False,BTC,4h>15m,2026-05-25 20:45:00+00:00,0.0002,-1.0493898308105236,H2,2
127566,127710,short,A,mss,2.0,2.0,2.1791249231990464,True,True,False,False,False,False,False,False,BTC,4h>15m,2026-05-26 15:15:00+00:00,0.0002,1.9796069779798784,H2,2
127566,127950,short,A,mss,3.0,1.8339375428014117,2.1791249231990464,True,True,False,False,False,False,False,False,BTC,4h>15m,2026-05-26 15:15:00+00:00,0.0002,1.8135113082898504,H2,2
127566,127950,short,A,mss,5.0,1.8339375428014117,2.1791249231990464,True,True,False,False,False,False,False,False,BTC,4h>15m,2026-05-26 15:15:00+00:00,0.0002,1.8135113082898504,H2,2
127567,127710,short,A,retest,2.0,2.0,2.1083603764143333,True,True,False,False,False,False,False,False,BTC,4h>15m,2026-05-26 15:30:00+00:00,0.0002,1.9788956600216066,H2,2
127567,127950,short,A,retest,3.0,1.929055202986994,2.1083603764143333,True,True,False,False,False,False,False,False,BTC,4h>15m,2026-05-26 15:30:00+00:00,0.0002,1.907936674049198,H2,2
127567,127950,short,A,retest,5.0,1.929055202986994,2.1083603764143333,True,True,False,False,False,False,False,False,BTC,4h>15m,2026-05-26 15:30:00+00:00,0.0002,1.907936674049198,H2,2
128079,128128,short,A,mss,2.0,2.0,1.1403906535610506,False,False,True,False,False,False,False,False,BTC,4h>15m,2026-05-31 23:30:00+00:00,0.0002,1.9535557218708839,H2,0
128079,128135,short,A,mss,3.0,3.0,1.1403906535610506,False,False,True,False,False,False,False,False,BTC,4h>15m,2026-05-31 23:30:00+00:00,0.0002,2.953755721870884,H2,0
128079,128185,short,A,mss,5.0,5.0,1.1403906535610506,False,False,True,False,False,False,False,False,BTC,4h>15m,2026-05-31 23:30:00+00:00,0.0002,4.954155721870884,H2,0
128080,128128,short,A,retest,2.0,2.0,1.0641085906447503,False,False,False,False,False,False,False,False,BTC,4h>15m,2026-05-31 23:45:00+00:00,0.0002,1.9501689519224363,H2,0
128080,128133,short,A,retest,3.0,3.0,1.0641085906447503,False,False,False,False,False,False,False,False,BTC,4h>15m,2026-05-31 23:45:00+00:00,0.0002,2.9503689519224365,H2,0
128080,128145,short,A,retest,5.0,5.0,1.0641085906447503,False,False,False,False,False,False,False,False,BTC,4h>15m,2026-05-31 23:45:00+00:00,0.0002,4.950768951922436,H2,0
128974,128982,long,V,mss,2.0,-1.0,0.5117249245345507,False,False,False,False,False,True,False,True,BTC,4h>15m,2026-06-10 07:15:00+00:00,0.0002,-1.0419628320715413,H2,1
128974,128982,long,V,mss,3.0,-1.0,0.5117249245345507,False,False,False,False,False,True,False,True,BTC,4h>15m,2026-06-10 07:15:00+00:00,0.0002,-1.0419628320715413,H2,1
128974,128982,long,V,mss,5.0,-1.0,0.5117249245345507,False,False,False,False,False,True,False,True,BTC,4h>15m,2026-06-10 07:15:00+00:00,0.0002,-1.0419628320715413,H2,1
128975,128982,long,V,retest,2.0,-1.0,0.46468698244451534,False,False,False,False,False,True,False,False,BTC,4h>15m,2026-06-10 07:30:00+00:00,0.0002,-1.04619027495398,H2,1
128975,128982,long,V,retest,3.0,-1.0,0.46468698244451534,False,False,False,False,False,True,False,False,BTC,4h>15m,2026-06-10 07:30:00+00:00,0.0002,-1.04619027495398,H2,1
128975,128982,long,V,retest,5.0,-1.0,0.46468698244451534,False,False,False,False,False,True,False,False,BTC,4h>15m,2026-06-10 07:30:00+00:00,0.0002,-1.04619027495398,H2,1
130025,130095,short,A,mss,2.0,2.0,0.6443580845295862,False,False,False,False,False,True,False,False,BTC,4h>15m,2026-06-21 06:00:00+00:00,0.0002,1.9331280914783595,H2,1
130025,130102,short,A,mss,3.0,-1.0,0.6443580845295862,False,False,False,False,False,True,False,False,BTC,4h>15m,2026-06-21 06:00:00+00:00,0.0002,-1.0674719085216404,H2,1
130025,130102,short,A,mss,5.0,-1.0,0.6443580845295862,False,False,False,False,False,True,False,False,BTC,4h>15m,2026-06-21 06:00:00+00:00,0.0002,-1.0674719085216404,H2,1
130026,130095,short,A,retest,2.0,2.0,0.6442905823628857,False,False,False,False,False,True,False,False,BTC,4h>15m,2026-06-21 06:15:00+00:00,0.0002,1.9331210015090583,H2,1
130026,130102,short,A,retest,3.0,-1.0,0.6442905823628857,False,False,False,False,False,True,False,False,BTC,4h>15m,2026-06-21 06:15:00+00:00,0.0002,-1.0674789984909416,H2,1
130026,130102,short,A,retest,5.0,-1.0,0.6442905823628857,False,False,False,False,False,True,False,False,BTC,4h>15m,2026-06-21 06:15:00+00:00,0.0002,-1.0674789984909416,H2,1
129863,130102,long,V,mss,2.0,2.0,0.8303763157363284,True,True,False,True,False,False,False,False,BTC,4h>15m,2026-06-19 13:30:00+00:00,0.0002,1.9677761045717723,H2,2
129863,130152,long,V,mss,3.0,3.0,0.8303763157363284,True,True,False,True,False,False,False,False,BTC,4h>15m,2026-06-19 13:30:00+00:00,0.0002,2.9675761045717723,H2,2
129863,130226,long,V,mss,5.0,-1.0,0.8303763157363284,True,True,False,True,False,False,False,False,BTC,4h>15m,2026-06-19 13:30:00+00:00,0.0002,-1.0316238954282277,H2,2
129877,129966,long,V,retest,2.0,2.0,0.6484062322128302,True,True,False,True,False,False,False,True,BTC,4h>15m,2026-06-19 17:00:00+00:00,0.0002,1.9589572367206822,H2,2
129877,130102,long,V,retest,3.0,3.0,0.6484062322128302,True,True,False,True,False,False,False,True,BTC,4h>15m,2026-06-19 17:00:00+00:00,0.0002,2.958757236720682,H2,2
129877,130226,long,V,retest,5.0,-1.0,0.6484062322128302,True,True,False,True,False,False,False,True,BTC,4h>15m,2026-06-19 17:00:00+00:00,0.0002,-1.0404427632793178,H2,2
130336,130341,long,V,mss,2.0,-1.0,0.7534985081536016,True,False,False,True,False,False,False,False,BTC,4h>15m,2026-06-24 11:45:00+00:00,0.0002,-1.0404901395325097,H2,1
130336,130341,long,V,mss,3.0,-1.0,0.7534985081536016,True,False,False,True,False,False,False,False,BTC,4h>15m,2026-06-24 11:45:00+00:00,0.0002,-1.0404901395325097,H2,1
130336,130341,long,V,mss,5.0,-1.0,0.7534985081536016,True,False,False,True,False,False,False,False,BTC,4h>15m,2026-06-24 11:45:00+00:00,0.0002,-1.0404901395325097,H2,1
130338,130341,long,V,retest,2.0,-1.0,0.6149538784960916,True,True,False,True,False,False,False,False,BTC,4h>15m,2026-06-24 12:15:00+00:00,0.0002,-1.049567214506054,H2,2
130338,130341,long,V,retest,3.0,-1.0,0.6149538784960916,True,True,False,True,False,False,False,False,BTC,4h>15m,2026-06-24 12:15:00+00:00,0.0002,-1.049567214506054,H2,2
130338,130341,long,V,retest,5.0,-1.0,0.6149538784960916,True,True,False,True,False,False,False,False,BTC,4h>15m,2026-06-24 12:15:00+00:00,0.0002,-1.049567214506054,H2,2
131058,131096,short,A,mss,2.0,-1.0,1.8025796168727455,True,False,False,False,False,False,False,False,BTC,4h>15m,2026-07-02 00:15:00+00:00,0.0002,-1.0153564653138005,H2,1
131058,131096,short,A,mss,3.0,-1.0,1.8025796168727455,True,False,False,False,False,False,False,False,BTC,4h>15m,2026-07-02 00:15:00+00:00,0.0002,-1.0153564653138005,H2,1
131058,131096,short,A,mss,5.0,-1.0,1.8025796168727455,True,False,False,False,False,False,False,False,BTC,4h>15m,2026-07-02 00:15:00+00:00,0.0002,-1.0153564653138005,H2,1
131061,131096,short,A,retest,2.0,-1.0,1.6935239040361985,True,False,True,False,False,False,False,False,BTC,4h>15m,2026-07-02 01:00:00+00:00,0.0002,-1.016358235297661,H2,1
131061,131096,short,A,retest,3.0,-1.0,1.6935239040361985,True,False,True,False,False,False,False,False,BTC,4h>15m,2026-07-02 01:00:00+00:00,0.0002,-1.016358235297661,H2,1
131061,131096,short,A,retest,5.0,-1.0,1.6935239040361985,True,False,True,False,False,False,False,False,BTC,4h>15m,2026-07-02 01:00:00+00:00,0.0002,-1.016358235297661,H2,1
131557,131940,long,V,retest,2.0,0.6649673606081524,2.956240157576306,True,False,False,False,False,False,True,True,BTC,4h>15m,2026-07-07 05:00:00+00:00,0.0002,0.6502882061227274,H2,2
131557,131940,long,V,retest,3.0,0.6649673606081524,2.956240157576306,True,False,False,False,False,False,True,True,BTC,4h>15m,2026-07-07 05:00:00+00:00,0.0002,0.6502882061227274,H2,2
131557,131940,long,V,retest,5.0,0.6649673606081524,2.956240157576306,True,False,False,False,False,False,True,True,BTC,4h>15m,2026-07-07 05:00:00+00:00,0.0002,0.6502882061227274,H2,2
132104,132114,short,A,mss,2.0,-1.0,0.8418701224885914,True,False,True,False,False,False,False,True,BTC,4h>15m,2026-07-12 21:45:00+00:00,0.0002,-1.0680843232215123,H2,1
132104,132114,short,A,mss,3.0,-1.0,0.8418701224885914,True,False,True,False,False,False,False,True,BTC,4h>15m,2026-07-12 21:45:00+00:00,0.0002,-1.0680843232215123,H2,1
132104,132114,short,A,mss,5.0,-1.0,0.8418701224885914,True,False,True,False,False,False,False,True,BTC,4h>15m,2026-07-12 21:45:00+00:00,0.0002,-1.0680843232215123,H2,1
132113,132114,short,A,retest,2.0,-1.0,0.7562398618011787,True,False,False,False,False,False,False,True,BTC,4h>15m,2026-07-13 00:00:00+00:00,0.0002,-1.0758162674017557,H2,1
132113,132114,short,A,retest,3.0,-1.0,0.7562398618011787,True,False,False,False,False,False,False,True,BTC,4h>15m,2026-07-13 00:00:00+00:00,0.0002,-1.0758162674017557,H2,1
132113,132114,short,A,retest,5.0,-1.0,0.7562398618011787,True,False,False,False,False,False,False,True,BTC,4h>15m,2026-07-13 00:00:00+00:00,0.0002,-1.0758162674017557,H2,1
134041,134425,long,V,mss,2.0,0.9202432331815338,2.4066134151319756,True,False,False,False,False,False,False,True,BTC,4h>15m,2026-08-02 02:00:00+00:00,0.0002,0.8988333544272147,H2,1
134041,134425,long,V,mss,3.0,0.9202432331815338,2.4066134151319756,True,False,False,False,False,False,False,True,BTC,4h>15m,2026-08-02 02:00:00+00:00,0.0002,0.8988333544272147,H2,1
134041,134425,long,V,mss,5.0,0.9202432331815338,2.4066134151319756,True,False,False,False,False,False,False,True,BTC,4h>15m,2026-08-02 02:00:00+00:00,0.0002,0.8988333544272147,H2,1
134069,134397,long,V,retest,2.0,2.0,1.735563582734882,True,False,False,False,False,False,False,True,BTC,4h>15m,2026-08-02 09:00:00+00:00,0.0002,1.970321932600458,H2,1
134069,134452,long,V,retest,3.0,2.105024632320703,1.735563582734882,True,False,False,False,False,False,False,True,BTC,4h>15m,2026-08-02 09:00:00+00:00,0.0002,2.0753255599946967,H2,1
134069,134452,long,V,retest,5.0,2.105024632320703,1.735563582734882,True,False,False,False,False,False,False,True,BTC,4h>15m,2026-08-02 09:00:00+00:00,0.0002,2.0753255599946967,H2,1
134041,134425,long,V,mss,2.0,0.9202432331815338,2.4066134151319756,True,False,False,False,False,False,False,True,BTC,4h>15m,2026-08-02 02:00:00+00:00,0.0002,0.8988333544272147,H2,1
134041,134425,long,V,mss,3.0,0.9202432331815338,2.4066134151319756,True,False,False,False,False,False,False,True,BTC,4h>15m,2026-08-02 02:00:00+00:00,0.0002,0.8988333544272147,H2,1
134041,134425,long,V,mss,5.0,0.9202432331815338,2.4066134151319756,True,False,False,False,False,False,False,True,BTC,4h>15m,2026-08-02 02:00:00+00:00,0.0002,0.8988333544272147,H2,1
134069,134397,long,V,retest,2.0,2.0,1.735563582734882,True,False,False,False,False,False,False,True,BTC,4h>15m,2026-08-02 09:00:00+00:00,0.0002,1.970321932600458,H2,1
134069,134452,long,V,retest,3.0,2.105024632320703,1.735563582734882,True,False,False,False,False,False,False,True,BTC,4h>15m,2026-08-02 09:00:00+00:00,0.0002,2.0753255599946967,H2,1
134069,134452,long,V,retest,5.0,2.105024632320703,1.735563582734882,True,False,False,False,False,False,False,True,BTC,4h>15m,2026-08-02 09:00:00+00:00,0.0002,2.0753255599946967,H2,1
135246,135492,long,V,mss,2.0,2.0,0.7086731646989644,True,True,False,False,False,True,False,False,BTC,4h>15m,2026-08-14 15:15:00+00:00,0.0002,1.9245069860715487,H2,3
135246,135532,long,V,mss,3.0,3.0,0.7086731646989644,True,True,False,False,False,True,False,False,BTC,4h>15m,2026-08-14 15:15:00+00:00,0.0002,2.924306986071549,H2,3
135246,135546,long,V,mss,5.0,5.0,0.7086731646989644,True,True,False,False,False,True,False,False,BTC,4h>15m,2026-08-14 15:15:00+00:00,0.0002,4.9239069860715485,H2,3
135247,135484,long,V,retest,2.0,2.0,0.6388457752962947,True,True,False,False,False,True,False,False,BTC,4h>15m,2026-08-14 15:30:00+00:00,0.0002,1.916342858873835,H2,3
135247,135520,long,V,retest,3.0,3.0,0.6388457752962947,True,True,False,False,False,True,False,False,BTC,4h>15m,2026-08-14 15:30:00+00:00,0.0002,2.916142858873835,H2,3
135247,135542,long,V,retest,5.0,5.0,0.6388457752962947,True,True,False,False,False,True,False,False,BTC,4h>15m,2026-08-14 15:30:00+00:00,0.0002,4.915742858873835,H2,3
135050,135434,short,A,mss,2.0,0.6723635881714892,1.8501533447605203,True,True,True,False,False,False,False,False,BTC,4h>15m,2026-08-12 14:15:00+00:00,0.0002,0.6428777646818872,H2,2
135050,135434,short,A,mss,3.0,0.6723635881714892,1.8501533447605203,True,True,True,False,False,False,False,False,BTC,4h>15m,2026-08-12 14:15:00+00:00,0.0002,0.6428777646818872,H2,2
135050,135434,short,A,mss,5.0,0.6723635881714892,1.8501533447605203,True,True,True,False,False,False,False,False,BTC,4h>15m,2026-08-12 14:15:00+00:00,0.0002,0.6428777646818872,H2,2
135108,135491,short,A,retest,2.0,0.38419060985760106,1.6134105565761374,True,False,False,False,False,False,False,True,BTC,4h>15m,2026-08-13 04:45:00+00:00,0.0002,0.35024214239809215,H2,1
135108,135491,short,A,retest,3.0,0.38419060985760106,1.6134105565761374,True,False,False,False,False,False,False,True,BTC,4h>15m,2026-08-13 04:45:00+00:00,0.0002,0.35024214239809215,H2,1
135108,135491,short,A,retest,5.0,0.38419060985760106,1.6134105565761374,True,False,False,False,False,False,False,True,BTC,4h>15m,2026-08-13 04:45:00+00:00,0.0002,0.35024214239809215,H2,1
137481,137484,short,A,mss,2.0,-1.0,0.539594951843248,False,False,True,False,False,False,False,False,BTC,4h>15m,2026-09-06 22:00:00+00:00,0.0002,-1.1101557068403876,H2,0
137481,137484,short,A,mss,3.0,-1.0,0.539594951843248,False,False,True,False,False,False,False,False,BTC,4h>15m,2026-09-06 22:00:00+00:00,0.0002,-1.1101557068403876,H2,0
137481,137484,short,A,mss,5.0,-1.0,0.539594951843248,False,False,True,False,False,False,False,False,BTC,4h>15m,2026-09-06 22:00:00+00:00,0.0002,-1.1101557068403876,H2,0
137482,137484,short,A,retest,2.0,-1.0,0.4961861175689272,False,False,False,False,False,False,False,False,BTC,4h>15m,2026-09-06 22:15:00+00:00,0.0002,-1.1198101740248598,H2,0
137482,137484,short,A,retest,3.0,-1.0,0.4961861175689272,False,False,False,False,False,False,False,False,BTC,4h>15m,2026-09-06 22:15:00+00:00,0.0002,-1.1198101740248598,H2,0
137482,137484,short,A,retest,5.0,-1.0,0.4961861175689272,False,False,False,False,False,False,False,False,BTC,4h>15m,2026-09-06 22:15:00+00:00,0.0002,-1.1198101740248598,H2,0
137923,138307,long,V,mss,2.0,-0.4086312737620566,1.9614255380384948,True,True,False,False,False,False,False,False,BTC,4h>15m,2026-09-11 12:30:00+00:00,0.0002,-0.4282885075804626,H2,2
137923,138307,long,V,mss,3.0,-0.4086312737620566,1.9614255380384948,True,True,False,False,False,False,False,False,BTC,4h>15m,2026-09-11 12:30:00+00:00,0.0002,-0.4282885075804626,H2,2
137923,138307,long,V,mss,5.0,-0.4086312737620566,1.9614255380384948,True,True,False,False,False,False,False,False,BTC,4h>15m,2026-09-11 12:30:00+00:00,0.0002,-0.4282885075804626,H2,2
137927,138310,long,V,retest,2.0,-0.3696927146152454,1.8491407155669235,True,True,False,False,False,False,False,False,BTC,4h>15m,2026-09-11 13:30:00+00:00,0.0002,-0.39053205007427966,H2,2
137927,138310,long,V,retest,3.0,-0.3696927146152454,1.8491407155669235,True,True,False,False,False,False,False,False,BTC,4h>15m,2026-09-11 13:30:00+00:00,0.0002,-0.39053205007427966,H2,2
137927,138310,long,V,retest,5.0,-0.3696927146152454,1.8491407155669235,True,True,False,False,False,False,False,False,BTC,4h>15m,2026-09-11 13:30:00+00:00,0.0002,-0.39053205007427966,H2,2
139509,139747,short,A,mss,2.0,-1.0,2.29085600851542,False,False,True,False,False,False,False,False,BTC,4h>15m,2026-09-28 01:00:00+00:00,0.0002,-1.031588315555649,H2,0
139509,139747,short,A,mss,3.0,-1.0,2.29085600851542,False,False,True,False,False,False,False,False,BTC,4h>15m,2026-09-28 01:00:00+00:00,0.0002,-1.031588315555649,H2,0
139509,139747,short,A,mss,5.0,-1.0,2.29085600851542,False,False,True,False,False,False,False,False,BTC,4h>15m,2026-09-28 01:00:00+00:00,0.0002,-1.031588315555649,H2,0
139510,139747,short,A,retest,2.0,-1.0,1.9217960090048216,False,False,False,False,False,False,False,False,BTC,4h>15m,2026-09-28 01:15:00+00:00,0.0002,-1.0376929154551386,H2,0
139510,139747,short,A,retest,3.0,-1.0,1.9217960090048216,False,False,False,False,False,False,False,False,BTC,4h>15m,2026-09-28 01:15:00+00:00,0.0002,-1.0376929154551386,H2,0
139510,139747,short,A,retest,5.0,-1.0,1.9217960090048216,False,False,False,False,False,False,False,False,BTC,4h>15m,2026-09-28 01:15:00+00:00,0.0002,-1.0376929154551386,H2,0
5377,5761,long,RBS,mss,2.0,0.6398575880768377,1.0922995913015467,False,False,True,False,False,True,False,False,BTC,4h>15m,2022-11-30 18:45:00+00:00,0.0002,0.6094772785173477,H1,1
5377,5761,long,RBS,mss,3.0,0.6398575880768377,1.0922995913015467,False,False,True,False,False,True,False,False,BTC,4h>15m,2022-11-30 18:45:00+00:00,0.0002,0.6094772785173477,H1,1
5377,5761,long,RBS,mss,5.0,0.6398575880768377,1.0922995913015467,False,False,True,False,False,True,False,False,BTC,4h>15m,2022-11-30 18:45:00+00:00,0.0002,0.6094772785173477,H1,1
40091,40211,short,SBR,mss,2.0,-1.0,2.794126693085715,False,False,False,False,False,False,False,True,BTC,4h>15m,2023-11-27 10:30:00+00:00,0.0002,-1.0233576211078477,H1,0
40091,40211,short,SBR,mss,3.0,-1.0,2.794126693085715,False,False,False,False,False,False,False,True,BTC,4h>15m,2023-11-27 10:30:00+00:00,0.0002,-1.0233576211078477,H1,0
40091,40211,short,SBR,mss,5.0,-1.0,2.794126693085715,False,False,False,False,False,False,False,True,BTC,4h>15m,2023-11-27 10:30:00+00:00,0.0002,-1.0233576211078477,H1,0
40142,40211,short,SBR,retest,2.0,-1.0,2.590249756407357,False,False,True,False,False,False,False,True,BTC,4h>15m,2023-11-27 23:15:00+00:00,0.0002,-1.025211826716792,H1,0
40142,40211,short,SBR,retest,3.0,-1.0,2.590249756407357,False,False,True,False,False,False,False,True,BTC,4h>15m,2023-11-27 23:15:00+00:00,0.0002,-1.025211826716792,H1,0
40142,40211,short,SBR,retest,5.0,-1.0,2.590249756407357,False,False,True,False,False,False,False,True,BTC,4h>15m,2023-11-27 23:15:00+00:00,0.0002,-1.025211826716792,H1,0
42276,42660,long,RBS,mss,2.0,0.9688872235334964,1.5434165392921104,True,False,False,False,False,False,False,True,BTC,4h>15m,2023-12-20 04:45:00+00:00,0.0002,0.9517941795547219,H1,1
42276,42660,long,RBS,mss,3.0,0.9688872235334964,1.5434165392921104,True,False,False,False,False,False,False,True,BTC,4h>15m,2023-12-20 04:45:00+00:00,0.0002,0.9517941795547219,H1,1
42276,42660,long,RBS,mss,5.0,0.9688872235334964,1.5434165392921104,True,False,False,False,False,False,False,True,BTC,4h>15m,2023-12-20 04:45:00+00:00,0.0002,0.9517941795547219,H1,1
42277,42660,long,RBS,retest,2.0,1.1225427849377034,1.431685206238003,True,False,False,False,False,False,False,False,BTC,4h>15m,2023-12-20 05:00:00+00:00,0.0002,1.1041313768975651,H1,1
42277,42660,long,RBS,retest,3.0,1.1225427849377034,1.431685206238003,True,False,False,False,False,False,False,False,BTC,4h>15m,2023-12-20 05:00:00+00:00,0.0002,1.1041313768975651,H1,1
42277,42660,long,RBS,retest,5.0,1.1225427849377034,1.431685206238003,True,False,False,False,False,False,False,False,BTC,4h>15m,2023-12-20 05:00:00+00:00,0.0002,1.1041313768975651,H1,1
100626,100685,short,SBR,mss,2.0,2.0,1.2682138787640458,False,False,False,False,False,False,False,False,BTC,4h>15m,2025-08-19 00:15:00+00:00,0.0002,1.9577674526805537,H2,0
100626,100727,short,SBR,mss,3.0,3.0,1.2682138787640458,False,False,False,False,False,False,False,False,BTC,4h>15m,2025-08-19 00:15:00+00:00,0.0002,2.957967452680554,H2,0
100626,100976,short,SBR,mss,5.0,-1.0,1.2682138787640458,False,False,False,False,False,False,False,False,BTC,4h>15m,2025-08-19 00:15:00+00:00,0.0002,-1.0428325473194462,H2,0
100627,100683,short,SBR,retest,2.0,2.0,1.1898276482464893,False,False,False,False,False,False,False,False,BTC,4h>15m,2025-08-19 00:30:00+00:00,0.0002,1.95493245453699,H2,0
100627,100700,short,SBR,retest,3.0,3.0,1.1898276482464893,False,False,False,False,False,False,False,False,BTC,4h>15m,2025-08-19 00:30:00+00:00,0.0002,2.95513245453699,H2,0
100627,100976,short,SBR,retest,5.0,-1.0,1.1898276482464893,False,False,False,False,False,False,False,False,BTC,4h>15m,2025-08-19 00:30:00+00:00,0.0002,-1.04566754546301,H2,0
134791,134795,long,RBS,mss,2.0,-1.0,0.7163721370959694,False,False,False,False,False,False,False,False,BTC,4h>15m,2026-08-09 21:30:00+00:00,0.0002,-1.1444477234474821,H2,0
134791,134795,long,RBS,mss,3.0,-1.0,0.7163721370959694,False,False,False,False,False,False,False,False,BTC,4h>15m,2026-08-09 21:30:00+00:00,0.0002,-1.1444477234474821,H2,0
134791,134795,long,RBS,mss,5.0,-1.0,0.7163721370959694,False,False,False,False,False,False,False,False,BTC,4h>15m,2026-08-09 21:30:00+00:00,0.0002,-1.1444477234474821,H2,0
134792,134795,long,RBS,retest,2.0,-1.0,0.7046552599699919,False,False,True,False,False,False,False,False,BTC,4h>15m,2026-08-09 21:45:00+00:00,0.0002,-1.1468462478711956,H2,0
134792,134795,long,RBS,retest,3.0,-1.0,0.7046552599699919,False,False,True,False,False,False,False,False,BTC,4h>15m,2026-08-09 21:45:00+00:00,0.0002,-1.1468462478711956,H2,0
134792,134795,long,RBS,retest,5.0,-1.0,0.7046552599699919,False,False,True,False,False,False,False,False,BTC,4h>15m,2026-08-09 21:45:00+00:00,0.0002,-1.1468462478711956,H2,0
840,902,long,V,mss,2.0,-1.0,1.5368669309298209,True,True,False,False,False,False,False,True,BTC,1h>5m,2022-10-08 16:30:00+00:00,0.0002,-1.078524483899928,H1,2
840,902,long,V,mss,3.0,-1.0,1.5368669309298209,True,True,False,False,False,False,False,True,BTC,1h>5m,2022-10-08 16:30:00+00:00,0.0002,-1.078524483899928,H1,2
840,902,long,V,mss,5.0,-1.0,1.5368669309298209,True,True,False,False,False,False,False,True,BTC,1h>5m,2022-10-08 16:30:00+00:00,0.0002,-1.078524483899928,H1,2
841,902,long,V,retest,2.0,-1.0,1.463234935890292,True,True,False,False,False,False,False,False,BTC,1h>5m,2022-10-08 16:35:00+00:00,0.0002,-1.0824658796857551,H1,2
841,902,long,V,retest,3.0,-1.0,1.463234935890292,True,True,False,False,False,False,False,False,BTC,1h>5m,2022-10-08 16:35:00+00:00,0.0002,-1.0824658796857551,H1,2
841,902,long,V,retest,5.0,-1.0,1.463234935890292,True,True,False,False,False,False,False,False,BTC,1h>5m,2022-10-08 16:35:00+00:00,0.0002,-1.0824658796857551,H1,2
872,902,short,A,mss,2.0,2.0,1.245477833914462,False,False,False,False,False,False,False,True,BTC,1h>5m,2022-10-08 19:10:00+00:00,0.0002,1.8966163323372962,H1,0
872,902,short,A,mss,3.0,3.0,1.245477833914462,False,False,False,False,False,False,False,True,BTC,1h>5m,2022-10-08 19:10:00+00:00,0.0002,2.896816332337296,H1,0
872,1058,short,A,mss,5.0,-1.0,1.245477833914462,False,False,False,False,False,False,False,True,BTC,1h>5m,2022-10-08 19:10:00+00:00,0.0002,-1.1039836676627037,H1,0
873,902,short,A,retest,2.0,2.0,1.158971987001539,False,False,False,False,False,False,False,False,BTC,1h>5m,2022-10-08 19:15:00+00:00,0.0002,1.888840047399665,H1,0
873,902,short,A,retest,3.0,3.0,1.158971987001539,False,False,False,False,False,False,False,False,BTC,1h>5m,2022-10-08 19:15:00+00:00,0.0002,2.8890400473996647,H1,0
873,1058,short,A,retest,5.0,-1.0,1.158971987001539,False,False,False,False,False,False,False,False,BTC,1h>5m,2022-10-08 19:15:00+00:00,0.0002,-1.1117599526003352,H1,0
989,1058,long,V,mss,2.0,2.0,0.9468499521269383,False,False,False,False,False,True,False,False,BTC,1h>5m,2022-10-09 04:55:00+00:00,0.0002,1.8950398413656886,H1,1
989,1277,long,V,mss,3.0,1.066216727676178,0.9468499521269383,False,False,False,False,False,True,False,False,BTC,1h>5m,2022-10-09 04:55:00+00:00,0.0002,0.9614433256963314,H1,1
989,1277,long,V,mss,5.0,1.066216727676178,0.9468499521269383,False,False,False,False,False,True,False,False,BTC,1h>5m,2022-10-09 04:55:00+00:00,0.0002,0.9614433256963314,H1,1
990,1058,long,V,retest,2.0,2.0,0.8862107326859133,False,False,False,False,False,True,False,False,BTC,1h>5m,2022-10-09 05:00:00+00:00,0.0002,1.8879126531208623,H1,1
990,1277,long,V,retest,3.0,1.2075981902799249,0.8862107326859133,False,False,False,False,False,True,False,False,BTC,1h>5m,2022-10-09 05:00:00+00:00,0.0002,1.095669323762731,H1,1
990,1277,long,V,retest,5.0,1.2075981902799249,0.8862107326859133,False,False,False,False,False,True,False,False,BTC,1h>5m,2022-10-09 05:00:00+00:00,0.0002,1.095669323762731,H1,1
3688,3747,short,A,mss,2.0,2.0,1.5331654275365816,True,True,False,False,False,True,False,False,BTC,1h>5m,2022-10-18 13:50:00+00:00,0.0002,1.9480825955525127,H1,3
3688,3975,short,A,mss,3.0,3.0,1.5331654275365816,True,True,False,False,False,True,False,False,BTC,1h>5m,2022-10-18 13:50:00+00:00,0.0002,2.948282595552513,H1,3
3688,3976,short,A,mss,5.0,2.645776732250136,1.5331654275365816,True,True,False,False,False,True,False,False,BTC,1h>5m,2022-10-18 13:50:00+00:00,0.0002,2.593988483149099,H1,3
4014,4270,short,A,mss,2.0,-1.0,1.536554255978691,False,True,False,False,False,False,False,False,BTC,1h>5m,2022-10-19 17:00:00+00:00,0.0002,-1.048811365170585,H1,1
4014,4270,short,A,mss,3.0,-1.0,1.536554255978691,False,True,False,False,False,False,False,False,BTC,1h>5m,2022-10-19 17:00:00+00:00,0.0002,-1.048811365170585,H1,1
4014,4270,short,A,mss,5.0,-1.0,1.536554255978691,False,True,False,False,False,False,False,False,BTC,1h>5m,2022-10-19 17:00:00+00:00,0.0002,-1.048811365170585,H1,1
4019,4270,short,A,retest,2.0,-1.0,1.362274731628471,False,True,True,False,False,False,False,False,BTC,1h>5m,2022-10-19 17:25:00+00:00,0.0002,-1.055081522879136,H1,1
4019,4270,short,A,retest,3.0,-1.0,1.362274731628471,False,True,True,False,False,False,False,False,BTC,1h>5m,2022-10-19 17:25:00+00:00,0.0002,-1.055081522879136,H1,1
4019,4270,short,A,retest,5.0,-1.0,1.362274731628471,False,True,True,False,False,False,False,False,BTC,1h>5m,2022-10-19 17:25:00+00:00,0.0002,-1.055081522879136,H1,1
4249,4270,short,A,mss,2.0,-1.0,0.9870564994073359,True,True,False,False,False,False,False,False,BTC,1h>5m,2022-10-20 12:35:00+00:00,0.0002,-1.0784016896258612,H1,2
4249,4270,short,A,mss,3.0,-1.0,0.9870564994073359,True,True,False,False,False,False,False,False,BTC,1h>5m,2022-10-20 12:35:00+00:00,0.0002,-1.0784016896258612,H1,2
4249,4270,short,A,mss,5.0,-1.0,0.9870564994073359,True,True,False,False,False,False,False,False,BTC,1h>5m,2022-10-20 12:35:00+00:00,0.0002,-1.0784016896258612,H1,2
4250,4270,short,A,retest,2.0,-1.0,0.9741833985848196,True,True,False,False,False,False,False,False,BTC,1h>5m,2022-10-20 12:40:00+00:00,0.0002,-1.0794403518293474,H1,2
4250,4270,short,A,retest,3.0,-1.0,0.9741833985848196,True,True,False,False,False,False,False,False,BTC,1h>5m,2022-10-20 12:40:00+00:00,0.0002,-1.0794403518293474,H1,2
4250,4270,short,A,retest,5.0,-1.0,0.9741833985848196,True,True,False,False,False,False,False,False,BTC,1h>5m,2022-10-20 12:40:00+00:00,0.0002,-1.0794403518293474,H1,2
5068,5095,long,V,mss,2.0,-1.0,1.0894058759520862,True,False,False,True,False,False,False,False,BTC,1h>5m,2022-10-23 08:50:00+00:00,0.0002,-1.2143993583468895,H1,1
5068,5095,long,V,mss,3.0,-1.0,1.0894058759520862,True,False,False,True,False,False,False,False,BTC,1h>5m,2022-10-23 08:50:00+00:00,0.0002,-1.2143993583468895,H1,1
5068,5095,long,V,mss,5.0,-1.0,1.0894058759520862,True,False,False,True,False,False,False,False,BTC,1h>5m,2022-10-23 08:50:00+00:00,0.0002,-1.2143993583468895,H1,1
5073,5095,long,V,retest,2.0,-1.0,0.9748465723612763,True,False,False,True,False,False,False,False,BTC,1h>5m,2022-10-23 09:15:00+00:00,0.0002,-1.2395710417866546,H1,1
5073,5095,long,V,retest,3.0,-1.0,0.9748465723612763,True,False,False,True,False,False,False,False,BTC,1h>5m,2022-10-23 09:15:00+00:00,0.0002,-1.2395710417866546,H1,1
5073,5095,long,V,retest,5.0,-1.0,0.9748465723612763,True,False,False,True,False,False,False,False,BTC,1h>5m,2022-10-23 09:15:00+00:00,0.0002,-1.2395710417866546,H1,1
5615,5625,long,V,mss,2.0,-1.0,0.9818570158509873,False,False,False,False,False,False,False,False,BTC,1h>5m,2022-10-25 06:25:00+00:00,0.0002,-1.1194781205071522,H1,0
5615,5625,long,V,mss,3.0,-1.0,0.9818570158509873,False,False,False,False,False,False,False,False,BTC,1h>5m,2022-10-25 06:25:00+00:00,0.0002,-1.1194781205071522,H1,0
5615,5625,long,V,mss,5.0,-1.0,0.9818570158509873,False,False,False,False,False,False,False,False,BTC,1h>5m,2022-10-25 06:25:00+00:00,0.0002,-1.1194781205071522,H1,0
5617,5625,long,V,retest,2.0,-1.0,0.8525337727952745,False,False,False,False,False,False,False,False,BTC,1h>5m,2022-10-25 06:35:00+00:00,0.0002,-1.1375717537001204,H1,0
5617,5625,long,V,retest,3.0,-1.0,0.8525337727952745,False,False,False,False,False,False,False,False,BTC,1h>5m,2022-10-25 06:35:00+00:00,0.0002,-1.1375717537001204,H1,0
5617,5625,long,V,retest,5.0,-1.0,0.8525337727952745,False,False,False,False,False,False,False,False,BTC,1h>5m,2022-10-25 06:35:00+00:00,0.0002,-1.1375717537001204,H1,0
6409,6492,long,V,mss,2.0,-1.0,0.9425581433803844,False,False,False,False,False,False,False,False,BTC,1h>5m,2022-10-28 00:35:00+00:00,0.0002,-1.0497030072361904,H1,0
6409,6492,long,V,mss,3.0,-1.0,0.9425581433803844,False,False,False,False,False,False,False,False,BTC,1h>5m,2022-10-28 00:35:00+00:00,0.0002,-1.0497030072361904,H1,0
6409,6492,long,V,mss,5.0,-1.0,0.9425581433803844,False,False,False,False,False,False,False,False,BTC,1h>5m,2022-10-28 00:35:00+00:00,0.0002,-1.0497030072361904,H1,0
6410,6492,long,V,retest,2.0,-1.0,0.9133893064133431,False,False,False,False,False,False,False,False,BTC,1h>5m,2022-10-28 00:40:00+00:00,0.0002,-1.0512838721941136,H1,0
6410,6492,long,V,retest,3.0,-1.0,0.9133893064133431,False,False,False,False,False,False,False,False,BTC,1h>5m,2022-10-28 00:40:00+00:00,0.0002,-1.0512838721941136,H1,0
6410,6492,long,V,retest,5.0,-1.0,0.9133893064133431,False,False,False,False,False,False,False,False,BTC,1h>5m,2022-10-28 00:40:00+00:00,0.0002,-1.0512838721941136,H1,0
6745,6789,short,A,mss,2.0,-1.0,1.297111431099427,False,False,False,False,False,True,False,True,BTC,1h>5m,2022-10-29 04:35:00+00:00,0.0002,-1.0517956066061391,H1,1
6745,6789,short,A,mss,3.0,-1.0,1.297111431099427,False,False,False,False,False,True,False,True,BTC,1h>5m,2022-10-29 04:35:00+00:00,0.0002,-1.0517956066061391,H1,1
6745,6789,short,A,mss,5.0,-1.0,1.297111431099427,False,False,False,False,False,True,False,True,BTC,1h>5m,2022-10-29 04:35:00+00:00,0.0002,-1.0517956066061391,H1,1
6746,6789,short,A,retest,2.0,-1.0,1.2948445261764066,False,False,False,False,False,True,False,False,BTC,1h>5m,2022-10-29 04:40:00+00:00,0.0002,-1.051886636142279,H1,1
6746,6789,short,A,retest,3.0,-1.0,1.2948445261764066,False,False,False,False,False,True,False,False,BTC,1h>5m,2022-10-29 04:40:00+00:00,0.0002,-1.051886636142279,H1,1
6746,6789,short,A,retest,5.0,-1.0,1.2948445261764066,False,False,False,False,False,True,False,False,BTC,1h>5m,2022-10-29 04:40:00+00:00,0.0002,-1.051886636142279,H1,1
6552,6600,long,V,mss,2.0,2.0,1.9611093002409696,True,True,False,False,False,False,False,False,BTC,1h>5m,2022-10-28 12:30:00+00:00,0.0002,1.9659657274298987,H1,2
6552,6791,long,V,mss,3.0,3.0,1.9611093002409696,True,True,False,False,False,False,False,False,BTC,1h>5m,2022-10-28 12:30:00+00:00,0.0002,2.9657657274298987,H1,2
6552,6840,long,V,mss,5.0,2.1338082199912423,1.9611093002409696,True,True,False,False,False,False,False,False,BTC,1h>5m,2022-10-28 12:30:00+00:00,0.0002,2.099747185777143,H1,2
6553,6598,long,V,retest,2.0,2.0,1.760157041245151,True,True,False,False,False,False,False,False,BTC,1h>5m,2022-10-28 12:35:00+00:00,0.0002,1.96217146249072,H1,2
6553,6789,long,V,retest,3.0,3.0,1.760157041245151,True,True,False,False,False,False,False,False,BTC,1h>5m,2022-10-28 12:35:00+00:00,0.0002,2.96197146249072,H1,2
6553,6840,long,V,retest,5.0,2.491586433133757,1.760157041245151,True,True,False,False,False,False,False,False,BTC,1h>5m,2022-10-28 12:35:00+00:00,0.0002,2.4536595783378505,H1,2
7153,7181,long,V,mss,2.0,-1.0,1.2989677359007106,True,True,True,False,False,False,False,False,BTC,1h>5m,2022-10-30 14:35:00+00:00,0.0002,-1.0594914274310288,H1,2
7153,7181,long,V,mss,3.0,-1.0,1.2989677359007106,True,True,True,False,False,False,False,False,BTC,1h>5m,2022-10-30 14:35:00+00:00,0.0002,-1.0594914274310288,H1,2
7153,7181,long,V,mss,5.0,-1.0,1.2989677359007106,True,True,True,False,False,False,False,False,BTC,1h>5m,2022-10-30 14:35:00+00:00,0.0002,-1.0594914274310288,H1,2
7154,7181,long,V,retest,2.0,-1.0,1.2783892671258918,True,True,False,False,False,False,False,False,BTC,1h>5m,2022-10-30 14:40:00+00:00,0.0002,-1.0604458525184257,H1,2
7154,7181,long,V,retest,3.0,-1.0,1.2783892671258918,True,True,False,False,False,False,False,False,BTC,1h>5m,2022-10-30 14:40:00+00:00,0.0002,-1.0604458525184257,H1,2
7154,7181,long,V,retest,5.0,-1.0,1.2783892671258918,True,True,False,False,False,False,False,False,BTC,1h>5m,2022-10-30 14:40:00+00:00,0.0002,-1.0604458525184257,H1,2
8073,8361,short,A,mss,2.0,0.5295959494009006,2.7360529881077698,True,False,False,False,False,False,False,False,BTC,1h>5m,2022-11-02 19:15:00+00:00,0.0002,0.5079893749179447,H1,1
8073,8361,short,A,mss,3.0,0.5295959494009006,2.7360529881077698,True,False,False,False,False,False,False,False,BTC,1h>5m,2022-11-02 19:15:00+00:00,0.0002,0.5079893749179447,H1,1
8073,8361,short,A,mss,5.0,0.5295959494009006,2.7360529881077698,True,False,False,False,False,False,False,False,BTC,1h>5m,2022-11-02 19:15:00+00:00,0.0002,0.5079893749179447,H1,1
8074,8361,short,A,retest,2.0,0.5988596322837699,2.61752531832832,True,False,False,False,False,False,False,False,BTC,1h>5m,2022-11-02 19:20:00+00:00,0.0002,0.5762656050945351,H1,1
8074,8361,short,A,retest,3.0,0.5988596322837699,2.61752531832832,True,False,False,False,False,False,False,False,BTC,1h>5m,2022-11-02 19:20:00+00:00,0.0002,0.5762656050945351,H1,1
8074,8361,short,A,retest,5.0,0.5988596322837699,2.61752531832832,True,False,False,False,False,False,False,False,BTC,1h>5m,2022-11-02 19:20:00+00:00,0.0002,0.5762656050945351,H1,1
7962,8045,short,A,mss,2.0,-1.0,1.7750661179907776,False,False,True,True,False,False,False,True,BTC,1h>5m,2022-11-02 10:00:00+00:00,0.0002,-1.0616786684890036,H1,0
7962,8045,short,A,mss,3.0,-1.0,1.7750661179907776,False,False,True,True,False,False,False,True,BTC,1h>5m,2022-11-02 10:00:00+00:00,0.0002,-1.0616786684890036,H1,0
7962,8045,short,A,mss,5.0,-1.0,1.7750661179907776,False,False,True,True,False,False,False,True,BTC,1h>5m,2022-11-02 10:00:00+00:00,0.0002,-1.0616786684890036,H1,0
7974,8045,short,A,retest,2.0,-1.0,1.4600103115422491,False,False,False,True,False,False,False,True,BTC,1h>5m,2022-11-02 11:00:00+00:00,0.0002,-1.0750314740470486,H1,0
7974,8045,short,A,retest,3.0,-1.0,1.4600103115422491,False,False,False,True,False,False,False,True,BTC,1h>5m,2022-11-02 11:00:00+00:00,0.0002,-1.0750314740470486,H1,0
7974,8045,short,A,retest,5.0,-1.0,1.4600103115422491,False,False,False,True,False,False,False,True,BTC,1h>5m,2022-11-02 11:00:00+00:00,0.0002,-1.0750314740470486,H1,0
29479,29688,short,A,mss,2.0,-1.0,1.8050552216065467,False,False,False,False,False,False,False,False,BTC,1h>5m,2023-01-16 03:05:00+00:00,0.0002,-1.0250197261728236,H1,0
29479,29688,short,A,mss,3.0,-1.0,1.8050552216065467,False,False,False,False,False,False,False,False,BTC,1h>5m,2023-01-16 03:05:00+00:00,0.0002,-1.0250197261728236,H1,0
29479,29688,short,A,mss,5.0,-1.0,1.8050552216065467,False,False,False,False,False,False,False,False,BTC,1h>5m,2023-01-16 03:05:00+00:00,0.0002,-1.0250197261728236,H1,0
29480,29688,short,A,retest,2.0,-1.0,1.747749065742903,False,False,False,False,False,False,False,False,BTC,1h>5m,2023-01-16 03:10:00+00:00,0.0002,-1.0258466443999454,H1,0
29480,29688,short,A,retest,3.0,-1.0,1.747749065742903,False,False,False,False,False,False,False,False,BTC,1h>5m,2023-01-16 03:10:00+00:00,0.0002,-1.0258466443999454,H1,0
29480,29688,short,A,retest,5.0,-1.0,1.747749065742903,False,False,False,False,False,False,False,False,BTC,1h>5m,2023-01-16 03:10:00+00:00,0.0002,-1.0258466443999454,H1,0
9016,9272,short,A,mss,2.0,2.0,1.4887354751774209,False,False,False,False,False,False,False,True,BTC,1h>5m,2022-11-06 01:50:00+00:00,0.0002,1.9266168763135214,H1,0
9016,9277,short,A,mss,3.0,3.0,1.4887354751774209,False,False,False,False,False,False,False,True,BTC,1h>5m,2022-11-06 01:50:00+00:00,0.0002,2.9268168763135214,H1,0
9016,9304,short,A,mss,5.0,2.4619752887423165,1.4887354751774209,False,False,False,False,False,False,False,True,BTC,1h>5m,2022-11-06 01:50:00+00:00,0.0002,2.388684560113586,H1,0
11071,11094,short,A,mss,2.0,2.0,1.2463670299341343,False,False,False,False,False,False,False,False,BTC,1h>5m,2022-11-13 05:05:00+00:00,0.0002,1.93340836554901,H1,0
11071,11119,short,A,mss,3.0,3.0,1.2463670299341343,False,False,False,False,False,False,False,False,BTC,1h>5m,2022-11-13 05:05:00+00:00,0.0002,2.93360836554901,H1,0
11071,11262,short,A,mss,5.0,5.0,1.2463670299341343,False,False,False,False,False,False,False,False,BTC,1h>5m,2022-11-13 05:05:00+00:00,0.0002,4.93400836554901,H1,0
11072,11094,short,A,retest,2.0,2.0,1.2277908499044123,False,False,False,False,False,False,False,False,BTC,1h>5m,2022-11-13 05:10:00+00:00,0.0002,1.932388746340937,H1,0
11072,11119,short,A,retest,3.0,3.0,1.2277908499044123,False,False,False,False,False,False,False,False,BTC,1h>5m,2022-11-13 05:10:00+00:00,0.0002,2.932588746340937,H1,0
11072,11262,short,A,retest,5.0,5.0,1.2277908499044123,False,False,False,False,False,False,False,False,BTC,1h>5m,2022-11-13 05:10:00+00:00,0.0002,4.932988746340937,H1,0
12238,12526,long,V,mss,2.0,0.8041251851862475,1.6912406293519486,False,False,False,False,False,True,False,True,BTC,1h>5m,2022-11-17 06:20:00+00:00,0.0002,0.7713676995981852,H1,1
12238,12526,long,V,mss,3.0,0.8041251851862475,1.6912406293519486,False,False,False,False,False,True,False,True,BTC,1h>5m,2022-11-17 06:20:00+00:00,0.0002,0.7713676995981852,H1,1
12238,12526,long,V,mss,5.0,0.8041251851862475,1.6912406293519486,False,False,False,False,False,True,False,True,BTC,1h>5m,2022-11-17 06:20:00+00:00,0.0002,0.7713676995981852,H1,1
12239,12526,long,V,retest,2.0,0.8144502975003438,1.6816166404930208,False,False,False,False,False,True,False,False,BTC,1h>5m,2022-11-17 06:25:00+00:00,0.0002,0.7815064835476416,H1,1
12239,12526,long,V,retest,3.0,0.8144502975003438,1.6816166404930208,False,False,False,False,False,True,False,False,BTC,1h>5m,2022-11-17 06:25:00+00:00,0.0002,0.7815064835476416,H1,1
12239,12526,long,V,retest,5.0,0.8144502975003438,1.6816166404930208,False,False,False,False,False,True,False,False,BTC,1h>5m,2022-11-17 06:25:00+00:00,0.0002,0.7815064835476416,H1,1
12310,12322,short,A,mss,2.0,2.0,0.574779302276148,False,True,False,True,False,False,False,False,BTC,1h>5m,2022-11-17 12:20:00+00:00,0.0002,1.893170529646616,H1,1
12310,12346,short,A,mss,3.0,-1.0,0.574779302276148,False,True,False,True,False,False,False,False,BTC,1h>5m,2022-11-17 12:20:00+00:00,0.0002,-1.1074294703533842,H1,1
12310,12346,short,A,mss,5.0,-1.0,0.574779302276148,False,True,False,True,False,False,False,False,BTC,1h>5m,2022-11-17 12:20:00+00:00,0.0002,-1.1074294703533842,H1,1
12311,12322,short,A,retest,2.0,2.0,0.5280605190385348,False,True,False,True,False,False,False,False,BTC,1h>5m,2022-11-17 12:25:00+00:00,0.0002,1.8836482917323438,H1,1
12311,12346,short,A,retest,3.0,-1.0,0.5280605190385348,False,True,False,True,False,False,False,False,BTC,1h>5m,2022-11-17 12:25:00+00:00,0.0002,-1.116951708267656,H1,1
12311,12346,short,A,retest,5.0,-1.0,0.5280605190385348,False,True,False,True,False,False,False,False,BTC,1h>5m,2022-11-17 12:25:00+00:00,0.0002,-1.116951708267656,H1,1
12573,12624,long,V,mss,2.0,-1.0,1.16397182506308,True,False,False,True,False,False,False,True,BTC,1h>5m,2022-11-18 10:15:00+00:00,0.0002,-1.0564373679440977,H1,1
12573,12624,long,V,mss,3.0,-1.0,1.16397182506308,True,False,False,True,False,False,False,True,BTC,1h>5m,2022-11-18 10:15:00+00:00,0.0002,-1.0564373679440977,H1,1
12573,12624,long,V,mss,5.0,-1.0,1.16397182506308,True,False,False,True,False,False,False,True,BTC,1h>5m,2022-11-18 10:15:00+00:00,0.0002,-1.0564373679440977,H1,1
12574,12624,long,V,retest,2.0,-1.0,1.0798815531258805,True,False,False,True,False,False,False,False,BTC,1h>5m,2022-11-18 10:20:00+00:00,0.0002,-1.0608165663383686,H1,1
12574,12624,long,V,retest,3.0,-1.0,1.0798815531258805,True,False,False,True,False,False,False,False,BTC,1h>5m,2022-11-18 10:20:00+00:00,0.0002,-1.0608165663383686,H1,1
12574,12624,long,V,retest,5.0,-1.0,1.0798815531258805,True,False,False,True,False,False,False,False,BTC,1h>5m,2022-11-18 10:20:00+00:00,0.0002,-1.0608165663383686,H1,1
12945,12996,short,A,mss,2.0,-1.0,1.0875216788068178,False,True,True,False,False,True,False,True,BTC,1h>5m,2022-11-19 17:15:00+00:00,0.0002,-1.14875170676086,H1,2
12945,12996,short,A,mss,3.0,-1.0,1.0875216788068178,False,True,True,False,False,True,False,True,BTC,1h>5m,2022-11-19 17:15:00+00:00,0.0002,-1.14875170676086,H1,2
12945,12996,short,A,mss,5.0,-1.0,1.0875216788068178,False,True,True,False,False,True,False,True,BTC,1h>5m,2022-11-19 17:15:00+00:00,0.0002,-1.14875170676086,H1,2
12962,12996,short,A,retest,2.0,-1.0,0.8619580298300358,False,False,False,False,False,True,False,True,BTC,1h>5m,2022-11-19 18:40:00+00:00,0.0002,-1.1877305077413718,H1,1
12962,12996,short,A,retest,3.0,-1.0,0.8619580298300358,False,False,False,False,False,True,False,True,BTC,1h>5m,2022-11-19 18:40:00+00:00,0.0002,-1.1877305077413718,H1,1
12962,12996,short,A,retest,5.0,-1.0,0.8619580298300358,False,False,False,False,False,True,False,True,BTC,1h>5m,2022-11-19 18:40:00+00:00,0.0002,-1.1877305077413718,H1,1
13470,13510,long,V,mss,2.0,-1.0,0.6773735247006238,False,True,True,False,False,False,False,False,BTC,1h>5m,2022-11-21 13:00:00+00:00,0.0002,-1.0603050546326378,H1,1
13470,13510,long,V,mss,3.0,-1.0,0.6773735247006238,False,True,True,False,False,False,False,False,BTC,1h>5m,2022-11-21 13:00:00+00:00,0.0002,-1.0603050546326378,H1,1
13470,13510,long,V,mss,5.0,-1.0,0.6773735247006238,False,True,True,False,False,False,False,False,BTC,1h>5m,2022-11-21 13:00:00+00:00,0.0002,-1.0603050546326378,H1,1
13503,13510,long,V,retest,2.0,-1.0,0.6137830737048495,False,True,True,False,False,False,False,True,BTC,1h>5m,2022-11-21 15:45:00+00:00,0.0002,-1.0665321855115402,H1,1
13503,13510,long,V,retest,3.0,-1.0,0.6137830737048495,False,True,True,False,False,False,False,True,BTC,1h>5m,2022-11-21 15:45:00+00:00,0.0002,-1.0665321855115402,H1,1
13503,13510,long,V,retest,5.0,-1.0,0.6137830737048495,False,True,True,False,False,False,False,True,BTC,1h>5m,2022-11-21 15:45:00+00:00,0.0002,-1.0665321855115402,H1,1
13857,13876,short,A,mss,2.0,-1.0,0.9314954733580468,True,False,False,False,False,False,False,True,BTC,1h>5m,2022-11-22 21:15:00+00:00,0.0002,-1.0436027793021516,H1,1
13857,13876,short,A,mss,3.0,-1.0,0.9314954733580468,True,False,False,False,False,False,False,True,BTC,1h>5m,2022-11-22 21:15:00+00:00,0.0002,-1.0436027793021516,H1,1
13857,13876,short,A,mss,5.0,-1.0,0.9314954733580468,True,False,False,False,False,False,False,True,BTC,1h>5m,2022-11-22 21:15:00+00:00,0.0002,-1.0436027793021516,H1,1
13858,13876,short,A,retest,2.0,-1.0,0.929737728293865,True,False,False,False,False,False,False,False,BTC,1h>5m,2022-11-22 21:20:00+00:00,0.0002,-1.0436855920317771,H1,1
13858,13876,short,A,retest,3.0,-1.0,0.929737728293865,True,False,False,False,False,False,False,False,BTC,1h>5m,2022-11-22 21:20:00+00:00,0.0002,-1.0436855920317771,H1,1
13858,13876,short,A,retest,5.0,-1.0,0.929737728293865,True,False,False,False,False,False,False,False,BTC,1h>5m,2022-11-22 21:20:00+00:00,0.0002,-1.0436855920317771,H1,1
14123,14199,short,A,mss,2.0,-1.0,2.2792232723813335,True,False,False,False,False,False,False,False,BTC,1h>5m,2022-11-23 19:25:00+00:00,0.0002,-1.0230541039929317,H1,1
14123,14199,short,A,mss,3.0,-1.0,2.2792232723813335,True,False,False,False,False,False,False,False,BTC,1h>5m,2022-11-23 19:25:00+00:00,0.0002,-1.0230541039929317,H1,1
14123,14199,short,A,mss,5.0,-1.0,2.2792232723813335,True,False,False,False,False,False,False,False,BTC,1h>5m,2022-11-23 19:25:00+00:00,0.0002,-1.0230541039929317,H1,1
14124,14199,short,A,retest,2.0,-1.0,2.165217145089962,True,False,False,False,False,False,False,False,BTC,1h>5m,2022-11-23 19:30:00+00:00,0.0002,-1.0242785125220608,H1,1
14124,14199,short,A,retest,3.0,-1.0,2.165217145089962,True,False,False,False,False,False,False,False,BTC,1h>5m,2022-11-23 19:30:00+00:00,0.0002,-1.0242785125220608,H1,1
14124,14199,short,A,retest,5.0,-1.0,2.165217145089962,True,False,False,False,False,False,False,False,BTC,1h>5m,2022-11-23 19:30:00+00:00,0.0002,-1.0242785125220608,H1,1
14468,14525,short,A,mss,2.0,2.0,1.057278154354349,False,False,False,False,False,False,False,True,BTC,1h>5m,2022-11-25 00:10:00+00:00,0.0002,1.9249774371149146,H1,0
14468,14710,short,A,mss,3.0,-1.0,1.057278154354349,False,False,False,False,False,False,False,True,BTC,1h>5m,2022-11-25 00:10:00+00:00,0.0002,-1.0756225628850853,H1,0
14468,14710,short,A,mss,5.0,-1.0,1.057278154354349,False,False,False,False,False,False,False,True,BTC,1h>5m,2022-11-25 00:10:00+00:00,0.0002,-1.0756225628850853,H1,0
14469,14522,short,A,retest,2.0,2.0,0.9403425317414152,False,False,False,False,False,False,False,False,BTC,1h>5m,2022-11-25 00:15:00+00:00,0.0002,1.9155485765669862,H1,0
14469,14710,short,A,retest,3.0,-1.0,0.9403425317414152,False,False,False,False,False,False,False,False,BTC,1h>5m,2022-11-25 00:15:00+00:00,0.0002,-1.0850514234330138,H1,0
14469,14710,short,A,retest,5.0,-1.0,0.9403425317414152,False,False,False,False,False,False,False,False,BTC,1h>5m,2022-11-25 00:15:00+00:00,0.0002,-1.0850514234330138,H1,0
15225,15318,long,V,mss,2.0,-1.0,0.7876496803496945,False,True,False,False,False,False,False,False,BTC,1h>5m,2022-11-27 15:15:00+00:00,0.0002,-1.1674198774381308,H1,1
15225,15318,long,V,mss,3.0,-1.0,0.7876496803496945,False,True,False,False,False,False,False,False,BTC,1h>5m,2022-11-27 15:15:00+00:00,0.0002,-1.1674198774381308,H1,1
15225,15318,long,V,mss,5.0,-1.0,0.7876496803496945,False,True,False,False,False,False,False,False,BTC,1h>5m,2022-11-27 15:15:00+00:00,0.0002,-1.1674198774381308,H1,1
15226,15318,long,V,retest,2.0,-1.0,0.7657226659831852,False,True,False,False,False,False,False,False,BTC,1h>5m,2022-11-27 15:20:00+00:00,0.0002,-1.1722083378270418,H1,1
15226,15318,long,V,retest,3.0,-1.0,0.7657226659831852,False,True,False,False,False,False,False,False,BTC,1h>5m,2022-11-27 15:20:00+00:00,0.0002,-1.1722083378270418,H1,1
15226,15318,long,V,retest,5.0,-1.0,0.7657226659831852,False,True,False,False,False,False,False,False,BTC,1h>5m,2022-11-27 15:20:00+00:00,0.0002,-1.1722083378270418,H1,1
15530,15818,long,V,mss,2.0,0.8665743292555633,2.757101703298134,True,True,False,False,False,False,False,False,BTC,1h>5m,2022-11-28 16:40:00+00:00,0.0002,0.8378194825643048,H1,2
15530,15818,long,V,mss,3.0,0.8665743292555633,2.757101703298134,True,True,False,False,False,False,False,False,BTC,1h>5m,2022-11-28 16:40:00+00:00,0.0002,0.8378194825643048,H1,2
15530,15818,long,V,mss,5.0,0.8665743292555633,2.757101703298134,True,True,False,False,False,False,False,False,BTC,1h>5m,2022-11-28 16:40:00+00:00,0.0002,0.8378194825643048,H1,2
15532,15819,long,V,retest,2.0,1.206301418267393,2.3033805652207824,True,True,False,False,False,False,False,False,BTC,1h>5m,2022-11-28 16:50:00+00:00,0.0002,1.171927412917388,H1,2
15532,15819,long,V,retest,3.0,1.206301418267393,2.3033805652207824,True,True,False,False,False,False,False,False,BTC,1h>5m,2022-11-28 16:50:00+00:00,0.0002,1.171927412917388,H1,2
15532,15819,long,V,retest,5.0,1.206301418267393,2.3033805652207824,True,True,False,False,False,False,False,False,BTC,1h>5m,2022-11-28 16:50:00+00:00,0.0002,1.171927412917388,H1,2
15482,15504,short,A,mss,2.0,-1.0,0.5572686789416649,False,True,False,False,False,True,False,False,BTC,1h>5m,2022-11-28 12:40:00+00:00,0.0002,-1.1149791037102086,H1,2
15482,15504,short,A,mss,3.0,-1.0,0.5572686789416649,False,True,False,False,False,True,False,False,BTC,1h>5m,2022-11-28 12:40:00+00:00,0.0002,-1.1149791037102086,H1,2
15482,15504,short,A,mss,5.0,-1.0,0.5572686789416649,False,True,False,False,False,True,False,False,BTC,1h>5m,2022-11-28 12:40:00+00:00,0.0002,-1.1149791037102086,H1,2
15493,15504,short,A,retest,2.0,-1.0,0.4044214062400619,False,True,False,False,False,True,False,True,BTC,1h>5m,2022-11-28 13:35:00+00:00,0.0002,-1.1585099643488523,H1,2
15493,15504,short,A,retest,3.0,-1.0,0.4044214062400619,False,True,False,False,False,True,False,True,BTC,1h>5m,2022-11-28 13:35:00+00:00,0.0002,-1.1585099643488523,H1,2
15493,15504,short,A,retest,5.0,-1.0,0.4044214062400619,False,True,False,False,False,True,False,True,BTC,1h>5m,2022-11-28 13:35:00+00:00,0.0002,-1.1585099643488523,H1,2
15896,15913,short,A,mss,2.0,-1.0,0.881614789772283,False,False,False,False,False,False,False,False,BTC,1h>5m,2022-11-29 23:10:00+00:00,0.0002,-1.1017968855062104,H1,0
15896,15913,short,A,mss,3.0,-1.0,0.881614789772283,False,False,False,False,False,False,False,False,BTC,1h>5m,2022-11-29 23:10:00+00:00,0.0002,-1.1017968855062104,H1,0
15896,15913,short,A,mss,5.0,-1.0,0.881614789772283,False,False,False,False,False,False,False,False,BTC,1h>5m,2022-11-29 23:10:00+00:00,0.0002,-1.1017968855062104,H1,0
15897,15913,short,A,retest,2.0,-1.0,0.8696461879225761,False,False,True,False,False,False,True,False,BTC,1h>5m,2022-11-29 23:15:00+00:00,0.0002,-1.1032006289244964,H1,1
15897,15913,short,A,retest,3.0,-1.0,0.8696461879225761,False,False,True,False,False,False,True,False,BTC,1h>5m,2022-11-29 23:15:00+00:00,0.0002,-1.1032006289244964,H1,1
15897,15913,short,A,retest,5.0,-1.0,0.8696461879225761,False,False,True,False,False,False,True,False,BTC,1h>5m,2022-11-29 23:15:00+00:00,0.0002,-1.1032006289244964,H1,1
17256,17274,short,A,mss,2.0,-1.0,1.5241461423322886,True,True,False,False,False,False,False,False,BTC,1h>5m,2022-12-04 16:30:00+00:00,0.0002,-1.0853039313629647,H1,2
17256,17274,short,A,mss,3.0,-1.0,1.5241461423322886,True,True,False,False,False,False,False,False,BTC,1h>5m,2022-12-04 16:30:00+00:00,0.0002,-1.0853039313629647,H1,2
17256,17274,short,A,mss,5.0,-1.0,1.5241461423322886,True,True,False,False,False,False,False,False,BTC,1h>5m,2022-12-04 16:30:00+00:00,0.0002,-1.0853039313629647,H1,2
17257,17274,short,A,retest,2.0,-1.0,1.489284256361375,True,True,False,False,False,False,False,False,BTC,1h>5m,2022-12-04 16:35:00+00:00,0.0002,-1.0873054487311287,H1,2
17257,17274,short,A,retest,3.0,-1.0,1.489284256361375,True,True,False,False,False,False,False,False,BTC,1h>5m,2022-12-04 16:35:00+00:00,0.0002,-1.0873054487311287,H1,2
17257,17274,short,A,retest,5.0,-1.0,1.489284256361375,True,True,False,False,False,False,False,False,BTC,1h>5m,2022-12-04 16:35:00+00:00,0.0002,-1.0873054487311287,H1,2
18650,18938,short,A,mss,2.0,0.4976330582859396,2.668004220970569,True,True,False,False,False,False,False,False,BTC,1h>5m,2022-12-09 12:40:00+00:00,0.0002,0.44818979092014904,H1,2
18650,18938,short,A,mss,3.0,0.4976330582859396,2.668004220970569,True,True,False,False,False,False,False,False,BTC,1h>5m,2022-12-09 12:40:00+00:00,0.0002,0.44818979092014904,H1,2
18650,18938,short,A,mss,5.0,0.4976330582859396,2.668004220970569,True,True,False,False,False,False,False,False,BTC,1h>5m,2022-12-09 12:40:00+00:00,0.0002,0.44818979092014904,H1,2
18651,18938,short,A,retest,2.0,0.5575570698685021,2.5653578917074857,True,True,True,False,False,False,False,False,BTC,1h>5m,2022-12-09 12:45:00+00:00,0.0002,0.5061274523001935,H1,2
18651,18938,short,A,retest,3.0,0.5575570698685021,2.5653578917074857,True,True,True,False,False,False,False,False,BTC,1h>5m,2022-12-09 12:45:00+00:00,0.0002,0.5061274523001935,H1,2
18651,18938,short,A,retest,5.0,0.5575570698685021,2.5653578917074857,True,True,True,False,False,False,False,False,BTC,1h>5m,2022-12-09 12:45:00+00:00,0.0002,0.5061274523001935,H1,2
17629,17770,long,V,mss,2.0,-1.0,0.8149859486308193,True,False,True,False,False,False,False,False,BTC,1h>5m,2022-12-05 23:35:00+00:00,0.0002,-1.0951536058251323,H1,1
17629,17770,long,V,mss,3.0,-1.0,0.8149859486308193,True,False,True,False,False,False,False,False,BTC,1h>5m,2022-12-05 23:35:00+00:00,0.0002,-1.0951536058251323,H1,1
17629,17770,long,V,mss,5.0,-1.0,0.8149859486308193,True,False,True,False,False,False,False,False,BTC,1h>5m,2022-12-05 23:35:00+00:00,0.0002,-1.0951536058251323,H1,1
17631,17648,long,V,retest,2.0,2.0,0.6811711652833176,True,False,False,False,False,False,False,False,BTC,1h>5m,2022-12-05 23:45:00+00:00,0.0002,1.8855929384222754,H1,1
17631,17770,long,V,retest,3.0,-1.0,0.6811711652833176,True,False,False,False,False,False,False,False,BTC,1h>5m,2022-12-05 23:45:00+00:00,0.0002,-1.1138070615777247,H1,1
17631,17770,long,V,retest,5.0,-1.0,0.6811711652833176,True,False,False,False,False,False,False,False,BTC,1h>5m,2022-12-05 23:45:00+00:00,0.0002,-1.1138070615777247,H1,1
18351,18431,long,V,mss,2.0,2.0,2.1392976918523896,True,False,False,True,False,False,False,False,BTC,1h>5m,2022-12-08 11:45:00+00:00,0.0002,1.932736047748047,H1,1
18351,18433,long,V,mss,3.0,3.0,2.1392976918523896,True,False,False,True,False,False,False,False,BTC,1h>5m,2022-12-08 11:45:00+00:00,0.0002,2.932536047748047,H1,1
18351,18639,long,V,mss,5.0,4.111317533178354,2.1392976918523896,True,False,False,True,False,False,False,False,BTC,1h>5m,2022-12-08 11:45:00+00:00,0.0002,4.043631317419765,H1,1
18352,18431,long,V,retest,2.0,2.0,2.1257007147517752,True,False,False,True,False,False,False,False,BTC,1h>5m,2022-12-08 11:50:00+00:00,0.0002,1.9323109131886451,H1,1
18352,18433,long,V,retest,3.0,3.0,2.1257007147517752,True,False,False,True,False,False,False,False,BTC,1h>5m,2022-12-08 11:50:00+00:00,0.0002,2.9321109131886454,H1,1
18352,18639,long,V,retest,5.0,4.144011913422146,2.1257007147517752,True,False,False,True,False,False,False,False,BTC,1h>5m,2022-12-08 11:50:00+00:00,0.0002,4.0758940242281065,H1,1
18242,18282,long,V,mss,2.0,-1.0,1.6580184783730758,False,False,False,False,False,False,False,True,BTC,1h>5m,2022-12-08 02:40:00+00:00,0.0002,-1.0733239435348167,H1,0
18242,18282,long,V,mss,3.0,-1.0,1.6580184783730758,False,False,False,False,False,False,False,True,BTC,1h>5m,2022-12-08 02:40:00+00:00,0.0002,-1.0733239435348167,H1,0
18242,18282,long,V,mss,5.0,-1.0,1.6580184783730758,False,False,False,False,False,False,False,True,BTC,1h>5m,2022-12-08 02:40:00+00:00,0.0002,-1.0733239435348167,H1,0
18243,18282,long,V,retest,2.0,-1.0,1.2538943945494183,False,False,False,False,False,False,False,False,BTC,1h>5m,2022-12-08 02:45:00+00:00,0.0002,-1.096891435992744,H1,0
18243,18282,long,V,retest,3.0,-1.0,1.2538943945494183,False,False,False,False,False,False,False,False,BTC,1h>5m,2022-12-08 02:45:00+00:00,0.0002,-1.096891435992744,H1,0
18243,18282,long,V,retest,5.0,-1.0,1.2538943945494183,False,False,False,False,False,False,False,False,BTC,1h>5m,2022-12-08 02:45:00+00:00,0.0002,-1.096891435992744,H1,0
18326,18351,short,A,mss,2.0,-1.0,1.132095334471193,False,False,False,True,False,False,False,False,BTC,1h>5m,2022-12-08 09:40:00+00:00,0.0002,-1.1256707243955986,H1,0
18326,18351,short,A,mss,3.0,-1.0,1.132095334471193,False,False,False,True,False,False,False,False,BTC,1h>5m,2022-12-08 09:40:00+00:00,0.0002,-1.1256707243955986,H1,0
18326,18351,short,A,mss,5.0,-1.0,1.132095334471193,False,False,False,True,False,False,False,False,BTC,1h>5m,2022-12-08 09:40:00+00:00,0.0002,-1.1256707243955986,H1,0
18327,18351,short,A,retest,2.0,-1.0,1.0048014620369219,False,False,True,True,False,False,False,False,BTC,1h>5m,2022-12-08 09:45:00+00:00,0.0002,-1.1416167321790085,H1,0
18327,18351,short,A,retest,3.0,-1.0,1.0048014620369219,False,False,True,True,False,False,False,False,BTC,1h>5m,2022-12-08 09:45:00+00:00,0.0002,-1.1416167321790085,H1,0
18327,18351,short,A,retest,5.0,-1.0,1.0048014620369219,False,False,True,True,False,False,False,False,BTC,1h>5m,2022-12-08 09:45:00+00:00,0.0002,-1.1416167321790085,H1,0
18503,18515,short,A,mss,2.0,-1.0,0.9176875513078092,True,False,False,False,False,False,False,False,BTC,1h>5m,2022-12-09 00:25:00+00:00,0.0002,-1.0792276065714785,H1,1
18503,18515,short,A,mss,3.0,-1.0,0.9176875513078092,True,False,False,False,False,False,False,False,BTC,1h>5m,2022-12-09 00:25:00+00:00,0.0002,-1.0792276065714785,H1,1
18503,18515,short,A,mss,5.0,-1.0,0.9176875513078092,True,False,False,False,False,False,False,False,BTC,1h>5m,2022-12-09 00:25:00+00:00,0.0002,-1.0792276065714785,H1,1
18504,18515,short,A,retest,2.0,-1.0,0.8508386241592807,True,False,False,False,False,False,False,False,BTC,1h>5m,2022-12-09 00:30:00+00:00,0.0002,-1.0854680969941193,H1,1
18504,18515,short,A,retest,3.0,-1.0,0.8508386241592807,True,False,False,False,False,False,False,False,BTC,1h>5m,2022-12-09 00:30:00+00:00,0.0002,-1.0854680969941193,H1,1
18504,18515,short,A,retest,5.0,-1.0,0.8508386241592807,True,False,False,False,False,False,False,False,BTC,1h>5m,2022-12-09 00:30:00+00:00,0.0002,-1.0854680969941193,H1,1
19091,19318,long,V,mss,2.0,-1.0,1.5379876723554524,True,False,False,False,False,False,True,True,BTC,1h>5m,2022-12-11 01:25:00+00:00,0.0002,-1.1110615789485865,H1,2
19091,19318,long,V,mss,3.0,-1.0,1.5379876723554524,True,False,False,False,False,False,True,True,BTC,1h>5m,2022-12-11 01:25:00+00:00,0.0002,-1.1110615789485865,H1,2
19091,19318,long,V,mss,5.0,-1.0,1.5379876723554524,True,False,False,False,False,False,True,True,BTC,1h>5m,2022-12-11 01:25:00+00:00,0.0002,-1.1110615789485865,H1,2
19092,19302,long,V,retest,2.0,2.0,1.4584280471728863,True,False,False,False,False,False,False,False,BTC,1h>5m,2022-12-11 01:30:00+00:00,0.0002,1.8822907413695846,H1,1
19092,19318,long,V,retest,3.0,-1.0,1.4584280471728863,True,False,False,False,False,False,False,False,BTC,1h>5m,2022-12-11 01:30:00+00:00,0.0002,-1.1171092586304154,H1,1
19092,19318,long,V,retest,5.0,-1.0,1.4584280471728863,True,False,False,False,False,False,False,False,BTC,1h>5m,2022-12-11 01:30:00+00:00,0.0002,-1.1171092586304154,H1,1
18906,18971,long,V,mss,2.0,2.0,1.025106633627118,True,False,True,True,False,False,False,False,BTC,1h>5m,2022-12-10 10:00:00+00:00,0.0002,1.8093367431409806,H1,1
18906,19071,long,V,mss,3.0,-1.0,1.025106633627118,True,False,True,True,False,False,False,False,BTC,1h>5m,2022-12-10 10:00:00+00:00,0.0002,-1.1900632568590195,H1,1
18906,19071,long,V,mss,5.0,-1.0,1.025106633627118,True,False,True,True,False,False,False,False,BTC,1h>5m,2022-12-10 10:00:00+00:00,0.0002,-1.1900632568590195,H1,1
18907,18971,long,V,retest,2.0,2.0,0.9821688264207616,True,False,True,True,False,False,False,False,BTC,1h>5m,2022-12-10 10:05:00+00:00,0.0002,1.801036426841702,H1,1
18907,19071,long,V,retest,3.0,-1.0,0.9821688264207616,True,False,True,True,False,False,False,False,BTC,1h>5m,2022-12-10 10:05:00+00:00,0.0002,-1.198363573158298,H1,1
18907,19071,long,V,retest,5.0,-1.0,0.9821688264207616,True,False,True,True,False,False,False,False,BTC,1h>5m,2022-12-10 10:05:00+00:00,0.0002,-1.198363573158298,H1,1
20687,20707,long,V,mss,2.0,-1.0,1.5160225397006235,True,True,True,False,False,False,False,False,BTC,1h>5m,2022-12-16 14:25:00+00:00,0.0002,-1.0445795795006567,H1,2
20687,20707,long,V,mss,3.0,-1.0,1.5160225397006235,True,True,True,False,False,False,False,False,BTC,1h>5m,2022-12-16 14:25:00+00:00,0.0002,-1.0445795795006567,H1,2
20687,20707,long,V,mss,5.0,-1.0,1.5160225397006235,True,True,True,False,False,False,False,False,BTC,1h>5m,2022-12-16 14:25:00+00:00,0.0002,-1.0445795795006567,H1,2
20688,20707,long,V,retest,2.0,-1.0,1.507356707837657,True,True,True,False,False,False,False,False,BTC,1h>5m,2022-12-16 14:30:00+00:00,0.0002,-1.0448347188264064,H1,2
20688,20707,long,V,retest,3.0,-1.0,1.507356707837657,True,True,True,False,False,False,False,False,BTC,1h>5m,2022-12-16 14:30:00+00:00,0.0002,-1.0448347188264064,H1,2
20688,20707,long,V,retest,5.0,-1.0,1.507356707837657,True,True,True,False,False,False,False,False,BTC,1h>5m,2022-12-16 14:30:00+00:00,0.0002,-1.0448347188264064,H1,2
19533,19648,long,V,mss,2.0,2.0,1.9324068471229934,False,True,True,False,False,False,False,True,BTC,1h>5m,2022-12-12 14:15:00+00:00,0.0002,1.9332709603478717,H1,1
19533,19769,long,V,mss,3.0,3.0,1.9324068471229934,False,True,True,False,False,False,False,True,BTC,1h>5m,2022-12-12 14:15:00+00:00,0.0002,2.9330709603478717,H1,1
19533,19809,long,V,mss,5.0,5.0,1.9324068471229934,False,True,True,False,False,False,False,True,BTC,1h>5m,2022-12-12 14:15:00+00:00,0.0002,4.932670960347871,H1,1
19534,19615,long,V,retest,2.0,2.0,1.7183602942164808,False,True,True,False,False,False,False,False,BTC,1h>5m,2022-12-12 14:20:00+00:00,0.0002,1.925058547781385,H1,1
19534,19769,long,V,retest,3.0,3.0,1.7183602942164808,False,True,True,False,False,False,False,False,BTC,1h>5m,2022-12-12 14:20:00+00:00,0.0002,2.924858547781385,H1,1
19534,19769,long,V,retest,5.0,5.0,1.7183602942164808,False,True,True,False,False,False,False,False,BTC,1h>5m,2022-12-12 14:20:00+00:00,0.0002,4.924458547781385,H1,1
28029,28220,short,A,mss,2.0,-1.0,1.2227308290128043,False,False,True,False,False,False,False,True,BTC,1h>5m,2023-01-11 02:15:00+00:00,0.0002,-1.0834653392735587,H1,0
28029,28220,short,A,mss,3.0,-1.0,1.2227308290128043,False,False,True,False,False,False,False,True,BTC,1h>5m,2023-01-11 02:15:00+00:00,0.0002,-1.0834653392735587,H1,0
28029,28220,short,A,mss,5.0,-1.0,1.2227308290128043,False,False,True,False,False,False,False,True,BTC,1h>5m,2023-01-11 02:15:00+00:00,0.0002,-1.0834653392735587,H1,0
28030,28220,short,A,retest,2.0,-1.0,1.218203440398073,False,False,True,False,False,False,False,False,BTC,1h>5m,2023-01-11 02:20:00+00:00,0.0002,-1.083776277079112,H1,0
28030,28220,short,A,retest,3.0,-1.0,1.218203440398073,False,False,True,False,False,False,False,False,BTC,1h>5m,2023-01-11 02:20:00+00:00,0.0002,-1.083776277079112,H1,0
28030,28220,short,A,retest,5.0,-1.0,1.218203440398073,False,False,True,False,False,False,False,False,BTC,1h>5m,2023-01-11 02:20:00+00:00,0.0002,-1.083776277079112,H1,0
21203,21306,short,A,mss,2.0,-1.0,1.8497248945148521,False,False,False,True,False,True,False,True,BTC,1h>5m,2022-12-18 09:25:00+00:00,0.0002,-1.085483752538862,H1,1
21203,21306,short,A,mss,3.0,-1.0,1.8497248945148521,False,False,False,True,False,True,False,True,BTC,1h>5m,2022-12-18 09:25:00+00:00,0.0002,-1.085483752538862,H1,1
21203,21306,short,A,mss,5.0,-1.0,1.8497248945148521,False,False,False,True,False,True,False,True,BTC,1h>5m,2022-12-18 09:25:00+00:00,0.0002,-1.085483752538862,H1,1
21244,21306,short,A,retest,2.0,-1.0,0.8013198312236446,False,True,True,True,False,True,True,True,BTC,1h>5m,2022-12-18 12:50:00+00:00,0.0002,-1.1975879043434645,H1,3
21244,21306,short,A,retest,3.0,-1.0,0.8013198312236446,False,True,True,True,False,True,True,True,BTC,1h>5m,2022-12-18 12:50:00+00:00,0.0002,-1.1975879043434645,H1,3
21244,21306,short,A,retest,5.0,-1.0,0.8013198312236446,False,True,True,True,False,True,True,True,BTC,1h>5m,2022-12-18 12:50:00+00:00,0.0002,-1.1975879043434645,H1,3
21845,22133,long,V,mss,2.0,-0.5382329403249079,1.8244845086889558,False,True,False,False,False,False,False,False,BTC,1h>5m,2022-12-20 14:55:00+00:00,0.0002,-0.5725875552429164,H1,1
21845,22133,long,V,mss,3.0,-0.5382329403249079,1.8244845086889558,False,True,False,False,False,False,False,False,BTC,1h>5m,2022-12-20 14:55:00+00:00,0.0002,-0.5725875552429164,H1,1
21845,22133,long,V,mss,5.0,-0.5382329403249079,1.8244845086889558,False,True,False,False,False,False,False,False,BTC,1h>5m,2022-12-20 14:55:00+00:00,0.0002,-0.5725875552429164,H1,1
21862,22149,long,V,retest,2.0,0.1662482187690993,0.959389116224689,False,True,False,False,False,False,False,False,BTC,1h>5m,2022-12-20 16:20:00+00:00,0.0002,0.10103826132476557,H1,1
21862,22149,long,V,retest,3.0,0.1662482187690993,0.959389116224689,False,True,False,False,False,False,False,False,BTC,1h>5m,2022-12-20 16:20:00+00:00,0.0002,0.10103826132476557,H1,1
21862,22149,long,V,retest,5.0,0.1662482187690993,0.959389116224689,False,True,False,False,False,False,False,False,BTC,1h>5m,2022-12-20 16:20:00+00:00,0.0002,0.10103826132476557,H1,1
21916,22204,short,A,mss,2.0,1.2323000919163323,0.7110299509479543,True,False,False,False,False,False,False,False,BTC,1h>5m,2022-12-20 20:50:00+00:00,0.0002,1.1380227007391044,H1,1
21916,22204,short,A,mss,3.0,1.2323000919163323,0.7110299509479543,True,False,False,False,False,False,False,False,BTC,1h>5m,2022-12-20 20:50:00+00:00,0.0002,1.1380227007391044,H1,1
21916,22204,short,A,mss,5.0,1.2323000919163323,0.7110299509479543,True,False,False,False,False,False,False,False,BTC,1h>5m,2022-12-20 20:50:00+00:00,0.0002,1.1380227007391044,H1,1
21917,22204,short,A,retest,2.0,1.3070031477844508,0.6880060941315554,True,False,False,False,False,False,False,False,BTC,1h>5m,2022-12-20 20:55:00+00:00,0.0002,1.2095641073930583,H1,1
21917,22204,short,A,retest,3.0,1.3070031477844508,0.6880060941315554,True,False,False,False,False,False,False,False,BTC,1h>5m,2022-12-20 20:55:00+00:00,0.0002,1.2095641073930583,H1,1
21917,22204,short,A,retest,5.0,1.3070031477844508,0.6880060941315554,True,False,False,False,False,False,False,False,BTC,1h>5m,2022-12-20 20:55:00+00:00,0.0002,1.2095641073930583,H1,1
22133,22421,short,A,mss,2.0,0.997622749703799,2.188073724663568,False,True,False,False,False,False,False,False,BTC,1h>5m,2022-12-21 14:55:00+00:00,0.0002,0.942570733916555,H1,1
22133,22421,short,A,mss,3.0,0.997622749703799,2.188073724663568,False,True,False,False,False,False,False,False,BTC,1h>5m,2022-12-21 14:55:00+00:00,0.0002,0.942570733916555,H1,1
22133,22421,short,A,mss,5.0,0.997622749703799,2.188073724663568,False,True,False,False,False,False,False,False,BTC,1h>5m,2022-12-21 14:55:00+00:00,0.0002,0.942570733916555,H1,1
22135,22416,short,A,retest,2.0,2.0,1.5782514813053607,False,True,False,False,False,False,False,False,BTC,1h>5m,2022-12-21 15:05:00+00:00,0.0002,1.923645202687132,H1,1
22135,22422,short,A,retest,3.0,1.987707738326425,1.5782514813053607,False,True,False,False,False,False,False,False,BTC,1h>5m,2022-12-21 15:05:00+00:00,0.0002,1.9113504825612222,H1,1
22135,22422,short,A,retest,5.0,1.987707738326425,1.5782514813053607,False,True,False,False,False,False,False,False,BTC,1h>5m,2022-12-21 15:05:00+00:00,0.0002,1.9113504825612222,H1,1
22141,22416,long,V,mss,2.0,-1.0,2.427812467296831,True,True,False,False,False,False,False,False,BTC,1h>5m,2022-12-21 15:35:00+00:00,0.0002,-1.0450407331043048,H1,2
22141,22416,long,V,mss,3.0,-1.0,2.427812467296831,True,True,False,False,False,False,False,False,BTC,1h>5m,2022-12-21 15:35:00+00:00,0.0002,-1.0450407331043048,H1,2
22141,22416,long,V,mss,5.0,-1.0,2.427812467296831,True,True,False,False,False,False,False,False,BTC,1h>5m,2022-12-21 15:35:00+00:00,0.0002,-1.0450407331043048,H1,2
22142,22416,long,V,retest,2.0,-1.0,2.1942105324356347,True,True,False,False,False,False,False,False,BTC,1h>5m,2022-12-21 15:40:00+00:00,0.0002,-1.04981460592048,H1,2
22142,22416,long,V,retest,3.0,-1.0,2.1942105324356347,True,True,False,False,False,False,False,False,BTC,1h>5m,2022-12-21 15:40:00+00:00,0.0002,-1.04981460592048,H1,2
22142,22416,long,V,retest,5.0,-1.0,2.1942105324356347,True,True,False,False,False,False,False,False,BTC,1h>5m,2022-12-21 15:40:00+00:00,0.0002,-1.04981460592048,H1,2
22373,22416,short,A,mss,2.0,2.0,1.0436290956960068,True,False,False,True,False,False,False,True,BTC,1h>5m,2022-12-22 10:55:00+00:00,0.0002,1.855482178231529,H1,1
22373,22416,short,A,mss,3.0,3.0,1.0436290956960068,True,False,False,True,False,False,False,True,BTC,1h>5m,2022-12-22 10:55:00+00:00,0.0002,2.855682178231529,H1,1
22373,22453,short,A,mss,5.0,5.0,1.0436290956960068,True,False,False,True,False,False,False,True,BTC,1h>5m,2022-12-22 10:55:00+00:00,0.0002,4.856082178231529,H1,1
22374,22416,short,A,retest,2.0,2.0,1.0355380392030815,True,False,False,True,False,False,False,False,BTC,1h>5m,2022-12-22 11:00:00+00:00,0.0002,1.8543467542675165,H1,1
22374,22416,short,A,retest,3.0,3.0,1.0355380392030815,True,False,False,True,False,False,False,False,BTC,1h>5m,2022-12-22 11:00:00+00:00,0.0002,2.8545467542675165,H1,1
22374,22452,short,A,retest,5.0,5.0,1.0355380392030815,True,False,False,True,False,False,False,False,BTC,1h>5m,2022-12-22 11:00:00+00:00,0.0002,4.854946754267517,H1,1
22997,23077,long,V,mss,2.0,2.0,0.7047788610992864,False,True,False,False,False,False,False,False,BTC,1h>5m,2022-12-24 14:55:00+00:00,0.0002,1.6216257111465517,H1,1
22997,23087,long,V,mss,3.0,-1.0,0.7047788610992864,False,True,False,False,False,False,False,False,BTC,1h>5m,2022-12-24 14:55:00+00:00,0.0002,-1.377774288853448,H1,1
22997,23087,long,V,mss,5.0,-1.0,0.7047788610992864,False,True,False,False,False,False,False,False,BTC,1h>5m,2022-12-24 14:55:00+00:00,0.0002,-1.377774288853448,H1,1
23011,23048,long,V,retest,2.0,2.0,0.6197145683198031,False,True,True,False,False,False,False,True,BTC,1h>5m,2022-12-24 16:05:00+00:00,0.0002,1.5697984805230814,H1,1
23011,23087,long,V,retest,3.0,-1.0,0.6197145683198031,False,True,True,False,False,False,False,True,BTC,1h>5m,2022-12-24 16:05:00+00:00,0.0002,-1.4296015194769187,H1,1
23011,23087,long,V,retest,5.0,-1.0,0.6197145683198031,False,True,True,False,False,False,False,True,BTC,1h>5m,2022-12-24 16:05:00+00:00,0.0002,-1.4296015194769187,H1,1
24314,24602,long,V,mss,2.0,0.4797703417960187,1.040530953625551,False,False,False,False,False,False,False,True,BTC,1h>5m,2022-12-29 04:40:00+00:00,0.0002,0.39644322598010223,H1,0
24314,24602,long,V,mss,3.0,0.4797703417960187,1.040530953625551,False,False,False,False,False,False,False,True,BTC,1h>5m,2022-12-29 04:40:00+00:00,0.0002,0.39644322598010223,H1,0
24314,24602,long,V,mss,5.0,0.4797703417960187,1.040530953625551,False,False,False,False,False,False,False,True,BTC,1h>5m,2022-12-29 04:40:00+00:00,0.0002,0.39644322598010223,H1,0
24315,24602,long,V,retest,2.0,0.4906287841818783,1.0329512359047184,False,False,False,False,False,False,False,False,BTC,1h>5m,2022-12-29 04:45:00+00:00,0.0002,0.40669168790325416,H1,0
24315,24602,long,V,retest,3.0,0.4906287841818783,1.0329512359047184,False,False,False,False,False,False,False,False,BTC,1h>5m,2022-12-29 04:45:00+00:00,0.0002,0.40669168790325416,H1,0
24315,24602,long,V,retest,5.0,0.4906287841818783,1.0329512359047184,False,False,False,False,False,False,False,False,BTC,1h>5m,2022-12-29 04:45:00+00:00,0.0002,0.40669168790325416,H1,0
24347,24370,short,A,mss,2.0,-1.0,0.8892294302737394,False,False,False,False,False,True,False,True,BTC,1h>5m,2022-12-29 07:25:00+00:00,0.0002,-1.1396473958811846,H1,1
24347,24370,short,A,mss,3.0,-1.0,0.8892294302737394,False,False,False,False,False,True,False,True,BTC,1h>5m,2022-12-29 07:25:00+00:00,0.0002,-1.1396473958811846,H1,1
24347,24370,short,A,mss,5.0,-1.0,0.8892294302737394,False,False,False,False,False,True,False,True,BTC,1h>5m,2022-12-29 07:25:00+00:00,0.0002,-1.1396473958811846,H1,1
24348,24370,short,A,retest,2.0,-1.0,0.844990292562074,False,False,False,False,False,True,False,False,BTC,1h>5m,2022-12-29 07:30:00+00:00,0.0002,-1.1469690518332867,H1,1
24348,24370,short,A,retest,3.0,-1.0,0.844990292562074,False,False,False,False,False,True,False,False,BTC,1h>5m,2022-12-29 07:30:00+00:00,0.0002,-1.1469690518332867,H1,1
24348,24370,short,A,retest,5.0,-1.0,0.844990292562074,False,False,False,False,False,True,False,False,BTC,1h>5m,2022-12-29 07:30:00+00:00,0.0002,-1.1469690518332867,H1,1
26586,26724,short,A,mss,2.0,2.0,1.541469468244291,False,False,False,False,False,False,False,True,BTC,1h>5m,2023-01-06 02:00:00+00:00,0.0002,1.8965910639489907,H1,0
26586,26797,short,A,mss,3.0,-1.0,1.541469468244291,False,False,False,False,False,False,False,True,BTC,1h>5m,2023-01-06 02:00:00+00:00,0.0002,-1.1040089360510092,H1,0
26586,26797,short,A,mss,5.0,-1.0,1.541469468244291,False,False,False,False,False,False,False,True,BTC,1h>5m,2023-01-06 02:00:00+00:00,0.0002,-1.1040089360510092,H1,0
26587,26695,short,A,retest,2.0,2.0,1.1352067183463008,False,False,False,False,False,False,False,False,BTC,1h>5m,2023-01-06 02:05:00+00:00,0.0002,1.8592972316981566,H1,0
26587,26724,short,A,retest,3.0,3.0,1.1352067183463008,False,False,False,False,False,False,False,False,BTC,1h>5m,2023-01-06 02:05:00+00:00,0.0002,2.8594972316981564,H1,0
26587,26797,short,A,retest,5.0,-1.0,1.1352067183463008,False,False,False,False,False,False,False,False,BTC,1h>5m,2023-01-06 02:05:00+00:00,0.0002,-1.1413027683018435,H1,0
28149,28219,short,A,mss,2.0,-1.0,1.3660239621903267,False,True,False,True,False,False,False,True,BTC,1h>5m,2023-01-11 12:15:00+00:00,0.0002,-1.1076169370806728,H1,1
28149,28219,short,A,mss,3.0,-1.0,1.3660239621903267,False,True,False,True,False,False,False,True,BTC,1h>5m,2023-01-11 12:15:00+00:00,0.0002,-1.1076169370806728,H1,1
28149,28219,short,A,mss,5.0,-1.0,1.3660239621903267,False,True,False,True,False,False,False,True,BTC,1h>5m,2023-01-11 12:15:00+00:00,0.0002,-1.1076169370806728,H1,1
28150,28219,short,A,retest,2.0,-1.0,1.3607558927120162,False,True,False,True,False,False,False,False,BTC,1h>5m,2023-01-11 12:20:00+00:00,0.0002,-1.1080343426701116,H1,1
28150,28219,short,A,retest,3.0,-1.0,1.3607558927120162,False,True,False,True,False,False,False,False,BTC,1h>5m,2023-01-11 12:20:00+00:00,0.0002,-1.1080343426701116,H1,1
28150,28219,short,A,retest,5.0,-1.0,1.3607558927120162,False,True,False,True,False,False,False,False,BTC,1h>5m,2023-01-11 12:20:00+00:00,0.0002,-1.1080343426701116,H1,1
28084,28167,long,V,mss,2.0,-1.0,0.8377514563990607,False,False,True,True,False,False,False,False,BTC,1h>5m,2023-01-11 06:50:00+00:00,0.0002,-1.1324393248248277,H1,0
28084,28167,long,V,mss,3.0,-1.0,0.8377514563990607,False,False,True,True,False,False,False,False,BTC,1h>5m,2023-01-11 06:50:00+00:00,0.0002,-1.1324393248248277,H1,0
28084,28167,long,V,mss,5.0,-1.0,0.8377514563990607,False,False,True,True,False,False,False,False,BTC,1h>5m,2023-01-11 06:50:00+00:00,0.0002,-1.1324393248248277,H1,0
28085,28167,long,V,retest,2.0,-1.0,0.7968129892590692,False,False,True,True,False,False,False,False,BTC,1h>5m,2023-01-11 06:55:00+00:00,0.0002,-1.1392334852199661,H1,0
28085,28167,long,V,retest,3.0,-1.0,0.7968129892590692,False,False,True,True,False,False,False,False,BTC,1h>5m,2023-01-11 06:55:00+00:00,0.0002,-1.1392334852199661,H1,0
28085,28167,long,V,retest,5.0,-1.0,0.7968129892590692,False,False,True,True,False,False,False,False,BTC,1h>5m,2023-01-11 06:55:00+00:00,0.0002,-1.1392334852199661,H1,0
28732,28757,short,A,mss,2.0,-1.0,2.28605860216224,True,True,True,True,False,False,False,True,BTC,1h>5m,2023-01-13 12:50:00+00:00,0.0002,-1.033656531585538,H1,2
28732,28757,short,A,mss,3.0,-1.0,2.28605860216224,True,True,True,True,False,False,False,True,BTC,1h>5m,2023-01-13 12:50:00+00:00,0.0002,-1.033656531585538,H1,2
28732,28757,short,A,mss,5.0,-1.0,2.28605860216224,True,True,True,True,False,False,False,True,BTC,1h>5m,2023-01-13 12:50:00+00:00,0.0002,-1.033656531585538,H1,2
28733,28757,short,A,retest,2.0,-1.0,2.0513599153089443,True,True,True,True,False,False,False,False,BTC,1h>5m,2023-01-13 12:55:00+00:00,0.0002,-1.037530100258316,H1,2
28733,28757,short,A,retest,3.0,-1.0,2.0513599153089443,True,True,True,True,False,False,False,False,BTC,1h>5m,2023-01-13 12:55:00+00:00,0.0002,-1.037530100258316,H1,2
28733,28757,short,A,retest,5.0,-1.0,2.0513599153089443,True,True,True,True,False,False,False,False,BTC,1h>5m,2023-01-13 12:55:00+00:00,0.0002,-1.037530100258316,H1,2
29042,29330,short,A,mss,2.0,-0.045454906084481383,1.3740810546199376,False,True,False,False,False,False,True,False,BTC,1h>5m,2023-01-14 14:40:00+00:00,0.0002,-0.06318689058050135,H1,2
29042,29330,short,A,mss,3.0,-0.045454906084481383,1.3740810546199376,False,True,False,False,False,False,True,False,BTC,1h>5m,2023-01-14 14:40:00+00:00,0.0002,-0.06318689058050135,H1,2
29042,29330,short,A,mss,5.0,-0.045454906084481383,1.3740810546199376,False,True,False,False,False,False,True,False,BTC,1h>5m,2023-01-14 14:40:00+00:00,0.0002,-0.06318689058050135,H1,2
29046,29333,short,A,retest,2.0,0.2238437315163869,1.0151488405344353,False,True,False,False,False,False,True,False,BTC,1h>5m,2023-01-14 15:00:00+00:00,0.0002,0.19975778748516748,H1,2
29046,29333,short,A,retest,3.0,0.2238437315163869,1.0151488405344353,False,True,False,False,False,False,True,False,BTC,1h>5m,2023-01-14 15:00:00+00:00,0.0002,0.19975778748516748,H1,2
29046,29333,short,A,retest,5.0,0.2238437315163869,1.0151488405344353,False,True,False,False,False,False,True,False,BTC,1h>5m,2023-01-14 15:00:00+00:00,0.0002,0.19975778748516748,H1,2
29626,29902,long,V,mss,2.0,2.0,1.677012725515461,True,True,False,False,False,False,False,False,BTC,1h>5m,2023-01-16 15:20:00+00:00,0.0002,1.9714924607346438,H1,2
29626,29914,long,V,mss,3.0,1.3423917924443673,1.677012725515461,True,True,False,False,False,False,False,False,BTC,1h>5m,2023-01-16 15:20:00+00:00,0.0002,1.3140157748205223,H1,2
29626,29914,long,V,mss,5.0,1.3423917924443673,1.677012725515461,True,True,False,False,False,False,False,False,BTC,1h>5m,2023-01-16 15:20:00+00:00,0.0002,1.3140157748205223,H1,2
29627,29688,long,V,retest,2.0,2.0,1.6332627255154701,True,True,False,False,False,False,False,False,BTC,1h>5m,2023-01-16 15:25:00+00:00,0.0002,1.970750262419626,H1,2
29627,29914,long,V,retest,3.0,1.4051371421780279,1.6332627255154701,True,True,False,False,False,False,False,False,BTC,1h>5m,2023-01-16 15:25:00+00:00,0.0002,1.3760063771692184,H1,2
29627,29914,long,V,retest,5.0,1.4051371421780279,1.6332627255154701,True,True,False,False,False,False,False,False,BTC,1h>5m,2023-01-16 15:25:00+00:00,0.0002,1.3760063771692184,H1,2
29626,29902,long,V,mss,2.0,2.0,1.677012725515461,True,True,False,False,False,False,False,False,BTC,1h>5m,2023-01-16 15:20:00+00:00,0.0002,1.9714924607346438,H1,2
29626,29914,long,V,mss,3.0,1.3423917924443673,1.677012725515461,True,True,False,False,False,False,False,False,BTC,1h>5m,2023-01-16 15:20:00+00:00,0.0002,1.3140157748205223,H1,2
29626,29914,long,V,mss,5.0,1.3423917924443673,1.677012725515461,True,True,False,False,False,False,False,False,BTC,1h>5m,2023-01-16 15:20:00+00:00,0.0002,1.3140157748205223,H1,2
29627,29688,long,V,retest,2.0,2.0,1.6332627255154701,True,True,False,False,False,False,False,False,BTC,1h>5m,2023-01-16 15:25:00+00:00,0.0002,1.970750262419626,H1,2
29627,29914,long,V,retest,3.0,1.4051371421780279,1.6332627255154701,True,True,False,False,False,False,False,False,BTC,1h>5m,2023-01-16 15:25:00+00:00,0.0002,1.3760063771692184,H1,2
29627,29914,long,V,retest,5.0,1.4051371421780279,1.6332627255154701,True,True,False,False,False,False,False,False,BTC,1h>5m,2023-01-16 15:25:00+00:00,0.0002,1.3760063771692184,H1,2
31323,31354,long,V,mss,2.0,-1.0,0.772101910301772,False,True,True,False,False,False,False,False,BTC,1h>5m,2023-01-22 12:45:00+00:00,0.0002,-1.0682065002282048,H1,1
31323,31354,long,V,mss,3.0,-1.0,0.772101910301772,False,True,True,False,False,False,False,False,BTC,1h>5m,2023-01-22 12:45:00+00:00,0.0002,-1.0682065002282048,H1,1
31323,31354,long,V,mss,5.0,-1.0,0.772101910301772,False,True,True,False,False,False,False,False,BTC,1h>5m,2023-01-22 12:45:00+00:00,0.0002,-1.0682065002282048,H1,1
31324,31351,long,V,retest,2.0,2.0,0.6995154013947462,False,True,True,False,False,False,False,False,BTC,1h>5m,2023-01-22 12:50:00+00:00,0.0002,1.924136679543523,H1,1
31324,31354,long,V,retest,3.0,-1.0,0.6995154013947462,False,True,True,False,False,False,False,False,BTC,1h>5m,2023-01-22 12:50:00+00:00,0.0002,-1.0752633204564768,H1,1
31324,31354,long,V,retest,5.0,-1.0,0.6995154013947462,False,True,True,False,False,False,False,False,BTC,1h>5m,2023-01-22 12:50:00+00:00,0.0002,-1.0752633204564768,H1,1
31580,31637,long,V,mss,2.0,-1.0,1.6681753449247074,True,False,False,True,False,False,False,True,BTC,1h>5m,2023-01-23 10:10:00+00:00,0.0002,-1.0349358234938555,H1,1
31580,31637,long,V,mss,3.0,-1.0,1.6681753449247074,True,False,False,True,False,False,False,True,BTC,1h>5m,2023-01-23 10:10:00+00:00,0.0002,-1.0349358234938555,H1,1
31580,31637,long,V,mss,5.0,-1.0,1.6681753449247074,True,False,False,True,False,False,False,True,BTC,1h>5m,2023-01-23 10:10:00+00:00,0.0002,-1.0349358234938555,H1,1
31624,31637,long,V,retest,2.0,-1.0,1.266601947971681,True,True,False,True,False,False,False,True,BTC,1h>5m,2023-01-23 13:50:00+00:00,0.0002,-1.0459487408975638,H1,2
31624,31637,long,V,retest,3.0,-1.0,1.266601947971681,True,True,False,True,False,False,False,True,BTC,1h>5m,2023-01-23 13:50:00+00:00,0.0002,-1.0459487408975638,H1,2
31624,31637,long,V,retest,5.0,-1.0,1.266601947971681,True,True,False,True,False,False,False,True,BTC,1h>5m,2023-01-23 13:50:00+00:00,0.0002,-1.0459487408975638,H1,2
31636,31637,long,V,mss,2.0,-1.0,2.917875775863002,False,True,False,False,False,False,False,False,BTC,1h>5m,2023-01-23 14:50:00+00:00,0.0002,-1.023590890019176,H1,1
31636,31637,long,V,mss,3.0,-1.0,2.917875775863002,False,True,False,False,False,False,False,False,BTC,1h>5m,2023-01-23 14:50:00+00:00,0.0002,-1.023590890019176,H1,1
31636,31637,long,V,mss,5.0,-1.0,2.917875775863002,False,True,False,False,False,False,False,False,BTC,1h>5m,2023-01-23 14:50:00+00:00,0.0002,-1.023590890019176,H1,1
31637,31637,long,V,retest,2.0,-1.0,2.395968739578961,False,True,False,False,False,False,False,False,BTC,1h>5m,2023-01-23 14:55:00+00:00,0.0002,-1.0286860608719057,H1,1
31637,31637,long,V,retest,3.0,-1.0,2.395968739578961,False,True,False,False,False,False,False,False,BTC,1h>5m,2023-01-23 14:55:00+00:00,0.0002,-1.0286860608719057,H1,1
31637,31637,long,V,retest,5.0,-1.0,2.395968739578961,False,True,False,False,False,False,False,False,BTC,1h>5m,2023-01-23 14:55:00+00:00,0.0002,-1.0286860608719057,H1,1
32180,32209,long,V,mss,2.0,-1.0,1.606748088960167,False,True,False,True,False,True,False,True,BTC,1h>5m,2023-01-25 12:10:00+00:00,0.0002,-1.0358786416473655,H1,2
32180,32209,long,V,mss,3.0,-1.0,1.606748088960167,False,True,False,True,False,True,False,True,BTC,1h>5m,2023-01-25 12:10:00+00:00,0.0002,-1.0358786416473655,H1,2
32180,32209,long,V,mss,5.0,-1.0,1.606748088960167,False,True,False,True,False,True,False,True,BTC,1h>5m,2023-01-25 12:10:00+00:00,0.0002,-1.0358786416473655,H1,2
32181,32209,long,V,retest,2.0,-1.0,1.5199472471004187,False,True,False,True,False,True,False,False,BTC,1h>5m,2023-01-25 12:15:00+00:00,0.0002,-1.0379161703427275,H1,2
32181,32209,long,V,retest,3.0,-1.0,1.5199472471004187,False,True,False,True,False,True,False,False,BTC,1h>5m,2023-01-25 12:15:00+00:00,0.0002,-1.0379161703427275,H1,2
32181,32209,long,V,retest,5.0,-1.0,1.5199472471004187,False,True,False,True,False,True,False,False,BTC,1h>5m,2023-01-25 12:15:00+00:00,0.0002,-1.0379161703427275,H1,2
33070,33199,long,V,mss,2.0,2.0,1.2259785265363343,True,True,True,False,False,False,True,False,BTC,1h>5m,2023-01-28 14:20:00+00:00,0.0002,1.9079889009534505,H1,3
33070,33201,long,V,mss,3.0,3.0,1.2259785265363343,True,True,True,False,False,False,True,False,BTC,1h>5m,2023-01-28 14:20:00+00:00,0.0002,2.9077889009534506,H1,3
33070,33202,long,V,mss,5.0,5.0,1.2259785265363343,True,True,True,False,False,False,True,False,BTC,1h>5m,2023-01-28 14:20:00+00:00,0.0002,4.907388900953451,H1,3
33071,33199,long,V,retest,2.0,2.0,1.1984820181564462,True,True,True,False,False,False,True,False,BTC,1h>5m,2023-01-28 14:25:00+00:00,0.0002,1.905896264842706,H1,3
33071,33201,long,V,retest,3.0,3.0,1.1984820181564462,True,True,True,False,False,False,True,False,BTC,1h>5m,2023-01-28 14:25:00+00:00,0.0002,2.905696264842706,H1,3
33071,33202,long,V,retest,5.0,5.0,1.1984820181564462,True,True,True,False,False,False,True,False,BTC,1h>5m,2023-01-28 14:25:00+00:00,0.0002,4.905296264842706,H1,3
35447,35555,long,V,mss,2.0,-1.0,1.4446538941972302,True,False,True,False,False,False,False,True,BTC,1h>5m,2023-02-05 20:25:00+00:00,0.0002,-1.0478637614239341,H1,1
35447,35555,long,V,mss,3.0,-1.0,1.4446538941972302,True,False,True,False,False,False,False,True,BTC,1h>5m,2023-02-05 20:25:00+00:00,0.0002,-1.0478637614239341,H1,1
35447,35555,long,V,mss,5.0,-1.0,1.4446538941972302,True,False,True,False,False,False,False,True,BTC,1h>5m,2023-02-05 20:25:00+00:00,0.0002,-1.0478637614239341,H1,1
35448,35555,long,V,retest,2.0,-1.0,1.3148202823786572,True,False,True,False,False,False,False,False,BTC,1h>5m,2023-02-05 20:30:00+00:00,0.0002,-1.0525703805577162,H1,1
35448,35555,long,V,retest,3.0,-1.0,1.3148202823786572,True,False,True,False,False,False,False,False,BTC,1h>5m,2023-02-05 20:30:00+00:00,0.0002,-1.0525703805577162,H1,1
35448,35555,long,V,retest,5.0,-1.0,1.3148202823786572,True,False,True,False,False,False,False,False,BTC,1h>5m,2023-02-05 20:30:00+00:00,0.0002,-1.0525703805577162,H1,1
34035,34284,long,V,mss,2.0,-1.0,2.6131222957043008,False,False,False,False,False,False,False,True,BTC,1h>5m,2023-01-31 22:45:00+00:00,0.0002,-1.0269358000450066,H1,0
34035,34284,long,V,mss,3.0,-1.0,2.6131222957043008,False,False,False,False,False,False,False,True,BTC,1h>5m,2023-01-31 22:45:00+00:00,0.0002,-1.0269358000450066,H1,0
34035,34284,long,V,mss,5.0,-1.0,2.6131222957043008,False,False,False,False,False,False,False,True,BTC,1h>5m,2023-01-31 22:45:00+00:00,0.0002,-1.0269358000450066,H1,0
34036,34284,long,V,retest,2.0,-1.0,2.5888458571967847,False,False,False,False,False,False,False,False,BTC,1h>5m,2023-01-31 22:50:00+00:00,0.0002,-1.0271865102230333,H1,0
34036,34284,long,V,retest,3.0,-1.0,2.5888458571967847,False,False,False,False,False,False,False,False,BTC,1h>5m,2023-01-31 22:50:00+00:00,0.0002,-1.0271865102230333,H1,0
34036,34284,long,V,retest,5.0,-1.0,2.5888458571967847,False,False,False,False,False,False,False,False,BTC,1h>5m,2023-01-31 22:50:00+00:00,0.0002,-1.0271865102230333,H1,0
34214,34227,short,A,mss,2.0,-1.0,0.7705770710821617,False,True,False,False,False,False,False,False,BTC,1h>5m,2023-02-01 13:40:00+00:00,0.0002,-1.1254763318274281,H1,1
34214,34227,short,A,mss,3.0,-1.0,0.7705770710821617,False,True,False,False,False,False,False,False,BTC,1h>5m,2023-02-01 13:40:00+00:00,0.0002,-1.1254763318274281,H1,1
34214,34227,short,A,mss,5.0,-1.0,0.7705770710821617,False,True,False,False,False,False,False,False,BTC,1h>5m,2023-02-01 13:40:00+00:00,0.0002,-1.1254763318274281,H1,1
34215,34227,short,A,retest,2.0,-1.0,0.7217244136261348,False,True,False,False,False,False,True,False,BTC,1h>5m,2023-02-01 13:45:00+00:00,0.0002,-1.13398321156321,H1,2
34215,34227,short,A,retest,3.0,-1.0,0.7217244136261348,False,True,False,False,False,False,True,False,BTC,1h>5m,2023-02-01 13:45:00+00:00,0.0002,-1.13398321156321,H1,2
34215,34227,short,A,retest,5.0,-1.0,0.7217244136261348,False,True,False,False,False,False,True,False,BTC,1h>5m,2023-02-01 13:45:00+00:00,0.0002,-1.13398321156321,H1,2
35197,35357,short,A,mss,2.0,2.0,1.3567613827587481,False,False,True,False,False,False,False,False,BTC,1h>5m,2023-02-04 23:35:00+00:00,0.0002,1.9077177543863608,H1,0
35197,35357,short,A,mss,3.0,3.0,1.3567613827587481,False,False,True,False,False,False,False,False,BTC,1h>5m,2023-02-04 23:35:00+00:00,0.0002,2.907917754386361,H1,0
35197,35415,short,A,mss,5.0,5.0,1.3567613827587481,False,False,True,False,False,False,False,False,BTC,1h>5m,2023-02-04 23:35:00+00:00,0.0002,4.908317754386361,H1,0
35976,35992,long,V,mss,2.0,2.0,1.6080094649575234,False,True,False,False,False,False,False,False,BTC,1h>5m,2023-02-07 16:30:00+00:00,0.0002,1.9314203840172437,H1,1
35976,35999,long,V,mss,3.0,-1.0,1.6080094649575234,False,True,False,False,False,False,False,False,BTC,1h>5m,2023-02-07 16:30:00+00:00,0.0002,-1.0679796159827564,H1,1
35976,35999,long,V,mss,5.0,-1.0,1.6080094649575234,False,True,False,False,False,False,False,False,BTC,1h>5m,2023-02-07 16:30:00+00:00,0.0002,-1.0679796159827564,H1,1
35986,35991,long,V,retest,2.0,2.0,0.9402192601671596,False,True,True,False,False,False,False,False,BTC,1h>5m,2023-02-07 17:20:00+00:00,0.0002,1.8832799495937989,H1,1
35986,35991,long,V,retest,3.0,3.0,0.9402192601671596,False,True,True,False,False,False,False,False,BTC,1h>5m,2023-02-07 17:20:00+00:00,0.0002,2.8830799495937987,H1,1
35986,35994,long,V,retest,5.0,5.0,0.9402192601671596,False,True,True,False,False,False,False,False,BTC,1h>5m,2023-02-07 17:20:00+00:00,0.0002,4.882679949593799,H1,1
36761,36831,short,A,mss,2.0,2.0,0.5818992950347924,False,False,True,True,False,False,False,True,BTC,1h>5m,2023-02-10 09:55:00+00:00,0.0002,1.920466979962007,H1,0
36761,36902,short,A,mss,3.0,3.0,0.5818992950347924,False,False,True,True,False,False,False,True,BTC,1h>5m,2023-02-10 09:55:00+00:00,0.0002,2.920666979962007,H1,0
36761,37049,short,A,mss,5.0,1.116009984980666,0.5818992950347924,False,False,True,True,False,False,False,True,BTC,1h>5m,2023-02-10 09:55:00+00:00,0.0002,1.0363001669396692,H1,0
36762,36831,short,A,retest,2.0,2.0,0.5351097035491948,False,False,True,True,False,False,False,False,BTC,1h>5m,2023-02-10 10:00:00+00:00,0.0002,1.9134427208886777,H1,0
36762,36831,short,A,retest,3.0,3.0,0.5351097035491948,False,False,True,True,False,False,False,False,BTC,1h>5m,2023-02-10 10:00:00+00:00,0.0002,2.9136427208886775,H1,0
36762,37049,short,A,retest,5.0,1.3010323124025207,0.5351097035491948,False,False,True,True,False,False,False,False,BTC,1h>5m,2023-02-10 10:00:00+00:00,0.0002,1.2143352397536789,H1,0
37891,37912,short,A,mss,2.0,-1.0,0.6446639486780071,False,False,False,True,False,False,False,False,BTC,1h>5m,2023-02-14 08:05:00+00:00,0.0002,-1.1416662283128742,H1,0
37891,37912,short,A,mss,3.0,-1.0,0.6446639486780071,False,False,False,True,False,False,False,False,BTC,1h>5m,2023-02-14 08:05:00+00:00,0.0002,-1.1416662283128742,H1,0
37891,37912,short,A,mss,5.0,-1.0,0.6446639486780071,False,False,False,True,False,False,False,False,BTC,1h>5m,2023-02-14 08:05:00+00:00,0.0002,-1.1416662283128742,H1,0
37892,37912,short,A,retest,2.0,-1.0,0.5755201151148424,False,False,False,True,False,False,False,False,BTC,1h>5m,2023-02-14 08:10:00+00:00,0.0002,-1.1587102457521985,H1,0
37892,37912,short,A,retest,3.0,-1.0,0.5755201151148424,False,False,False,True,False,False,False,False,BTC,1h>5m,2023-02-14 08:10:00+00:00,0.0002,-1.1587102457521985,H1,0
37892,37912,short,A,retest,5.0,-1.0,0.5755201151148424,False,False,False,True,False,False,False,False,BTC,1h>5m,2023-02-14 08:10:00+00:00,0.0002,-1.1587102457521985,H1,0
38535,38558,short,A,mss,2.0,-1.0,1.382276708574166,False,True,False,False,False,False,False,False,BTC,1h>5m,2023-02-16 13:45:00+00:00,0.0002,-1.042337356538606,H1,1
38535,38558,short,A,mss,3.0,-1.0,1.382276708574166,False,True,False,False,False,False,False,False,BTC,1h>5m,2023-02-16 13:45:00+00:00,0.0002,-1.042337356538606,H1,1
38535,38558,short,A,mss,5.0,-1.0,1.382276708574166,False,True,False,False,False,False,False,False,BTC,1h>5m,2023-02-16 13:45:00+00:00,0.0002,-1.042337356538606,H1,1
38536,38558,short,A,retest,2.0,-1.0,1.3201304891854975,False,True,False,False,False,False,False,False,BTC,1h>5m,2023-02-16 13:50:00+00:00,0.0002,-1.0443398372882882,H1,1
38536,38558,short,A,retest,3.0,-1.0,1.3201304891854975,False,True,False,False,False,False,False,False,BTC,1h>5m,2023-02-16 13:50:00+00:00,0.0002,-1.0443398372882882,H1,1
38536,38558,short,A,retest,5.0,-1.0,1.3201304891854975,False,True,False,False,False,False,False,False,BTC,1h>5m,2023-02-16 13:50:00+00:00,0.0002,-1.0443398372882882,H1,1
39188,39417,short,A,mss,2.0,-1.0,2.3665584714673704,True,False,False,False,False,False,False,True,BTC,1h>5m,2023-02-18 20:10:00+00:00,0.0002,-1.0317042907340384,H1,1
39188,39417,short,A,mss,3.0,-1.0,2.3665584714673704,True,False,False,False,False,False,False,True,BTC,1h>5m,2023-02-18 20:10:00+00:00,0.0002,-1.0317042907340384,H1,1
39188,39417,short,A,mss,5.0,-1.0,2.3665584714673704,True,False,False,False,False,False,False,True,BTC,1h>5m,2023-02-18 20:10:00+00:00,0.0002,-1.0317042907340384,H1,1
39189,39417,short,A,retest,2.0,-1.0,2.3097370260589707,True,False,True,False,False,False,False,False,BTC,1h>5m,2023-02-18 20:15:00+00:00,0.0002,-1.0324891627319261,H1,1
39189,39417,short,A,retest,3.0,-1.0,2.3097370260589707,True,False,True,False,False,False,False,False,BTC,1h>5m,2023-02-18 20:15:00+00:00,0.0002,-1.0324891627319261,H1,1
39189,39417,short,A,retest,5.0,-1.0,2.3097370260589707,True,False,True,False,False,False,False,False,BTC,1h>5m,2023-02-18 20:15:00+00:00,0.0002,-1.0324891627319261,H1,1
45924,46002,short,A,mss,2.0,-1.0,1.6077068728900488,False,False,True,False,False,False,False,False,BTC,1h>5m,2023-03-14 05:30:00+00:00,0.0002,-1.0192281877469362,H1,0
45924,46002,short,A,mss,3.0,-1.0,1.6077068728900488,False,False,True,False,False,False,False,False,BTC,1h>5m,2023-03-14 05:30:00+00:00,0.0002,-1.0192281877469362,H1,0
45924,46002,short,A,mss,5.0,-1.0,1.6077068728900488,False,False,True,False,False,False,False,False,BTC,1h>5m,2023-03-14 05:30:00+00:00,0.0002,-1.0192281877469362,H1,0
45925,46002,short,A,retest,2.0,-1.0,1.6035874963219865,False,False,True,False,False,False,False,False,BTC,1h>5m,2023-03-14 05:35:00+00:00,0.0002,-1.019278095857063,H1,0
45925,46002,short,A,retest,3.0,-1.0,1.6035874963219865,False,False,True,False,False,False,False,False,BTC,1h>5m,2023-03-14 05:35:00+00:00,0.0002,-1.019278095857063,H1,0
45925,46002,short,A,retest,5.0,-1.0,1.6035874963219865,False,False,True,False,False,False,False,False,BTC,1h>5m,2023-03-14 05:35:00+00:00,0.0002,-1.019278095857063,H1,0
40991,41091,short,A,mss,2.0,2.0,0.42966031326664916,False,False,True,False,False,False,False,False,BTC,1h>5m,2023-02-25 02:25:00+00:00,0.0002,1.905605239586489,H1,0
40991,41211,short,A,mss,3.0,3.0,0.42966031326664916,False,False,True,False,False,False,False,False,BTC,1h>5m,2023-02-25 02:25:00+00:00,0.0002,2.9058052395864893,H1,0
40991,41279,short,A,mss,5.0,0.41065486046753563,0.42966031326664916,False,False,True,False,False,False,False,False,BTC,1h>5m,2023-02-25 02:25:00+00:00,0.0002,0.3159422310261182,H1,0
41877,42002,short,A,mss,2.0,-1.0,0.6407969999851025,False,False,False,False,False,False,False,True,BTC,1h>5m,2023-02-28 04:15:00+00:00,0.0002,-1.0763725554919528,H1,0
41877,42002,short,A,mss,3.0,-1.0,0.6407969999851025,False,False,False,False,False,False,False,True,BTC,1h>5m,2023-02-28 04:15:00+00:00,0.0002,-1.0763725554919528,H1,0
41877,42002,short,A,mss,5.0,-1.0,0.6407969999851025,False,False,False,False,False,False,False,True,BTC,1h>5m,2023-02-28 04:15:00+00:00,0.0002,-1.0763725554919528,H1,0
41878,42002,short,A,retest,2.0,-1.0,0.6178053267394565,False,False,False,False,False,False,False,False,BTC,1h>5m,2023-02-28 04:20:00+00:00,0.0002,-1.0792222090952108,H1,0
41878,42002,short,A,retest,3.0,-1.0,0.6178053267394565,False,False,False,False,False,False,False,False,BTC,1h>5m,2023-02-28 04:20:00+00:00,0.0002,-1.0792222090952108,H1,0
41878,42002,short,A,retest,5.0,-1.0,0.6178053267394565,False,False,False,False,False,False,False,False,BTC,1h>5m,2023-02-28 04:20:00+00:00,0.0002,-1.0792222090952108,H1,0
42295,42583,short,A,mss,2.0,0.84633569392217,1.5657344321570932,True,True,False,False,False,False,False,False,BTC,1h>5m,2023-03-01 15:05:00+00:00,0.0002,0.814098970181177,H1,2
42295,42583,short,A,mss,3.0,0.84633569392217,1.5657344321570932,True,True,False,False,False,False,False,False,BTC,1h>5m,2023-03-01 15:05:00+00:00,0.0002,0.814098970181177,H1,2
42295,42583,short,A,mss,5.0,0.84633569392217,1.5657344321570932,True,True,False,False,False,False,False,False,BTC,1h>5m,2023-03-01 15:05:00+00:00,0.0002,0.814098970181177,H1,2
42296,42583,short,A,retest,2.0,1.1961530644351002,1.3163341918693623,True,True,False,False,False,False,False,False,BTC,1h>5m,2023-03-01 15:10:00+00:00,0.0002,1.157770692616956,H1,2
42296,42583,short,A,retest,3.0,1.1961530644351002,1.3163341918693623,True,True,False,False,False,False,False,False,BTC,1h>5m,2023-03-01 15:10:00+00:00,0.0002,1.157770692616956,H1,2
42296,42583,short,A,retest,5.0,1.1961530644351002,1.3163341918693623,True,True,False,False,False,False,False,False,BTC,1h>5m,2023-03-01 15:10:00+00:00,0.0002,1.157770692616956,H1,2
43132,43166,long,V,mss,2.0,-1.0,1.0960744057871592,False,True,True,True,False,False,False,True,BTC,1h>5m,2023-03-04 12:50:00+00:00,0.0002,-1.1573355334416047,H1,1
43132,43166,long,V,mss,3.0,-1.0,1.0960744057871592,False,True,True,True,False,False,False,True,BTC,1h>5m,2023-03-04 12:50:00+00:00,0.0002,-1.1573355334416047,H1,1
43132,43166,long,V,mss,5.0,-1.0,1.0960744057871592,False,True,True,True,False,False,False,True,BTC,1h>5m,2023-03-04 12:50:00+00:00,0.0002,-1.1573355334416047,H1,1
43133,43166,long,V,retest,2.0,-1.0,1.0798704788150588,False,True,True,True,False,False,False,False,BTC,1h>5m,2023-03-04 12:55:00+00:00,0.0002,-1.1596934205758134,H1,1
43133,43166,long,V,retest,3.0,-1.0,1.0798704788150588,False,True,True,True,False,False,False,False,BTC,1h>5m,2023-03-04 12:55:00+00:00,0.0002,-1.1596934205758134,H1,1
43133,43166,long,V,retest,5.0,-1.0,1.0798704788150588,False,True,True,True,False,False,False,False,BTC,1h>5m,2023-03-04 12:55:00+00:00,0.0002,-1.1596934205758134,H1,1
43812,44013,long,V,mss,2.0,-1.0,1.015563479434504,False,False,False,False,False,False,True,False,BTC,1h>5m,2023-03-06 21:30:00+00:00,0.0002,-1.1027243037889507,H1,1
43812,44013,long,V,mss,3.0,-1.0,1.015563479434504,False,False,False,False,False,False,True,False,BTC,1h>5m,2023-03-06 21:30:00+00:00,0.0002,-1.1027243037889507,H1,1
43812,44013,long,V,mss,5.0,-1.0,1.015563479434504,False,False,False,False,False,False,True,False,BTC,1h>5m,2023-03-06 21:30:00+00:00,0.0002,-1.1027243037889507,H1,1
43813,44013,long,V,retest,2.0,-1.0,1.0033166432005398,False,False,False,False,False,False,True,False,BTC,1h>5m,2023-03-06 21:35:00+00:00,0.0002,-1.103975751541775,H1,1
43813,44013,long,V,retest,3.0,-1.0,1.0033166432005398,False,False,False,False,False,False,True,False,BTC,1h>5m,2023-03-06 21:35:00+00:00,0.0002,-1.103975751541775,H1,1
43813,44013,long,V,retest,5.0,-1.0,1.0033166432005398,False,False,False,False,False,False,True,False,BTC,1h>5m,2023-03-06 21:35:00+00:00,0.0002,-1.103975751541775,H1,1
43967,43985,long,V,mss,2.0,-1.0,1.3532966786857616,True,False,False,True,False,False,False,False,BTC,1h>5m,2023-03-07 10:25:00+00:00,0.0002,-1.103732803815576,H1,1
43967,43985,long,V,mss,3.0,-1.0,1.3532966786857616,True,False,False,True,False,False,False,False,BTC,1h>5m,2023-03-07 10:25:00+00:00,0.0002,-1.103732803815576,H1,1
43967,43985,long,V,mss,5.0,-1.0,1.3532966786857616,True,False,False,True,False,False,False,False,BTC,1h>5m,2023-03-07 10:25:00+00:00,0.0002,-1.103732803815576,H1,1
43968,43985,long,V,retest,2.0,-1.0,1.3092439139100933,True,False,False,True,False,False,False,False,BTC,1h>5m,2023-03-07 10:30:00+00:00,0.0002,-1.1072164222648164,H1,1
43968,43985,long,V,retest,3.0,-1.0,1.3092439139100933,True,False,False,True,False,False,False,False,BTC,1h>5m,2023-03-07 10:30:00+00:00,0.0002,-1.1072164222648164,H1,1
43968,43985,long,V,retest,5.0,-1.0,1.3092439139100933,True,False,False,True,False,False,False,False,BTC,1h>5m,2023-03-07 10:30:00+00:00,0.0002,-1.1072164222648164,H1,1
46490,46500,short,A,mss,2.0,-1.0,0.7636464116740319,False,False,False,False,False,False,False,True,BTC,1h>5m,2023-03-16 04:40:00+00:00,0.0002,-1.0415992237907232,H1,0
46490,46500,short,A,mss,3.0,-1.0,0.7636464116740319,False,False,False,False,False,False,False,True,BTC,1h>5m,2023-03-16 04:40:00+00:00,0.0002,-1.0415992237907232,H1,0
46490,46500,short,A,mss,5.0,-1.0,0.7636464116740319,False,False,False,False,False,False,False,True,BTC,1h>5m,2023-03-16 04:40:00+00:00,0.0002,-1.0415992237907232,H1,0
46491,46500,short,A,retest,2.0,-1.0,0.7245044292979456,False,False,False,False,False,False,False,False,BTC,1h>5m,2023-03-16 04:45:00+00:00,0.0002,-1.0438574632365965,H1,0
46491,46500,short,A,retest,3.0,-1.0,0.7245044292979456,False,False,False,False,False,False,False,False,BTC,1h>5m,2023-03-16 04:45:00+00:00,0.0002,-1.0438574632365965,H1,0
46491,46500,short,A,retest,5.0,-1.0,0.7245044292979456,False,False,False,False,False,False,False,False,BTC,1h>5m,2023-03-16 04:45:00+00:00,0.0002,-1.0438574632365965,H1,0
46498,46550,long,V,mss,2.0,2.0,0.6599117382937759,False,False,True,False,False,False,False,False,BTC,1h>5m,2023-03-16 05:20:00+00:00,0.0002,1.9465591750563567,H1,0
46498,46560,long,V,mss,3.0,3.0,0.6599117382937759,False,False,True,False,False,False,False,False,BTC,1h>5m,2023-03-16 05:20:00+00:00,0.0002,2.9463591750563567,H1,0
46498,46739,long,V,mss,5.0,5.0,0.6599117382937759,False,False,True,False,False,False,False,False,BTC,1h>5m,2023-03-16 05:20:00+00:00,0.0002,4.945959175056356,H1,0
46951,46993,long,V,mss,2.0,2.0,1.2347231168357473,False,False,True,False,False,False,False,False,BTC,1h>5m,2023-03-17 19:05:00+00:00,0.0002,1.975600477691977,H1,0
46951,47239,long,V,mss,3.0,1.3136497272211949,1.2347231168357473,False,False,True,False,False,False,False,False,BTC,1h>5m,2023-03-17 19:05:00+00:00,0.0002,1.2893874749677279,H1,0
46951,47239,long,V,mss,5.0,1.3136497272211949,1.2347231168357473,False,False,True,False,False,False,False,False,BTC,1h>5m,2023-03-17 19:05:00+00:00,0.0002,1.2893874749677279,H1,0
46952,46991,long,V,retest,2.0,2.0,1.0979869709035281,False,False,False,False,False,False,False,False,BTC,1h>5m,2023-03-17 19:10:00+00:00,0.0002,1.9726615468924749,H1,0
46952,47239,long,V,retest,3.0,1.6017765949535372,1.0979869709035281,False,False,False,False,False,False,False,False,BTC,1h>5m,2023-03-17 19:10:00+00:00,0.0002,1.5745177865270215,H1,0
46952,47239,long,V,retest,5.0,1.6017765949535372,1.0979869709035281,False,False,False,False,False,False,False,False,BTC,1h>5m,2023-03-17 19:10:00+00:00,0.0002,1.5745177865270215,H1,0
47196,47484,short,A,mss,2.0,-0.7463949934759084,1.818844239455302,False,True,False,False,False,False,False,True,BTC,1h>5m,2023-03-18 15:30:00+00:00,0.0002,-0.7700541796887246,H1,1
47196,47484,short,A,mss,3.0,-0.7463949934759084,1.818844239455302,False,True,False,False,False,False,False,True,BTC,1h>5m,2023-03-18 15:30:00+00:00,0.0002,-0.7700541796887246,H1,1
47196,47484,short,A,mss,5.0,-0.7463949934759084,1.818844239455302,False,True,False,False,False,False,False,True,BTC,1h>5m,2023-03-18 15:30:00+00:00,0.0002,-0.7700541796887246,H1,1
47203,47489,short,A,retest,2.0,-1.0,1.4349146648389965,False,True,True,False,False,False,False,False,BTC,1h>5m,2023-03-18 16:05:00+00:00,0.0002,-1.030107305422371,H1,1
47203,47489,short,A,retest,3.0,-1.0,1.4349146648389965,False,True,True,False,False,False,False,False,BTC,1h>5m,2023-03-18 16:05:00+00:00,0.0002,-1.030107305422371,H1,1
47203,47489,short,A,retest,5.0,-1.0,1.4349146648389965,False,True,True,False,False,False,False,False,BTC,1h>5m,2023-03-18 16:05:00+00:00,0.0002,-1.030107305422371,H1,1
47196,47484,short,A,mss,2.0,-0.7463949934759084,1.818844239455302,False,True,False,False,False,False,False,True,BTC,1h>5m,2023-03-18 15:30:00+00:00,0.0002,-0.7700541796887246,H1,1
47196,47484,short,A,mss,3.0,-0.7463949934759084,1.818844239455302,False,True,False,False,False,False,False,True,BTC,1h>5m,2023-03-18 15:30:00+00:00,0.0002,-0.7700541796887246,H1,1
47196,47484,short,A,mss,5.0,-0.7463949934759084,1.818844239455302,False,True,False,False,False,False,False,True,BTC,1h>5m,2023-03-18 15:30:00+00:00,0.0002,-0.7700541796887246,H1,1
47203,47489,short,A,retest,2.0,-1.0,1.4349146648389965,False,True,True,False,False,False,False,False,BTC,1h>5m,2023-03-18 16:05:00+00:00,0.0002,-1.030107305422371,H1,1
47203,47489,short,A,retest,3.0,-1.0,1.4349146648389965,False,True,True,False,False,False,False,False,BTC,1h>5m,2023-03-18 16:05:00+00:00,0.0002,-1.030107305422371,H1,1
47203,47489,short,A,retest,5.0,-1.0,1.4349146648389965,False,True,True,False,False,False,False,False,BTC,1h>5m,2023-03-18 16:05:00+00:00,0.0002,-1.030107305422371,H1,1
48044,48073,short,A,mss,2.0,-1.0,1.3701738466595823,True,True,False,False,False,False,False,True,BTC,1h>5m,2023-03-21 14:10:00+00:00,0.0002,-1.031173990641588,H1,2
48044,48073,short,A,mss,3.0,-1.0,1.3701738466595823,True,True,False,False,False,False,False,True,BTC,1h>5m,2023-03-21 14:10:00+00:00,0.0002,-1.031173990641588,H1,2
48044,48073,short,A,mss,5.0,-1.0,1.3701738466595823,True,True,False,False,False,False,False,True,BTC,1h>5m,2023-03-21 14:10:00+00:00,0.0002,-1.031173990641588,H1,2
48045,48073,short,A,retest,2.0,-1.0,1.2670231985720626,True,True,True,False,False,False,False,False,BTC,1h>5m,2023-03-21 14:15:00+00:00,0.0002,-1.0337282039120466,H1,2
48045,48073,short,A,retest,3.0,-1.0,1.2670231985720626,True,True,True,False,False,False,False,False,BTC,1h>5m,2023-03-21 14:15:00+00:00,0.0002,-1.0337282039120466,H1,2
48045,48073,short,A,retest,5.0,-1.0,1.2670231985720626,True,True,True,False,False,False,False,False,BTC,1h>5m,2023-03-21 14:15:00+00:00,0.0002,-1.0337282039120466,H1,2
48892,48926,long,V,mss,2.0,-1.0,2.023550908804091,True,True,False,False,False,False,False,False,BTC,1h>5m,2023-03-24 14:10:00+00:00,0.0002,-1.0339482317183293,H1,2
48892,48926,long,V,mss,3.0,-1.0,2.023550908804091,True,True,False,False,False,False,False,False,BTC,1h>5m,2023-03-24 14:10:00+00:00,0.0002,-1.0339482317183293,H1,2
48892,48926,long,V,mss,5.0,-1.0,2.023550908804091,True,True,False,False,False,False,False,False,BTC,1h>5m,2023-03-24 14:10:00+00:00,0.0002,-1.0339482317183293,H1,2
48893,48926,long,V,retest,2.0,-1.0,1.6003829772316946,True,True,True,False,False,False,False,False,BTC,1h>5m,2023-03-24 14:15:00+00:00,0.0002,-1.0428718266413237,H1,2
48893,48926,long,V,retest,3.0,-1.0,1.6003829772316946,True,True,True,False,False,False,False,False,BTC,1h>5m,2023-03-24 14:15:00+00:00,0.0002,-1.0428718266413237,H1,2
48893,48926,long,V,retest,5.0,-1.0,1.6003829772316946,True,True,True,False,False,False,False,False,BTC,1h>5m,2023-03-24 14:15:00+00:00,0.0002,-1.0428718266413237,H1,2
49344,49401,short,A,mss,2.0,-1.0,0.8078080822504601,False,False,True,False,False,False,False,True,BTC,1h>5m,2023-03-26 03:50:00+00:00,0.0002,-1.078010799917979,H1,0
49344,49401,short,A,mss,3.0,-1.0,0.8078080822504601,False,False,True,False,False,False,False,True,BTC,1h>5m,2023-03-26 03:50:00+00:00,0.0002,-1.078010799917979,H1,0
49344,49401,short,A,mss,5.0,-1.0,0.8078080822504601,False,False,True,False,False,False,False,True,BTC,1h>5m,2023-03-26 03:50:00+00:00,0.0002,-1.078010799917979,H1,0
49345,49401,short,A,retest,2.0,-1.0,0.7761645009281647,False,False,True,False,False,False,False,False,BTC,1h>5m,2023-03-26 03:55:00+00:00,0.0002,-1.0811993891983787,H1,0
49345,49401,short,A,retest,3.0,-1.0,0.7761645009281647,False,False,True,False,False,False,False,False,BTC,1h>5m,2023-03-26 03:55:00+00:00,0.0002,-1.0811993891983787,H1,0
49345,49401,short,A,retest,5.0,-1.0,0.7761645009281647,False,False,True,False,False,False,False,False,BTC,1h>5m,2023-03-26 03:55:00+00:00,0.0002,-1.0811993891983787,H1,0
49564,49658,long,V,mss,2.0,-1.0,1.6137154915343628,False,False,False,False,False,False,False,True,BTC,1h>5m,2023-03-26 22:10:00+00:00,0.0002,-1.0343651302110264,H1,0
49564,49658,long,V,mss,3.0,-1.0,1.6137154915343628,False,False,False,False,False,False,False,True,BTC,1h>5m,2023-03-26 22:10:00+00:00,0.0002,-1.0343651302110264,H1,0
49564,49658,long,V,mss,5.0,-1.0,1.6137154915343628,False,False,False,False,False,False,False,True,BTC,1h>5m,2023-03-26 22:10:00+00:00,0.0002,-1.0343651302110264,H1,0
49601,49658,long,V,retest,2.0,-1.0,1.162655417090729,False,False,False,False,False,False,False,True,BTC,1h>5m,2023-03-27 01:15:00+00:00,0.0002,-1.0476197247794867,H1,0
49601,49658,long,V,retest,3.0,-1.0,1.162655417090729,False,False,False,False,False,False,False,True,BTC,1h>5m,2023-03-27 01:15:00+00:00,0.0002,-1.0476197247794867,H1,0
49601,49658,long,V,retest,5.0,-1.0,1.162655417090729,False,False,False,False,False,False,False,True,BTC,1h>5m,2023-03-27 01:15:00+00:00,0.0002,-1.0476197247794867,H1,0
50337,50477,short,A,mss,2.0,-1.0,1.1856497331096887,True,True,True,False,False,False,False,False,BTC,1h>5m,2023-03-29 14:35:00+00:00,0.0002,-1.0403283480055647,H1,2
50337,50477,short,A,mss,3.0,-1.0,1.1856497331096887,True,True,True,False,False,False,False,False,BTC,1h>5m,2023-03-29 14:35:00+00:00,0.0002,-1.0403283480055647,H1,2
50337,50477,short,A,mss,5.0,-1.0,1.1856497331096887,True,True,True,False,False,False,False,False,BTC,1h>5m,2023-03-29 14:35:00+00:00,0.0002,-1.0403283480055647,H1,2
50338,50477,short,A,retest,2.0,-1.0,1.1384766099680963,True,True,False,False,False,False,False,False,BTC,1h>5m,2023-03-29 14:40:00+00:00,0.0002,-1.0420076523798947,H1,2
50338,50477,short,A,retest,3.0,-1.0,1.1384766099680963,True,True,False,False,False,False,False,False,BTC,1h>5m,2023-03-29 14:40:00+00:00,0.0002,-1.0420076523798947,H1,2
50338,50477,short,A,retest,5.0,-1.0,1.1384766099680963,True,True,False,False,False,False,False,False,BTC,1h>5m,2023-03-29 14:40:00+00:00,0.0002,-1.0420076523798947,H1,2
50949,51050,short,A,mss,2.0,-1.0,1.4858232125884407,True,True,True,False,False,False,False,True,BTC,1h>5m,2023-03-31 17:35:00+00:00,0.0002,-1.0323949555271565,H1,2
50949,51050,short,A,mss,3.0,-1.0,1.4858232125884407,True,True,True,False,False,False,False,True,BTC,1h>5m,2023-03-31 17:35:00+00:00,0.0002,-1.0323949555271565,H1,2
50949,51050,short,A,mss,5.0,-1.0,1.4858232125884407,True,True,True,False,False,False,False,True,BTC,1h>5m,2023-03-31 17:35:00+00:00,0.0002,-1.0323949555271565,H1,2
50950,51050,short,A,retest,2.0,-1.0,1.4400316823318133,True,True,False,False,False,False,False,False,BTC,1h>5m,2023-03-31 17:40:00+00:00,0.0002,-1.033431441675724,H1,2
50950,51050,short,A,retest,3.0,-1.0,1.4400316823318133,True,True,False,False,False,False,False,False,BTC,1h>5m,2023-03-31 17:40:00+00:00,0.0002,-1.033431441675724,H1,2
50950,51050,short,A,retest,5.0,-1.0,1.4400316823318133,True,True,False,False,False,False,False,False,BTC,1h>5m,2023-03-31 17:40:00+00:00,0.0002,-1.033431441675724,H1,2
50747,50826,long,V,mss,2.0,-1.0,1.4720705969544725,True,False,True,False,False,False,False,True,BTC,1h>5m,2023-03-31 00:45:00+00:00,0.0002,-1.0305587867604586,H1,1
50747,50826,long,V,mss,3.0,-1.0,1.4720705969544725,True,False,True,False,False,False,False,True,BTC,1h>5m,2023-03-31 00:45:00+00:00,0.0002,-1.0305587867604586,H1,1
50747,50826,long,V,mss,5.0,-1.0,1.4720705969544725,True,False,True,False,False,False,False,True,BTC,1h>5m,2023-03-31 00:45:00+00:00,0.0002,-1.0305587867604586,H1,1
50758,50826,long,V,retest,2.0,-1.0,1.4431550312107766,True,False,False,False,False,False,False,False,BTC,1h>5m,2023-03-31 01:40:00+00:00,0.0002,-1.0311670661729169,H1,1
50758,50826,long,V,retest,3.0,-1.0,1.4431550312107766,True,False,False,False,False,False,False,False,BTC,1h>5m,2023-03-31 01:40:00+00:00,0.0002,-1.0311670661729169,H1,1
50758,50826,long,V,retest,5.0,-1.0,1.4431550312107766,True,False,False,False,False,False,False,False,BTC,1h>5m,2023-03-31 01:40:00+00:00,0.0002,-1.0311670661729169,H1,1
51373,51494,short,A,mss,2.0,2.0,1.3627420702563482,False,False,False,False,False,False,False,False,BTC,1h>5m,2023-04-02 04:55:00+00:00,0.0002,1.9224236574815776,H1,0
51373,51513,short,A,mss,3.0,3.0,1.3627420702563482,False,False,False,False,False,False,False,False,BTC,1h>5m,2023-04-02 04:55:00+00:00,0.0002,2.922623657481578,H1,0
51373,51622,short,A,mss,5.0,5.0,1.3627420702563482,False,False,False,False,False,False,False,False,BTC,1h>5m,2023-04-02 04:55:00+00:00,0.0002,4.923023657481577,H1,0
51374,51472,short,A,retest,2.0,2.0,1.2202105685350384,False,False,False,False,False,False,False,False,BTC,1h>5m,2023-04-02 05:00:00+00:00,0.0002,1.9132686000786685,H1,0
51374,51510,short,A,retest,3.0,3.0,1.2202105685350384,False,False,False,False,False,False,False,False,BTC,1h>5m,2023-04-02 05:00:00+00:00,0.0002,2.9134686000786685,H1,0
51374,51622,short,A,retest,5.0,5.0,1.2202105685350384,False,False,False,False,False,False,False,False,BTC,1h>5m,2023-04-02 05:00:00+00:00,0.0002,4.913868600078668,H1,0
51426,51442,long,V,mss,2.0,-1.0,0.5655659867517011,False,False,False,True,False,False,False,False,BTC,1h>5m,2023-04-02 09:20:00+00:00,0.0002,-1.2170193487178416,H1,0
51426,51442,long,V,mss,3.0,-1.0,0.5655659867517011,False,False,False,True,False,False,False,False,BTC,1h>5m,2023-04-02 09:20:00+00:00,0.0002,-1.2170193487178416,H1,0
51426,51442,long,V,mss,5.0,-1.0,0.5655659867517011,False,False,False,True,False,False,False,False,BTC,1h>5m,2023-04-02 09:20:00+00:00,0.0002,-1.2170193487178416,H1,0
51427,51442,long,V,retest,2.0,-1.0,0.5568109877553464,False,False,False,True,False,False,False,False,BTC,1h>5m,2023-04-02 09:25:00+00:00,0.0002,-1.2204285005164928,H1,0
51427,51442,long,V,retest,3.0,-1.0,0.5568109877553464,False,False,False,True,False,False,False,False,BTC,1h>5m,2023-04-02 09:25:00+00:00,0.0002,-1.2204285005164928,H1,0
51427,51442,long,V,retest,5.0,-1.0,0.5568109877553464,False,False,False,True,False,False,False,False,BTC,1h>5m,2023-04-02 09:25:00+00:00,0.0002,-1.2204285005164928,H1,0
51777,51854,short,A,mss,2.0,2.0,1.6026611878164965,True,True,True,False,False,False,False,False,BTC,1h>5m,2023-04-03 14:35:00+00:00,0.0002,1.967451578127983,H1,2
51777,52023,short,A,mss,3.0,-1.0,1.6026611878164965,True,True,True,False,False,False,False,False,BTC,1h>5m,2023-04-03 14:35:00+00:00,0.0002,-1.0331484218720168,H1,2
51777,52023,short,A,mss,5.0,-1.0,1.6026611878164965,True,True,True,False,False,False,False,False,BTC,1h>5m,2023-04-03 14:35:00+00:00,0.0002,-1.0331484218720168,H1,2
51778,51853,short,A,retest,2.0,2.0,1.254151170532568,True,True,False,False,False,False,False,False,BTC,1h>5m,2023-04-03 14:40:00+00:00,0.0002,1.9581845460858465,H1,2
51778,51854,short,A,retest,3.0,3.0,1.254151170532568,True,True,False,False,False,False,False,False,BTC,1h>5m,2023-04-03 14:40:00+00:00,0.0002,2.9583845460858464,H1,2
51778,52023,short,A,retest,5.0,-1.0,1.254151170532568,True,True,False,False,False,False,False,False,BTC,1h>5m,2023-04-03 14:40:00+00:00,0.0002,-1.0424154539141535,H1,2
52149,52184,short,A,mss,2.0,-1.0,0.7111497184585247,True,False,False,False,False,False,False,False,BTC,1h>5m,2023-04-04 21:35:00+00:00,0.0002,-1.0835373643084922,H1,1
52149,52184,short,A,mss,3.0,-1.0,0.7111497184585247,True,False,False,False,False,False,False,False,BTC,1h>5m,2023-04-04 21:35:00+00:00,0.0002,-1.0835373643084922,H1,1
52149,52184,short,A,mss,5.0,-1.0,0.7111497184585247,True,False,False,False,False,False,False,False,BTC,1h>5m,2023-04-04 21:35:00+00:00,0.0002,-1.0835373643084922,H1,1
52150,52184,short,A,retest,2.0,-1.0,0.7066270242249759,True,False,False,False,False,False,False,False,BTC,1h>5m,2023-04-04 21:40:00+00:00,0.0002,-1.0840733167723906,H1,1
52150,52184,short,A,retest,3.0,-1.0,0.7066270242249759,True,False,False,False,False,False,False,False,BTC,1h>5m,2023-04-04 21:40:00+00:00,0.0002,-1.0840733167723906,H1,1
52150,52184,short,A,retest,5.0,-1.0,0.7066270242249759,True,False,False,False,False,False,False,False,BTC,1h>5m,2023-04-04 21:40:00+00:00,0.0002,-1.0840733167723906,H1,1
53071,53083,long,V,mss,2.0,2.0,0.7837714244562479,False,False,True,False,False,True,False,True,BTC,1h>5m,2023-04-08 02:25:00+00:00,0.0002,1.8200215023728612,H1,1
53071,53113,long,V,mss,3.0,3.0,0.7837714244562479,False,False,True,False,False,True,False,True,BTC,1h>5m,2023-04-08 02:25:00+00:00,0.0002,2.819821502372861,H1,1
53071,53359,long,V,mss,5.0,2.3077241132178803,0.7837714244562479,False,False,True,False,False,True,False,True,BTC,1h>5m,2023-04-08 02:25:00+00:00,0.0002,2.127684070768098,H1,1
53073,53083,long,V,retest,2.0,2.0,0.7728071438859022,False,False,True,False,False,True,False,False,BTC,1h>5m,2023-04-08 02:35:00+00:00,0.0002,1.817479389071115,H1,1
53073,53113,long,V,retest,3.0,3.0,0.7728071438859022,False,False,True,False,False,True,False,False,BTC,1h>5m,2023-04-08 02:35:00+00:00,0.0002,2.817279389071115,H1,1
53073,53360,long,V,retest,5.0,2.1110174071865893,0.7728071438859022,False,False,True,False,False,True,False,False,BTC,1h>5m,2023-04-08 02:35:00+00:00,0.0002,1.9284745927762668,H1,1
55942,56058,long,V,mss,2.0,2.0,1.8664074216161661,False,False,False,False,False,True,False,False,BTC,1h>5m,2023-04-18 01:40:00+00:00,0.0002,1.9611493716773647,H1,1
55942,56061,long,V,mss,3.0,3.0,1.8664074216161661,False,False,False,False,False,True,False,False,BTC,1h>5m,2023-04-18 01:40:00+00:00,0.0002,2.9609493716773647,H1,1
55942,56230,long,V,mss,5.0,2.9515747774009333,1.8664074216161661,False,False,False,False,False,True,False,False,BTC,1h>5m,2023-04-18 01:40:00+00:00,0.0002,2.9125338341228177,H1,1
55943,56047,long,V,retest,2.0,2.0,1.757585533428684,False,False,False,False,False,True,False,False,BTC,1h>5m,2023-04-18 01:45:00+00:00,0.0002,1.9587934458108656,H1,1
55943,56061,long,V,retest,3.0,3.0,1.757585533428684,False,False,False,False,False,True,False,False,BTC,1h>5m,2023-04-18 01:45:00+00:00,0.0002,2.9585934458108656,H1,1
55943,56230,long,V,retest,5.0,3.1962387328170454,1.757585533428684,False,False,False,False,False,True,False,False,BTC,1h>5m,2023-04-18 01:45:00+00:00,0.0002,3.1547929308813476,H1,1
54054,54073,short,A,mss,2.0,-1.0,0.582142525344375,False,True,False,False,False,False,False,False,BTC,1h>5m,2023-04-11 12:20:00+00:00,0.0002,-1.081599919044826,H1,1
54054,54073,short,A,mss,3.0,-1.0,0.582142525344375,False,True,False,False,False,False,False,False,BTC,1h>5m,2023-04-11 12:20:00+00:00,0.0002,-1.081599919044826,H1,1
54054,54073,short,A,mss,5.0,-1.0,0.582142525344375,False,True,False,False,False,False,False,False,BTC,1h>5m,2023-04-11 12:20:00+00:00,0.0002,-1.081599919044826,H1,1
54056,54073,short,A,retest,2.0,-1.0,0.49428952695189937,False,True,False,False,False,False,False,False,BTC,1h>5m,2023-04-11 12:30:00+00:00,0.0002,-1.096138702014122,H1,1
54056,54073,short,A,retest,3.0,-1.0,0.49428952695189937,False,True,False,False,False,False,False,False,BTC,1h>5m,2023-04-11 12:30:00+00:00,0.0002,-1.096138702014122,H1,1
54056,54073,short,A,retest,5.0,-1.0,0.49428952695189937,False,True,False,False,False,False,False,False,BTC,1h>5m,2023-04-11 12:30:00+00:00,0.0002,-1.096138702014122,H1,1
54985,55273,long,V,mss,2.0,-0.09620597216412856,1.5644167680081291,True,True,False,False,False,False,False,True,BTC,1h>5m,2023-04-14 17:55:00+00:00,0.0002,-0.1345003338758965,H1,2
54985,55273,long,V,mss,3.0,-0.09620597216412856,1.5644167680081291,True,True,False,False,False,False,False,True,BTC,1h>5m,2023-04-14 17:55:00+00:00,0.0002,-0.1345003338758965,H1,2
54985,55273,long,V,mss,5.0,-0.09620597216412856,1.5644167680081291,True,True,False,False,False,False,False,True,BTC,1h>5m,2023-04-14 17:55:00+00:00,0.0002,-0.1345003338758965,H1,2
54993,55280,long,V,retest,2.0,0.10091211248285677,1.52873278373256,True,False,False,False,False,False,False,False,BTC,1h>5m,2023-04-14 18:35:00+00:00,0.0002,0.061693340304703796,H1,1
54993,55280,long,V,retest,3.0,0.10091211248285677,1.52873278373256,True,False,False,False,False,False,False,False,BTC,1h>5m,2023-04-14 18:35:00+00:00,0.0002,0.061693340304703796,H1,1
54993,55280,long,V,retest,5.0,0.10091211248285677,1.52873278373256,True,False,False,False,False,False,False,False,BTC,1h>5m,2023-04-14 18:35:00+00:00,0.0002,0.061693340304703796,H1,1
55162,55266,short,A,mss,2.0,2.0,0.7413064929938733,False,False,False,True,False,True,False,False,BTC,1h>5m,2023-04-15 08:40:00+00:00,0.0002,1.8542600266913523,H1,1
55162,55360,short,A,mss,3.0,3.0,0.7413064929938733,False,False,False,True,False,True,False,False,BTC,1h>5m,2023-04-15 08:40:00+00:00,0.0002,2.8544600266913522,H1,1
55162,55450,short,A,mss,5.0,0.6781046733916322,0.7413064929938733,False,False,False,True,False,True,False,False,BTC,1h>5m,2023-04-15 08:40:00+00:00,0.0002,0.5321003210176627,H1,1
55166,55266,short,A,retest,2.0,2.0,0.7225895579874881,False,False,False,True,False,True,False,False,BTC,1h>5m,2023-04-15 09:00:00+00:00,0.0002,1.8504642630715533,H1,1
55166,55360,short,A,retest,3.0,3.0,0.7225895579874881,False,False,False,True,False,True,False,False,BTC,1h>5m,2023-04-15 09:00:00+00:00,0.0002,2.8506642630715535,H1,1
55166,55453,short,A,retest,5.0,0.6407805311262305,0.7225895579874881,False,False,False,True,False,True,False,False,BTC,1h>5m,2023-04-15 09:00:00+00:00,0.0002,0.4909729503040091,H1,1
55587,55646,short,A,retest,2.0,2.0,2.7998599494261995,True,False,False,False,False,False,False,False,BTC,1h>5m,2023-04-16 20:05:00+00:00,0.0002,1.9532472816602384,H1,1
55587,55772,short,A,retest,3.0,3.0,2.7998599494261995,True,False,False,False,False,False,False,False,BTC,1h>5m,2023-04-16 20:05:00+00:00,0.0002,2.9534472816602384,H1,1
55587,55874,short,A,retest,5.0,3.147288329646608,2.7998599494261995,True,False,False,False,False,False,False,False,BTC,1h>5m,2023-04-16 20:05:00+00:00,0.0002,3.100765068972776,H1,1
55918,55936,short,A,mss,2.0,2.0,0.6326089217952158,False,False,False,False,False,False,False,False,BTC,1h>5m,2023-04-17 23:40:00+00:00,0.0002,1.8825347201528286,H1,0
55918,55937,short,A,mss,3.0,3.0,0.6326089217952158,False,False,False,False,False,False,False,False,BTC,1h>5m,2023-04-17 23:40:00+00:00,0.0002,2.8827347201528286,H1,0
55918,55985,short,A,mss,5.0,-1.0,0.6326089217952158,False,False,False,False,False,False,False,False,BTC,1h>5m,2023-04-17 23:40:00+00:00,0.0002,-1.1180652798471713,H1,0
55920,55936,short,A,retest,2.0,2.0,0.5572580608686762,False,False,False,False,False,False,False,False,BTC,1h>5m,2023-04-17 23:50:00+00:00,0.0002,1.866543223071008,H1,0
55920,55936,short,A,retest,3.0,3.0,0.5572580608686762,False,False,False,False,False,False,False,False,BTC,1h>5m,2023-04-17 23:50:00+00:00,0.0002,2.866743223071008,H1,0
55920,55985,short,A,retest,5.0,-1.0,0.5572580608686762,False,False,False,False,False,False,False,False,BTC,1h>5m,2023-04-17 23:50:00+00:00,0.0002,-1.134056776928992,H1,0
56795,56864,long,V,mss,2.0,-1.0,1.0256735238769203,False,False,True,False,False,False,False,False,BTC,1h>5m,2023-04-21 00:45:00+00:00,0.0002,-1.0413033527157312,H1,0
56795,56864,long,V,mss,3.0,-1.0,1.0256735238769203,False,False,True,False,False,False,False,False,BTC,1h>5m,2023-04-21 00:45:00+00:00,0.0002,-1.0413033527157312,H1,0
56795,56864,long,V,mss,5.0,-1.0,1.0256735238769203,False,False,True,False,False,False,False,False,BTC,1h>5m,2023-04-21 00:45:00+00:00,0.0002,-1.0413033527157312,H1,0
56796,56864,long,V,retest,2.0,-1.0,0.8898160509116972,False,False,True,False,False,False,False,False,BTC,1h>5m,2023-04-21 00:50:00+00:00,0.0002,-1.0475790291599085,H1,0
56796,56864,long,V,retest,3.0,-1.0,0.8898160509116972,False,False,True,False,False,False,False,False,BTC,1h>5m,2023-04-21 00:50:00+00:00,0.0002,-1.0475790291599085,H1,0
56796,56864,long,V,retest,5.0,-1.0,0.8898160509116972,False,False,True,False,False,False,False,False,BTC,1h>5m,2023-04-21 00:50:00+00:00,0.0002,-1.0475790291599085,H1,0
57793,57853,long,V,mss,2.0,-1.0,2.0012724257391947,True,False,False,True,False,False,True,True,BTC,1h>5m,2023-04-24 11:55:00+00:00,0.0002,-1.027534098005086,H1,2
57793,57853,long,V,mss,3.0,-1.0,2.0012724257391947,True,False,False,True,False,False,True,True,BTC,1h>5m,2023-04-24 11:55:00+00:00,0.0002,-1.027534098005086,H1,2
57793,57853,long,V,mss,5.0,-1.0,2.0012724257391947,True,False,False,True,False,False,True,True,BTC,1h>5m,2023-04-24 11:55:00+00:00,0.0002,-1.027534098005086,H1,2
57794,57853,long,V,retest,2.0,-1.0,1.8446385080565493,True,True,False,True,False,False,False,False,BTC,1h>5m,2023-04-24 12:00:00+00:00,0.0002,-1.0298551201664248,H1,2
57794,57853,long,V,retest,3.0,-1.0,1.8446385080565493,True,True,False,True,False,False,False,False,BTC,1h>5m,2023-04-24 12:00:00+00:00,0.0002,-1.0298551201664248,H1,2
57794,57853,long,V,retest,5.0,-1.0,1.8446385080565493,True,True,False,True,False,False,False,False,BTC,1h>5m,2023-04-24 12:00:00+00:00,0.0002,-1.0298551201664248,H1,2
57539,57660,short,A,mss,2.0,-1.0,1.0408288681909759,False,True,False,False,False,False,False,True,BTC,1h>5m,2023-04-23 14:45:00+00:00,0.0002,-1.0732323954294967,H1,1
57539,57660,short,A,mss,3.0,-1.0,1.0408288681909759,False,True,False,False,False,False,False,True,BTC,1h>5m,2023-04-23 14:45:00+00:00,0.0002,-1.0732323954294967,H1,1
57539,57660,short,A,mss,5.0,-1.0,1.0408288681909759,False,True,False,False,False,False,False,True,BTC,1h>5m,2023-04-23 14:45:00+00:00,0.0002,-1.0732323954294967,H1,1
57561,57660,short,A,retest,2.0,-1.0,1.0300141211665095,False,True,False,False,False,False,False,True,BTC,1h>5m,2023-04-23 16:35:00+00:00,0.0002,-1.0740034069755044,H1,1
57561,57660,short,A,retest,3.0,-1.0,1.0300141211665095,False,True,False,False,False,False,False,True,BTC,1h>5m,2023-04-23 16:35:00+00:00,0.0002,-1.0740034069755044,H1,1
57561,57660,short,A,retest,5.0,-1.0,1.0300141211665095,False,True,False,False,False,False,False,True,BTC,1h>5m,2023-04-23 16:35:00+00:00,0.0002,-1.0740034069755044,H1,1
57631,57660,long,V,mss,2.0,2.0,0.7082637087396001,False,False,False,False,False,False,False,False,BTC,1h>5m,2023-04-23 22:25:00+00:00,0.0002,1.9022274262157601,H1,0
57631,57662,long,V,mss,3.0,3.0,0.7082637087396001,False,False,False,False,False,False,False,False,BTC,1h>5m,2023-04-23 22:25:00+00:00,0.0002,2.9020274262157604,H1,0
57631,57736,long,V,mss,5.0,-1.0,0.7082637087396001,False,False,False,False,False,False,False,False,BTC,1h>5m,2023-04-23 22:25:00+00:00,0.0002,-1.0971725737842397,H1,0
57654,57660,long,V,retest,2.0,2.0,0.6244189999105494,False,False,False,False,False,False,False,True,BTC,1h>5m,2023-04-24 00:20:00+00:00,0.0002,1.8892063022356955,H1,0
57654,57661,long,V,retest,3.0,3.0,0.6244189999105494,False,False,False,False,False,False,False,True,BTC,1h>5m,2023-04-24 00:20:00+00:00,0.0002,2.8890063022356958,H1,0
57654,57736,long,V,retest,5.0,-1.0,0.6244189999105494,False,False,False,False,False,False,False,True,BTC,1h>5m,2023-04-24 00:20:00+00:00,0.0002,-1.1101936977643045,H1,0
58587,58698,short,A,mss,2.0,-1.0,0.40808681608208636,False,False,False,False,False,False,True,False,BTC,1h>5m,2023-04-27 06:05:00+00:00,0.0002,-1.0496490610359321,H1,1
58587,58698,short,A,mss,3.0,-1.0,0.40808681608208636,False,False,False,False,False,False,True,False,BTC,1h>5m,2023-04-27 06:05:00+00:00,0.0002,-1.0496490610359321,H1,1
58587,58698,short,A,mss,5.0,-1.0,0.40808681608208636,False,False,False,False,False,False,True,False,BTC,1h>5m,2023-04-27 06:05:00+00:00,0.0002,-1.0496490610359321,H1,1
58588,58698,short,A,retest,2.0,-1.0,0.4068885487320209,False,False,False,False,False,False,True,False,BTC,1h>5m,2023-04-27 06:10:00+00:00,0.0002,-1.0497958641407552,H1,1
58588,58698,short,A,retest,3.0,-1.0,0.4068885487320209,False,False,False,False,False,False,True,False,BTC,1h>5m,2023-04-27 06:10:00+00:00,0.0002,-1.0497958641407552,H1,1
58588,58698,short,A,retest,5.0,-1.0,0.4068885487320209,False,False,False,False,False,False,True,False,BTC,1h>5m,2023-04-27 06:10:00+00:00,0.0002,-1.0497958641407552,H1,1
58653,58698,short,A,mss,2.0,-1.0,0.5283396286548369,False,False,True,True,False,False,False,False,BTC,1h>5m,2023-04-27 11:35:00+00:00,0.0002,-1.0538958958692874,H1,0
58653,58698,short,A,mss,3.0,-1.0,0.5283396286548369,False,False,True,True,False,False,False,False,BTC,1h>5m,2023-04-27 11:35:00+00:00,0.0002,-1.0538958958692874,H1,0
58653,58698,short,A,mss,5.0,-1.0,0.5283396286548369,False,False,True,True,False,False,False,False,BTC,1h>5m,2023-04-27 11:35:00+00:00,0.0002,-1.0538958958692874,H1,0
58658,58698,short,A,retest,2.0,-1.0,0.45547850572357823,False,True,False,True,False,False,False,False,BTC,1h>5m,2023-04-27 12:00:00+00:00,0.0002,-1.0625494056825489,H1,1
58658,58698,short,A,retest,3.0,-1.0,0.45547850572357823,False,True,False,True,False,False,False,False,BTC,1h>5m,2023-04-27 12:00:00+00:00,0.0002,-1.0625494056825489,H1,1
58658,58698,short,A,retest,5.0,-1.0,0.45547850572357823,False,True,False,True,False,False,False,False,BTC,1h>5m,2023-04-27 12:00:00+00:00,0.0002,-1.0625494056825489,H1,1
59506,59539,short,A,mss,2.0,-1.0,1.3339022028564327,True,False,False,True,False,False,True,False,BTC,1h>5m,2023-04-30 10:40:00+00:00,0.0002,-1.1239399015791518,H1,2
59506,59539,short,A,mss,3.0,-1.0,1.3339022028564327,True,False,False,True,False,False,True,False,BTC,1h>5m,2023-04-30 10:40:00+00:00,0.0002,-1.1239399015791518,H1,2
59506,59539,short,A,mss,5.0,-1.0,1.3339022028564327,True,False,False,True,False,False,True,False,BTC,1h>5m,2023-04-30 10:40:00+00:00,0.0002,-1.1239399015791518,H1,2
59507,59539,short,A,retest,2.0,-1.0,1.272900024207199,True,False,False,True,False,False,True,False,BTC,1h>5m,2023-04-30 10:45:00+00:00,0.0002,-1.129889154709496,H1,2
59507,59539,short,A,retest,3.0,-1.0,1.272900024207199,True,False,False,True,False,False,True,False,BTC,1h>5m,2023-04-30 10:45:00+00:00,0.0002,-1.129889154709496,H1,2
59507,59539,short,A,retest,5.0,-1.0,1.272900024207199,True,False,False,True,False,False,True,False,BTC,1h>5m,2023-04-30 10:45:00+00:00,0.0002,-1.129889154709496,H1,2
59630,59685,long,V,mss,2.0,-1.0,1.3689324597937162,False,False,False,False,False,False,False,False,BTC,1h>5m,2023-04-30 21:00:00+00:00,0.0002,-1.0476402474826179,H1,0
59630,59685,long,V,mss,3.0,-1.0,1.3689324597937162,False,False,False,False,False,False,False,False,BTC,1h>5m,2023-04-30 21:00:00+00:00,0.0002,-1.0476402474826179,H1,0
59630,59685,long,V,mss,5.0,-1.0,1.3689324597937162,False,False,False,False,False,False,False,False,BTC,1h>5m,2023-04-30 21:00:00+00:00,0.0002,-1.0476402474826179,H1,0
59631,59685,long,V,retest,2.0,-1.0,1.295532855193709,False,False,False,False,False,False,False,False,BTC,1h>5m,2023-04-30 21:05:00+00:00,0.0002,-1.0503280183047865,H1,0
59631,59685,long,V,retest,3.0,-1.0,1.295532855193709,False,False,False,False,False,False,False,False,BTC,1h>5m,2023-04-30 21:05:00+00:00,0.0002,-1.0503280183047865,H1,0
59631,59685,long,V,retest,5.0,-1.0,1.295532855193709,False,False,False,False,False,False,False,False,BTC,1h>5m,2023-04-30 21:05:00+00:00,0.0002,-1.0503280183047865,H1,0
61131,61275,short,A,mss,2.0,2.0,1.4385466127247517,False,False,False,False,False,False,False,True,BTC,1h>5m,2023-05-06 02:05:00+00:00,0.0002,1.9668119017424133,H1,0
61131,61286,short,A,mss,3.0,3.0,1.4385466127247517,False,False,False,False,False,False,False,True,BTC,1h>5m,2023-05-06 02:05:00+00:00,0.0002,2.9670119017424135,H1,0
61131,61419,short,A,mss,5.0,1.5356939942663,1.4385466127247517,False,False,False,False,False,False,False,True,BTC,1h>5m,2023-05-06 02:05:00+00:00,0.0002,1.5024130348075666,H1,0
61132,61275,short,A,retest,2.0,2.0,1.4336695920984142,False,False,False,False,False,False,False,False,BTC,1h>5m,2023-05-06 02:10:00+00:00,0.0002,1.966696281897251,H1,0
61132,61286,short,A,retest,3.0,3.0,1.4336695920984142,False,False,False,False,False,False,False,False,BTC,1h>5m,2023-05-06 02:10:00+00:00,0.0002,2.966896281897251,H1,0
61132,61419,short,A,retest,5.0,1.5443198533765685,1.4336695920984142,False,False,False,False,False,False,False,False,BTC,1h>5m,2023-05-06 02:10:00+00:00,0.0002,1.5109249992444949,H1,0
59817,59833,long,V,mss,2.0,-1.0,0.7058784136721089,False,True,False,False,False,False,False,False,BTC,1h>5m,2023-05-01 12:35:00+00:00,0.0002,-1.0757707265241059,H1,1
59817,59833,long,V,mss,3.0,-1.0,0.7058784136721089,False,True,False,False,False,False,False,False,BTC,1h>5m,2023-05-01 12:35:00+00:00,0.0002,-1.0757707265241059,H1,1
59817,59833,long,V,mss,5.0,-1.0,0.7058784136721089,False,True,False,False,False,False,False,False,BTC,1h>5m,2023-05-01 12:35:00+00:00,0.0002,-1.0757707265241059,H1,1
59818,59833,long,V,retest,2.0,-1.0,0.6704860506542855,False,True,False,False,False,False,False,False,BTC,1h>5m,2023-05-01 12:40:00+00:00,0.0002,-1.0797598126267203,H1,1
59818,59833,long,V,retest,3.0,-1.0,0.6704860506542855,False,True,False,False,False,False,False,False,BTC,1h>5m,2023-05-01 12:40:00+00:00,0.0002,-1.0797598126267203,H1,1
59818,59833,long,V,retest,5.0,-1.0,0.6704860506542855,False,True,False,False,False,False,False,False,BTC,1h>5m,2023-05-01 12:40:00+00:00,0.0002,-1.0797598126267203,H1,1
59830,59834,short,A,mss,2.0,2.0,0.46244069711936825,False,True,False,False,False,True,False,False,BTC,1h>5m,2023-05-01 13:40:00+00:00,0.0002,1.8882079067481221,H1,2
59830,59850,short,A,mss,3.0,3.0,0.46244069711936825,False,True,False,False,False,True,False,False,BTC,1h>5m,2023-05-01 13:40:00+00:00,0.0002,2.888407906748122,H1,2
59830,59863,short,A,mss,5.0,5.0,0.46244069711936825,False,True,False,False,False,True,False,False,BTC,1h>5m,2023-05-01 13:40:00+00:00,0.0002,4.888807906748122,H1,2
59837,59846,short,A,retest,2.0,2.0,0.366153276636371,False,True,True,False,False,True,False,False,BTC,1h>5m,2023-05-01 14:15:00+00:00,0.0002,1.858599535287962,H1,2
59837,59849,short,A,retest,3.0,3.0,0.366153276636371,False,True,True,False,False,True,False,False,BTC,1h>5m,2023-05-01 14:15:00+00:00,0.0002,2.858799535287962,H1,2
59837,59850,short,A,retest,5.0,5.0,0.366153276636371,False,True,True,False,False,True,False,False,BTC,1h>5m,2023-05-01 14:15:00+00:00,0.0002,4.859199535287962,H1,2
60125,60128,long,V,mss,2.0,2.0,1.6689850263301593,False,True,True,False,False,True,False,False,BTC,1h>5m,2023-05-02 14:15:00+00:00,0.0002,1.9509575308437677,H1,2
60125,60183,long,V,mss,3.0,3.0,1.6689850263301593,False,True,True,False,False,True,False,False,BTC,1h>5m,2023-05-02 14:15:00+00:00,0.0002,2.9507575308437675,H1,2
60125,60413,long,V,mss,5.0,0.7831455116999916,1.6689850263301593,False,True,True,False,False,True,False,False,BTC,1h>5m,2023-05-02 14:15:00+00:00,0.0002,0.7343464134414193,H1,2
60498,60786,long,V,mss,2.0,-0.14739464166464086,2.806438703026037,True,False,False,False,False,False,False,True,BTC,1h>5m,2023-05-03 21:20:00+00:00,0.0002,-0.1637043843668915,H1,1
60498,60786,long,V,mss,3.0,-0.14739464166464086,2.806438703026037,True,False,False,False,False,False,False,True,BTC,1h>5m,2023-05-03 21:20:00+00:00,0.0002,-0.1637043843668915,H1,1
60498,60786,long,V,mss,5.0,-0.14739464166464086,2.806438703026037,True,False,False,False,False,False,False,True,BTC,1h>5m,2023-05-03 21:20:00+00:00,0.0002,-0.1637043843668915,H1,1
61508,61530,long,V,mss,2.0,-1.0,1.0405146124895228,False,False,False,True,False,False,False,False,BTC,1h>5m,2023-05-07 09:30:00+00:00,0.0002,-1.0907787679277814,H1,0
61508,61530,long,V,mss,3.0,-1.0,1.0405146124895228,False,False,False,True,False,False,False,False,BTC,1h>5m,2023-05-07 09:30:00+00:00,0.0002,-1.0907787679277814,H1,0
61508,61530,long,V,mss,5.0,-1.0,1.0405146124895228,False,False,False,True,False,False,False,False,BTC,1h>5m,2023-05-07 09:30:00+00:00,0.0002,-1.0907787679277814,H1,0
61509,61530,long,V,retest,2.0,-1.0,1.0153576006602276,False,False,False,True,False,False,False,False,BTC,1h>5m,2023-05-07 09:35:00+00:00,0.0002,-1.09302299314928,H1,0
61509,61530,long,V,retest,3.0,-1.0,1.0153576006602276,False,False,False,True,False,False,False,False,BTC,1h>5m,2023-05-07 09:35:00+00:00,0.0002,-1.09302299314928,H1,0
61509,61530,long,V,retest,5.0,-1.0,1.0153576006602276,False,False,False,True,False,False,False,False,BTC,1h>5m,2023-05-07 09:35:00+00:00,0.0002,-1.09302299314928,H1,0
61862,61897,long,V,mss,2.0,-1.0,1.3382880145161056,True,True,False,False,False,False,False,False,BTC,1h>5m,2023-05-08 15:00:00+00:00,0.0002,-1.0341862791751273,H1,2
61862,61897,long,V,mss,3.0,-1.0,1.3382880145161056,True,True,False,False,False,False,False,False,BTC,1h>5m,2023-05-08 15:00:00+00:00,0.0002,-1.0341862791751273,H1,2
61862,61897,long,V,mss,5.0,-1.0,1.3382880145161056,True,True,False,False,False,False,False,False,BTC,1h>5m,2023-05-08 15:00:00+00:00,0.0002,-1.0341862791751273,H1,2
61863,61897,long,V,retest,2.0,-1.0,1.2708749893566105,True,True,False,False,False,False,False,False,BTC,1h>5m,2023-05-08 15:05:00+00:00,0.0002,-1.0359890669491398,H1,2
61863,61897,long,V,retest,3.0,-1.0,1.2708749893566105,True,True,False,False,False,False,False,False,BTC,1h>5m,2023-05-08 15:05:00+00:00,0.0002,-1.0359890669491398,H1,2
61863,61897,long,V,retest,5.0,-1.0,1.2708749893566105,True,True,False,False,False,False,False,False,BTC,1h>5m,2023-05-08 15:05:00+00:00,0.0002,-1.0359890669491398,H1,2
62235,62263,short,A,mss,2.0,-1.0,1.1608788016057925,True,False,True,False,False,False,False,True,BTC,1h>5m,2023-05-09 22:05:00+00:00,0.0002,-1.0521271350394175,H1,1
62235,62263,short,A,mss,3.0,-1.0,1.1608788016057925,True,False,True,False,False,False,False,True,BTC,1h>5m,2023-05-09 22:05:00+00:00,0.0002,-1.0521271350394175,H1,1
62235,62263,short,A,mss,5.0,-1.0,1.1608788016057925,True,False,True,False,False,False,False,True,BTC,1h>5m,2023-05-09 22:05:00+00:00,0.0002,-1.0521271350394175,H1,1
62236,62263,short,A,retest,2.0,-1.0,1.0902435214545771,True,False,False,False,False,False,False,False,BTC,1h>5m,2023-05-09 22:10:00+00:00,0.0002,-1.055517333440311,H1,1
62236,62263,short,A,retest,3.0,-1.0,1.0902435214545771,True,False,False,False,False,False,False,False,BTC,1h>5m,2023-05-09 22:10:00+00:00,0.0002,-1.055517333440311,H1,1
62236,62263,short,A,retest,5.0,-1.0,1.0902435214545771,True,False,False,False,False,False,False,False,BTC,1h>5m,2023-05-09 22:10:00+00:00,0.0002,-1.055517333440311,H1,1
63350,63591,short,A,retest,2.0,-1.0,2.978247189160255,True,False,True,False,False,False,False,False,BTC,1h>5m,2023-05-13 19:00:00+00:00,0.0002,-1.0416950230118804,H1,1
63350,63591,short,A,retest,3.0,-1.0,2.978247189160255,True,False,True,False,False,False,False,False,BTC,1h>5m,2023-05-13 19:00:00+00:00,0.0002,-1.0416950230118804,H1,1
63350,63591,short,A,retest,5.0,-1.0,2.978247189160255,True,False,True,False,False,False,False,False,BTC,1h>5m,2023-05-13 19:00:00+00:00,0.0002,-1.0416950230118804,H1,1
63350,63407,long,V,mss,2.0,-1.0,1.008932042968019,False,False,True,False,False,True,False,False,BTC,1h>5m,2023-05-13 19:00:00+00:00,0.0002,-1.105551510714771,H1,1
63350,63407,long,V,mss,3.0,-1.0,1.008932042968019,False,False,True,False,False,True,False,False,BTC,1h>5m,2023-05-13 19:00:00+00:00,0.0002,-1.105551510714771,H1,1
63350,63407,long,V,mss,5.0,-1.0,1.008932042968019,False,False,True,False,False,True,False,False,BTC,1h>5m,2023-05-13 19:00:00+00:00,0.0002,-1.105551510714771,H1,1
63351,63407,long,V,retest,2.0,-1.0,0.9544983042669976,False,False,True,False,False,True,False,False,BTC,1h>5m,2023-05-13 19:05:00+00:00,0.0002,-1.11155956393013,H1,1
63351,63407,long,V,retest,3.0,-1.0,0.9544983042669976,False,False,True,False,False,True,False,False,BTC,1h>5m,2023-05-13 19:05:00+00:00,0.0002,-1.11155956393013,H1,1
63351,63407,long,V,retest,5.0,-1.0,0.9544983042669976,False,False,True,False,False,True,False,False,BTC,1h>5m,2023-05-13 19:05:00+00:00,0.0002,-1.11155956393013,H1,1
63714,63897,long,V,mss,2.0,2.0,2.2885954797048003,False,False,False,False,False,False,False,True,BTC,1h>5m,2023-05-15 01:20:00+00:00,0.0002,1.9615036091642442,H1,0
63714,64002,long,V,mss,3.0,0.0020104097910473464,2.2885954797048003,False,False,False,False,False,False,False,True,BTC,1h>5m,2023-05-15 01:20:00+00:00,0.0002,-0.0360863831266667,H1,0
63714,64002,long,V,mss,5.0,0.0020104097910473464,2.2885954797048003,False,False,False,False,False,False,False,True,BTC,1h>5m,2023-05-15 01:20:00+00:00,0.0002,-0.0360863831266667,H1,0
64073,64111,long,V,mss,2.0,-1.0,1.4931515171971645,False,False,False,True,False,False,False,True,BTC,1h>5m,2023-05-16 07:15:00+00:00,0.0002,-1.049009884803877,H1,0
64073,64111,long,V,mss,3.0,-1.0,1.4931515171971645,False,False,False,True,False,False,False,True,BTC,1h>5m,2023-05-16 07:15:00+00:00,0.0002,-1.049009884803877,H1,0
64073,64111,long,V,mss,5.0,-1.0,1.4931515171971645,False,False,False,True,False,False,False,True,BTC,1h>5m,2023-05-16 07:15:00+00:00,0.0002,-1.049009884803877,H1,0
64083,64111,long,V,retest,2.0,-1.0,1.130441826712137,False,False,False,True,False,False,False,False,BTC,1h>5m,2023-05-16 08:05:00+00:00,0.0002,-1.0646708571701553,H1,0
64083,64111,long,V,retest,3.0,-1.0,1.130441826712137,False,False,False,True,False,False,False,False,BTC,1h>5m,2023-05-16 08:05:00+00:00,0.0002,-1.0646708571701553,H1,0
64083,64111,long,V,retest,5.0,-1.0,1.130441826712137,False,False,False,True,False,False,False,False,BTC,1h>5m,2023-05-16 08:05:00+00:00,0.0002,-1.0646708571701553,H1,0
65144,65284,short,A,mss,2.0,-1.0,0.49675348577802364,False,False,False,False,False,False,False,True,BTC,1h>5m,2023-05-20 00:30:00+00:00,0.0002,-1.169071613679003,H1,0
65144,65284,short,A,mss,3.0,-1.0,0.49675348577802364,False,False,False,False,False,False,False,True,BTC,1h>5m,2023-05-20 00:30:00+00:00,0.0002,-1.169071613679003,H1,0
65144,65284,short,A,mss,5.0,-1.0,0.49675348577802364,False,False,False,False,False,False,False,True,BTC,1h>5m,2023-05-20 00:30:00+00:00,0.0002,-1.169071613679003,H1,0
65145,65284,short,A,retest,2.0,-1.0,0.48582208588955716,False,False,False,False,False,False,False,False,BTC,1h>5m,2023-05-20 00:35:00+00:00,0.0002,-1.1728803653859228,H1,0
65145,65284,short,A,retest,3.0,-1.0,0.48582208588955716,False,False,False,False,False,False,False,False,BTC,1h>5m,2023-05-20 00:35:00+00:00,0.0002,-1.1728803653859228,H1,0
65145,65284,short,A,retest,5.0,-1.0,0.48582208588955716,False,False,False,False,False,False,False,False,BTC,1h>5m,2023-05-20 00:35:00+00:00,0.0002,-1.1728803653859228,H1,0
67016,67028,short,A,mss,2.0,-1.0,1.4771140834507526,False,True,False,False,False,False,False,False,BTC,1h>5m,2023-05-26 12:30:00+00:00,0.0002,-1.082694836652543,H1,1
67016,67028,short,A,mss,3.0,-1.0,1.4771140834507526,False,True,False,False,False,False,False,False,BTC,1h>5m,2023-05-26 12:30:00+00:00,0.0002,-1.082694836652543,H1,1
67016,67028,short,A,mss,5.0,-1.0,1.4771140834507526,False,True,False,False,False,False,False,False,BTC,1h>5m,2023-05-26 12:30:00+00:00,0.0002,-1.082694836652543,H1,1
67019,67028,short,A,retest,2.0,-1.0,1.180248226073613,False,True,True,False,False,False,False,False,BTC,1h>5m,2023-05-26 12:45:00+00:00,0.0002,-1.1035452359256366,H1,1
67019,67028,short,A,retest,3.0,-1.0,1.180248226073613,False,True,True,False,False,False,False,False,BTC,1h>5m,2023-05-26 12:45:00+00:00,0.0002,-1.1035452359256366,H1,1
67019,67028,short,A,retest,5.0,-1.0,1.180248226073613,False,True,True,False,False,False,False,False,BTC,1h>5m,2023-05-26 12:45:00+00:00,0.0002,-1.1035452359256366,H1,1
67592,67654,short,A,mss,2.0,-1.0,2.0147163320737844,True,True,False,True,False,False,False,True,BTC,1h>5m,2023-05-28 12:30:00+00:00,0.0002,-1.0502783365965886,H1,2
67592,67654,short,A,mss,3.0,-1.0,2.0147163320737844,True,True,False,True,False,False,False,True,BTC,1h>5m,2023-05-28 12:30:00+00:00,0.0002,-1.0502783365965886,H1,2
67592,67654,short,A,mss,5.0,-1.0,2.0147163320737844,True,True,False,True,False,False,False,True,BTC,1h>5m,2023-05-28 12:30:00+00:00,0.0002,-1.0502783365965886,H1,2
67593,67654,short,A,retest,2.0,-1.0,1.852664014716346,True,True,False,True,False,False,False,False,BTC,1h>5m,2023-05-28 12:35:00+00:00,0.0002,-1.0546936711401695,H1,2
67593,67654,short,A,retest,3.0,-1.0,1.852664014716346,True,True,False,True,False,False,False,False,BTC,1h>5m,2023-05-28 12:35:00+00:00,0.0002,-1.0546936711401695,H1,2
67593,67654,short,A,retest,5.0,-1.0,1.852664014716346,True,True,False,True,False,False,False,False,BTC,1h>5m,2023-05-28 12:35:00+00:00,0.0002,-1.0546936711401695,H1,2
68108,68130,short,A,mss,2.0,-1.0,0.6582813708128449,False,False,False,True,False,False,False,False,BTC,1h>5m,2023-05-30 07:30:00+00:00,0.0002,-1.1475336092958344,H1,0
68108,68130,short,A,mss,3.0,-1.0,0.6582813708128449,False,False,False,True,False,False,False,False,BTC,1h>5m,2023-05-30 07:30:00+00:00,0.0002,-1.1475336092958344,H1,0
68108,68130,short,A,mss,5.0,-1.0,0.6582813708128449,False,False,False,True,False,False,False,False,BTC,1h>5m,2023-05-30 07:30:00+00:00,0.0002,-1.1475336092958344,H1,0
68109,68130,short,A,retest,2.0,-1.0,0.6372427855236436,False,False,False,True,False,False,False,False,BTC,1h>5m,2023-05-30 07:35:00+00:00,0.0002,-1.1524110378205026,H1,0
68109,68130,short,A,retest,3.0,-1.0,0.6372427855236436,False,False,False,True,False,False,False,False,BTC,1h>5m,2023-05-30 07:35:00+00:00,0.0002,-1.1524110378205026,H1,0
68109,68130,short,A,retest,5.0,-1.0,0.6372427855236436,False,False,False,True,False,False,False,False,BTC,1h>5m,2023-05-30 07:35:00+00:00,0.0002,-1.1524110378205026,H1,0
68545,68573,short,A,mss,2.0,-1.0,0.7755307754102666,False,False,False,False,False,True,False,False,BTC,1h>5m,2023-05-31 19:55:00+00:00,0.0002,-1.093463252133981,H1,1
68545,68573,short,A,mss,3.0,-1.0,0.7755307754102666,False,False,False,False,False,True,False,False,BTC,1h>5m,2023-05-31 19:55:00+00:00,0.0002,-1.093463252133981,H1,1
68545,68573,short,A,mss,5.0,-1.0,0.7755307754102666,False,False,False,False,False,True,False,False,BTC,1h>5m,2023-05-31 19:55:00+00:00,0.0002,-1.093463252133981,H1,1
68546,68573,short,A,retest,2.0,-1.0,0.6911135763742657,False,False,False,False,False,True,False,False,BTC,1h>5m,2023-05-31 20:00:00+00:00,0.0002,-1.1049039033786494,H1,1
68546,68573,short,A,retest,3.0,-1.0,0.6911135763742657,False,False,False,False,False,True,False,False,BTC,1h>5m,2023-05-31 20:00:00+00:00,0.0002,-1.1049039033786494,H1,1
68546,68573,short,A,retest,5.0,-1.0,0.6911135763742657,False,False,False,False,False,True,False,False,BTC,1h>5m,2023-05-31 20:00:00+00:00,0.0002,-1.1049039033786494,H1,1
68966,69034,short,A,mss,2.0,-1.0,0.9666043129273612,False,False,True,False,False,False,False,True,BTC,1h>5m,2023-06-02 07:00:00+00:00,0.0002,-1.071913625988439,H1,0
68966,69034,short,A,mss,3.0,-1.0,0.9666043129273612,False,False,True,False,False,False,False,True,BTC,1h>5m,2023-06-02 07:00:00+00:00,0.0002,-1.071913625988439,H1,0
68966,69034,short,A,mss,5.0,-1.0,0.9666043129273612,False,False,True,False,False,False,False,True,BTC,1h>5m,2023-06-02 07:00:00+00:00,0.0002,-1.071913625988439,H1,0
68967,69034,short,A,retest,2.0,-1.0,0.964427267945769,False,False,True,False,False,False,False,False,BTC,1h>5m,2023-06-02 07:05:00+00:00,0.0002,-1.0720764113147985,H1,0
68967,69034,short,A,retest,3.0,-1.0,0.964427267945769,False,False,True,False,False,False,False,False,BTC,1h>5m,2023-06-02 07:05:00+00:00,0.0002,-1.0720764113147985,H1,0
68967,69034,short,A,retest,5.0,-1.0,0.964427267945769,False,False,True,False,False,False,False,False,BTC,1h>5m,2023-06-02 07:05:00+00:00,0.0002,-1.0720764113147985,H1,0
69355,69381,long,V,mss,2.0,-1.0,2.5099960781238106,False,True,False,False,False,False,False,False,BTC,1h>5m,2023-06-03 15:25:00+00:00,0.0002,-1.0951373087574525,H1,1
69355,69381,long,V,mss,3.0,-1.0,2.5099960781238106,False,True,False,False,False,False,False,False,BTC,1h>5m,2023-06-03 15:25:00+00:00,0.0002,-1.0951373087574525,H1,1
69355,69381,long,V,mss,5.0,-1.0,2.5099960781238106,False,True,False,False,False,False,False,False,BTC,1h>5m,2023-06-03 15:25:00+00:00,0.0002,-1.0951373087574525,H1,1
69379,69381,long,V,retest,2.0,-1.0,1.5177300180406614,False,True,True,False,False,False,False,True,BTC,1h>5m,2023-06-03 17:25:00+00:00,0.0002,-1.1572057057687126,H1,1
69379,69381,long,V,retest,3.0,-1.0,1.5177300180406614,False,True,True,False,False,False,False,True,BTC,1h>5m,2023-06-03 17:25:00+00:00,0.0002,-1.1572057057687126,H1,1
69379,69381,long,V,retest,5.0,-1.0,1.5177300180406614,False,True,True,False,False,False,False,True,BTC,1h>5m,2023-06-03 17:25:00+00:00,0.0002,-1.1572057057687126,H1,1
71067,71238,short,A,mss,2.0,2.0,1.6702757299892297,True,True,False,False,False,False,False,False,BTC,1h>5m,2023-06-09 14:05:00+00:00,0.0002,1.9418942190403339,H1,2
71067,71238,short,A,mss,3.0,3.0,1.6702757299892297,True,True,False,False,False,False,False,False,BTC,1h>5m,2023-06-09 14:05:00+00:00,0.0002,2.942094219040334,H1,2
71067,71246,short,A,mss,5.0,5.0,1.6702757299892297,True,True,False,False,False,False,False,False,BTC,1h>5m,2023-06-09 14:05:00+00:00,0.0002,4.942494219040333,H1,2
71068,71221,short,A,retest,2.0,2.0,1.5238187685284583,True,True,False,False,False,False,False,False,BTC,1h>5m,2023-06-09 14:10:00+00:00,0.0002,1.9362326785277717,H1,2
71068,71238,short,A,retest,3.0,3.0,1.5238187685284583,True,True,False,False,False,False,False,False,BTC,1h>5m,2023-06-09 14:10:00+00:00,0.0002,2.9364326785277717,H1,2
71068,71239,short,A,retest,5.0,5.0,1.5238187685284583,True,True,False,False,False,False,False,False,BTC,1h>5m,2023-06-09 14:10:00+00:00,0.0002,4.936832678527772,H1,2
72060,72068,short,A,mss,2.0,-1.0,1.7020615076807855,False,False,True,False,False,False,False,False,BTC,1h>5m,2023-06-13 00:50:00+00:00,0.0002,-1.0523771363007974,H1,0
72060,72068,short,A,mss,3.0,-1.0,1.7020615076807855,False,False,True,False,False,False,False,False,BTC,1h>5m,2023-06-13 00:50:00+00:00,0.0002,-1.0523771363007974,H1,0
72060,72068,short,A,mss,5.0,-1.0,1.7020615076807855,False,False,True,False,False,False,False,False,BTC,1h>5m,2023-06-13 00:50:00+00:00,0.0002,-1.0523771363007974,H1,0
72061,72068,short,A,retest,2.0,-1.0,1.4442963317560533,False,False,True,False,False,False,False,False,BTC,1h>5m,2023-06-13 00:55:00+00:00,0.0002,-1.0617606364109968,H1,0
72061,72068,short,A,retest,3.0,-1.0,1.4442963317560533,False,False,True,False,False,False,False,False,BTC,1h>5m,2023-06-13 00:55:00+00:00,0.0002,-1.0617606364109968,H1,0
72061,72068,short,A,retest,5.0,-1.0,1.4442963317560533,False,False,True,False,False,False,False,False,BTC,1h>5m,2023-06-13 00:55:00+00:00,0.0002,-1.0617606364109968,H1,0
72500,72554,short,A,mss,2.0,-1.0,1.5702396020499456,True,True,False,False,False,False,False,False,BTC,1h>5m,2023-06-14 13:30:00+00:00,0.0002,-1.0821523697592095,H1,2
72500,72554,short,A,mss,3.0,-1.0,1.5702396020499456,True,True,False,False,False,False,False,False,BTC,1h>5m,2023-06-14 13:30:00+00:00,0.0002,-1.0821523697592095,H1,2
72500,72554,short,A,mss,5.0,-1.0,1.5702396020499456,True,True,False,False,False,False,False,False,BTC,1h>5m,2023-06-14 13:30:00+00:00,0.0002,-1.0821523697592095,H1,2
72501,72554,short,A,retest,2.0,-1.0,1.5558652492941256,True,True,False,False,False,False,False,False,BTC,1h>5m,2023-06-14 13:35:00+00:00,0.0002,-1.0829132081504094,H1,2
72501,72554,short,A,retest,3.0,-1.0,1.5558652492941256,True,True,False,False,False,False,False,False,BTC,1h>5m,2023-06-14 13:35:00+00:00,0.0002,-1.0829132081504094,H1,2
72501,72554,short,A,retest,5.0,-1.0,1.5558652492941256,True,True,False,False,False,False,False,False,BTC,1h>5m,2023-06-14 13:35:00+00:00,0.0002,-1.0829132081504094,H1,2
72966,73091,short,A,mss,2.0,2.0,0.4497579021816033,False,False,False,False,False,True,False,False,BTC,1h>5m,2023-06-16 04:20:00+00:00,0.0002,1.856108439175841,H1,1
72966,73091,short,A,mss,3.0,3.0,0.4497579021816033,False,False,False,False,False,True,False,False,BTC,1h>5m,2023-06-16 04:20:00+00:00,0.0002,2.856308439175841,H1,1
72966,73091,short,A,mss,5.0,5.0,0.4497579021816033,False,False,False,False,False,True,False,False,BTC,1h>5m,2023-06-16 04:20:00+00:00,0.0002,4.856708439175841,H1,1
72967,73091,short,A,retest,2.0,2.0,0.4466478066118925,False,False,False,False,False,True,False,False,BTC,1h>5m,2023-06-16 04:25:00+00:00,0.0002,1.8551009236890699,H1,1
72967,73091,short,A,retest,3.0,3.0,0.4466478066118925,False,False,False,False,False,True,False,False,BTC,1h>5m,2023-06-16 04:25:00+00:00,0.0002,2.85530092368907,H1,1
72967,73091,short,A,retest,5.0,5.0,0.4466478066118925,False,False,False,False,False,True,False,False,BTC,1h>5m,2023-06-16 04:25:00+00:00,0.0002,4.85570092368907,H1,1
73091,73093,short,A,mss,2.0,-1.0,2.888000288091068,False,True,False,False,False,True,False,True,BTC,1h>5m,2023-06-16 14:45:00+00:00,0.0002,-1.0355986000452881,H1,2
73091,73093,short,A,mss,3.0,-1.0,2.888000288091068,False,True,False,False,False,True,False,True,BTC,1h>5m,2023-06-16 14:45:00+00:00,0.0002,-1.0355986000452881,H1,2
73091,73093,short,A,mss,5.0,-1.0,2.888000288091068,False,True,False,False,False,True,False,True,BTC,1h>5m,2023-06-16 14:45:00+00:00,0.0002,-1.0355986000452881,H1,2
73093,73093,short,A,retest,2.0,-1.0,1.7275263783355872,False,True,False,False,False,True,False,False,BTC,1h>5m,2023-06-16 14:55:00+00:00,0.0002,-1.0596464767546172,H1,2
73093,73093,short,A,retest,3.0,-1.0,1.7275263783355872,False,True,False,False,False,True,False,False,BTC,1h>5m,2023-06-16 14:55:00+00:00,0.0002,-1.0596464767546172,H1,2
73093,73093,short,A,retest,5.0,-1.0,1.7275263783355872,False,True,False,False,False,True,False,False,BTC,1h>5m,2023-06-16 14:55:00+00:00,0.0002,-1.0596464767546172,H1,2
73730,73766,short,A,mss,2.0,2.0,1.3664449020106448,True,False,False,False,False,False,False,False,BTC,1h>5m,2023-06-18 20:00:00+00:00,0.0002,1.911029821517551,H1,1
73730,73990,short,A,mss,3.0,-1.0,1.3664449020106448,True,False,False,False,False,False,False,False,BTC,1h>5m,2023-06-18 20:00:00+00:00,0.0002,-1.089570178482449,H1,1
73730,73990,short,A,mss,5.0,-1.0,1.3664449020106448,True,False,False,False,False,False,False,False,BTC,1h>5m,2023-06-18 20:00:00+00:00,0.0002,-1.089570178482449,H1,1
73731,73734,short,A,retest,2.0,2.0,1.1710896547198293,True,False,False,False,False,False,False,False,BTC,1h>5m,2023-06-18 20:05:00+00:00,0.0002,1.8960548148251941,H1,1
73731,73766,short,A,retest,3.0,3.0,1.1710896547198293,True,False,False,False,False,False,False,False,BTC,1h>5m,2023-06-18 20:05:00+00:00,0.0002,2.896254814825194,H1,1
73731,73990,short,A,retest,5.0,-1.0,1.1710896547198293,True,False,False,False,False,False,False,False,BTC,1h>5m,2023-06-18 20:05:00+00:00,0.0002,-1.104545185174806,H1,1
73642,73734,long,V,mss,2.0,-1.0,1.2937650393908504,False,True,False,False,False,False,False,False,BTC,1h>5m,2023-06-18 12:40:00+00:00,0.0002,-1.0945174383008964,H1,1
73642,73734,long,V,mss,3.0,-1.0,1.2937650393908504,False,True,False,False,False,False,False,False,BTC,1h>5m,2023-06-18 12:40:00+00:00,0.0002,-1.0945174383008964,H1,1
73642,73734,long,V,mss,5.0,-1.0,1.2937650393908504,False,True,False,False,False,False,False,False,BTC,1h>5m,2023-06-18 12:40:00+00:00,0.0002,-1.0945174383008964,H1,1
73643,73734,long,V,retest,2.0,-1.0,1.073176319346033,False,True,True,False,False,False,False,False,BTC,1h>5m,2023-06-18 12:45:00+00:00,0.0002,-1.113904152876726,H1,1
73643,73734,long,V,retest,3.0,-1.0,1.073176319346033,False,True,True,False,False,False,False,False,BTC,1h>5m,2023-06-18 12:45:00+00:00,0.0002,-1.113904152876726,H1,1
73643,73734,long,V,retest,5.0,-1.0,1.073176319346033,False,True,True,False,False,False,False,False,BTC,1h>5m,2023-06-18 12:45:00+00:00,0.0002,-1.113904152876726,H1,1
74237,74255,short,A,mss,2.0,-1.0,1.7423929275121879,False,True,True,False,False,False,False,True,BTC,1h>5m,2023-06-20 14:15:00+00:00,0.0002,-1.0447708891764886,H1,1
74237,74255,short,A,mss,3.0,-1.0,1.7423929275121879,False,True,True,False,False,False,False,True,BTC,1h>5m,2023-06-20 14:15:00+00:00,0.0002,-1.0447708891764886,H1,1
74237,74255,short,A,mss,5.0,-1.0,1.7423929275121879,False,True,True,False,False,False,False,True,BTC,1h>5m,2023-06-20 14:15:00+00:00,0.0002,-1.0447708891764886,H1,1
74238,74255,short,A,retest,2.0,-1.0,1.6810530955096938,False,True,True,False,False,False,False,False,BTC,1h>5m,2023-06-20 14:20:00+00:00,0.0002,-1.0464118288912763,H1,1
74238,74255,short,A,retest,3.0,-1.0,1.6810530955096938,False,True,True,False,False,False,False,False,BTC,1h>5m,2023-06-20 14:20:00+00:00,0.0002,-1.0464118288912763,H1,1
74238,74255,short,A,retest,5.0,-1.0,1.6810530955096938,False,True,True,False,False,False,False,False,BTC,1h>5m,2023-06-20 14:20:00+00:00,0.0002,-1.0464118288912763,H1,1
74802,74818,long,V,mss,2.0,-1.0,2.2221501122177854,True,True,False,True,False,False,False,True,BTC,1h>5m,2023-06-22 13:20:00+00:00,0.0002,-1.0249064882789827,H1,2
74802,74818,long,V,mss,3.0,-1.0,2.2221501122177854,True,True,False,True,False,False,False,True,BTC,1h>5m,2023-06-22 13:20:00+00:00,0.0002,-1.0249064882789827,H1,2
74802,74818,long,V,mss,5.0,-1.0,2.2221501122177854,True,True,False,True,False,False,False,True,BTC,1h>5m,2023-06-22 13:20:00+00:00,0.0002,-1.0249064882789827,H1,2
74803,74818,long,V,retest,2.0,-1.0,1.8817638727782422,True,True,False,True,False,False,False,False,BTC,1h>5m,2023-06-22 13:25:00+00:00,0.0002,-1.0293755658060286,H1,2
74803,74818,long,V,retest,3.0,-1.0,1.8817638727782422,True,True,False,True,False,False,False,False,BTC,1h>5m,2023-06-22 13:25:00+00:00,0.0002,-1.0293755658060286,H1,2
74803,74818,long,V,retest,5.0,-1.0,1.8817638727782422,True,True,False,True,False,False,False,False,BTC,1h>5m,2023-06-22 13:25:00+00:00,0.0002,-1.0293755658060286,H1,2
75081,75107,short,A,mss,2.0,-1.0,1.6158115069737533,True,True,False,False,False,False,False,False,BTC,1h>5m,2023-06-23 12:35:00+00:00,0.0002,-1.0538918549878016,H1,2
75081,75107,short,A,mss,3.0,-1.0,1.6158115069737533,True,True,False,False,False,False,False,False,BTC,1h>5m,2023-06-23 12:35:00+00:00,0.0002,-1.0538918549878016,H1,2
75081,75107,short,A,mss,5.0,-1.0,1.6158115069737533,True,True,False,False,False,False,False,False,BTC,1h>5m,2023-06-23 12:35:00+00:00,0.0002,-1.0538918549878016,H1,2
75082,75107,short,A,retest,2.0,-1.0,1.4252433849870116,True,True,False,False,False,False,False,False,BTC,1h>5m,2023-06-23 12:40:00+00:00,0.0002,-1.0611244324748377,H1,2
75082,75107,short,A,retest,3.0,-1.0,1.4252433849870116,True,True,False,False,False,False,False,False,BTC,1h>5m,2023-06-23 12:40:00+00:00,0.0002,-1.0611244324748377,H1,2
75082,75107,short,A,retest,5.0,-1.0,1.4252433849870116,True,True,False,False,False,False,False,False,BTC,1h>5m,2023-06-23 12:40:00+00:00,0.0002,-1.0611244324748377,H1,2
75107,75118,long,V,mss,2.0,2.0,2.344685536810888,False,True,False,False,False,False,False,False,BTC,1h>5m,2023-06-23 14:45:00+00:00,0.0002,1.9655925058814983,H1,1
75107,75120,long,V,mss,3.0,3.0,2.344685536810888,False,True,False,False,False,False,False,False,BTC,1h>5m,2023-06-23 14:45:00+00:00,0.0002,2.965392505881498,H1,1
75107,75395,long,V,mss,5.0,1.1685646816284214,2.344685536810888,False,True,False,False,False,False,False,False,BTC,1h>5m,2023-06-23 14:45:00+00:00,0.0002,1.134323474573594,H1,1
77019,77307,short,A,mss,2.0,0.36204870500735004,2.8916471274943416,False,False,False,False,False,False,False,False,BTC,1h>5m,2023-06-30 06:05:00+00:00,0.0002,0.34253794563840584,H1,0
77019,77307,short,A,mss,3.0,0.36204870500735004,2.8916471274943416,False,False,False,False,False,False,False,False,BTC,1h>5m,2023-06-30 06:05:00+00:00,0.0002,0.34253794563840584,H1,0
77019,77307,short,A,mss,5.0,0.36204870500735004,2.8916471274943416,False,False,False,False,False,False,False,False,BTC,1h>5m,2023-06-30 06:05:00+00:00,0.0002,0.34253794563840584,H1,0
77020,77307,short,A,retest,2.0,0.42281646367352466,2.7681463673628275,False,False,False,False,False,False,False,False,BTC,1h>5m,2023-06-30 06:10:00+00:00,0.0002,0.4024263094165301,H1,0
77020,77307,short,A,retest,3.0,0.42281646367352466,2.7681463673628275,False,False,False,False,False,False,False,False,BTC,1h>5m,2023-06-30 06:10:00+00:00,0.0002,0.4024263094165301,H1,0
77020,77307,short,A,retest,5.0,0.42281646367352466,2.7681463673628275,False,False,False,False,False,False,False,False,BTC,1h>5m,2023-06-30 06:10:00+00:00,0.0002,0.4024263094165301,H1,0
75872,75881,long,V,mss,2.0,2.0,0.8325860046237266,False,False,False,False,False,False,False,True,BTC,1h>5m,2023-06-26 06:30:00+00:00,0.0002,1.9116989258853656,H1,0
75872,75915,long,V,mss,3.0,-1.0,0.8325860046237266,False,False,False,False,False,False,False,True,BTC,1h>5m,2023-06-26 06:30:00+00:00,0.0002,-1.0877010741146342,H1,0
75872,75915,long,V,mss,5.0,-1.0,0.8325860046237266,False,False,False,False,False,False,False,True,BTC,1h>5m,2023-06-26 06:30:00+00:00,0.0002,-1.0877010741146342,H1,0
75873,75878,long,V,retest,2.0,2.0,0.8025749629067326,False,False,False,False,False,False,False,False,BTC,1h>5m,2023-06-26 06:35:00+00:00,0.0002,1.90842695939388,H1,0
75873,75915,long,V,retest,3.0,-1.0,0.8025749629067326,False,False,False,False,False,False,False,False,BTC,1h>5m,2023-06-26 06:35:00+00:00,0.0002,-1.0909730406061198,H1,0
75873,75915,long,V,retest,5.0,-1.0,0.8025749629067326,False,False,False,False,False,False,False,False,BTC,1h>5m,2023-06-26 06:35:00+00:00,0.0002,-1.0909730406061198,H1,0
75946,75995,long,V,mss,2.0,-1.0,1.4530726687060556,False,True,False,True,False,False,True,True,BTC,1h>5m,2023-06-26 12:40:00+00:00,0.0002,-1.0472435890800882,H1,2
75946,75995,long,V,mss,3.0,-1.0,1.4530726687060556,False,True,False,True,False,False,True,True,BTC,1h>5m,2023-06-26 12:40:00+00:00,0.0002,-1.0472435890800882,H1,2
75946,75995,long,V,mss,5.0,-1.0,1.4530726687060556,False,True,False,True,False,False,True,True,BTC,1h>5m,2023-06-26 12:40:00+00:00,0.0002,-1.0472435890800882,H1,2
75948,75995,long,V,retest,2.0,-1.0,1.3555624886043633,False,True,True,True,False,False,False,False,BTC,1h>5m,2023-06-26 12:50:00+00:00,0.0002,-1.0506275930506852,H1,1
75948,75995,long,V,retest,3.0,-1.0,1.3555624886043633,False,True,True,True,False,False,False,False,BTC,1h>5m,2023-06-26 12:50:00+00:00,0.0002,-1.0506275930506852,H1,1
75948,75995,long,V,retest,5.0,-1.0,1.3555624886043633,False,True,True,True,False,False,False,False,BTC,1h>5m,2023-06-26 12:50:00+00:00,0.0002,-1.0506275930506852,H1,1
76825,76988,short,A,mss,2.0,-1.0,2.101183614226335,True,True,False,False,False,False,False,False,BTC,1h>5m,2023-06-29 13:55:00+00:00,0.0002,-1.0427297538364975,H1,2
76825,76988,short,A,mss,3.0,-1.0,2.101183614226335,True,True,False,False,False,False,False,False,BTC,1h>5m,2023-06-29 13:55:00+00:00,0.0002,-1.0427297538364975,H1,2
76825,76988,short,A,mss,5.0,-1.0,2.101183614226335,True,True,False,False,False,False,False,False,BTC,1h>5m,2023-06-29 13:55:00+00:00,0.0002,-1.0427297538364975,H1,2
76826,76988,short,A,retest,2.0,-1.0,1.8212303949209512,True,True,False,False,False,False,False,False,BTC,1h>5m,2023-06-29 14:00:00+00:00,0.0002,-1.0493287666928783,H1,2
76826,76988,short,A,retest,3.0,-1.0,1.8212303949209512,True,True,False,False,False,False,False,False,BTC,1h>5m,2023-06-29 14:00:00+00:00,0.0002,-1.0493287666928783,H1,2
76826,76988,short,A,retest,5.0,-1.0,1.8212303949209512,True,True,False,False,False,False,False,False,BTC,1h>5m,2023-06-29 14:00:00+00:00,0.0002,-1.0493287666928783,H1,2
77534,77706,short,A,mss,2.0,2.0,1.3857233295415383,False,False,True,False,False,False,False,False,BTC,1h>5m,2023-07-02 01:00:00+00:00,0.0002,1.8782652534768811,H1,0
77534,77706,short,A,mss,3.0,3.0,1.3857233295415383,False,False,True,False,False,False,False,False,BTC,1h>5m,2023-07-02 01:00:00+00:00,0.0002,2.878465253476881,H1,0
77534,77717,short,A,mss,5.0,-1.0,1.3857233295415383,False,False,True,False,False,False,False,False,BTC,1h>5m,2023-07-02 01:00:00+00:00,0.0002,-1.1223347465231188,H1,0
77535,77706,short,A,retest,2.0,2.0,1.2135882091102568,False,False,True,False,False,False,False,False,BTC,1h>5m,2023-07-02 01:05:00+00:00,0.0002,1.8608849483689092,H1,0
77535,77706,short,A,retest,3.0,3.0,1.2135882091102568,False,False,True,False,False,False,False,False,BTC,1h>5m,2023-07-02 01:05:00+00:00,0.0002,2.861084948368909,H1,0
77535,77717,short,A,retest,5.0,-1.0,1.2135882091102568,False,False,True,False,False,False,False,False,BTC,1h>5m,2023-07-02 01:05:00+00:00,0.0002,-1.139715051631091,H1,0
78293,78300,long,V,mss,2.0,-1.0,1.204593145538767,True,True,False,False,False,False,False,False,BTC,1h>5m,2023-07-04 16:15:00+00:00,0.0002,-1.0874710058598285,H1,2
78293,78300,long,V,mss,3.0,-1.0,1.204593145538767,True,True,False,False,False,False,False,False,BTC,1h>5m,2023-07-04 16:15:00+00:00,0.0002,-1.0874710058598285,H1,2
78293,78300,long,V,mss,5.0,-1.0,1.204593145538767,True,True,False,False,False,False,False,False,BTC,1h>5m,2023-07-04 16:15:00+00:00,0.0002,-1.0874710058598285,H1,2
78299,78300,long,V,retest,2.0,-1.0,1.1069796846315558,True,True,False,False,False,False,False,False,BTC,1h>5m,2023-07-04 16:45:00+00:00,0.0002,-1.095166562550796,H1,2
78299,78300,long,V,retest,3.0,-1.0,1.1069796846315558,True,True,False,False,False,False,False,False,BTC,1h>5m,2023-07-04 16:45:00+00:00,0.0002,-1.095166562550796,H1,2
78299,78300,long,V,retest,5.0,-1.0,1.1069796846315558,True,True,False,False,False,False,False,False,BTC,1h>5m,2023-07-04 16:45:00+00:00,0.0002,-1.095166562550796,H1,2
78314,78531,short,A,mss,2.0,2.0,2.0407889201867815,False,False,False,False,False,False,False,True,BTC,1h>5m,2023-07-04 18:00:00+00:00,0.0002,1.95530921254431,H1,0
78314,78602,short,A,mss,3.0,1.247448874425926,2.0407889201867815,False,False,False,False,False,False,False,True,BTC,1h>5m,2023-07-04 18:00:00+00:00,0.0002,1.2026075767451212,H1,0
78314,78602,short,A,mss,5.0,1.247448874425926,2.0407889201867815,False,False,False,False,False,False,False,True,BTC,1h>5m,2023-07-04 18:00:00+00:00,0.0002,1.2026075767451212,H1,0
78317,78518,short,A,retest,2.0,2.0,1.846892189072475,False,False,False,False,False,False,False,False,BTC,1h>5m,2023-07-04 18:15:00+00:00,0.0002,1.9505333436356307,H1,0
78317,78604,short,A,retest,3.0,1.4027519819909686,1.846892189072475,False,False,False,False,False,False,False,False,BTC,1h>5m,2023-07-04 18:15:00+00:00,0.0002,1.3531658760229974,H1,0
78317,78604,short,A,retest,5.0,1.4027519819909686,1.846892189072475,False,False,False,False,False,False,False,False,BTC,1h>5m,2023-07-04 18:15:00+00:00,0.0002,1.3531658760229974,H1,0
79860,80064,long,V,mss,2.0,2.0,2.3804488752621626,False,False,False,False,False,False,False,True,BTC,1h>5m,2023-07-10 02:50:00+00:00,0.0002,1.9542928336857264,H1,0
79860,80067,long,V,mss,3.0,3.0,2.3804488752621626,False,False,False,False,False,False,False,True,BTC,1h>5m,2023-07-10 02:50:00+00:00,0.0002,2.9540928336857264,H1,0
79860,80148,long,V,mss,5.0,0.9783016180064928,2.3804488752621626,False,False,False,False,False,False,False,True,BTC,1h>5m,2023-07-10 02:50:00+00:00,0.0002,0.932798791368618,H1,0
79861,80063,long,V,retest,2.0,2.0,2.2509621942746447,False,False,False,False,False,False,False,False,BTC,1h>5m,2023-07-10 02:55:00+00:00,0.0002,1.9517095473322816,H1,0
79861,80066,long,V,retest,3.0,3.0,2.2509621942746447,False,False,False,False,False,False,False,False,BTC,1h>5m,2023-07-10 02:55:00+00:00,0.0002,2.9515095473322814,H1,0
79861,80148,long,V,retest,5.0,1.0921034895614454,2.2509621942746447,False,False,False,False,False,False,False,False,BTC,1h>5m,2023-07-10 02:55:00+00:00,0.0002,1.0439946161958147,H1,0
79349,79482,long,V,mss,2.0,-1.0,1.6182310210946285,True,False,True,True,False,False,False,True,BTC,1h>5m,2023-07-08 08:15:00+00:00,0.0002,-1.093518969246903,H1,1
79349,79482,long,V,mss,3.0,-1.0,1.6182310210946285,True,False,True,True,False,False,False,True,BTC,1h>5m,2023-07-08 08:15:00+00:00,0.0002,-1.093518969246903,H1,1
79349,79482,long,V,mss,5.0,-1.0,1.6182310210946285,True,False,True,True,False,False,False,True,BTC,1h>5m,2023-07-08 08:15:00+00:00,0.0002,-1.093518969246903,H1,1
79350,79482,long,V,retest,2.0,-1.0,1.3925417330160423,True,False,True,True,False,False,False,False,BTC,1h>5m,2023-07-08 08:20:00+00:00,0.0002,-1.1086431779037924,H1,1
79350,79482,long,V,retest,3.0,-1.0,1.3925417330160423,True,False,True,True,False,False,False,False,BTC,1h>5m,2023-07-08 08:20:00+00:00,0.0002,-1.1086431779037924,H1,1
79350,79482,long,V,retest,5.0,-1.0,1.3925417330160423,True,False,True,True,False,False,False,False,BTC,1h>5m,2023-07-08 08:20:00+00:00,0.0002,-1.1086431779037924,H1,1
79471,79548,short,A,mss,2.0,-1.0,1.7506906229971904,False,False,False,False,False,False,False,True,BTC,1h>5m,2023-07-08 18:25:00+00:00,0.0002,-1.106967067674868,H1,0
79471,79548,short,A,mss,3.0,-1.0,1.7506906229971904,False,False,False,False,False,False,False,True,BTC,1h>5m,2023-07-08 18:25:00+00:00,0.0002,-1.106967067674868,H1,0
79471,79548,short,A,mss,5.0,-1.0,1.7506906229971904,False,False,False,False,False,False,False,True,BTC,1h>5m,2023-07-08 18:25:00+00:00,0.0002,-1.106967067674868,H1,0
79472,79548,short,A,retest,2.0,-1.0,1.7245463988154608,False,False,False,False,False,False,False,False,BTC,1h>5m,2023-07-08 18:30:00+00:00,0.0002,-1.1085917266832397,H1,0
79472,79548,short,A,retest,3.0,-1.0,1.7245463988154608,False,False,False,False,False,False,False,False,BTC,1h>5m,2023-07-08 18:30:00+00:00,0.0002,-1.1085917266832397,H1,0
79472,79548,short,A,retest,5.0,-1.0,1.7245463988154608,False,False,False,False,False,False,False,False,BTC,1h>5m,2023-07-08 18:30:00+00:00,0.0002,-1.1085917266832397,H1,0
79929,80004,long,V,mss,2.0,2.0,1.1609386162946844,False,False,True,True,False,False,False,False,BTC,1h>5m,2023-07-10 08:35:00+00:00,0.0002,1.8958248876761628,H1,0
79929,80050,long,V,mss,3.0,3.0,1.1609386162946844,False,False,True,True,False,False,False,False,BTC,1h>5m,2023-07-10 08:35:00+00:00,0.0002,2.895624887676163,H1,0
79929,80063,long,V,mss,5.0,5.0,1.1609386162946844,False,False,True,True,False,False,False,False,BTC,1h>5m,2023-07-10 08:35:00+00:00,0.0002,4.895224887676163,H1,0
79930,80004,long,V,retest,2.0,2.0,1.1509366158946046,False,False,False,True,False,False,False,False,BTC,1h>5m,2023-07-10 08:40:00+00:00,0.0002,1.8949265255070022,H1,0
79930,80050,long,V,retest,3.0,3.0,1.1509366158946046,False,False,False,True,False,False,False,False,BTC,1h>5m,2023-07-10 08:40:00+00:00,0.0002,2.8947265255070023,H1,0
79930,80063,long,V,retest,5.0,5.0,1.1509366158946046,False,False,False,True,False,False,False,False,BTC,1h>5m,2023-07-10 08:40:00+00:00,0.0002,4.894326525507003,H1,0
80281,80297,long,V,mss,2.0,2.0,1.3881097286377946,True,True,False,False,False,False,False,False,BTC,1h>5m,2023-07-11 13:55:00+00:00,0.0002,1.9205695733784443,H1,2
80281,80552,long,V,mss,3.0,3.0,1.3881097286377946,True,True,False,False,False,False,False,False,BTC,1h>5m,2023-07-11 13:55:00+00:00,0.0002,2.9203695733784443,H1,2
80281,80569,long,V,mss,5.0,1.403666025537053,1.3881097286377946,True,True,False,False,False,False,False,False,BTC,1h>5m,2023-07-11 13:55:00+00:00,0.0002,1.3243548657103899,H1,2
80282,80297,long,V,retest,2.0,2.0,1.2917368983131563,True,True,False,False,False,False,False,False,BTC,1h>5m,2023-07-11 14:00:00+00:00,0.0002,1.9147031800184273,H1,2
80282,80552,long,V,retest,3.0,3.0,1.2917368983131563,True,True,False,False,False,False,False,False,BTC,1h>5m,2023-07-11 14:00:00+00:00,0.0002,2.914503180018427,H1,2
80282,80569,long,V,retest,5.0,1.582996737804143,1.2917368983131563,True,True,False,False,False,False,False,False,BTC,1h>5m,2023-07-11 14:00:00+00:00,0.0002,1.4977833184750093,H1,2
80420,80435,short,A,mss,2.0,-1.0,1.1053792639718534,True,False,False,False,False,False,False,True,BTC,1h>5m,2023-07-12 01:30:00+00:00,0.0002,-1.0801219497586674,H1,1
80420,80435,short,A,mss,3.0,-1.0,1.1053792639718534,True,False,False,False,False,False,False,True,BTC,1h>5m,2023-07-12 01:30:00+00:00,0.0002,-1.0801219497586674,H1,1
80420,80435,short,A,mss,5.0,-1.0,1.1053792639718534,True,False,False,False,False,False,False,True,BTC,1h>5m,2023-07-12 01:30:00+00:00,0.0002,-1.0801219497586674,H1,1
80421,80435,short,A,retest,2.0,-1.0,1.094082809630933,True,False,False,False,False,False,False,False,BTC,1h>5m,2023-07-12 01:35:00+00:00,0.0002,-1.0809512775115901,H1,1
80421,80435,short,A,retest,3.0,-1.0,1.094082809630933,True,False,False,False,False,False,False,False,BTC,1h>5m,2023-07-12 01:35:00+00:00,0.0002,-1.0809512775115901,H1,1
80421,80435,short,A,retest,5.0,-1.0,1.094082809630933,True,False,False,False,False,False,False,False,BTC,1h>5m,2023-07-12 01:35:00+00:00,0.0002,-1.0809512775115901,H1,1
81038,81185,short,A,mss,2.0,2.0,0.8788935259239634,False,False,False,False,False,False,False,True,BTC,1h>5m,2023-07-14 05:00:00+00:00,0.0002,1.9523185695816048,H1,0
81038,81198,short,A,mss,3.0,3.0,0.8788935259239634,False,False,False,False,False,False,False,True,BTC,1h>5m,2023-07-14 05:00:00+00:00,0.0002,2.952518569581605,H1,0
81038,81201,short,A,mss,5.0,5.0,0.8788935259239634,False,False,False,False,False,False,False,True,BTC,1h>5m,2023-07-14 05:00:00+00:00,0.0002,4.9529185695816045,H1,0
81039,81185,short,A,retest,2.0,2.0,0.8383147918746315,False,False,False,False,False,False,False,False,BTC,1h>5m,2023-07-14 05:05:00+00:00,0.0002,1.9499718197802802,H1,0
81039,81194,short,A,retest,3.0,3.0,0.8383147918746315,False,False,False,False,False,False,False,False,BTC,1h>5m,2023-07-14 05:05:00+00:00,0.0002,2.95017181978028,H1,0
81039,81200,short,A,retest,5.0,5.0,0.8383147918746315,False,False,False,False,False,False,False,False,BTC,1h>5m,2023-07-14 05:05:00+00:00,0.0002,4.95057181978028,H1,0
81952,81967,short,A,mss,2.0,2.0,1.2129770203086525,False,False,False,True,False,False,False,False,BTC,1h>5m,2023-07-17 09:10:00+00:00,0.0002,1.8801514535410297,H1,0
81952,82050,short,A,mss,3.0,3.0,1.2129770203086525,False,False,False,True,False,False,False,False,BTC,1h>5m,2023-07-17 09:10:00+00:00,0.0002,2.8803514535410297,H1,0
81952,82067,short,A,mss,5.0,5.0,1.2129770203086525,False,False,False,True,False,False,False,False,BTC,1h>5m,2023-07-17 09:10:00+00:00,0.0002,4.88075145354103,H1,0
81953,81966,short,A,retest,2.0,2.0,1.0424086025211543,False,False,False,True,False,False,False,False,BTC,1h>5m,2023-07-17 09:15:00+00:00,0.0002,1.860409836263413,H1,0
81953,81967,short,A,retest,3.0,3.0,1.0424086025211543,False,False,False,True,False,False,False,False,BTC,1h>5m,2023-07-17 09:15:00+00:00,0.0002,2.860609836263413,H1,0
81953,82064,short,A,retest,5.0,5.0,1.0424086025211543,False,False,False,True,False,False,False,False,BTC,1h>5m,2023-07-17 09:15:00+00:00,0.0002,4.861009836263412,H1,0
82596,82774,short,A,mss,2.0,-1.0,2.425944037862686,False,True,False,False,False,False,False,False,BTC,1h>5m,2023-07-19 14:50:00+00:00,0.0002,-1.0389006594221368,H1,1
82596,82774,short,A,mss,3.0,-1.0,2.425944037862686,False,True,False,False,False,False,False,False,BTC,1h>5m,2023-07-19 14:50:00+00:00,0.0002,-1.0389006594221368,H1,1
82596,82774,short,A,mss,5.0,-1.0,2.425944037862686,False,True,False,False,False,False,False,False,BTC,1h>5m,2023-07-19 14:50:00+00:00,0.0002,-1.0389006594221368,H1,1
82597,82774,short,A,retest,2.0,-1.0,2.418625566310291,False,True,False,False,False,False,False,False,BTC,1h>5m,2023-07-19 14:55:00+00:00,0.0002,-1.0390189733387871,H1,1
82597,82774,short,A,retest,3.0,-1.0,2.418625566310291,False,True,False,False,False,False,False,False,BTC,1h>5m,2023-07-19 14:55:00+00:00,0.0002,-1.0390189733387871,H1,1
82597,82774,short,A,retest,5.0,-1.0,2.418625566310291,False,True,False,False,False,False,False,False,BTC,1h>5m,2023-07-19 14:55:00+00:00,0.0002,-1.0390189733387871,H1,1
84514,84602,short,A,mss,2.0,-1.0,1.2614554209996764,False,False,False,True,False,True,False,False,BTC,1h>5m,2023-07-26 06:40:00+00:00,0.0002,-1.1029019735656607,H1,1
84514,84602,short,A,mss,3.0,-1.0,1.2614554209996764,False,False,False,True,False,True,False,False,BTC,1h>5m,2023-07-26 06:40:00+00:00,0.0002,-1.1029019735656607,H1,1
84514,84602,short,A,mss,5.0,-1.0,1.2614554209996764,False,False,False,True,False,True,False,False,BTC,1h>5m,2023-07-26 06:40:00+00:00,0.0002,-1.1029019735656607,H1,1
86087,86094,long,V,mss,2.0,-1.0,1.6231986763548114,True,True,False,False,False,False,False,False,BTC,1h>5m,2023-07-31 17:45:00+00:00,0.0002,-1.1004388572825075,H1,2
86087,86094,long,V,mss,3.0,-1.0,1.6231986763548114,True,True,False,False,False,False,False,False,BTC,1h>5m,2023-07-31 17:45:00+00:00,0.0002,-1.1004388572825075,H1,2
86087,86094,long,V,mss,5.0,-1.0,1.6231986763548114,True,True,False,False,False,False,False,False,BTC,1h>5m,2023-07-31 17:45:00+00:00,0.0002,-1.1004388572825075,H1,2
86088,86094,long,V,retest,2.0,-1.0,1.6012907534212668,True,True,False,False,False,False,False,False,BTC,1h>5m,2023-07-31 17:50:00+00:00,0.0002,-1.101810266663096,H1,2
86088,86094,long,V,retest,3.0,-1.0,1.6012907534212668,True,True,False,False,False,False,False,False,BTC,1h>5m,2023-07-31 17:50:00+00:00,0.0002,-1.101810266663096,H1,2
86088,86094,long,V,retest,5.0,-1.0,1.6012907534212668,True,True,False,False,False,False,False,False,BTC,1h>5m,2023-07-31 17:50:00+00:00,0.0002,-1.101810266663096,H1,2
86313,86348,long,V,mss,2.0,-1.0,1.4357987899073037,False,True,False,False,False,False,False,False,BTC,1h>5m,2023-08-01 12:35:00+00:00,0.0002,-1.0723776199568114,H1,1
86313,86348,long,V,mss,3.0,-1.0,1.4357987899073037,False,True,False,False,False,False,False,False,BTC,1h>5m,2023-08-01 12:35:00+00:00,0.0002,-1.0723776199568114,H1,1
86313,86348,long,V,mss,5.0,-1.0,1.4357987899073037,False,True,False,False,False,False,False,False,BTC,1h>5m,2023-08-01 12:35:00+00:00,0.0002,-1.0723776199568114,H1,1
86314,86348,long,V,retest,2.0,-1.0,1.2739553295571568,False,True,False,False,False,False,False,False,BTC,1h>5m,2023-08-01 12:40:00+00:00,0.0002,-1.081547074727026,H1,1
86314,86348,long,V,retest,3.0,-1.0,1.2739553295571568,False,True,False,False,False,False,False,False,BTC,1h>5m,2023-08-01 12:40:00+00:00,0.0002,-1.081547074727026,H1,1
86314,86348,long,V,retest,5.0,-1.0,1.2739553295571568,False,True,False,False,False,False,False,False,BTC,1h>5m,2023-08-01 12:40:00+00:00,0.0002,-1.081547074727026,H1,1
87279,87567,long,V,mss,2.0,-0.11186789473271244,2.730019448812349,True,False,False,False,False,False,False,False,BTC,1h>5m,2023-08-04 21:05:00+00:00,0.0002,-0.15299277514582738,H1,1
87279,87567,long,V,mss,3.0,-0.11186789473271244,2.730019448812349,True,False,False,False,False,False,False,False,BTC,1h>5m,2023-08-04 21:05:00+00:00,0.0002,-0.15299277514582738,H1,1
87279,87567,long,V,mss,5.0,-0.11186789473271244,2.730019448812349,True,False,False,False,False,False,False,False,BTC,1h>5m,2023-08-04 21:05:00+00:00,0.0002,-0.15299277514582738,H1,1
87280,87567,long,V,retest,2.0,-0.09983359360736821,2.693521890259021,True,False,False,False,False,False,False,False,BTC,1h>5m,2023-08-04 21:10:00+00:00,0.0002,-0.14151301126949062,H1,1
87280,87567,long,V,retest,3.0,-0.09983359360736821,2.693521890259021,True,False,False,False,False,False,False,False,BTC,1h>5m,2023-08-04 21:10:00+00:00,0.0002,-0.14151301126949062,H1,1
87280,87567,long,V,retest,5.0,-0.09983359360736821,2.693521890259021,True,False,False,False,False,False,False,False,BTC,1h>5m,2023-08-04 21:10:00+00:00,0.0002,-0.14151301126949062,H1,1
87194,87275,short,A,mss,2.0,2.0,2.2816217176352556,True,True,False,False,False,False,False,False,BTC,1h>5m,2023-08-04 14:00:00+00:00,0.0002,1.9297463170491944,H1,2
87194,87482,short,A,mss,3.0,0.7355651311541135,2.2816217176352556,True,True,False,False,False,False,False,False,BTC,1h>5m,2023-08-04 14:00:00+00:00,0.0002,0.6650585612295387,H1,2
87194,87482,short,A,mss,5.0,0.7355651311541135,2.2816217176352556,True,True,False,False,False,False,False,False,BTC,1h>5m,2023-08-04 14:00:00+00:00,0.0002,0.6650585612295387,H1,2
87196,87251,short,A,retest,2.0,2.0,1.773357214048202,True,True,False,False,False,False,False,False,BTC,1h>5m,2023-08-04 14:10:00+00:00,0.0002,1.9093815171053734,H1,2
87196,87275,short,A,retest,3.0,3.0,1.773357214048202,True,True,False,False,False,False,False,False,BTC,1h>5m,2023-08-04 14:10:00+00:00,0.0002,2.9095815171053734,H1,2
87196,87483,short,A,retest,5.0,1.0264725800429273,1.773357214048202,True,True,False,False,False,False,False,False,BTC,1h>5m,2023-08-04 14:10:00+00:00,0.0002,0.9356593916643093,H1,2
87548,87673,short,A,mss,2.0,-1.0,0.7858907267495292,False,False,False,False,False,False,False,False,BTC,1h>5m,2023-08-05 19:30:00+00:00,0.0002,-1.3487127620989012,H1,0
87548,87673,short,A,mss,3.0,-1.0,0.7858907267495292,False,False,False,False,False,False,False,False,BTC,1h>5m,2023-08-05 19:30:00+00:00,0.0002,-1.3487127620989012,H1,0
87548,87673,short,A,mss,5.0,-1.0,0.7858907267495292,False,False,False,False,False,False,False,False,BTC,1h>5m,2023-08-05 19:30:00+00:00,0.0002,-1.3487127620989012,H1,0
87550,87673,short,A,retest,2.0,-1.0,0.7599774520856791,False,False,False,False,False,False,False,False,BTC,1h>5m,2023-08-05 19:40:00+00:00,0.0002,-1.3606097890609223,H1,0
87550,87673,short,A,retest,3.0,-1.0,0.7599774520856791,False,False,False,False,False,False,False,False,BTC,1h>5m,2023-08-05 19:40:00+00:00,0.0002,-1.3606097890609223,H1,0
87550,87673,short,A,retest,5.0,-1.0,0.7599774520856791,False,False,False,False,False,False,False,False,BTC,1h>5m,2023-08-05 19:40:00+00:00,0.0002,-1.3606097890609223,H1,0
87630,87754,long,V,mss,2.0,-1.0,0.9864413704546341,False,False,True,False,False,False,False,False,BTC,1h>5m,2023-08-06 02:20:00+00:00,0.0002,-1.320891804875941,H1,0
87630,87754,long,V,mss,3.0,-1.0,0.9864413704546341,False,False,True,False,False,False,False,False,BTC,1h>5m,2023-08-06 02:20:00+00:00,0.0002,-1.320891804875941,H1,0
87630,87754,long,V,mss,5.0,-1.0,0.9864413704546341,False,False,True,False,False,False,False,False,BTC,1h>5m,2023-08-06 02:20:00+00:00,0.0002,-1.320891804875941,H1,0
87635,87707,long,V,retest,2.0,2.0,0.9099029163990734,False,False,False,False,False,False,False,False,BTC,1h>5m,2023-08-06 02:45:00+00:00,0.0002,1.6515325095524274,H1,0
87635,87754,long,V,retest,3.0,-1.0,0.9099029163990734,False,False,False,False,False,False,False,False,BTC,1h>5m,2023-08-06 02:45:00+00:00,0.0002,-1.3478674904475727,H1,0
87635,87754,long,V,retest,5.0,-1.0,0.9099029163990734,False,False,False,False,False,False,False,False,BTC,1h>5m,2023-08-06 02:45:00+00:00,0.0002,-1.3478674904475727,H1,0
88635,88923,short,A,mss,2.0,0.5620723805109634,2.5939100776650075,True,True,False,False,False,False,False,False,BTC,1h>5m,2023-08-09 14:05:00+00:00,0.0002,0.5243536991405535,H1,2
88635,88923,short,A,mss,3.0,0.5620723805109634,2.5939100776650075,True,True,False,False,False,False,False,False,BTC,1h>5m,2023-08-09 14:05:00+00:00,0.0002,0.5243536991405535,H1,2
88635,88923,short,A,mss,5.0,0.5620723805109634,2.5939100776650075,True,True,False,False,False,False,False,False,BTC,1h>5m,2023-08-09 14:05:00+00:00,0.0002,0.5243536991405535,H1,2
88639,88926,short,A,retest,2.0,0.8041858480737138,2.4657011864018923,True,True,True,False,False,False,False,False,BTC,1h>5m,2023-08-09 14:25:00+00:00,0.0002,0.7645276897935365,H1,2
88639,88926,short,A,retest,3.0,0.8041858480737138,2.4657011864018923,True,True,True,False,False,False,False,False,BTC,1h>5m,2023-08-09 14:25:00+00:00,0.0002,0.7645276897935365,H1,2
88639,88926,short,A,retest,5.0,0.8041858480737138,2.4657011864018923,True,True,True,False,False,False,False,False,BTC,1h>5m,2023-08-09 14:25:00+00:00,0.0002,0.7645276897935365,H1,2
88904,88930,long,V,mss,2.0,-1.0,1.5769121769712922,True,True,False,True,False,False,False,False,BTC,1h>5m,2023-08-10 12:30:00+00:00,0.0002,-1.1069366473761244,H1,2
88904,88930,long,V,mss,3.0,-1.0,1.5769121769712922,True,True,False,True,False,False,False,False,BTC,1h>5m,2023-08-10 12:30:00+00:00,0.0002,-1.1069366473761244,H1,2
88904,88930,long,V,mss,5.0,-1.0,1.5769121769712922,True,True,False,True,False,False,False,False,BTC,1h>5m,2023-08-10 12:30:00+00:00,0.0002,-1.1069366473761244,H1,2
88905,88922,long,V,retest,2.0,2.0,1.0906692491972019,True,True,False,True,False,False,False,False,BTC,1h>5m,2023-08-10 12:35:00+00:00,0.0002,1.844877945811353,H1,2
88905,88930,long,V,retest,3.0,-1.0,1.0906692491972019,True,True,False,True,False,False,False,False,BTC,1h>5m,2023-08-10 12:35:00+00:00,0.0002,-1.1545220541886472,H1,2
88905,88930,long,V,retest,5.0,-1.0,1.0906692491972019,True,True,False,True,False,False,False,False,BTC,1h>5m,2023-08-10 12:35:00+00:00,0.0002,-1.1545220541886472,H1,2
89136,89210,short,A,mss,2.0,-1.0,1.0450572418247484,False,False,False,True,False,False,False,False,BTC,1h>5m,2023-08-11 07:50:00+00:00,0.0002,-1.1853570757160115,H1,0
89136,89210,short,A,mss,3.0,-1.0,1.0450572418247484,False,False,False,True,False,False,False,False,BTC,1h>5m,2023-08-11 07:50:00+00:00,0.0002,-1.1853570757160115,H1,0
89136,89210,short,A,mss,5.0,-1.0,1.0450572418247484,False,False,False,True,False,False,False,False,BTC,1h>5m,2023-08-11 07:50:00+00:00,0.0002,-1.1853570757160115,H1,0
89139,89210,short,A,retest,2.0,-1.0,1.0041249339517695,False,False,False,True,False,False,False,False,BTC,1h>5m,2023-08-11 08:05:00+00:00,0.0002,-1.1929211537449536,H1,0
89139,89210,short,A,retest,3.0,-1.0,1.0041249339517695,False,False,False,True,False,False,False,False,BTC,1h>5m,2023-08-11 08:05:00+00:00,0.0002,-1.1929211537449536,H1,0
89139,89210,short,A,retest,5.0,-1.0,1.0041249339517695,False,False,False,True,False,False,False,False,BTC,1h>5m,2023-08-11 08:05:00+00:00,0.0002,-1.1929211537449536,H1,0
89166,89242,long,V,mss,2.0,-1.0,1.533874180025328,True,False,False,True,False,False,False,False,BTC,1h>5m,2023-08-11 10:20:00+00:00,0.0002,-1.1494306543773645,H1,1
89166,89242,long,V,mss,3.0,-1.0,1.533874180025328,True,False,False,True,False,False,False,False,BTC,1h>5m,2023-08-11 10:20:00+00:00,0.0002,-1.1494306543773645,H1,1
89166,89242,long,V,mss,5.0,-1.0,1.533874180025328,True,False,False,True,False,False,False,False,BTC,1h>5m,2023-08-11 10:20:00+00:00,0.0002,-1.1494306543773645,H1,1
89167,89212,long,V,retest,2.0,2.0,1.2197559922563417,True,False,False,True,False,False,False,False,BTC,1h>5m,2023-08-11 10:25:00+00:00,0.0002,1.8115386570175445,H1,1
89167,89242,long,V,retest,3.0,-1.0,1.2197559922563417,True,False,False,True,False,False,False,False,BTC,1h>5m,2023-08-11 10:25:00+00:00,0.0002,-1.1878613429824556,H1,1
89167,89242,long,V,retest,5.0,-1.0,1.2197559922563417,True,False,False,True,False,False,False,False,BTC,1h>5m,2023-08-11 10:25:00+00:00,0.0002,-1.1878613429824556,H1,1
90021,90082,short,A,mss,2.0,-1.0,1.2327786776616048,True,False,False,True,False,False,True,True,BTC,1h>5m,2023-08-14 09:35:00+00:00,0.0002,-1.1231189481354078,H1,2
90021,90082,short,A,mss,3.0,-1.0,1.2327786776616048,True,False,False,True,False,False,True,True,BTC,1h>5m,2023-08-14 09:35:00+00:00,0.0002,-1.1231189481354078,H1,2
90021,90082,short,A,mss,5.0,-1.0,1.2327786776616048,True,False,False,True,False,False,True,True,BTC,1h>5m,2023-08-14 09:35:00+00:00,0.0002,-1.1231189481354078,H1,2
90025,90082,short,A,retest,2.0,-1.0,1.2161574142246916,True,False,True,True,False,False,True,False,BTC,1h>5m,2023-08-14 09:55:00+00:00,0.0002,-1.1248043522613436,H1,2
90025,90082,short,A,retest,3.0,-1.0,1.2161574142246916,True,False,True,True,False,False,True,False,BTC,1h>5m,2023-08-14 09:55:00+00:00,0.0002,-1.1248043522613436,H1,2
90025,90082,short,A,retest,5.0,-1.0,1.2161574142246916,True,False,True,True,False,False,True,False,BTC,1h>5m,2023-08-14 09:55:00+00:00,0.0002,-1.1248043522613436,H1,2
89823,89886,long,V,mss,2.0,-1.0,2.065675820575586,True,True,False,False,False,False,False,True,BTC,1h>5m,2023-08-13 17:05:00+00:00,0.0002,-1.237007595922301,H1,2
89823,89886,long,V,mss,3.0,-1.0,2.065675820575586,True,True,False,False,False,False,False,True,BTC,1h>5m,2023-08-13 17:05:00+00:00,0.0002,-1.237007595922301,H1,2
89823,89886,long,V,mss,5.0,-1.0,2.065675820575586,True,True,False,False,False,False,False,True,BTC,1h>5m,2023-08-13 17:05:00+00:00,0.0002,-1.237007595922301,H1,2
89824,89855,long,V,retest,2.0,2.0,2.001876452016629,True,True,False,False,False,False,False,False,BTC,1h>5m,2023-08-13 17:10:00+00:00,0.0002,1.7548453973308102,H1,2
89824,89886,long,V,retest,3.0,-1.0,2.001876452016629,True,True,False,False,False,False,False,False,BTC,1h>5m,2023-08-13 17:10:00+00:00,0.0002,-1.2445546026691898,H1,2
89824,89886,long,V,retest,5.0,-1.0,2.001876452016629,True,True,False,False,False,False,False,False,BTC,1h>5m,2023-08-13 17:10:00+00:00,0.0002,-1.2445546026691898,H1,2
89596,89669,long,V,mss,2.0,-1.0,1.1816048034934836,False,False,False,False,False,False,False,False,BTC,1h>5m,2023-08-12 22:10:00+00:00,0.0002,-1.4227321794654628,H1,0
89596,89669,long,V,mss,3.0,-1.0,1.1816048034934836,False,False,False,False,False,False,False,False,BTC,1h>5m,2023-08-12 22:10:00+00:00,0.0002,-1.4227321794654628,H1,0
89596,89669,long,V,mss,5.0,-1.0,1.1816048034934836,False,False,False,False,False,False,False,False,BTC,1h>5m,2023-08-12 22:10:00+00:00,0.0002,-1.4227321794654628,H1,0
89600,89669,long,V,retest,2.0,-1.0,1.1561317321687905,False,False,False,False,False,False,False,False,BTC,1h>5m,2023-08-12 22:30:00+00:00,0.0002,-1.4320418386029308,H1,0
89600,89669,long,V,retest,3.0,-1.0,1.1561317321687905,False,False,False,False,False,False,False,False,BTC,1h>5m,2023-08-12 22:30:00+00:00,0.0002,-1.4320418386029308,H1,0
89600,89669,long,V,retest,5.0,-1.0,1.1561317321687905,False,False,False,False,False,False,False,False,BTC,1h>5m,2023-08-12 22:30:00+00:00,0.0002,-1.4320418386029308,H1,0
89859,89886,short,A,mss,2.0,2.0,1.8477852923094618,True,False,False,False,False,False,False,False,BTC,1h>5m,2023-08-13 20:05:00+00:00,0.0002,1.7620079324342792,H1,1
89859,89890,short,A,mss,3.0,3.0,1.8477852923094618,True,False,False,False,False,False,False,False,BTC,1h>5m,2023-08-13 20:05:00+00:00,0.0002,2.762207932434279,H1,1
89859,89932,short,A,mss,5.0,5.0,1.8477852923094618,True,False,False,False,False,False,False,False,BTC,1h>5m,2023-08-13 20:05:00+00:00,0.0002,4.762607932434279,H1,1
89859,89886,short,A,mss,2.0,2.0,1.8477852923094618,True,False,False,False,False,False,False,False,BTC,1h>5m,2023-08-13 20:05:00+00:00,0.0002,1.7620079324342792,H1,1
89859,89890,short,A,mss,3.0,3.0,1.8477852923094618,True,False,False,False,False,False,False,False,BTC,1h>5m,2023-08-13 20:05:00+00:00,0.0002,2.762207932434279,H1,1
89859,89932,short,A,mss,5.0,5.0,1.8477852923094618,True,False,False,False,False,False,False,False,BTC,1h>5m,2023-08-13 20:05:00+00:00,0.0002,4.762607932434279,H1,1
94936,94942,long,V,mss,2.0,2.0,0.849992717821131,False,False,False,True,False,False,False,True,BTC,1h>5m,2023-08-31 11:10:00+00:00,0.0002,1.7985526964063197,H1,0
94936,94942,long,V,mss,3.0,3.0,0.849992717821131,False,False,False,True,False,False,False,True,BTC,1h>5m,2023-08-31 11:10:00+00:00,0.0002,2.7983526964063197,H1,0
94936,94942,long,V,mss,5.0,5.0,0.849992717821131,False,False,False,True,False,False,False,True,BTC,1h>5m,2023-08-31 11:10:00+00:00,0.0002,4.79795269640632,H1,0
94937,94938,long,V,retest,2.0,2.0,0.8021544045978259,False,False,True,True,False,False,False,False,BTC,1h>5m,2023-08-31 11:15:00+00:00,0.0002,1.786586635381524,H1,0
94937,94942,long,V,retest,3.0,3.0,0.8021544045978259,False,False,True,True,False,False,False,False,BTC,1h>5m,2023-08-31 11:15:00+00:00,0.0002,2.786386635381524,H1,0
94937,94942,long,V,retest,5.0,5.0,0.8021544045978259,False,False,True,True,False,False,False,False,BTC,1h>5m,2023-08-31 11:15:00+00:00,0.0002,4.785986635381525,H1,0
95672,95744,short,A,mss,2.0,-1.0,1.1048412019207972,True,False,False,False,False,False,False,True,BTC,1h>5m,2023-09-03 00:30:00+00:00,0.0002,-1.155885452247114,H1,1
95672,95744,short,A,mss,3.0,-1.0,1.1048412019207972,True,False,False,False,False,False,False,True,BTC,1h>5m,2023-09-03 00:30:00+00:00,0.0002,-1.155885452247114,H1,1
95672,95744,short,A,mss,5.0,-1.0,1.1048412019207972,True,False,False,False,False,False,False,True,BTC,1h>5m,2023-09-03 00:30:00+00:00,0.0002,-1.155885452247114,H1,1
95673,95744,short,A,retest,2.0,-1.0,1.035616650026158,True,False,False,False,False,False,False,False,BTC,1h>5m,2023-09-03 00:35:00+00:00,0.0002,-1.1663187969493314,H1,1
95673,95744,short,A,retest,3.0,-1.0,1.035616650026158,True,False,False,False,False,False,False,False,BTC,1h>5m,2023-09-03 00:35:00+00:00,0.0002,-1.1663187969493314,H1,1
95673,95744,short,A,retest,5.0,-1.0,1.035616650026158,True,False,False,False,False,False,False,False,BTC,1h>5m,2023-09-03 00:35:00+00:00,0.0002,-1.1663187969493314,H1,1
97574,97734,long,V,mss,2.0,-1.0,2.6211514887895744,True,True,False,False,False,False,False,True,BTC,1h>5m,2023-09-09 15:00:00+00:00,0.0002,-1.1091620069305432,H1,2
97574,97734,long,V,mss,3.0,-1.0,2.6211514887895744,True,True,False,False,False,False,False,True,BTC,1h>5m,2023-09-09 15:00:00+00:00,0.0002,-1.1091620069305432,H1,2
97574,97734,long,V,mss,5.0,-1.0,2.6211514887895744,True,True,False,False,False,False,False,True,BTC,1h>5m,2023-09-09 15:00:00+00:00,0.0002,-1.1091620069305432,H1,2
97579,97734,long,V,retest,2.0,-1.0,2.0719799122147737,True,True,False,False,False,False,False,False,BTC,1h>5m,2023-09-09 15:25:00+00:00,0.0002,-1.1380420345698257,H1,2
97579,97734,long,V,retest,3.0,-1.0,2.0719799122147737,True,True,False,False,False,False,False,False,BTC,1h>5m,2023-09-09 15:25:00+00:00,0.0002,-1.1380420345698257,H1,2
97579,97734,long,V,retest,5.0,-1.0,2.0719799122147737,True,True,False,False,False,False,False,False,BTC,1h>5m,2023-09-09 15:25:00+00:00,0.0002,-1.1380420345698257,H1,2
98276,98294,short,A,mss,2.0,-1.0,0.5472617649299193,False,False,False,False,False,False,False,False,BTC,1h>5m,2023-09-12 01:30:00+00:00,0.0002,-1.1033280008848887,H1,0
98276,98294,short,A,mss,3.0,-1.0,0.5472617649299193,False,False,False,False,False,False,False,False,BTC,1h>5m,2023-09-12 01:30:00+00:00,0.0002,-1.1033280008848887,H1,0
98276,98294,short,A,mss,5.0,-1.0,0.5472617649299193,False,False,False,False,False,False,False,False,BTC,1h>5m,2023-09-12 01:30:00+00:00,0.0002,-1.1033280008848887,H1,0
98279,98294,short,A,retest,2.0,-1.0,0.5235775649531641,False,False,False,False,False,False,False,False,BTC,1h>5m,2023-09-12 01:45:00+00:00,0.0002,-1.1080111233872265,H1,0
98279,98294,short,A,retest,3.0,-1.0,0.5235775649531641,False,False,False,False,False,False,False,False,BTC,1h>5m,2023-09-12 01:45:00+00:00,0.0002,-1.1080111233872265,H1,0
98279,98294,short,A,retest,5.0,-1.0,0.5235775649531641,False,False,False,False,False,False,False,False,BTC,1h>5m,2023-09-12 01:45:00+00:00,0.0002,-1.1080111233872265,H1,0
98638,98661,short,A,mss,2.0,-1.0,1.1798520752696933,True,False,False,True,False,False,False,False,BTC,1h>5m,2023-09-13 07:40:00+00:00,0.0002,-1.0635968601991619,H1,1
98638,98661,short,A,mss,3.0,-1.0,1.1798520752696933,True,False,False,True,False,False,False,False,BTC,1h>5m,2023-09-13 07:40:00+00:00,0.0002,-1.0635968601991619,H1,1
98638,98661,short,A,mss,5.0,-1.0,1.1798520752696933,True,False,False,True,False,False,False,False,BTC,1h>5m,2023-09-13 07:40:00+00:00,0.0002,-1.0635968601991619,H1,1
98639,98661,short,A,retest,2.0,-1.0,1.150668595075348,True,False,False,True,False,False,False,False,BTC,1h>5m,2023-09-13 07:45:00+00:00,0.0002,-1.0652148885472474,H1,1
98639,98661,short,A,retest,3.0,-1.0,1.150668595075348,True,False,False,True,False,False,False,False,BTC,1h>5m,2023-09-13 07:45:00+00:00,0.0002,-1.0652148885472474,H1,1
98639,98661,short,A,retest,5.0,-1.0,1.150668595075348,True,False,False,True,False,False,False,False,BTC,1h>5m,2023-09-13 07:45:00+00:00,0.0002,-1.0652148885472474,H1,1
98598,98661,long,V,mss,2.0,2.0,0.5025697242405759,False,False,False,False,False,True,False,False,BTC,1h>5m,2023-09-13 04:20:00+00:00,0.0002,1.8890543693770163,H1,1
98598,98666,long,V,mss,3.0,3.0,0.5025697242405759,False,False,False,False,False,True,False,False,BTC,1h>5m,2023-09-13 04:20:00+00:00,0.0002,2.8888543693770163,H1,1
98598,98744,long,V,mss,5.0,5.0,0.5025697242405759,False,False,False,False,False,True,False,False,BTC,1h>5m,2023-09-13 04:20:00+00:00,0.0002,4.888454369377016,H1,1
98605,98637,long,V,retest,2.0,2.0,0.43068172687306056,False,False,False,False,False,True,False,False,BTC,1h>5m,2023-09-13 04:55:00+00:00,0.0002,1.870669217859775,H1,1
98605,98665,long,V,retest,3.0,3.0,0.43068172687306056,False,False,False,False,False,True,False,False,BTC,1h>5m,2023-09-13 04:55:00+00:00,0.0002,2.870469217859775,H1,1
98605,98721,long,V,retest,5.0,5.0,0.43068172687306056,False,False,False,False,False,True,False,False,BTC,1h>5m,2023-09-13 04:55:00+00:00,0.0002,4.870069217859775,H1,1
98659,98721,long,V,mss,2.0,2.0,1.2269115891668503,False,False,False,True,False,False,False,True,BTC,1h>5m,2023-09-13 09:25:00+00:00,0.0002,1.9365986530702448,H1,0
98659,98845,long,V,mss,3.0,3.0,1.2269115891668503,False,False,False,True,False,False,False,True,BTC,1h>5m,2023-09-13 09:25:00+00:00,0.0002,2.9363986530702446,H1,0
98659,98947,long,V,mss,5.0,1.574364143216426,1.2269115891668503,False,False,False,True,False,False,False,True,BTC,1h>5m,2023-09-13 09:25:00+00:00,0.0002,1.5110479234580274,H1,0
98660,98721,long,V,retest,2.0,2.0,1.1267922226054063,False,False,False,True,False,False,False,False,BTC,1h>5m,2023-09-13 09:30:00+00:00,0.0002,1.9310363079681387,H1,0
98660,98844,long,V,retest,3.0,3.0,1.1267922226054063,False,False,False,True,False,False,False,False,BTC,1h>5m,2023-09-13 09:30:00+00:00,0.0002,2.9308363079681388,H1,0
98660,98947,long,V,retest,5.0,1.803105256392872,1.1267922226054063,False,False,False,True,False,False,False,False,BTC,1h>5m,2023-09-13 09:30:00+00:00,0.0002,1.7341809433097322,H1,0
99083,99371,short,A,mss,2.0,0.45175141131061813,1.869017857536262,True,False,False,False,False,False,False,True,BTC,1h>5m,2023-09-14 20:45:00+00:00,0.0002,0.41677826127852247,H1,1
99083,99371,short,A,mss,3.0,0.45175141131061813,1.869017857536262,True,False,False,False,False,False,False,True,BTC,1h>5m,2023-09-14 20:45:00+00:00,0.0002,0.41677826127852247,H1,1
99083,99371,short,A,mss,5.0,0.45175141131061813,1.869017857536262,True,False,False,False,False,False,False,True,BTC,1h>5m,2023-09-14 20:45:00+00:00,0.0002,0.41677826127852247,H1,1
99084,99371,short,A,retest,2.0,0.49710961018452104,1.8123918876645189,True,False,False,False,False,False,False,False,BTC,1h>5m,2023-09-14 20:50:00+00:00,0.0002,0.46103751805962095,H1,1
99084,99371,short,A,retest,3.0,0.49710961018452104,1.8123918876645189,True,False,False,False,False,False,False,False,BTC,1h>5m,2023-09-14 20:50:00+00:00,0.0002,0.46103751805962095,H1,1
99084,99371,short,A,retest,5.0,0.49710961018452104,1.8123918876645189,True,False,False,False,False,False,False,False,BTC,1h>5m,2023-09-14 20:50:00+00:00,0.0002,0.46103751805962095,H1,1
99257,99394,short,A,mss,2.0,-1.0,1.8936601477035357,True,False,True,True,False,False,False,True,BTC,1h>5m,2023-09-15 11:15:00+00:00,0.0002,-1.065968772432453,H1,1
99257,99394,short,A,mss,3.0,-1.0,1.8936601477035357,True,False,True,True,False,False,False,True,BTC,1h>5m,2023-09-15 11:15:00+00:00,0.0002,-1.065968772432453,H1,1
99257,99394,short,A,mss,5.0,-1.0,1.8936601477035357,True,False,True,True,False,False,False,True,BTC,1h>5m,2023-09-15 11:15:00+00:00,0.0002,-1.065968772432453,H1,1
99458,99746,short,A,mss,2.0,0.3471120847411673,1.413965124688629,False,False,True,False,False,False,True,True,BTC,1h>5m,2023-09-16 04:00:00+00:00,0.0002,0.29076425127434347,H1,1
99458,99746,short,A,mss,3.0,0.3471120847411673,1.413965124688629,False,False,True,False,False,False,True,True,BTC,1h>5m,2023-09-16 04:00:00+00:00,0.0002,0.29076425127434347,H1,1
99458,99746,short,A,mss,5.0,0.3471120847411673,1.413965124688629,False,False,True,False,False,False,True,True,BTC,1h>5m,2023-09-16 04:00:00+00:00,0.0002,0.29076425127434347,H1,1
99459,99746,short,A,retest,2.0,0.37452575405781763,1.385764872900651,False,False,True,False,False,False,True,False,BTC,1h>5m,2023-09-16 04:05:00+00:00,0.0002,0.3170271747660609,H1,1
99459,99746,short,A,retest,3.0,0.37452575405781763,1.385764872900651,False,False,True,False,False,False,True,False,BTC,1h>5m,2023-09-16 04:05:00+00:00,0.0002,0.3170271747660609,H1,1
99459,99746,short,A,retest,5.0,0.37452575405781763,1.385764872900651,False,False,True,False,False,False,True,False,BTC,1h>5m,2023-09-16 04:05:00+00:00,0.0002,0.3170271747660609,H1,1
99885,99950,short,A,mss,2.0,2.0,1.2800770262667671,True,True,False,False,False,True,False,False,BTC,1h>5m,2023-09-17 15:35:00+00:00,0.0002,1.8329344818066298,H1,3
99885,100015,short,A,mss,3.0,-1.0,1.2800770262667671,True,True,False,False,False,True,False,False,BTC,1h>5m,2023-09-17 15:35:00+00:00,0.0002,-1.1676655181933704,H1,3
99885,100015,short,A,mss,5.0,-1.0,1.2800770262667671,True,True,False,False,False,True,False,False,BTC,1h>5m,2023-09-17 15:35:00+00:00,0.0002,-1.1676655181933704,H1,3
99886,99949,short,A,retest,2.0,2.0,1.2061664286641043,True,True,False,False,False,True,True,False,BTC,1h>5m,2023-09-17 15:40:00+00:00,0.0002,1.822648139497887,H1,4
99886,100015,short,A,retest,3.0,-1.0,1.2061664286641043,True,True,False,False,False,True,True,False,BTC,1h>5m,2023-09-17 15:40:00+00:00,0.0002,-1.1779518605021129,H1,4
99886,100015,short,A,retest,5.0,-1.0,1.2061664286641043,True,True,False,False,False,True,True,False,BTC,1h>5m,2023-09-17 15:40:00+00:00,0.0002,-1.1779518605021129,H1,4
100653,100793,long,V,mss,2.0,-1.0,1.4497135351313293,True,False,False,True,False,False,True,True,BTC,1h>5m,2023-09-20 07:35:00+00:00,0.0002,-1.0557531797926163,H1,2
100653,100793,long,V,mss,3.0,-1.0,1.4497135351313293,True,False,False,True,False,False,True,True,BTC,1h>5m,2023-09-20 07:35:00+00:00,0.0002,-1.0557531797926163,H1,2
100653,100793,long,V,mss,5.0,-1.0,1.4497135351313293,True,False,False,True,False,False,True,True,BTC,1h>5m,2023-09-20 07:35:00+00:00,0.0002,-1.0557531797926163,H1,2
100656,100793,long,V,retest,2.0,-1.0,1.2862283282518814,True,False,False,True,False,False,False,False,BTC,1h>5m,2023-09-20 07:50:00+00:00,0.0002,-1.062814230223336,H1,1
100656,100793,long,V,retest,3.0,-1.0,1.2862283282518814,True,False,False,True,False,False,False,False,BTC,1h>5m,2023-09-20 07:50:00+00:00,0.0002,-1.062814230223336,H1,1
100656,100793,long,V,retest,5.0,-1.0,1.2862283282518814,True,False,False,True,False,False,False,False,BTC,1h>5m,2023-09-20 07:50:00+00:00,0.0002,-1.062814230223336,H1,1
101307,101349,long,V,mss,2.0,-1.0,1.3062590600687871,False,True,False,False,False,True,False,False,BTC,1h>5m,2023-09-22 14:05:00+00:00,0.0002,-1.0978451198915737,H1,2
101307,101349,long,V,mss,3.0,-1.0,1.3062590600687871,False,True,False,False,False,True,False,False,BTC,1h>5m,2023-09-22 14:05:00+00:00,0.0002,-1.0978451198915737,H1,2
101307,101349,long,V,mss,5.0,-1.0,1.3062590600687871,False,True,False,False,False,True,False,False,BTC,1h>5m,2023-09-22 14:05:00+00:00,0.0002,-1.0978451198915737,H1,2
101308,101349,long,V,retest,2.0,-1.0,1.1692407984011361,False,True,False,False,False,True,False,False,BTC,1h>5m,2023-09-22 14:10:00+00:00,0.0002,-1.1092877282971032,H1,2
101308,101349,long,V,retest,3.0,-1.0,1.1692407984011361,False,True,False,False,False,True,False,False,BTC,1h>5m,2023-09-22 14:10:00+00:00,0.0002,-1.1092877282971032,H1,2
101308,101349,long,V,retest,5.0,-1.0,1.1692407984011361,False,True,False,False,False,True,False,False,BTC,1h>5m,2023-09-22 14:10:00+00:00,0.0002,-1.1092877282971032,H1,2
101580,101628,short,A,mss,2.0,-1.0,0.8374653361131792,False,True,True,False,False,True,False,False,BTC,1h>5m,2023-09-23 12:50:00+00:00,0.0002,-1.3596911887618406,H1,2
101580,101628,short,A,mss,3.0,-1.0,0.8374653361131792,False,True,True,False,False,True,False,False,BTC,1h>5m,2023-09-23 12:50:00+00:00,0.0002,-1.3596911887618406,H1,2
101580,101628,short,A,mss,5.0,-1.0,0.8374653361131792,False,True,True,False,False,True,False,False,BTC,1h>5m,2023-09-23 12:50:00+00:00,0.0002,-1.3596911887618406,H1,2
101581,101628,short,A,retest,2.0,-1.0,0.5549318867274806,False,True,True,False,False,True,False,False,BTC,1h>5m,2023-09-23 12:55:00+00:00,0.0002,-1.5429232238932737,H1,2
101581,101628,short,A,retest,3.0,-1.0,0.5549318867274806,False,True,True,False,False,True,False,False,BTC,1h>5m,2023-09-23 12:55:00+00:00,0.0002,-1.5429232238932737,H1,2
101581,101628,short,A,retest,5.0,-1.0,0.5549318867274806,False,True,True,False,False,True,False,False,BTC,1h>5m,2023-09-23 12:55:00+00:00,0.0002,-1.5429232238932737,H1,2
102801,102994,long,V,mss,2.0,2.0,1.0879825742348967,True,False,False,False,False,True,False,False,BTC,1h>5m,2023-09-27 18:35:00+00:00,0.0002,1.935496653814766,H1,2
102801,103042,long,V,mss,3.0,3.0,1.0879825742348967,True,False,False,False,False,True,False,False,BTC,1h>5m,2023-09-27 18:35:00+00:00,0.0002,2.935296653814766,H1,2
102801,103058,long,V,mss,5.0,5.0,1.0879825742348967,True,False,False,False,False,True,False,False,BTC,1h>5m,2023-09-27 18:35:00+00:00,0.0002,4.934896653814766,H1,2
102805,102871,long,V,retest,2.0,2.0,0.9731033600060582,True,False,True,False,False,True,False,False,BTC,1h>5m,2023-09-27 18:55:00+00:00,0.0002,1.9279761882051705,H1,2
102805,103041,long,V,retest,3.0,3.0,0.9731033600060582,True,False,True,False,False,True,False,False,BTC,1h>5m,2023-09-27 18:55:00+00:00,0.0002,2.9277761882051703,H1,2
102805,103057,long,V,retest,5.0,5.0,0.9731033600060582,True,False,True,False,False,True,False,False,BTC,1h>5m,2023-09-27 18:55:00+00:00,0.0002,4.92737618820517,H1,2
104102,104186,long,V,mss,2.0,2.0,1.1527723780077077,False,False,True,False,False,False,False,False,BTC,1h>5m,2023-10-02 07:00:00+00:00,0.0002,1.9473212975063707,H1,0
104102,104210,long,V,mss,3.0,-1.0,1.1527723780077077,False,False,True,False,False,False,False,False,BTC,1h>5m,2023-10-02 07:00:00+00:00,0.0002,-1.0520787024936293,H1,0
104102,104210,long,V,mss,5.0,-1.0,1.1527723780077077,False,False,True,False,False,False,False,False,BTC,1h>5m,2023-10-02 07:00:00+00:00,0.0002,-1.0520787024936293,H1,0
104103,104185,long,V,retest,2.0,2.0,1.0973248178534267,False,False,True,False,False,False,False,False,BTC,1h>5m,2023-10-02 07:05:00+00:00,0.0002,1.94469987909822,H1,0
104103,104210,long,V,retest,3.0,-1.0,1.0973248178534267,False,False,True,False,False,False,False,False,BTC,1h>5m,2023-10-02 07:05:00+00:00,0.0002,-1.0547001209017801,H1,0
104103,104210,long,V,retest,5.0,-1.0,1.0973248178534267,False,False,True,False,False,False,False,False,BTC,1h>5m,2023-10-02 07:05:00+00:00,0.0002,-1.0547001209017801,H1,0
104472,104474,long,V,mss,2.0,-1.0,1.6333365147158687,False,True,False,False,False,False,False,False,BTC,1h>5m,2023-10-03 13:50:00+00:00,0.0002,-1.0562051687302199,H1,1
104472,104474,long,V,mss,3.0,-1.0,1.6333365147158687,False,True,False,False,False,False,False,False,BTC,1h>5m,2023-10-03 13:50:00+00:00,0.0002,-1.0562051687302199,H1,1
104472,104474,long,V,mss,5.0,-1.0,1.6333365147158687,False,True,False,False,False,False,False,False,BTC,1h>5m,2023-10-03 13:50:00+00:00,0.0002,-1.0562051687302199,H1,1
104473,104474,long,V,retest,2.0,-1.0,1.5932510945944256,False,True,False,False,False,False,False,False,BTC,1h>5m,2023-10-03 13:55:00+00:00,0.0002,-1.0576142314480426,H1,1
104473,104474,long,V,retest,3.0,-1.0,1.5932510945944256,False,True,False,False,False,False,False,False,BTC,1h>5m,2023-10-03 13:55:00+00:00,0.0002,-1.0576142314480426,H1,1
104473,104474,long,V,retest,5.0,-1.0,1.5932510945944256,False,True,False,False,False,False,False,False,BTC,1h>5m,2023-10-03 13:55:00+00:00,0.0002,-1.0576142314480426,H1,1
104570,104588,short,A,mss,2.0,-1.0,0.583626068760475,False,False,True,False,False,False,False,False,BTC,1h>5m,2023-10-03 22:00:00+00:00,0.0002,-1.1245206632218496,H1,0
104570,104588,short,A,mss,3.0,-1.0,0.583626068760475,False,False,True,False,False,False,False,False,BTC,1h>5m,2023-10-03 22:00:00+00:00,0.0002,-1.1245206632218496,H1,0
104570,104588,short,A,mss,5.0,-1.0,0.583626068760475,False,False,True,False,False,False,False,False,BTC,1h>5m,2023-10-03 22:00:00+00:00,0.0002,-1.1245206632218496,H1,0
104581,104588,short,A,retest,2.0,-1.0,0.5525408803840287,False,False,False,False,False,False,False,False,BTC,1h>5m,2023-10-03 22:55:00+00:00,0.0002,-1.1315372758351858,H1,0
104581,104588,short,A,retest,3.0,-1.0,0.5525408803840287,False,False,False,False,False,False,False,False,BTC,1h>5m,2023-10-03 22:55:00+00:00,0.0002,-1.1315372758351858,H1,0
104581,104588,short,A,retest,5.0,-1.0,0.5525408803840287,False,False,False,False,False,False,False,False,BTC,1h>5m,2023-10-03 22:55:00+00:00,0.0002,-1.1315372758351858,H1,0
107096,107108,long,V,mss,2.0,-1.0,1.7816186403262608,True,True,False,False,False,False,False,False,BTC,1h>5m,2023-10-12 16:30:00+00:00,0.0002,-1.0552139298621064,H1,2
107096,107108,long,V,mss,3.0,-1.0,1.7816186403262608,True,True,False,False,False,False,False,False,BTC,1h>5m,2023-10-12 16:30:00+00:00,0.0002,-1.0552139298621064,H1,2
107096,107108,long,V,mss,5.0,-1.0,1.7816186403262608,True,True,False,False,False,False,False,False,BTC,1h>5m,2023-10-12 16:30:00+00:00,0.0002,-1.0552139298621064,H1,2
107097,107108,long,V,retest,2.0,-1.0,1.5992349611549852,True,True,False,False,False,False,True,False,BTC,1h>5m,2023-10-12 16:35:00+00:00,0.0002,-1.0614879566171713,H1,3
107097,107108,long,V,retest,3.0,-1.0,1.5992349611549852,True,True,False,False,False,False,True,False,BTC,1h>5m,2023-10-12 16:35:00+00:00,0.0002,-1.0614879566171713,H1,3
107097,107108,long,V,retest,5.0,-1.0,1.5992349611549852,True,True,False,False,False,False,True,False,BTC,1h>5m,2023-10-12 16:35:00+00:00,0.0002,-1.0614879566171713,H1,3
106985,107073,short,A,mss,2.0,2.0,0.8824859801565226,False,False,False,True,False,False,False,False,BTC,1h>5m,2023-10-12 07:15:00+00:00,0.0002,1.8838180084093137,H1,0
106985,107273,short,A,mss,3.0,-0.7241103996014945,0.8824859801565226,False,False,False,True,False,False,False,False,BTC,1h>5m,2023-10-12 07:15:00+00:00,0.0002,-0.840837213272101,H1,0
106985,107273,short,A,mss,5.0,-0.7241103996014945,0.8824859801565226,False,False,False,True,False,False,False,False,BTC,1h>5m,2023-10-12 07:15:00+00:00,0.0002,-0.840837213272101,H1,0
106987,107017,short,A,retest,2.0,2.0,0.8124107283471464,False,False,False,True,False,False,False,False,BTC,1h>5m,2023-10-12 07:25:00+00:00,0.0002,1.873727616650754,H1,0
106987,107095,short,A,retest,3.0,3.0,0.8124107283471464,False,False,False,True,False,False,False,False,BTC,1h>5m,2023-10-12 07:25:00+00:00,0.0002,2.8739276166507537,H1,0
106987,107274,short,A,retest,5.0,-0.5417250682487141,0.8124107283471464,False,False,False,True,False,False,False,False,BTC,1h>5m,2023-10-12 07:25:00+00:00,0.0002,-0.6685057966116099,H1,0
107692,107923,short,A,mss,2.0,-1.0,2.050893717221408,False,False,False,False,False,False,False,True,BTC,1h>5m,2023-10-14 18:10:00+00:00,0.0002,-1.131090191268953,H1,0
107692,107923,short,A,mss,3.0,-1.0,2.050893717221408,False,False,False,False,False,False,False,True,BTC,1h>5m,2023-10-14 18:10:00+00:00,0.0002,-1.131090191268953,H1,0
107692,107923,short,A,mss,5.0,-1.0,2.050893717221408,False,False,False,False,False,False,False,True,BTC,1h>5m,2023-10-14 18:10:00+00:00,0.0002,-1.131090191268953,H1,0
107693,107923,short,A,retest,2.0,-1.0,1.847854008348521,False,False,False,False,False,False,False,False,BTC,1h>5m,2023-10-14 18:15:00+00:00,0.0002,-1.1455161806018106,H1,0
107693,107923,short,A,retest,3.0,-1.0,1.847854008348521,False,False,False,False,False,False,False,False,BTC,1h>5m,2023-10-14 18:15:00+00:00,0.0002,-1.1455161806018106,H1,0
107693,107923,short,A,retest,5.0,-1.0,1.847854008348521,False,False,False,False,False,False,False,False,BTC,1h>5m,2023-10-14 18:15:00+00:00,0.0002,-1.1455161806018106,H1,0
108343,108461,short,A,mss,2.0,-1.0,0.5884042985835052,True,False,False,False,False,False,False,True,BTC,1h>5m,2023-10-17 00:25:00+00:00,0.0002,-1.0519482786872154,H1,1
108343,108461,short,A,mss,3.0,-1.0,0.5884042985835052,True,False,False,False,False,False,False,True,BTC,1h>5m,2023-10-17 00:25:00+00:00,0.0002,-1.0519482786872154,H1,1
108343,108461,short,A,mss,5.0,-1.0,0.5884042985835052,True,False,False,False,False,False,False,True,BTC,1h>5m,2023-10-17 00:25:00+00:00,0.0002,-1.0519482786872154,H1,1
108344,108461,short,A,retest,2.0,-1.0,0.4901361627353747,True,False,False,False,False,False,False,False,BTC,1h>5m,2023-10-17 00:30:00+00:00,0.0002,-1.0624035654501476,H1,1
108344,108461,short,A,retest,3.0,-1.0,0.4901361627353747,True,False,False,False,False,False,False,False,BTC,1h>5m,2023-10-17 00:30:00+00:00,0.0002,-1.0624035654501476,H1,1
108344,108461,short,A,retest,5.0,-1.0,0.4901361627353747,True,False,False,False,False,False,False,False,BTC,1h>5m,2023-10-17 00:30:00+00:00,0.0002,-1.0624035654501476,H1,1
109214,109230,short,A,mss,2.0,-1.0,0.8833752569789433,False,False,True,False,False,False,False,False,BTC,1h>5m,2023-10-20 01:00:00+00:00,0.0002,-1.0746530121578874,H1,0
109214,109230,short,A,mss,3.0,-1.0,0.8833752569789433,False,False,True,False,False,False,False,False,BTC,1h>5m,2023-10-20 01:00:00+00:00,0.0002,-1.0746530121578874,H1,0
109214,109230,short,A,mss,5.0,-1.0,0.8833752569789433,False,False,True,False,False,False,False,False,BTC,1h>5m,2023-10-20 01:00:00+00:00,0.0002,-1.0746530121578874,H1,0
109219,109230,short,A,retest,2.0,-1.0,0.8324185361329806,False,False,False,False,False,False,False,False,BTC,1h>5m,2023-10-20 01:25:00+00:00,0.0002,-1.079235159094125,H1,0
109219,109230,short,A,retest,3.0,-1.0,0.8324185361329806,False,False,False,False,False,False,False,False,BTC,1h>5m,2023-10-20 01:25:00+00:00,0.0002,-1.079235159094125,H1,0
109219,109230,short,A,retest,5.0,-1.0,0.8324185361329806,False,False,False,False,False,False,False,False,BTC,1h>5m,2023-10-20 01:25:00+00:00,0.0002,-1.079235159094125,H1,0
109230,109242,long,V,mss,2.0,2.0,1.349554081490048,False,False,True,False,False,True,False,False,BTC,1h>5m,2023-10-20 02:20:00+00:00,0.0002,1.950467960244942,H1,1
109230,109303,long,V,mss,3.0,3.0,1.349554081490048,False,False,True,False,False,True,False,False,BTC,1h>5m,2023-10-20 02:20:00+00:00,0.0002,2.950267960244942,H1,1
109230,109326,long,V,mss,5.0,5.0,1.349554081490048,False,False,True,False,False,True,False,False,BTC,1h>5m,2023-10-20 02:20:00+00:00,0.0002,4.949867960244942,H1,1
109231,109241,long,V,retest,2.0,2.0,1.1334993711932388,False,False,True,False,False,True,False,False,BTC,1h>5m,2023-10-20 02:25:00+00:00,0.0002,1.9411792151436826,H1,1
109231,109243,long,V,retest,3.0,3.0,1.1334993711932388,False,False,True,False,False,True,False,False,BTC,1h>5m,2023-10-20 02:25:00+00:00,0.0002,2.940979215143683,H1,1
109231,109304,long,V,retest,5.0,5.0,1.1334993711932388,False,False,True,False,False,True,False,False,BTC,1h>5m,2023-10-20 02:25:00+00:00,0.0002,4.940579215143683,H1,1
109864,110082,short,A,mss,2.0,-1.0,1.4788954741795535,False,False,False,False,False,False,False,True,BTC,1h>5m,2023-10-22 07:10:00+00:00,0.0002,-1.044059370713884,H1,0
109864,110082,short,A,mss,3.0,-1.0,1.4788954741795535,False,False,False,False,False,False,False,True,BTC,1h>5m,2023-10-22 07:10:00+00:00,0.0002,-1.044059370713884,H1,0
109864,110082,short,A,mss,5.0,-1.0,1.4788954741795535,False,False,False,False,False,False,False,True,BTC,1h>5m,2023-10-22 07:10:00+00:00,0.0002,-1.044059370713884,H1,0
109865,110082,short,A,retest,2.0,-1.0,1.4566102323568675,False,False,False,False,False,False,False,False,BTC,1h>5m,2023-10-22 07:15:00+00:00,0.0002,-1.0447365118991983,H1,0
109865,110082,short,A,retest,3.0,-1.0,1.4566102323568675,False,False,False,False,False,False,False,False,BTC,1h>5m,2023-10-22 07:15:00+00:00,0.0002,-1.0447365118991983,H1,0
109865,110082,short,A,retest,5.0,-1.0,1.4566102323568675,False,False,False,False,False,False,False,False,BTC,1h>5m,2023-10-22 07:15:00+00:00,0.0002,-1.0447365118991983,H1,0
110016,110050,short,A,mss,2.0,-1.0,0.8381881151115073,False,False,False,False,False,False,False,True,BTC,1h>5m,2023-10-22 19:50:00+00:00,0.0002,-1.0995070009286367,H1,0
110016,110050,short,A,mss,3.0,-1.0,0.8381881151115073,False,False,False,False,False,False,False,True,BTC,1h>5m,2023-10-22 19:50:00+00:00,0.0002,-1.0995070009286367,H1,0
110016,110050,short,A,mss,5.0,-1.0,0.8381881151115073,False,False,False,False,False,False,False,True,BTC,1h>5m,2023-10-22 19:50:00+00:00,0.0002,-1.0995070009286367,H1,0
110018,110050,short,A,retest,2.0,-1.0,0.7207743864457418,False,False,False,False,False,False,False,False,BTC,1h>5m,2023-10-22 20:00:00+00:00,0.0002,-1.1157492134340523,H1,0
110018,110050,short,A,retest,3.0,-1.0,0.7207743864457418,False,False,False,False,False,False,False,False,BTC,1h>5m,2023-10-22 20:00:00+00:00,0.0002,-1.1157492134340523,H1,0
110018,110050,short,A,retest,5.0,-1.0,0.7207743864457418,False,False,False,False,False,False,False,False,BTC,1h>5m,2023-10-22 20:00:00+00:00,0.0002,-1.1157492134340523,H1,0
110237,110294,long,V,mss,2.0,2.0,1.065623764877034,False,True,True,False,False,False,False,False,BTC,1h>5m,2023-10-23 14:15:00+00:00,0.0002,1.9618524267583166,H1,1
110237,110310,long,V,mss,3.0,3.0,1.065623764877034,False,True,True,False,False,False,False,False,BTC,1h>5m,2023-10-23 14:15:00+00:00,0.0002,2.9616524267583166,H1,1
110237,110337,long,V,mss,5.0,5.0,1.065623764877034,False,True,True,False,False,False,False,False,BTC,1h>5m,2023-10-23 14:15:00+00:00,0.0002,4.961252426758317,H1,1
110238,110294,long,V,retest,2.0,2.0,1.0567507583216644,False,True,True,False,False,False,False,False,BTC,1h>5m,2023-10-23 14:20:00+00:00,0.0002,1.9615388379015395,H1,1
110238,110309,long,V,retest,3.0,3.0,1.0567507583216644,False,True,True,False,False,False,False,False,BTC,1h>5m,2023-10-23 14:20:00+00:00,0.0002,2.9613388379015393,H1,1
110238,110337,long,V,retest,5.0,5.0,1.0567507583216644,False,True,True,False,False,False,False,False,BTC,1h>5m,2023-10-23 14:20:00+00:00,0.0002,4.96093883790154,H1,1
110903,111071,short,A,mss,2.0,2.0,0.8309460705693718,True,False,True,False,False,False,False,True,BTC,1h>5m,2023-10-25 21:45:00+00:00,0.0002,1.9537038229725783,H1,1
110903,111191,short,A,mss,3.0,1.4816205236540803,0.8309460705693718,True,False,True,False,False,False,False,True,BTC,1h>5m,2023-10-25 21:45:00+00:00,0.0002,1.4352206707313895,H1,1
110903,111191,short,A,mss,5.0,1.4816205236540803,0.8309460705693718,True,False,True,False,False,False,False,True,BTC,1h>5m,2023-10-25 21:45:00+00:00,0.0002,1.4352206707313895,H1,1
110904,111071,short,A,retest,2.0,2.0,0.8247431836407454,True,False,True,False,False,False,False,False,BTC,1h>5m,2023-10-25 21:50:00+00:00,0.0002,1.9533496129995027,H1,1
110904,111191,short,A,retest,3.0,1.5002847718871275,0.8247431836407454,True,False,True,False,False,False,False,False,BTC,1h>5m,2023-10-25 21:50:00+00:00,0.0002,1.4535344418410077,H1,1
110904,111191,short,A,retest,5.0,1.5002847718871275,0.8247431836407454,True,False,True,False,False,False,False,False,BTC,1h>5m,2023-10-25 21:50:00+00:00,0.0002,1.4535344418410077,H1,1
111018,111050,long,V,mss,2.0,-1.0,1.311046117810927,True,False,False,True,False,False,False,True,BTC,1h>5m,2023-10-26 07:20:00+00:00,0.0002,-1.0467149809222038,H1,1
111018,111050,long,V,mss,3.0,-1.0,1.311046117810927,True,False,False,True,False,False,False,True,BTC,1h>5m,2023-10-26 07:20:00+00:00,0.0002,-1.0467149809222038,H1,1
111018,111050,long,V,mss,5.0,-1.0,1.311046117810927,True,False,False,True,False,False,False,True,BTC,1h>5m,2023-10-26 07:20:00+00:00,0.0002,-1.0467149809222038,H1,1
111019,111050,long,V,retest,2.0,-1.0,1.3100269046940831,True,False,False,True,False,False,False,False,BTC,1h>5m,2023-10-26 07:25:00+00:00,0.0002,-1.0467511700100125,H1,1
111019,111050,long,V,retest,3.0,-1.0,1.3100269046940831,True,False,False,True,False,False,False,False,BTC,1h>5m,2023-10-26 07:25:00+00:00,0.0002,-1.0467511700100125,H1,1
111019,111050,long,V,retest,5.0,-1.0,1.3100269046940831,True,False,False,True,False,False,False,False,BTC,1h>5m,2023-10-26 07:25:00+00:00,0.0002,-1.0467511700100125,H1,1
112236,112524,short,A,mss,2.0,0.816435729653202,1.675743585833534,True,True,True,False,False,False,False,False,BTC,1h>5m,2023-10-30 12:50:00+00:00,0.0002,0.7725827033724049,H1,2
112236,112524,short,A,mss,3.0,0.816435729653202,1.675743585833534,True,True,True,False,False,False,False,False,BTC,1h>5m,2023-10-30 12:50:00+00:00,0.0002,0.7725827033724049,H1,2
112236,112524,short,A,mss,5.0,0.816435729653202,1.675743585833534,True,True,True,False,False,False,False,False,BTC,1h>5m,2023-10-30 12:50:00+00:00,0.0002,0.7725827033724049,H1,2
112237,112524,short,A,retest,2.0,0.9494299352770041,1.56142083793983,True,True,True,False,False,False,False,False,BTC,1h>5m,2023-10-30 12:55:00+00:00,0.0002,0.9023514729733989,H1,2
112237,112524,short,A,retest,3.0,0.9494299352770041,1.56142083793983,True,True,True,False,False,False,False,False,BTC,1h>5m,2023-10-30 12:55:00+00:00,0.0002,0.9023514729733989,H1,2
112237,112524,short,A,retest,5.0,0.9494299352770041,1.56142083793983,True,True,True,False,False,False,False,False,BTC,1h>5m,2023-10-30 12:55:00+00:00,0.0002,0.9023514729733989,H1,2
111310,111423,short,A,mss,2.0,2.0,1.0755988260656542,True,False,False,True,False,True,False,False,BTC,1h>5m,2023-10-27 07:40:00+00:00,0.0002,1.932031625049255,H1,2
111310,111423,short,A,mss,3.0,3.0,1.0755988260656542,True,False,False,True,False,True,False,False,BTC,1h>5m,2023-10-27 07:40:00+00:00,0.0002,2.9322316250492553,H1,2
111310,111598,short,A,mss,5.0,-0.1328711872319241,1.0755988260656542,True,False,False,True,False,True,False,False,BTC,1h>5m,2023-10-27 07:40:00+00:00,0.0002,-0.20126613642011532,H1,2
111322,111423,short,A,retest,2.0,2.0,1.0231188704931233,True,False,False,True,False,True,False,False,BTC,1h>5m,2023-10-27 08:40:00+00:00,0.0002,1.9285042135565214,H1,2
111322,111423,short,A,retest,3.0,3.0,1.0231188704931233,True,False,False,True,False,True,False,False,BTC,1h>5m,2023-10-27 08:40:00+00:00,0.0002,2.9287042135565216,H1,2
111322,111609,short,A,retest,5.0,-0.10960682443644888,1.0231188704931233,True,False,False,True,False,True,False,False,BTC,1h>5m,2023-10-27 08:40:00+00:00,0.0002,-0.1815245322448148,H1,2
111379,111392,long,V,mss,2.0,-1.0,1.4931537023852015,False,True,False,False,False,False,False,False,BTC,1h>5m,2023-10-27 13:25:00+00:00,0.0002,-1.0473370905436927,H1,1
111379,111392,long,V,mss,3.0,-1.0,1.4931537023852015,False,True,False,False,False,False,False,False,BTC,1h>5m,2023-10-27 13:25:00+00:00,0.0002,-1.0473370905436927,H1,1
111379,111392,long,V,mss,5.0,-1.0,1.4931537023852015,False,True,False,False,False,False,False,False,BTC,1h>5m,2023-10-27 13:25:00+00:00,0.0002,-1.0473370905436927,H1,1
111380,111392,long,V,retest,2.0,-1.0,1.4523992820695573,False,True,False,False,False,False,False,False,BTC,1h>5m,2023-10-27 13:30:00+00:00,0.0002,-1.0486597604349481,H1,1
111380,111392,long,V,retest,3.0,-1.0,1.4523992820695573,False,True,False,False,False,False,False,False,BTC,1h>5m,2023-10-27 13:30:00+00:00,0.0002,-1.0486597604349481,H1,1
111380,111392,long,V,retest,5.0,-1.0,1.4523992820695573,False,True,False,False,False,False,False,False,BTC,1h>5m,2023-10-27 13:30:00+00:00,0.0002,-1.0486597604349481,H1,1
112548,112812,long,V,mss,2.0,2.0,1.1765180384950173,True,True,False,False,False,False,False,True,BTC,1h>5m,2023-10-31 14:50:00+00:00,0.0002,1.9363626794431448,H1,2
112548,112817,long,V,mss,3.0,3.0,1.1765180384950173,True,True,False,False,False,False,False,True,BTC,1h>5m,2023-10-31 14:50:00+00:00,0.0002,2.936162679443145,H1,2
112548,112836,long,V,mss,5.0,-0.4779143737021035,1.1765180384950173,True,True,False,False,False,False,False,True,BTC,1h>5m,2023-10-31 14:50:00+00:00,0.0002,-0.5410561113842184,H1,2
112549,112812,long,V,retest,2.0,2.0,1.1657394332140536,True,True,False,False,False,False,False,False,BTC,1h>5m,2023-10-31 14:55:00+00:00,0.0002,1.9357816759565178,H1,2
112549,112817,long,V,retest,3.0,3.0,1.1657394332140536,True,True,False,False,False,False,False,False,BTC,1h>5m,2023-10-31 14:55:00+00:00,0.0002,2.935581675956518,H1,2
112549,112836,long,V,retest,5.0,-0.47308709006701644,1.1657394332140536,True,True,False,False,False,False,False,False,BTC,1h>5m,2023-10-31 14:55:00+00:00,0.0002,-0.5368107966924851,H1,2
112811,112817,long,V,mss,2.0,2.0,1.7804073805259208,False,True,True,True,False,False,False,False,BTC,1h>5m,2023-11-01 12:45:00+00:00,0.0002,1.9272762118903528,H1,1
112811,112818,long,V,mss,3.0,3.0,1.7804073805259208,False,True,True,True,False,False,False,False,BTC,1h>5m,2023-11-01 12:45:00+00:00,0.0002,2.927076211890353,H1,1
112811,112835,long,V,mss,5.0,-1.0,1.7804073805259208,False,True,True,True,False,False,False,False,BTC,1h>5m,2023-11-01 12:45:00+00:00,0.0002,-1.072123788109647,H1,1
112820,112835,long,V,retest,2.0,-1.0,1.3128986076615259,False,True,False,True,False,False,False,False,BTC,1h>5m,2023-11-01 13:30:00+00:00,0.0002,-1.0977350590201946,H1,1
112820,112835,long,V,retest,3.0,-1.0,1.3128986076615259,False,True,False,True,False,False,False,False,BTC,1h>5m,2023-11-01 13:30:00+00:00,0.0002,-1.0977350590201946,H1,1
112820,112835,long,V,retest,5.0,-1.0,1.3128986076615259,False,True,False,True,False,False,False,False,BTC,1h>5m,2023-11-01 13:30:00+00:00,0.0002,-1.0977350590201946,H1,1
114652,114926,short,A,mss,2.0,-1.0,2.3108300955522094,True,False,False,False,False,False,False,True,BTC,1h>5m,2023-11-07 22:10:00+00:00,0.0002,-1.0243624829191047,H1,1
114652,114926,short,A,mss,3.0,-1.0,2.3108300955522094,True,False,False,False,False,False,False,True,BTC,1h>5m,2023-11-07 22:10:00+00:00,0.0002,-1.0243624829191047,H1,1
114652,114926,short,A,mss,5.0,-1.0,2.3108300955522094,True,False,False,False,False,False,False,True,BTC,1h>5m,2023-11-07 22:10:00+00:00,0.0002,-1.0243624829191047,H1,1
114655,114926,short,A,retest,2.0,-1.0,2.158872743906579,True,False,False,False,False,False,False,False,BTC,1h>5m,2023-11-07 22:25:00+00:00,0.0002,-1.026091371231194,H1,1
114655,114926,short,A,retest,3.0,-1.0,2.158872743906579,True,False,False,False,False,False,False,False,BTC,1h>5m,2023-11-07 22:25:00+00:00,0.0002,-1.026091371231194,H1,1
114655,114926,short,A,retest,5.0,-1.0,2.158872743906579,True,False,False,False,False,False,False,False,BTC,1h>5m,2023-11-07 22:25:00+00:00,0.0002,-1.026091371231194,H1,1
113582,113594,short,A,mss,2.0,-1.0,1.0791497080977863,False,False,False,False,False,False,False,True,BTC,1h>5m,2023-11-04 05:00:00+00:00,0.0002,-1.0829182121875331,H1,0
113582,113594,short,A,mss,3.0,-1.0,1.0791497080977863,False,False,False,False,False,False,False,True,BTC,1h>5m,2023-11-04 05:00:00+00:00,0.0002,-1.0829182121875331,H1,0
113582,113594,short,A,mss,5.0,-1.0,1.0791497080977863,False,False,False,False,False,False,False,True,BTC,1h>5m,2023-11-04 05:00:00+00:00,0.0002,-1.0829182121875331,H1,0
113590,113594,short,A,retest,2.0,-1.0,1.0088261293946572,False,False,False,False,False,False,False,False,BTC,1h>5m,2023-11-04 05:40:00+00:00,0.0002,-1.0887122434542893,H1,0
113590,113594,short,A,retest,3.0,-1.0,1.0088261293946572,False,False,False,False,False,False,False,False,BTC,1h>5m,2023-11-04 05:40:00+00:00,0.0002,-1.0887122434542893,H1,0
113590,113594,short,A,retest,5.0,-1.0,1.0088261293946572,False,False,False,False,False,False,False,False,BTC,1h>5m,2023-11-04 05:40:00+00:00,0.0002,-1.0887122434542893,H1,0
113696,113705,long,V,mss,2.0,-1.0,1.0871471675514814,False,True,True,False,False,False,False,False,BTC,1h>5m,2023-11-04 14:30:00+00:00,0.0002,-1.1029842648721813,H1,1
113696,113705,long,V,mss,3.0,-1.0,1.0871471675514814,False,True,True,False,False,False,False,False,BTC,1h>5m,2023-11-04 14:30:00+00:00,0.0002,-1.1029842648721813,H1,1
113696,113705,long,V,mss,5.0,-1.0,1.0871471675514814,False,True,True,False,False,False,False,False,BTC,1h>5m,2023-11-04 14:30:00+00:00,0.0002,-1.1029842648721813,H1,1
113697,113705,long,V,retest,2.0,-1.0,0.887706862598314,False,True,True,False,False,False,False,False,BTC,1h>5m,2023-11-04 14:35:00+00:00,0.0002,-1.126076713510568,H1,1
113697,113705,long,V,retest,3.0,-1.0,0.887706862598314,False,True,True,False,False,False,False,False,BTC,1h>5m,2023-11-04 14:35:00+00:00,0.0002,-1.126076713510568,H1,1
113697,113705,long,V,retest,5.0,-1.0,0.887706862598314,False,True,True,False,False,False,False,False,BTC,1h>5m,2023-11-04 14:35:00+00:00,0.0002,-1.126076713510568,H1,1
113960,113977,long,V,mss,2.0,-1.0,0.8205292027805269,False,True,False,False,False,True,False,False,BTC,1h>5m,2023-11-05 12:30:00+00:00,0.0002,-1.0997287374128601,H1,2
113960,113977,long,V,mss,3.0,-1.0,0.8205292027805269,False,True,False,False,False,True,False,False,BTC,1h>5m,2023-11-05 12:30:00+00:00,0.0002,-1.0997287374128601,H1,2
113960,113977,long,V,mss,5.0,-1.0,0.8205292027805269,False,True,False,False,False,True,False,False,BTC,1h>5m,2023-11-05 12:30:00+00:00,0.0002,-1.0997287374128601,H1,2
113961,113977,long,V,retest,2.0,-1.0,0.7932402320728529,False,True,False,False,False,True,False,False,BTC,1h>5m,2023-11-05 12:35:00+00:00,0.0002,-1.103152715030251,H1,2
113961,113977,long,V,retest,3.0,-1.0,0.7932402320728529,False,True,False,False,False,True,False,False,BTC,1h>5m,2023-11-05 12:35:00+00:00,0.0002,-1.103152715030251,H1,2
113961,113977,long,V,retest,5.0,-1.0,0.7932402320728529,False,True,False,False,False,True,False,False,BTC,1h>5m,2023-11-05 12:35:00+00:00,0.0002,-1.103152715030251,H1,2
115835,115998,short,A,mss,2.0,-1.0,2.5612059108293437,False,False,True,False,False,False,False,False,BTC,1h>5m,2023-11-12 00:45:00+00:00,0.0002,-1.0354217862492503,H1,0
115835,115998,short,A,mss,3.0,-1.0,2.5612059108293437,False,False,True,False,False,False,False,False,BTC,1h>5m,2023-11-12 00:45:00+00:00,0.0002,-1.0354217862492503,H1,0
115835,115998,short,A,mss,5.0,-1.0,2.5612059108293437,False,False,True,False,False,False,False,False,BTC,1h>5m,2023-11-12 00:45:00+00:00,0.0002,-1.0354217862492503,H1,0
115836,115998,short,A,retest,2.0,-1.0,2.4619677646883353,False,False,True,False,False,False,False,False,BTC,1h>5m,2023-11-12 00:50:00+00:00,0.0002,-1.036857645841041,H1,0
115836,115998,short,A,retest,3.0,-1.0,2.4619677646883353,False,False,True,False,False,False,False,False,BTC,1h>5m,2023-11-12 00:50:00+00:00,0.0002,-1.036857645841041,H1,0
115836,115998,short,A,retest,5.0,-1.0,2.4619677646883353,False,False,True,False,False,False,False,False,BTC,1h>5m,2023-11-12 00:50:00+00:00,0.0002,-1.036857645841041,H1,0
116321,116588,short,A,mss,2.0,2.0,1.8155764423268115,False,True,True,False,False,False,False,False,BTC,1h>5m,2023-11-13 17:15:00+00:00,0.0002,1.9594694470985377,H1,1
116321,116609,short,A,mss,3.0,1.5323566844204954,1.8155764423268115,False,True,True,False,False,False,False,False,BTC,1h>5m,2023-11-13 17:15:00+00:00,0.0002,1.4917326028559172,H1,1
116321,116609,short,A,mss,5.0,1.5323566844204954,1.8155764423268115,False,True,True,False,False,False,False,False,BTC,1h>5m,2023-11-13 17:15:00+00:00,0.0002,1.4917326028559172,H1,1
116322,116588,short,A,retest,2.0,2.0,1.6599314064925126,False,True,True,False,False,False,False,False,BTC,1h>5m,2023-11-13 17:20:00+00:00,0.0002,1.9555940487765116,H1,1
116322,116609,short,A,retest,3.0,1.769805500287353,1.6599314064925126,False,True,True,False,False,False,False,False,BTC,1h>5m,2023-11-13 17:20:00+00:00,0.0002,1.7253535101639221,H1,1
116322,116609,short,A,retest,5.0,1.769805500287353,1.6599314064925126,False,True,True,False,False,False,False,False,BTC,1h>5m,2023-11-13 17:20:00+00:00,0.0002,1.7253535101639221,H1,1
116361,116368,short,A,mss,2.0,2.0,0.6175143878729935,False,False,True,False,False,False,False,False,BTC,1h>5m,2023-11-13 20:35:00+00:00,0.0002,1.8789061210661335,H1,0
116361,116369,short,A,mss,3.0,3.0,0.6175143878729935,False,False,True,False,False,False,False,False,BTC,1h>5m,2023-11-13 20:35:00+00:00,0.0002,2.8791061210661333,H1,0
116361,116588,short,A,mss,5.0,5.0,0.6175143878729935,False,False,True,False,False,False,False,False,BTC,1h>5m,2023-11-13 20:35:00+00:00,0.0002,4.879506121066133,H1,0
116362,116368,short,A,retest,2.0,2.0,0.5098978360784903,False,False,False,False,False,False,False,False,BTC,1h>5m,2023-11-13 20:40:00+00:00,0.0002,1.8531797931479659,H1,0
116362,116368,short,A,retest,3.0,3.0,0.5098978360784903,False,False,False,False,False,False,False,False,BTC,1h>5m,2023-11-13 20:40:00+00:00,0.0002,2.853379793147966,H1,0
116362,116405,short,A,retest,5.0,5.0,0.5098978360784903,False,False,False,False,False,False,False,False,BTC,1h>5m,2023-11-13 20:40:00+00:00,0.0002,4.853779793147965,H1,0
116764,116775,short,A,mss,2.0,-1.0,0.28733778241968305,False,False,False,False,False,False,False,False,BTC,1h>5m,2023-11-15 06:10:00+00:00,0.0002,-1.1612727388712356,H1,0
116764,116775,short,A,mss,3.0,-1.0,0.28733778241968305,False,False,False,False,False,False,False,False,BTC,1h>5m,2023-11-15 06:10:00+00:00,0.0002,-1.1612727388712356,H1,0
116764,116775,short,A,mss,5.0,-1.0,0.28733778241968305,False,False,False,False,False,False,False,False,BTC,1h>5m,2023-11-15 06:10:00+00:00,0.0002,-1.1612727388712356,H1,0
116765,116775,short,A,retest,2.0,-1.0,0.21569338056902432,False,False,False,False,False,False,False,False,BTC,1h>5m,2023-11-15 06:15:00+00:00,0.0002,-1.21490729066461,H1,0
116765,116775,short,A,retest,3.0,-1.0,0.21569338056902432,False,False,False,False,False,False,False,False,BTC,1h>5m,2023-11-15 06:15:00+00:00,0.0002,-1.21490729066461,H1,0
116765,116775,short,A,retest,5.0,-1.0,0.21569338056902432,False,False,False,False,False,False,False,False,BTC,1h>5m,2023-11-15 06:15:00+00:00,0.0002,-1.21490729066461,H1,0
118334,118343,short,A,mss,2.0,-1.0,1.690382805630702,True,True,False,False,False,True,False,True,BTC,1h>5m,2023-11-20 17:00:00+00:00,0.0002,-1.0348270675547173,H1,3
118334,118343,short,A,mss,3.0,-1.0,1.690382805630702,True,True,False,False,False,True,False,True,BTC,1h>5m,2023-11-20 17:00:00+00:00,0.0002,-1.0348270675547173,H1,3
118334,118343,short,A,mss,5.0,-1.0,1.690382805630702,True,True,False,False,False,True,False,True,BTC,1h>5m,2023-11-20 17:00:00+00:00,0.0002,-1.0348270675547173,H1,3
118335,118343,short,A,retest,2.0,-1.0,1.644486581998283,True,True,False,False,False,True,False,False,BTC,1h>5m,2023-11-20 17:05:00+00:00,0.0002,-1.0358046432572359,H1,3
118335,118343,short,A,retest,3.0,-1.0,1.644486581998283,True,True,False,False,False,True,False,False,BTC,1h>5m,2023-11-20 17:05:00+00:00,0.0002,-1.0358046432572359,H1,3
118335,118343,short,A,retest,5.0,-1.0,1.644486581998283,True,True,False,False,False,True,False,False,BTC,1h>5m,2023-11-20 17:05:00+00:00,0.0002,-1.0358046432572359,H1,3
117470,117758,long,V,mss,2.0,0.3524604341866266,2.2488721001478367,True,True,False,False,False,False,False,True,BTC,1h>5m,2023-11-17 17:00:00+00:00,0.0002,0.3269012576874549,H1,2
117470,117758,long,V,mss,3.0,0.3524604341866266,2.2488721001478367,True,True,False,False,False,False,False,True,BTC,1h>5m,2023-11-17 17:00:00+00:00,0.0002,0.3269012576874549,H1,2
117470,117758,long,V,mss,5.0,0.3524604341866266,2.2488721001478367,True,True,False,False,False,False,False,True,BTC,1h>5m,2023-11-17 17:00:00+00:00,0.0002,0.3269012576874549,H1,2
117471,117758,long,V,retest,2.0,0.4780150709156817,2.0578345896783126,True,True,False,False,False,False,False,False,BTC,1h>5m,2023-11-17 17:05:00+00:00,0.0002,0.4501016945355972,H1,2
117471,117758,long,V,retest,3.0,0.4780150709156817,2.0578345896783126,True,True,False,False,False,False,False,False,BTC,1h>5m,2023-11-17 17:05:00+00:00,0.0002,0.4501016945355972,H1,2
117471,117758,long,V,retest,5.0,0.4780150709156817,2.0578345896783126,True,True,False,False,False,False,False,False,BTC,1h>5m,2023-11-17 17:05:00+00:00,0.0002,0.4501016945355972,H1,2
117963,118062,short,A,mss,2.0,-1.0,1.3472290725004439,True,False,True,True,False,False,False,True,BTC,1h>5m,2023-11-19 10:05:00+00:00,0.0002,-1.110177347989483,H1,1
117963,118062,short,A,mss,3.0,-1.0,1.3472290725004439,True,False,True,True,False,False,False,True,BTC,1h>5m,2023-11-19 10:05:00+00:00,0.0002,-1.110177347989483,H1,1
117963,118062,short,A,mss,5.0,-1.0,1.3472290725004439,True,False,True,True,False,False,False,True,BTC,1h>5m,2023-11-19 10:05:00+00:00,0.0002,-1.110177347989483,H1,1
118341,118593,long,V,mss,2.0,-1.0,2.413148883214392,True,True,True,False,False,False,False,False,BTC,1h>5m,2023-11-20 17:35:00+00:00,0.0002,-1.0241887819395348,H1,2
118341,118593,long,V,mss,3.0,-1.0,2.413148883214392,True,True,True,False,False,False,False,False,BTC,1h>5m,2023-11-20 17:35:00+00:00,0.0002,-1.0241887819395348,H1,2
118341,118593,long,V,mss,5.0,-1.0,2.413148883214392,True,True,True,False,False,False,False,False,BTC,1h>5m,2023-11-20 17:35:00+00:00,0.0002,-1.0241887819395348,H1,2
118342,118593,long,V,retest,2.0,-1.0,2.3000404520516966,True,True,False,False,False,False,False,False,BTC,1h>5m,2023-11-20 17:40:00+00:00,0.0002,-1.0253684714046762,H1,2
118342,118593,long,V,retest,3.0,-1.0,2.3000404520516966,True,True,False,False,False,False,False,False,BTC,1h>5m,2023-11-20 17:40:00+00:00,0.0002,-1.0253684714046762,H1,2
118342,118593,long,V,retest,5.0,-1.0,2.3000404520516966,True,True,False,False,False,False,False,False,BTC,1h>5m,2023-11-20 17:40:00+00:00,0.0002,-1.0253684714046762,H1,2
118630,118918,short,A,mss,2.0,0.4054115442048968,2.8045996950446317,False,True,False,False,False,False,False,False,BTC,1h>5m,2023-11-21 17:40:00+00:00,0.0002,0.38405352333025333,H1,1
118630,118918,short,A,mss,3.0,0.4054115442048968,2.8045996950446317,False,True,False,False,False,False,False,False,BTC,1h>5m,2023-11-21 17:40:00+00:00,0.0002,0.38405352333025333,H1,1
118630,118918,short,A,mss,5.0,0.4054115442048968,2.8045996950446317,False,True,False,False,False,False,False,False,BTC,1h>5m,2023-11-21 17:40:00+00:00,0.0002,0.38405352333025333,H1,1
118631,118918,short,A,retest,2.0,0.4419896573993529,2.733457045314746,False,True,False,False,False,False,False,False,BTC,1h>5m,2023-11-21 17:45:00+00:00,0.0002,0.4200705540922699,H1,1
118631,118918,short,A,retest,3.0,0.4419896573993529,2.733457045314746,False,True,False,False,False,False,False,False,BTC,1h>5m,2023-11-21 17:45:00+00:00,0.0002,0.4200705540922699,H1,1
118631,118918,short,A,retest,5.0,0.4419896573993529,2.733457045314746,False,True,False,False,False,False,False,False,BTC,1h>5m,2023-11-21 17:45:00+00:00,0.0002,0.4200705540922699,H1,1
119126,119180,short,A,mss,2.0,2.0,1.2201650700747744,True,False,False,True,False,False,False,False,BTC,1h>5m,2023-11-23 11:00:00+00:00,0.0002,1.934943251237927,H1,1
119126,119397,short,A,mss,3.0,-1.0,1.2201650700747744,True,False,False,True,False,False,False,False,BTC,1h>5m,2023-11-23 11:00:00+00:00,0.0002,-1.065656748762073,H1,1
119126,119397,short,A,mss,5.0,-1.0,1.2201650700747744,True,False,False,True,False,False,False,False,BTC,1h>5m,2023-11-23 11:00:00+00:00,0.0002,-1.065656748762073,H1,1
119141,119179,short,A,retest,2.0,2.0,1.1113910545127688,True,True,False,True,False,False,False,False,BTC,1h>5m,2023-11-23 12:15:00+00:00,0.0002,1.9284977224696132,H1,2
119141,119397,short,A,retest,3.0,-1.0,1.1113910545127688,True,True,False,True,False,False,False,False,BTC,1h>5m,2023-11-23 12:15:00+00:00,0.0002,-1.072102277530387,H1,2
119141,119397,short,A,retest,5.0,-1.0,1.1113910545127688,True,True,False,True,False,False,False,False,BTC,1h>5m,2023-11-23 12:15:00+00:00,0.0002,-1.072102277530387,H1,2
121315,121409,long,V,mss,2.0,2.0,1.7874179986960697,True,False,False,False,False,False,False,True,BTC,1h>5m,2023-12-01 01:25:00+00:00,0.0002,1.9462331490876048,H1,1
121315,121418,long,V,mss,3.0,3.0,1.7874179986960697,True,False,False,False,False,False,False,True,BTC,1h>5m,2023-12-01 01:25:00+00:00,0.0002,2.946033149087605,H1,1
121315,121603,long,V,mss,5.0,3.1193465058170387,1.7874179986960697,True,False,False,False,False,False,False,True,BTC,1h>5m,2023-12-01 01:25:00+00:00,0.0002,3.0653557856034803,H1,1
122032,122142,long,V,mss,2.0,2.0,1.6764262057342254,False,True,False,False,False,False,False,False,BTC,1h>5m,2023-12-03 13:10:00+00:00,0.0002,1.9132728148416585,H1,1
122032,122144,long,V,mss,3.0,3.0,1.6764262057342254,False,True,False,False,False,False,False,False,BTC,1h>5m,2023-12-03 13:10:00+00:00,0.0002,2.9130728148416583,H1,1
122032,122178,long,V,mss,5.0,5.0,1.6764262057342254,False,True,False,False,False,False,False,False,BTC,1h>5m,2023-12-03 13:10:00+00:00,0.0002,4.912672814841659,H1,1
122033,122064,long,V,retest,2.0,2.0,1.2217126880540297,False,True,False,False,False,False,False,False,BTC,1h>5m,2023-12-03 13:15:00+00:00,0.0002,1.8812912753113273,H1,1
122033,122142,long,V,retest,3.0,3.0,1.2217126880540297,False,True,False,False,False,False,False,False,BTC,1h>5m,2023-12-03 13:15:00+00:00,0.0002,2.881091275311327,H1,1
122033,122144,long,V,retest,5.0,5.0,1.2217126880540297,False,True,False,False,False,False,False,False,BTC,1h>5m,2023-12-03 13:15:00+00:00,0.0002,4.880691275311327,H1,1
122873,123161,short,A,mss,2.0,0.37360547591347254,2.071814337673598,True,False,True,True,False,False,False,False,BTC,1h>5m,2023-12-06 11:15:00+00:00,0.0002,0.35046893042154126,H1,1
122873,123161,short,A,mss,3.0,0.37360547591347254,2.071814337673598,True,False,True,True,False,False,False,False,BTC,1h>5m,2023-12-06 11:15:00+00:00,0.0002,0.35046893042154126,H1,1
122873,123161,short,A,mss,5.0,0.37360547591347254,2.071814337673598,True,False,True,True,False,False,False,False,BTC,1h>5m,2023-12-06 11:15:00+00:00,0.0002,0.35046893042154126,H1,1
122874,123161,short,A,retest,2.0,0.6440057173383903,1.7310496486057703,True,False,True,True,False,False,False,False,BTC,1h>5m,2023-12-06 11:20:00+00:00,0.0002,0.6162752708714754,H1,1
122874,123161,short,A,retest,3.0,0.6440057173383903,1.7310496486057703,True,False,True,True,False,False,False,False,BTC,1h>5m,2023-12-06 11:20:00+00:00,0.0002,0.6162752708714754,H1,1
122874,123161,short,A,retest,5.0,0.6440057173383903,1.7310496486057703,True,False,True,True,False,False,False,False,BTC,1h>5m,2023-12-06 11:20:00+00:00,0.0002,0.6162752708714754,H1,1
124090,124142,short,A,mss,2.0,-1.0,1.2682250728215456,True,True,False,False,False,False,False,True,BTC,1h>5m,2023-12-10 16:40:00+00:00,0.0002,-1.097829390145406,H1,2
124090,124142,short,A,mss,3.0,-1.0,1.2682250728215456,True,True,False,False,False,False,False,True,BTC,1h>5m,2023-12-10 16:40:00+00:00,0.0002,-1.097829390145406,H1,2
124090,124142,short,A,mss,5.0,-1.0,1.2682250728215456,True,True,False,False,False,False,False,True,BTC,1h>5m,2023-12-10 16:40:00+00:00,0.0002,-1.097829390145406,H1,2
124093,124142,short,A,retest,2.0,-1.0,1.0786013216415484,True,True,False,False,False,False,False,False,BTC,1h>5m,2023-12-10 16:55:00+00:00,0.0002,-1.1150634694222317,H1,2
124093,124142,short,A,retest,3.0,-1.0,1.0786013216415484,True,True,False,False,False,False,False,False,BTC,1h>5m,2023-12-10 16:55:00+00:00,0.0002,-1.1150634694222317,H1,2
124093,124142,short,A,retest,5.0,-1.0,1.0786013216415484,True,True,False,False,False,False,False,False,BTC,1h>5m,2023-12-10 16:55:00+00:00,0.0002,-1.1150634694222317,H1,2
124643,124931,short,A,mss,2.0,0.13104867879442111,1.8915545379801428,True,True,False,False,False,False,False,True,BTC,1h>5m,2023-12-12 14:45:00+00:00,0.0002,0.10245861496563236,H1,2
124643,124931,short,A,mss,3.0,0.13104867879442111,1.8915545379801428,True,True,False,False,False,False,False,True,BTC,1h>5m,2023-12-12 14:45:00+00:00,0.0002,0.10245861496563236,H1,2
124643,124931,short,A,mss,5.0,0.13104867879442111,1.8915545379801428,True,True,False,False,False,False,False,True,BTC,1h>5m,2023-12-12 14:45:00+00:00,0.0002,0.10245861496563236,H1,2
124647,124934,short,A,retest,2.0,-0.4484353706592102,1.7431230973836833,True,True,False,False,False,False,False,False,BTC,1h>5m,2023-12-12 15:05:00+00:00,0.0002,-0.47961214204693614,H1,2
124647,124934,short,A,retest,3.0,-0.4484353706592102,1.7431230973836833,True,True,False,False,False,False,False,False,BTC,1h>5m,2023-12-12 15:05:00+00:00,0.0002,-0.47961214204693614,H1,2
124647,124934,short,A,retest,5.0,-0.4484353706592102,1.7431230973836833,True,True,False,False,False,False,False,False,BTC,1h>5m,2023-12-12 15:05:00+00:00,0.0002,-0.47961214204693614,H1,2
125176,125203,long,V,mss,2.0,-1.0,1.3417101313212292,False,False,False,True,False,False,False,True,BTC,1h>5m,2023-12-14 11:10:00+00:00,0.0002,-1.0518168134194625,H1,0
125176,125203,long,V,mss,3.0,-1.0,1.3417101313212292,False,False,False,True,False,False,False,True,BTC,1h>5m,2023-12-14 11:10:00+00:00,0.0002,-1.0518168134194625,H1,0
125176,125203,long,V,mss,5.0,-1.0,1.3417101313212292,False,False,False,True,False,False,False,True,BTC,1h>5m,2023-12-14 11:10:00+00:00,0.0002,-1.0518168134194625,H1,0
125177,125203,long,V,retest,2.0,-1.0,1.3011431204144988,False,False,True,True,False,False,False,False,BTC,1h>5m,2023-12-14 11:15:00+00:00,0.0002,-1.0534261212658516,H1,0
125177,125203,long,V,retest,3.0,-1.0,1.3011431204144988,False,False,True,True,False,False,False,False,BTC,1h>5m,2023-12-14 11:15:00+00:00,0.0002,-1.0534261212658516,H1,0
125177,125203,long,V,retest,5.0,-1.0,1.3011431204144988,False,False,True,True,False,False,False,False,BTC,1h>5m,2023-12-14 11:15:00+00:00,0.0002,-1.0534261212658516,H1,0
125632,125920,long,V,mss,2.0,0.4066685290604013,1.493034389859946,False,False,False,False,False,False,False,False,BTC,1h>5m,2023-12-16 01:10:00+00:00,0.0002,0.3700152810493401,H1,0
125632,125920,long,V,mss,3.0,0.4066685290604013,1.493034389859946,False,False,False,False,False,False,False,False,BTC,1h>5m,2023-12-16 01:10:00+00:00,0.0002,0.3700152810493401,H1,0
125632,125920,long,V,mss,5.0,0.4066685290604013,1.493034389859946,False,False,False,False,False,False,False,False,BTC,1h>5m,2023-12-16 01:10:00+00:00,0.0002,0.3700152810493401,H1,0
125633,125920,long,V,retest,2.0,0.40881246033206897,1.490762289627853,False,False,False,False,False,False,False,False,BTC,1h>5m,2023-12-16 01:15:00+00:00,0.0002,0.3721036532061558,H1,0
125633,125920,long,V,retest,3.0,0.40881246033206897,1.490762289627853,False,False,False,False,False,False,False,False,BTC,1h>5m,2023-12-16 01:15:00+00:00,0.0002,0.3721036532061558,H1,0
125633,125920,long,V,retest,5.0,0.40881246033206897,1.490762289627853,False,False,False,False,False,False,False,False,BTC,1h>5m,2023-12-16 01:15:00+00:00,0.0002,0.3721036532061558,H1,0
128114,128188,short,A,mss,2.0,2.0,1.876833419987803,False,True,True,False,False,False,False,False,BTC,1h>5m,2023-12-24 16:00:00+00:00,0.0002,1.941621835995408,H1,1
128114,128189,short,A,mss,3.0,3.0,1.876833419987803,False,True,True,False,False,False,False,False,BTC,1h>5m,2023-12-24 16:00:00+00:00,0.0002,2.941821835995408,H1,1
128114,128402,short,A,mss,5.0,-0.10076906511108671,1.876833419987803,False,True,True,False,False,False,False,False,BTC,1h>5m,2023-12-24 16:00:00+00:00,0.0002,-0.15956738292870098,H1,1
128119,128188,short,A,retest,2.0,2.0,1.2271691118294772,False,True,False,False,False,False,False,False,BTC,1h>5m,2023-12-24 16:25:00+00:00,0.0002,1.9102928686953693,H1,1
128119,128188,short,A,retest,3.0,3.0,1.2271691118294772,False,True,False,False,False,False,False,False,BTC,1h>5m,2023-12-24 16:25:00+00:00,0.0002,2.910492868695369,H1,1
128119,128189,short,A,retest,5.0,5.0,1.2271691118294772,False,True,False,False,False,False,False,False,BTC,1h>5m,2023-12-24 16:25:00+00:00,0.0002,4.9108928686953695,H1,1
129133,129230,short,A,mss,2.0,2.0,1.148271318250892,False,False,False,False,False,False,False,False,BTC,1h>5m,2023-12-28 04:55:00+00:00,0.0002,1.9457144036714622,H1,0
129133,129266,short,A,mss,3.0,3.0,1.148271318250892,False,False,False,False,False,False,False,False,BTC,1h>5m,2023-12-28 04:55:00+00:00,0.0002,2.945914403671462,H1,0
129133,129421,short,A,mss,5.0,2.0580641495855736,1.148271318250892,False,False,False,False,False,False,False,False,BTC,1h>5m,2023-12-28 04:55:00+00:00,0.0002,2.003790166086953,H1,0
129134,129229,short,A,retest,2.0,2.0,1.0381275613096317,False,False,False,False,False,False,False,False,BTC,1h>5m,2023-12-28 05:00:00+00:00,0.0002,1.9398699055971402,H1,0
129134,129253,short,A,retest,3.0,3.0,1.0381275613096317,False,False,False,False,False,False,False,False,BTC,1h>5m,2023-12-28 05:00:00+00:00,0.0002,2.94006990559714,H1,0
129134,129421,short,A,retest,5.0,2.382520109484969,1.0381275613096317,False,False,False,False,False,False,False,False,BTC,1h>5m,2023-12-28 05:00:00+00:00,0.0002,2.3224665191040064,H1,0
129545,129567,short,A,mss,2.0,2.0,1.5700142386877676,True,True,False,False,False,False,False,False,BTC,1h>5m,2023-12-29 15:15:00+00:00,0.0002,1.9594020346431074,H1,2
129545,129630,short,A,mss,3.0,3.0,1.5700142386877676,True,True,False,False,False,False,False,False,BTC,1h>5m,2023-12-29 15:15:00+00:00,0.0002,2.9596020346431073,H1,2
129545,129833,short,A,mss,5.0,1.1796746902603994,1.5700142386877676,True,True,False,False,False,False,False,False,BTC,1h>5m,2023-12-29 15:15:00+00:00,0.0002,1.1389126598415589,H1,2
130245,130508,long,V,mss,2.0,2.0,2.9434019027217806,False,False,False,False,False,False,False,True,BTC,1h>5m,2024-01-01 01:35:00+00:00,0.0002,1.9739974724769587,H1,0
130245,130517,long,V,mss,3.0,3.0,2.9434019027217806,False,False,False,False,False,False,False,True,BTC,1h>5m,2024-01-01 01:35:00+00:00,0.0002,2.9737974724769587,H1,0
130245,130533,long,V,mss,5.0,3.15026165150556,2.9434019027217806,False,False,False,False,False,False,False,True,BTC,1h>5m,2024-01-01 01:35:00+00:00,0.0002,3.1240290716522177,H1,0
130250,130466,long,V,retest,2.0,2.0,2.385854019657271,False,False,False,False,False,False,False,False,BTC,1h>5m,2024-01-01 02:00:00+00:00,0.0002,1.9681079185677195,H1,0
130250,130514,long,V,retest,3.0,3.0,2.385854019657271,False,False,False,False,False,False,False,False,BTC,1h>5m,2024-01-01 02:00:00+00:00,0.0002,2.9679079185677195,H1,0
130250,130527,long,V,retest,5.0,5.0,2.385854019657271,False,False,False,False,False,False,False,False,BTC,1h>5m,2024-01-01 02:00:00+00:00,0.0002,4.967507918567719,H1,0
130270,130414,short,A,mss,2.0,-1.0,2.1012111221013208,False,False,False,False,False,False,False,True,BTC,1h>5m,2024-01-01 03:40:00+00:00,0.0002,-1.0356013218319864,H1,0
130270,130414,short,A,mss,3.0,-1.0,2.1012111221013208,False,False,False,False,False,False,False,True,BTC,1h>5m,2024-01-01 03:40:00+00:00,0.0002,-1.0356013218319864,H1,0
130270,130414,short,A,mss,5.0,-1.0,2.1012111221013208,False,False,False,False,False,False,False,True,BTC,1h>5m,2024-01-01 03:40:00+00:00,0.0002,-1.0356013218319864,H1,0
130272,130414,short,A,retest,2.0,-1.0,1.8726145730299941,False,False,True,False,False,False,False,False,BTC,1h>5m,2024-01-01 03:50:00+00:00,0.0002,-1.039971713230651,H1,0
130272,130414,short,A,retest,3.0,-1.0,1.8726145730299941,False,False,True,False,False,False,False,False,BTC,1h>5m,2024-01-01 03:50:00+00:00,0.0002,-1.039971713230651,H1,0
130272,130414,short,A,retest,5.0,-1.0,1.8726145730299941,False,False,True,False,False,False,False,False,BTC,1h>5m,2024-01-01 03:50:00+00:00,0.0002,-1.039971713230651,H1,0
130691,130945,short,A,mss,2.0,2.0,1.4030666017580988,True,True,False,False,False,False,False,False,BTC,1h>5m,2024-01-02 14:45:00+00:00,0.0002,1.970828442672888,H1,2
130691,130946,short,A,mss,3.0,3.0,1.4030666017580988,True,True,False,False,False,False,False,False,BTC,1h>5m,2024-01-02 14:45:00+00:00,0.0002,2.9710284426728877,H1,2
130691,130947,short,A,mss,5.0,5.0,1.4030666017580988,True,True,False,False,False,False,False,False,BTC,1h>5m,2024-01-02 14:45:00+00:00,0.0002,4.971428442672888,H1,2
130692,130938,short,A,retest,2.0,2.0,1.1001370291875354,True,True,False,False,False,False,False,False,BTC,1h>5m,2024-01-02 14:50:00+00:00,0.0002,1.9625755879743405,H1,2
130692,130945,short,A,retest,3.0,3.0,1.1001370291875354,True,True,False,False,False,False,False,False,BTC,1h>5m,2024-01-02 14:50:00+00:00,0.0002,2.9627755879743405,H1,2
130692,130946,short,A,retest,5.0,5.0,1.1001370291875354,True,True,False,False,False,False,False,False,BTC,1h>5m,2024-01-02 14:50:00+00:00,0.0002,4.963175587974341,H1,2
131897,131961,short,A,mss,2.0,-1.0,1.5122902290338716,False,False,False,False,False,False,False,False,BTC,1h>5m,2024-01-06 19:15:00+00:00,0.0002,-1.0595935265801182,H1,0
131897,131961,short,A,mss,3.0,-1.0,1.5122902290338716,False,False,False,False,False,False,False,False,BTC,1h>5m,2024-01-06 19:15:00+00:00,0.0002,-1.0595935265801182,H1,0
131897,131961,short,A,mss,5.0,-1.0,1.5122902290338716,False,False,False,False,False,False,False,False,BTC,1h>5m,2024-01-06 19:15:00+00:00,0.0002,-1.0595935265801182,H1,0
131898,131961,short,A,retest,2.0,-1.0,1.3893659970817525,False,False,False,False,False,False,False,False,BTC,1h>5m,2024-01-06 19:20:00+00:00,0.0002,-1.0648837620875424,H1,0
131898,131961,short,A,retest,3.0,-1.0,1.3893659970817525,False,False,False,False,False,False,False,False,BTC,1h>5m,2024-01-06 19:20:00+00:00,0.0002,-1.0648837620875424,H1,0
131898,131961,short,A,retest,5.0,-1.0,1.3893659970817525,False,False,False,False,False,False,False,False,BTC,1h>5m,2024-01-06 19:20:00+00:00,0.0002,-1.0648837620875424,H1,0
132092,132156,long,V,mss,2.0,-1.0,1.0828512994938368,False,False,True,True,False,False,False,True,BTC,1h>5m,2024-01-07 11:30:00+00:00,0.0002,-1.0833672936032432,H1,0
132092,132156,long,V,mss,3.0,-1.0,1.0828512994938368,False,False,True,True,False,False,False,True,BTC,1h>5m,2024-01-07 11:30:00+00:00,0.0002,-1.0833672936032432,H1,0
132092,132156,long,V,mss,5.0,-1.0,1.0828512994938368,False,False,True,True,False,False,False,True,BTC,1h>5m,2024-01-07 11:30:00+00:00,0.0002,-1.0833672936032432,H1,0
132095,132116,long,V,retest,2.0,2.0,0.9648321158787111,False,False,False,True,False,False,False,False,BTC,1h>5m,2024-01-07 11:45:00+00:00,0.0002,1.9058596038092719,H1,0
132095,132156,long,V,retest,3.0,-1.0,0.9648321158787111,False,False,False,True,False,False,False,False,BTC,1h>5m,2024-01-07 11:45:00+00:00,0.0002,-1.0935403961907282,H1,0
132095,132156,long,V,retest,5.0,-1.0,0.9648321158787111,False,False,False,True,False,False,False,False,BTC,1h>5m,2024-01-07 11:45:00+00:00,0.0002,-1.0935403961907282,H1,0
132190,132236,long,V,mss,2.0,-1.0,2.178145075437788,True,False,False,False,False,False,False,True,BTC,1h>5m,2024-01-07 19:40:00+00:00,0.0002,-1.0345663101870146,H1,1
132190,132236,long,V,mss,3.0,-1.0,2.178145075437788,True,False,False,False,False,False,False,True,BTC,1h>5m,2024-01-07 19:40:00+00:00,0.0002,-1.0345663101870146,H1,1
132190,132236,long,V,mss,5.0,-1.0,2.178145075437788,True,False,False,False,False,False,False,True,BTC,1h>5m,2024-01-07 19:40:00+00:00,0.0002,-1.0345663101870146,H1,1
132197,132236,long,V,retest,2.0,-1.0,2.096729806786359,True,False,True,False,False,False,False,False,BTC,1h>5m,2024-01-07 20:15:00+00:00,0.0002,-1.0359007417229131,H1,1
132197,132236,long,V,retest,3.0,-1.0,2.096729806786359,True,False,True,False,False,False,False,False,BTC,1h>5m,2024-01-07 20:15:00+00:00,0.0002,-1.0359007417229131,H1,1
132197,132236,long,V,retest,5.0,-1.0,2.096729806786359,True,False,True,False,False,False,False,False,BTC,1h>5m,2024-01-07 20:15:00+00:00,0.0002,-1.0359007417229131,H1,1
132634,132684,short,A,mss,2.0,-1.0,0.5615124120353641,False,False,False,True,False,False,False,True,BTC,1h>5m,2024-01-09 08:40:00+00:00,0.0002,-1.0721517438464547,H1,0
132634,132684,short,A,mss,3.0,-1.0,0.5615124120353641,False,False,False,True,False,False,False,True,BTC,1h>5m,2024-01-09 08:40:00+00:00,0.0002,-1.0721517438464547,H1,0
132634,132684,short,A,mss,5.0,-1.0,0.5615124120353641,False,False,False,True,False,False,False,True,BTC,1h>5m,2024-01-09 08:40:00+00:00,0.0002,-1.0721517438464547,H1,0
132635,132684,short,A,retest,2.0,-1.0,0.5562109636425747,False,False,False,True,False,False,False,False,BTC,1h>5m,2024-01-09 08:45:00+00:00,0.0002,-1.072841354553907,H1,0
132635,132684,short,A,retest,3.0,-1.0,0.5562109636425747,False,False,False,True,False,False,False,False,BTC,1h>5m,2024-01-09 08:45:00+00:00,0.0002,-1.072841354553907,H1,0
132635,132684,short,A,retest,5.0,-1.0,0.5562109636425747,False,False,False,True,False,False,False,False,BTC,1h>5m,2024-01-09 08:45:00+00:00,0.0002,-1.072841354553907,H1,0
132685,132696,short,A,mss,2.0,-1.0,2.6011401838655304,False,True,True,False,False,False,False,False,BTC,1h>5m,2024-01-09 12:55:00+00:00,0.0002,-1.0218268571940048,H1,1
132685,132696,short,A,mss,3.0,-1.0,2.6011401838655304,False,True,True,False,False,False,False,False,BTC,1h>5m,2024-01-09 12:55:00+00:00,0.0002,-1.0218268571940048,H1,1
132685,132696,short,A,mss,5.0,-1.0,2.6011401838655304,False,True,True,False,False,False,False,False,BTC,1h>5m,2024-01-09 12:55:00+00:00,0.0002,-1.0218268571940048,H1,1
132686,132696,short,A,retest,2.0,-1.0,1.277312734591748,False,True,True,False,False,False,False,False,BTC,1h>5m,2024-01-09 13:00:00+00:00,0.0002,-1.0446558460429862,H1,1
132686,132696,short,A,retest,3.0,-1.0,1.277312734591748,False,True,True,False,False,False,False,False,BTC,1h>5m,2024-01-09 13:00:00+00:00,0.0002,-1.0446558460429862,H1,1
132686,132696,short,A,retest,5.0,-1.0,1.277312734591748,False,True,True,False,False,False,False,False,BTC,1h>5m,2024-01-09 13:00:00+00:00,0.0002,-1.0446558460429862,H1,1
132777,132784,short,A,mss,2.0,-1.0,0.5569254644997204,False,False,True,False,False,False,False,False,BTC,1h>5m,2024-01-09 20:35:00+00:00,0.0002,-1.0751604470016884,H1,0
132777,132784,short,A,mss,3.0,-1.0,0.5569254644997204,False,False,True,False,False,False,False,False,BTC,1h>5m,2024-01-09 20:35:00+00:00,0.0002,-1.0751604470016884,H1,0
132777,132784,short,A,mss,5.0,-1.0,0.5569254644997204,False,False,True,False,False,False,False,False,BTC,1h>5m,2024-01-09 20:35:00+00:00,0.0002,-1.0751604470016884,H1,0
132778,132784,short,A,retest,2.0,-1.0,0.5376573279750362,False,False,False,False,False,False,False,False,BTC,1h>5m,2024-01-09 20:40:00+00:00,0.0002,-1.0778611548798058,H1,0
132778,132784,short,A,retest,3.0,-1.0,0.5376573279750362,False,False,False,False,False,False,False,False,BTC,1h>5m,2024-01-09 20:40:00+00:00,0.0002,-1.0778611548798058,H1,0
132778,132784,short,A,retest,5.0,-1.0,0.5376573279750362,False,False,False,False,False,False,False,False,BTC,1h>5m,2024-01-09 20:40:00+00:00,0.0002,-1.0778611548798058,H1,0
133547,133581,short,A,mss,2.0,2.0,1.7177378540913324,False,True,True,True,False,False,False,True,BTC,1h>5m,2024-01-12 12:45:00+00:00,0.0002,1.9690648636350165,H1,1
133547,133590,short,A,mss,3.0,3.0,1.7177378540913324,False,True,True,True,False,False,False,True,BTC,1h>5m,2024-01-12 12:45:00+00:00,0.0002,2.9692648636350163,H1,1
133547,133658,short,A,mss,5.0,5.0,1.7177378540913324,False,True,True,True,False,False,False,True,BTC,1h>5m,2024-01-12 12:45:00+00:00,0.0002,4.969664863635017,H1,1
133549,133577,short,A,retest,2.0,2.0,1.2866714204881313,False,True,True,True,False,False,False,False,BTC,1h>5m,2024-01-12 12:55:00+00:00,0.0002,1.9584328158293887,H1,1
133549,133581,short,A,retest,3.0,3.0,1.2866714204881313,False,True,True,True,False,False,False,False,BTC,1h>5m,2024-01-12 12:55:00+00:00,0.0002,2.9586328158293886,H1,1
133549,133593,short,A,retest,5.0,5.0,1.2866714204881313,False,True,True,True,False,False,False,False,BTC,1h>5m,2024-01-12 12:55:00+00:00,0.0002,4.959032815829389,H1,1
133744,134032,long,V,mss,2.0,-0.44706609170390177,0.6631886291998618,False,False,False,False,False,False,False,True,BTC,1h>5m,2024-01-13 05:10:00+00:00,0.0002,-0.48546392304206587,H1,0
133744,134032,long,V,mss,3.0,-0.44706609170390177,0.6631886291998618,False,False,False,False,False,False,False,True,BTC,1h>5m,2024-01-13 05:10:00+00:00,0.0002,-0.48546392304206587,H1,0
133744,134032,long,V,mss,5.0,-0.44706609170390177,0.6631886291998618,False,False,False,False,False,False,False,True,BTC,1h>5m,2024-01-13 05:10:00+00:00,0.0002,-0.48546392304206587,H1,0
133745,134032,long,V,retest,2.0,-0.4204419650935514,0.6327226241289254,False,False,True,False,False,False,False,False,BTC,1h>5m,2024-01-13 05:15:00+00:00,0.0002,-0.46067904680599986,H1,0
133745,134032,long,V,retest,3.0,-0.4204419650935514,0.6327226241289254,False,False,True,False,False,False,False,False,BTC,1h>5m,2024-01-13 05:15:00+00:00,0.0002,-0.46067904680599986,H1,0
133745,134032,long,V,retest,5.0,-0.4204419650935514,0.6327226241289254,False,False,True,False,False,False,False,False,BTC,1h>5m,2024-01-13 05:15:00+00:00,0.0002,-0.46067904680599986,H1,0
133843,134131,long,V,mss,2.0,0.11609530281372328,0.926387056471169,False,True,False,True,False,True,False,True,BTC,1h>5m,2024-01-13 13:25:00+00:00,0.0002,0.05370940504736714,H1,2
133843,134131,long,V,mss,3.0,0.11609530281372328,0.926387056471169,False,True,False,True,False,True,False,True,BTC,1h>5m,2024-01-13 13:25:00+00:00,0.0002,0.05370940504736714,H1,2
133843,134131,long,V,mss,5.0,0.11609530281372328,0.926387056471169,False,True,False,True,False,True,False,True,BTC,1h>5m,2024-01-13 13:25:00+00:00,0.0002,0.05370940504736714,H1,2
133846,133868,long,V,retest,2.0,2.0,0.8250848406057947,False,True,False,True,False,True,False,False,BTC,1h>5m,2024-01-13 13:40:00+00:00,0.0002,1.9296296713351522,H1,2
133846,134133,long,V,retest,3.0,0.3028522484440796,0.8250848406057947,False,True,False,True,False,True,False,False,BTC,1h>5m,2024-01-13 13:40:00+00:00,0.0002,0.23282134932954293,H1,2
133846,134133,long,V,retest,5.0,0.3028522484440796,0.8250848406057947,False,True,False,True,False,True,False,False,BTC,1h>5m,2024-01-13 13:40:00+00:00,0.0002,0.23282134932954293,H1,2
134036,134210,long,V,mss,2.0,-1.0,0.8717857499085669,False,False,True,False,False,False,False,False,BTC,1h>5m,2024-01-14 05:30:00+00:00,0.0002,-1.0910933460967858,H1,0
134036,134210,long,V,mss,3.0,-1.0,0.8717857499085669,False,False,True,False,False,False,False,False,BTC,1h>5m,2024-01-14 05:30:00+00:00,0.0002,-1.0910933460967858,H1,0
134036,134210,long,V,mss,5.0,-1.0,0.8717857499085669,False,False,True,False,False,False,False,False,BTC,1h>5m,2024-01-14 05:30:00+00:00,0.0002,-1.0910933460967858,H1,0
134037,134210,long,V,retest,2.0,-1.0,0.8625228579978141,False,False,True,False,False,False,False,False,BTC,1h>5m,2024-01-14 05:35:00+00:00,0.0002,-1.0920694770276873,H1,0
134037,134210,long,V,retest,3.0,-1.0,0.8625228579978141,False,False,True,False,False,False,False,False,BTC,1h>5m,2024-01-14 05:35:00+00:00,0.0002,-1.0920694770276873,H1,0
134037,134210,long,V,retest,5.0,-1.0,0.8625228579978141,False,False,True,False,False,False,False,False,BTC,1h>5m,2024-01-14 05:35:00+00:00,0.0002,-1.0920694770276873,H1,0
134430,134479,short,A,mss,2.0,-1.0,1.5414048142274375,True,True,True,False,False,False,False,False,BTC,1h>5m,2024-01-15 14:20:00+00:00,0.0002,-1.0465987060338793,H1,2
134430,134479,short,A,mss,3.0,-1.0,1.5414048142274375,True,True,True,False,False,False,False,False,BTC,1h>5m,2024-01-15 14:20:00+00:00,0.0002,-1.0465987060338793,H1,2
134430,134479,short,A,mss,5.0,-1.0,1.5414048142274375,True,True,True,False,False,False,False,False,BTC,1h>5m,2024-01-15 14:20:00+00:00,0.0002,-1.0465987060338793,H1,2
134462,134479,short,A,retest,2.0,-1.0,1.4779426358030079,True,True,False,False,False,False,False,True,BTC,1h>5m,2024-01-15 17:00:00+00:00,0.0002,-1.0486082209909606,H1,2
134462,134479,short,A,retest,3.0,-1.0,1.4779426358030079,True,True,False,False,False,False,False,True,BTC,1h>5m,2024-01-15 17:00:00+00:00,0.0002,-1.0486082209909606,H1,2
134462,134479,short,A,retest,5.0,-1.0,1.4779426358030079,True,True,False,False,False,False,False,True,BTC,1h>5m,2024-01-15 17:00:00+00:00,0.0002,-1.0486082209909606,H1,2
135033,135321,short,A,mss,2.0,0.25409636936489277,2.4959160896714505,False,True,False,False,False,False,False,True,BTC,1h>5m,2024-01-17 16:35:00+00:00,0.0002,0.22451563149693454,H1,1
135033,135321,short,A,mss,3.0,0.25409636936489277,2.4959160896714505,False,True,False,False,False,False,False,True,BTC,1h>5m,2024-01-17 16:35:00+00:00,0.0002,0.22451563149693454,H1,1
135033,135321,short,A,mss,5.0,0.25409636936489277,2.4959160896714505,False,True,False,False,False,False,False,True,BTC,1h>5m,2024-01-17 16:35:00+00:00,0.0002,0.22451563149693454,H1,1
135034,135321,short,A,retest,2.0,0.25874068451169957,2.4867070277550027,False,True,False,False,False,False,False,False,BTC,1h>5m,2024-01-17 16:40:00+00:00,0.0002,0.22904965916078396,H1,1
135034,135321,short,A,retest,3.0,0.25874068451169957,2.4867070277550027,False,True,False,False,False,False,False,False,BTC,1h>5m,2024-01-17 16:40:00+00:00,0.0002,0.22904965916078396,H1,1
135034,135321,short,A,retest,5.0,0.25874068451169957,2.4867070277550027,False,True,False,False,False,False,False,False,BTC,1h>5m,2024-01-17 16:40:00+00:00,0.0002,0.22904965916078396,H1,1
135286,135321,long,V,mss,2.0,-1.0,1.2852105738105346,True,True,False,False,False,False,False,True,BTC,1h>5m,2024-01-18 13:40:00+00:00,0.0002,-1.0765822477942122,H1,2
135286,135321,long,V,mss,3.0,-1.0,1.2852105738105346,True,True,False,False,False,False,False,True,BTC,1h>5m,2024-01-18 13:40:00+00:00,0.0002,-1.0765822477942122,H1,2
135286,135321,long,V,mss,5.0,-1.0,1.2852105738105346,True,True,False,False,False,False,False,True,BTC,1h>5m,2024-01-18 13:40:00+00:00,0.0002,-1.0765822477942122,H1,2
135287,135321,long,V,retest,2.0,-1.0,1.1752171141411745,True,True,False,False,False,False,True,False,BTC,1h>5m,2024-01-18 13:45:00+00:00,0.0002,-1.0837311801839071,H1,3
135287,135321,long,V,retest,3.0,-1.0,1.1752171141411745,True,True,False,False,False,False,True,False,BTC,1h>5m,2024-01-18 13:45:00+00:00,0.0002,-1.0837311801839071,H1,3
135287,135321,long,V,retest,5.0,-1.0,1.1752171141411745,True,True,False,False,False,False,True,False,BTC,1h>5m,2024-01-18 13:45:00+00:00,0.0002,-1.0837311801839071,H1,3
135508,135610,short,A,mss,2.0,2.0,1.1225679633794028,True,False,False,True,False,False,False,False,BTC,1h>5m,2024-01-19 08:10:00+00:00,0.0002,1.959298686825967,H1,1
135508,135635,short,A,mss,3.0,-1.0,1.1225679633794028,True,False,False,True,False,False,False,False,BTC,1h>5m,2024-01-19 08:10:00+00:00,0.0002,-1.041301313174033,H1,1
135508,135635,short,A,mss,5.0,-1.0,1.1225679633794028,True,False,False,True,False,False,False,False,BTC,1h>5m,2024-01-19 08:10:00+00:00,0.0002,-1.041301313174033,H1,1
135509,135608,short,A,retest,2.0,2.0,0.9953481997807092,True,False,True,True,False,False,False,False,BTC,1h>5m,2024-01-19 08:15:00+00:00,0.0002,1.953994224274873,H1,1
135509,135635,short,A,retest,3.0,-1.0,0.9953481997807092,True,False,True,True,False,False,False,False,BTC,1h>5m,2024-01-19 08:15:00+00:00,0.0002,-1.0466057757251273,H1,1
135509,135635,short,A,retest,5.0,-1.0,0.9953481997807092,True,False,True,True,False,False,False,False,BTC,1h>5m,2024-01-19 08:15:00+00:00,0.0002,-1.0466057757251273,H1,1
136445,136668,short,A,mss,2.0,2.0,1.9003520046676605,False,True,True,False,False,False,False,True,BTC,1h>5m,2024-01-22 14:15:00+00:00,0.0002,1.9747223846322814,H1,1
136445,136702,short,A,mss,3.0,3.0,1.9003520046676605,False,True,True,False,False,False,False,True,BTC,1h>5m,2024-01-22 14:15:00+00:00,0.0002,2.9749223846322814,H1,1
136445,136733,short,A,mss,5.0,3.1706089741346672,1.9003520046676605,False,True,True,False,False,False,False,True,BTC,1h>5m,2024-01-22 14:15:00+00:00,0.0002,3.1455654805617757,H1,1
136446,136510,short,A,retest,2.0,2.0,1.7081544530413812,False,True,True,False,False,False,False,False,BTC,1h>5m,2024-01-22 14:20:00+00:00,0.0002,1.9717881922253808,H1,1
136446,136675,short,A,retest,3.0,3.0,1.7081544530413812,False,True,True,False,False,False,False,False,BTC,1h>5m,2024-01-22 14:20:00+00:00,0.0002,2.971988192225381,H1,1
136446,136733,short,A,retest,5.0,3.6398761602442433,1.7081544530413812,False,True,True,False,False,False,False,False,BTC,1h>5m,2024-01-22 14:20:00+00:00,0.0002,3.6119923277016732,H1,1
136873,136978,short,A,mss,2.0,-1.0,1.246172510516384,False,False,False,False,False,False,False,True,BTC,1h>5m,2024-01-24 01:55:00+00:00,0.0002,-1.0327305561377895,H1,0
136873,136978,short,A,mss,3.0,-1.0,1.246172510516384,False,False,False,False,False,False,False,True,BTC,1h>5m,2024-01-24 01:55:00+00:00,0.0002,-1.0327305561377895,H1,0
136873,136978,short,A,mss,5.0,-1.0,1.246172510516384,False,False,False,False,False,False,False,True,BTC,1h>5m,2024-01-24 01:55:00+00:00,0.0002,-1.0327305561377895,H1,0
136874,136978,short,A,retest,2.0,-1.0,1.2095531152333407,False,False,False,False,False,False,False,False,BTC,1h>5m,2024-01-24 02:00:00+00:00,0.0002,-1.0337275334816638,H1,0
136874,136978,short,A,retest,3.0,-1.0,1.2095531152333407,False,False,False,False,False,False,False,False,BTC,1h>5m,2024-01-24 02:00:00+00:00,0.0002,-1.0337275334816638,H1,0
136874,136978,short,A,retest,5.0,-1.0,1.2095531152333407,False,False,False,False,False,False,False,False,BTC,1h>5m,2024-01-24 02:00:00+00:00,0.0002,-1.0337275334816638,H1,0
137545,137552,short,A,mss,2.0,-1.0,2.0037973182947706,True,False,True,True,False,False,False,False,BTC,1h>5m,2024-01-26 09:55:00+00:00,0.0002,-1.0476234315247817,H1,1
137545,137552,short,A,mss,3.0,-1.0,2.0037973182947706,True,False,True,True,False,False,False,False,BTC,1h>5m,2024-01-26 09:55:00+00:00,0.0002,-1.0476234315247817,H1,1
137545,137552,short,A,mss,5.0,-1.0,2.0037973182947706,True,False,True,True,False,False,False,False,BTC,1h>5m,2024-01-26 09:55:00+00:00,0.0002,-1.0476234315247817,H1,1
137547,137552,short,A,retest,2.0,-1.0,1.4561688957759038,True,False,True,True,False,False,False,False,BTC,1h>5m,2024-01-26 10:05:00+00:00,0.0002,-1.0656086188483993,H1,1
137547,137552,short,A,retest,3.0,-1.0,1.4561688957759038,True,False,True,True,False,False,False,False,BTC,1h>5m,2024-01-26 10:05:00+00:00,0.0002,-1.0656086188483993,H1,1
137547,137552,short,A,retest,5.0,-1.0,1.4561688957759038,True,False,True,True,False,False,False,False,BTC,1h>5m,2024-01-26 10:05:00+00:00,0.0002,-1.0656086188483993,H1,1
137240,137272,short,A,mss,2.0,-1.0,0.6013507411698442,False,False,True,True,False,True,False,False,BTC,1h>5m,2024-01-25 08:30:00+00:00,0.0002,-1.1109564143540025,H1,1
137240,137272,short,A,mss,3.0,-1.0,0.6013507411698442,False,False,True,True,False,True,False,False,BTC,1h>5m,2024-01-25 08:30:00+00:00,0.0002,-1.1109564143540025,H1,1
137240,137272,short,A,mss,5.0,-1.0,0.6013507411698442,False,False,True,True,False,True,False,False,BTC,1h>5m,2024-01-25 08:30:00+00:00,0.0002,-1.1109564143540025,H1,1
137241,137272,short,A,retest,2.0,-1.0,0.5433345215815844,False,False,True,True,False,True,False,False,BTC,1h>5m,2024-01-25 08:35:00+00:00,0.0002,-1.1228254833854225,H1,1
137241,137272,short,A,retest,3.0,-1.0,0.5433345215815844,False,False,True,True,False,True,False,False,BTC,1h>5m,2024-01-25 08:35:00+00:00,0.0002,-1.1228254833854225,H1,1
137241,137272,short,A,retest,5.0,-1.0,0.5433345215815844,False,False,True,True,False,True,False,False,BTC,1h>5m,2024-01-25 08:35:00+00:00,0.0002,-1.1228254833854225,H1,1
138728,138997,short,A,mss,2.0,2.0,2.375614081728341,True,True,False,False,False,False,False,False,BTC,1h>5m,2024-01-30 12:30:00+00:00,0.0002,1.9646058910102584,H1,2
138728,139016,short,A,mss,3.0,1.5008136189100543,2.375614081728341,True,True,False,False,False,False,False,False,BTC,1h>5m,2024-01-30 12:30:00+00:00,0.0002,1.4653196726440947,H1,2
138728,139016,short,A,mss,5.0,1.5008136189100543,2.375614081728341,True,True,False,False,False,False,False,False,BTC,1h>5m,2024-01-30 12:30:00+00:00,0.0002,1.4653196726440947,H1,2
138729,138996,short,A,retest,2.0,2.0,2.3463284523951224,True,True,False,False,False,False,False,False,BTC,1h>5m,2024-01-30 12:35:00+00:00,0.0002,1.9641541353070713,H1,2
138729,139016,short,A,retest,3.0,1.5320274502899296,2.3463284523951224,True,True,False,False,False,False,False,False,BTC,1h>5m,2024-01-30 12:35:00+00:00,0.0002,1.4960879910870588,H1,2
138729,139016,short,A,retest,5.0,1.5320274502899296,2.3463284523951224,True,True,False,False,False,False,False,False,BTC,1h>5m,2024-01-30 12:35:00+00:00,0.0002,1.4960879910870588,H1,2
139915,140081,long,V,mss,2.0,-1.0,2.6242239552089592,True,True,False,False,False,False,False,False,BTC,1h>5m,2024-02-03 15:25:00+00:00,0.0002,-1.0733814413935536,H1,2
139915,140081,long,V,mss,3.0,-1.0,2.6242239552089592,True,True,False,False,False,False,False,False,BTC,1h>5m,2024-02-03 15:25:00+00:00,0.0002,-1.0733814413935536,H1,2
139915,140081,long,V,mss,5.0,-1.0,2.6242239552089592,True,True,False,False,False,False,False,False,BTC,1h>5m,2024-02-03 15:25:00+00:00,0.0002,-1.0733814413935536,H1,2
139916,140081,long,V,retest,2.0,-1.0,2.3102387522495413,True,True,False,False,False,False,False,False,BTC,1h>5m,2024-02-03 15:30:00+00:00,0.0002,-1.083327551814584,H1,2
139916,140081,long,V,retest,3.0,-1.0,2.3102387522495413,True,True,False,False,False,False,False,False,BTC,1h>5m,2024-02-03 15:30:00+00:00,0.0002,-1.083327551814584,H1,2
139916,140081,long,V,retest,5.0,-1.0,2.3102387522495413,True,True,False,False,False,False,False,False,BTC,1h>5m,2024-02-03 15:30:00+00:00,0.0002,-1.083327551814584,H1,2
141061,141089,short,A,mss,2.0,-1.0,1.7878293889602117,True,True,False,False,False,False,False,False,BTC,1h>5m,2024-02-07 14:55:00+00:00,0.0002,-1.0565648969685177,H1,2
141061,141089,short,A,mss,3.0,-1.0,1.7878293889602117,True,True,False,False,False,False,False,False,BTC,1h>5m,2024-02-07 14:55:00+00:00,0.0002,-1.0565648969685177,H1,2
141061,141089,short,A,mss,5.0,-1.0,1.7878293889602117,True,True,False,False,False,False,False,False,BTC,1h>5m,2024-02-07 14:55:00+00:00,0.0002,-1.0565648969685177,H1,2
141062,141089,short,A,retest,2.0,-1.0,1.6038106868185804,True,True,False,False,False,False,False,False,BTC,1h>5m,2024-02-07 15:00:00+00:00,0.0002,-1.063078011485837,H1,2
141062,141089,short,A,retest,3.0,-1.0,1.6038106868185804,True,True,False,False,False,False,False,False,BTC,1h>5m,2024-02-07 15:00:00+00:00,0.0002,-1.063078011485837,H1,2
141062,141089,short,A,retest,5.0,-1.0,1.6038106868185804,True,True,False,False,False,False,False,False,BTC,1h>5m,2024-02-07 15:00:00+00:00,0.0002,-1.063078011485837,H1,2
142653,142782,short,A,mss,2.0,2.0,1.1184504200822274,False,False,False,False,False,True,False,True,BTC,1h>5m,2024-02-13 03:35:00+00:00,0.0002,1.965016440448266,H1,1
142653,142941,short,A,mss,3.0,0.45650096936245976,1.1184504200822274,False,False,False,False,False,True,False,True,BTC,1h>5m,2024-02-13 03:35:00+00:00,0.0002,0.4212087100045983,H1,1
142653,142941,short,A,mss,5.0,0.45650096936245976,1.1184504200822274,False,False,False,False,False,True,False,True,BTC,1h>5m,2024-02-13 03:35:00+00:00,0.0002,0.4212087100045983,H1,1
142654,142782,short,A,retest,2.0,2.0,1.11177677332584,False,False,False,False,False,True,False,False,BTC,1h>5m,2024-02-13 03:40:00+00:00,0.0002,1.9648016429800477,H1,1
142654,142941,short,A,retest,3.0,0.46524388718829585,1.11177677332584,False,False,False,False,False,True,False,False,BTC,1h>5m,2024-02-13 03:40:00+00:00,0.0002,0.42973857894578116,H1,1
142654,142941,short,A,retest,5.0,0.46524388718829585,1.11177677332584,False,False,False,False,False,True,False,False,BTC,1h>5m,2024-02-13 03:40:00+00:00,0.0002,0.42973857894578116,H1,1
144271,144316,short,A,mss,2.0,-1.0,1.2084050335989784,True,False,False,False,False,True,False,False,BTC,1h>5m,2024-02-18 18:25:00+00:00,0.0002,-1.0770008973782714,H1,2
144271,144316,short,A,mss,3.0,-1.0,1.2084050335989784,True,False,False,False,False,True,False,False,BTC,1h>5m,2024-02-18 18:25:00+00:00,0.0002,-1.0770008973782714,H1,2
144271,144316,short,A,mss,5.0,-1.0,1.2084050335989784,True,False,False,False,False,True,False,False,BTC,1h>5m,2024-02-18 18:25:00+00:00,0.0002,-1.0770008973782714,H1,2
144272,144316,short,A,retest,2.0,-1.0,1.189876723610302,True,False,False,False,False,True,False,False,BTC,1h>5m,2024-02-18 18:30:00+00:00,0.0002,-1.0782030405328065,H1,2
144272,144316,short,A,retest,3.0,-1.0,1.189876723610302,True,False,False,False,False,True,False,False,BTC,1h>5m,2024-02-18 18:30:00+00:00,0.0002,-1.0782030405328065,H1,2
144272,144316,short,A,retest,5.0,-1.0,1.189876723610302,True,False,False,False,False,True,False,False,BTC,1h>5m,2024-02-18 18:30:00+00:00,0.0002,-1.0782030405328065,H1,2
144746,144788,long,V,mss,2.0,2.0,1.1355224807615014,False,False,True,True,False,False,True,False,BTC,1h>5m,2024-02-20 10:00:00+00:00,0.0002,1.9267670187293675,H1,1
144746,144789,long,V,mss,3.0,3.0,1.1355224807615014,False,False,True,True,False,False,True,False,BTC,1h>5m,2024-02-20 10:00:00+00:00,0.0002,2.9265670187293678,H1,1
144746,144811,long,V,mss,5.0,-1.0,1.1355224807615014,False,False,True,True,False,False,True,False,BTC,1h>5m,2024-02-20 10:00:00+00:00,0.0002,-1.0726329812706323,H1,1
144747,144759,long,V,retest,2.0,2.0,1.0943189102792577,False,False,True,True,False,False,False,False,BTC,1h>5m,2024-02-20 10:05:00+00:00,0.0002,1.9240397539247578,H1,0
144747,144788,long,V,retest,3.0,3.0,1.0943189102792577,False,False,True,True,False,False,False,False,BTC,1h>5m,2024-02-20 10:05:00+00:00,0.0002,2.923839753924758,H1,0
144747,144811,long,V,retest,5.0,-1.0,1.0943189102792577,False,False,True,True,False,False,False,False,BTC,1h>5m,2024-02-20 10:05:00+00:00,0.0002,-1.0753602460752423,H1,0
145621,145667,long,V,mss,2.0,-1.0,1.1042393419121195,True,False,False,True,False,False,True,True,BTC,1h>5m,2024-02-23 10:55:00+00:00,0.0002,-1.0588520622301092,H1,2
145621,145667,long,V,mss,3.0,-1.0,1.1042393419121195,True,False,False,True,False,False,True,True,BTC,1h>5m,2024-02-23 10:55:00+00:00,0.0002,-1.0588520622301092,H1,2
145621,145667,long,V,mss,5.0,-1.0,1.1042393419121195,True,False,False,True,False,False,True,True,BTC,1h>5m,2024-02-23 10:55:00+00:00,0.0002,-1.0588520622301092,H1,2
145622,145667,long,V,retest,2.0,-1.0,1.1007668589502801,True,False,False,True,False,False,True,False,BTC,1h>5m,2024-02-23 11:00:00+00:00,0.0002,-1.0590370862296188,H1,2
145622,145667,long,V,retest,3.0,-1.0,1.1007668589502801,True,False,False,True,False,False,True,False,BTC,1h>5m,2024-02-23 11:00:00+00:00,0.0002,-1.0590370862296188,H1,2
145622,145667,long,V,retest,5.0,-1.0,1.1007668589502801,True,False,False,True,False,False,True,False,BTC,1h>5m,2024-02-23 11:00:00+00:00,0.0002,-1.0590370862296188,H1,2
145665,145953,short,A,mss,2.0,-0.4924844641541007,1.9002867619546429,False,True,True,False,False,False,False,False,BTC,1h>5m,2024-02-23 14:35:00+00:00,0.0002,-0.5374750326185428,H1,1
145665,145953,short,A,mss,3.0,-0.4924844641541007,1.9002867619546429,False,True,True,False,False,False,False,False,BTC,1h>5m,2024-02-23 14:35:00+00:00,0.0002,-0.5374750326185428,H1,1
145665,145953,short,A,mss,5.0,-0.4924844641541007,1.9002867619546429,False,True,True,False,False,False,False,False,BTC,1h>5m,2024-02-23 14:35:00+00:00,0.0002,-0.5374750326185428,H1,1
145666,145953,short,A,retest,2.0,-0.4506131168276914,1.7554570081568532,False,True,False,False,False,False,False,False,BTC,1h>5m,2024-02-23 14:40:00+00:00,0.0002,-0.4993320243367674,H1,1
145666,145953,short,A,retest,3.0,-0.4506131168276914,1.7554570081568532,False,True,False,False,False,False,False,False,BTC,1h>5m,2024-02-23 14:40:00+00:00,0.0002,-0.4993320243367674,H1,1
145666,145953,short,A,retest,5.0,-0.4506131168276914,1.7554570081568532,False,True,False,False,False,False,False,False,BTC,1h>5m,2024-02-23 14:40:00+00:00,0.0002,-0.4993320243367674,H1,1
146987,147024,long,V,mss,2.0,2.0,0.9261779292085831,False,False,False,False,False,False,False,True,BTC,1h>5m,2024-02-28 04:45:00+00:00,0.0002,1.9480476352519052,H1,0
146987,147026,long,V,mss,3.0,3.0,0.9261779292085831,False,False,False,False,False,False,False,True,BTC,1h>5m,2024-02-28 04:45:00+00:00,0.0002,2.947847635251905,H1,0
146987,147037,long,V,mss,5.0,5.0,0.9261779292085831,False,False,False,False,False,False,False,True,BTC,1h>5m,2024-02-28 04:45:00+00:00,0.0002,4.947447635251905,H1,0
146998,147022,long,V,retest,2.0,2.0,0.8658155399647482,False,False,False,False,False,False,False,True,BTC,1h>5m,2024-02-28 05:40:00+00:00,0.0002,1.9444814265051866,H1,0
146998,147024,long,V,retest,3.0,3.0,0.8658155399647482,False,False,False,False,False,False,False,True,BTC,1h>5m,2024-02-28 05:40:00+00:00,0.0002,2.9442814265051864,H1,0
146998,147036,long,V,retest,5.0,5.0,0.8658155399647482,False,False,False,False,False,False,False,True,BTC,1h>5m,2024-02-28 05:40:00+00:00,0.0002,4.943881426505187,H1,0
147455,147743,long,V,mss,2.0,0.6250560502431814,1.2553051844806575,True,False,False,False,False,False,False,False,BTC,1h>5m,2024-02-29 19:45:00+00:00,0.0002,0.6041792017746714,H1,1
147455,147743,long,V,mss,3.0,0.6250560502431814,1.2553051844806575,True,False,False,False,False,False,False,False,BTC,1h>5m,2024-02-29 19:45:00+00:00,0.0002,0.6041792017746714,H1,1
147455,147743,long,V,mss,5.0,0.6250560502431814,1.2553051844806575,True,False,False,False,False,False,False,False,BTC,1h>5m,2024-02-29 19:45:00+00:00,0.0002,0.6041792017746714,H1,1
147456,147743,long,V,retest,2.0,0.6486890304652972,1.2373111285675311,True,False,False,False,False,False,False,False,BTC,1h>5m,2024-02-29 19:50:00+00:00,0.0002,0.627511481260441,H1,1
147456,147743,long,V,retest,3.0,0.6486890304652972,1.2373111285675311,True,False,False,False,False,False,False,False,BTC,1h>5m,2024-02-29 19:50:00+00:00,0.0002,0.627511481260441,H1,1
147456,147743,long,V,retest,5.0,0.6486890304652972,1.2373111285675311,True,False,False,False,False,False,False,False,BTC,1h>5m,2024-02-29 19:50:00+00:00,0.0002,0.627511481260441,H1,1
148036,148228,short,A,mss,2.0,-1.0,1.4111997330914323,False,False,False,False,False,False,False,False,BTC,1h>5m,2024-03-02 20:10:00+00:00,0.0002,-1.0641438635739011,H1,0
148036,148228,short,A,mss,3.0,-1.0,1.4111997330914323,False,False,False,False,False,False,False,False,BTC,1h>5m,2024-03-02 20:10:00+00:00,0.0002,-1.0641438635739011,H1,0
148036,148228,short,A,mss,5.0,-1.0,1.4111997330914323,False,False,False,False,False,False,False,False,BTC,1h>5m,2024-03-02 20:10:00+00:00,0.0002,-1.0641438635739011,H1,0
148049,148171,short,A,retest,2.0,2.0,0.9262654697486137,False,False,False,False,False,False,True,False,BTC,1h>5m,2024-03-02 21:15:00+00:00,0.0002,1.9027697418643879,H1,1
148049,148228,short,A,retest,3.0,-1.0,0.9262654697486137,False,False,False,False,False,False,True,False,BTC,1h>5m,2024-03-02 21:15:00+00:00,0.0002,-1.0978302581356123,H1,1
148049,148228,short,A,retest,5.0,-1.0,0.9262654697486137,False,False,False,False,False,False,True,False,BTC,1h>5m,2024-03-02 21:15:00+00:00,0.0002,-1.0978302581356123,H1,1
148073,148112,long,V,mss,2.0,-1.0,1.2146189258311797,True,False,True,False,False,False,False,False,BTC,1h>5m,2024-03-02 23:15:00+00:00,0.0002,-1.0747943147840893,H1,1
148073,148112,long,V,mss,3.0,-1.0,1.2146189258311797,True,False,True,False,False,False,False,False,BTC,1h>5m,2024-03-02 23:15:00+00:00,0.0002,-1.0747943147840893,H1,1
148073,148112,long,V,mss,5.0,-1.0,1.2146189258311797,True,False,True,False,False,False,False,False,BTC,1h>5m,2024-03-02 23:15:00+00:00,0.0002,-1.0747943147840893,H1,1
148082,148112,long,V,retest,2.0,-1.0,0.9730502983802042,True,False,False,False,False,False,False,True,BTC,1h>5m,2024-03-03 00:00:00+00:00,0.0002,-1.0933130350065023,H1,1
148082,148112,long,V,retest,3.0,-1.0,0.9730502983802042,True,False,False,False,False,False,False,True,BTC,1h>5m,2024-03-03 00:00:00+00:00,0.0002,-1.0933130350065023,H1,1
148082,148112,long,V,retest,5.0,-1.0,0.9730502983802042,True,False,False,False,False,False,False,True,BTC,1h>5m,2024-03-03 00:00:00+00:00,0.0002,-1.0933130350065023,H1,1
148843,148864,short,A,mss,2.0,2.0,1.8259122750505008,True,True,False,False,False,False,False,False,BTC,1h>5m,2024-03-05 15:25:00+00:00,0.0002,1.98615974852796,H1,2
148843,148896,short,A,mss,3.0,3.0,1.8259122750505008,True,True,False,False,False,False,False,False,BTC,1h>5m,2024-03-05 15:25:00+00:00,0.0002,2.9863597485279603,H1,2
148843,149131,short,A,mss,5.0,0.5406132477870437,1.8259122750505008,True,True,False,False,False,False,False,False,BTC,1h>5m,2024-03-05 15:25:00+00:00,0.0002,0.5264811189645613,H1,2
148845,148864,short,A,retest,2.0,2.0,1.7543086202820568,True,True,False,False,False,False,False,False,BTC,1h>5m,2024-03-05 15:35:00+00:00,0.0002,1.985562193741985,H1,2
148845,148893,short,A,retest,3.0,3.0,1.7543086202820568,True,True,False,False,False,False,False,False,BTC,1h>5m,2024-03-05 15:35:00+00:00,0.0002,2.985762193741985,H1,2
148845,149132,short,A,retest,5.0,0.3402077462466193,1.7543086202820568,True,True,False,False,False,False,False,False,BTC,1h>5m,2024-03-05 15:35:00+00:00,0.0002,0.3254379815378536,H1,2
150693,150714,long,V,mss,2.0,-1.0,0.6927582170693314,False,False,False,False,False,False,False,False,BTC,1h>5m,2024-03-12 01:35:00+00:00,0.0002,-1.064675071969054,H1,0
150693,150714,long,V,mss,3.0,-1.0,0.6927582170693314,False,False,False,False,False,False,False,False,BTC,1h>5m,2024-03-12 01:35:00+00:00,0.0002,-1.064675071969054,H1,0
150693,150714,long,V,mss,5.0,-1.0,0.6927582170693314,False,False,False,False,False,False,False,False,BTC,1h>5m,2024-03-12 01:35:00+00:00,0.0002,-1.064675071969054,H1,0
150695,150714,long,V,retest,2.0,-1.0,0.6745228413724327,False,False,False,False,False,False,False,False,BTC,1h>5m,2024-03-12 01:45:00+00:00,0.0002,-1.0664181221496054,H1,0
150695,150714,long,V,retest,3.0,-1.0,0.6745228413724327,False,False,False,False,False,False,False,False,BTC,1h>5m,2024-03-12 01:45:00+00:00,0.0002,-1.0664181221496054,H1,0
150695,150714,long,V,retest,5.0,-1.0,0.6745228413724327,False,False,False,False,False,False,False,False,BTC,1h>5m,2024-03-12 01:45:00+00:00,0.0002,-1.0664181221496054,H1,0
150853,150882,short,A,mss,2.0,2.0,2.4300023849272683,True,True,False,False,False,False,False,True,BTC,1h>5m,2024-03-12 14:55:00+00:00,0.0002,1.979448430201114,H1,2
150853,151048,short,A,mss,3.0,-1.0,2.4300023849272683,True,True,False,False,False,False,False,True,BTC,1h>5m,2024-03-12 14:55:00+00:00,0.0002,-1.021151569798886,H1,2
150853,151048,short,A,mss,5.0,-1.0,2.4300023849272683,True,True,False,False,False,False,False,True,BTC,1h>5m,2024-03-12 14:55:00+00:00,0.0002,-1.021151569798886,H1,2
150855,150882,short,A,retest,2.0,2.0,2.3629225000126874,True,True,False,False,False,False,False,False,BTC,1h>5m,2024-03-12 15:05:00+00:00,0.0002,1.9788422906240235,H1,2
150855,151048,short,A,retest,3.0,-1.0,2.3629225000126874,True,True,False,False,False,False,False,False,BTC,1h>5m,2024-03-12 15:05:00+00:00,0.0002,-1.0217577093759764,H1,2
150855,151048,short,A,retest,5.0,-1.0,2.3629225000126874,True,True,False,False,False,False,False,False,BTC,1h>5m,2024-03-12 15:05:00+00:00,0.0002,-1.0217577093759764,H1,2
150822,150842,short,A,mss,2.0,-1.0,1.404045910207899,False,True,False,True,False,False,False,True,BTC,1h>5m,2024-03-12 12:20:00+00:00,0.0002,-1.0400227001828701,H1,1
150822,150842,short,A,mss,3.0,-1.0,1.404045910207899,False,True,False,True,False,False,False,True,BTC,1h>5m,2024-03-12 12:20:00+00:00,0.0002,-1.0400227001828701,H1,1
150822,150842,short,A,mss,5.0,-1.0,1.404045910207899,False,True,False,True,False,False,False,True,BTC,1h>5m,2024-03-12 12:20:00+00:00,0.0002,-1.0400227001828701,H1,1
150824,150842,short,A,retest,2.0,-1.0,1.0958000156024403,False,True,False,True,False,False,False,False,BTC,1h>5m,2024-03-12 12:30:00+00:00,0.0002,-1.0513372484807175,H1,1
150824,150842,short,A,retest,3.0,-1.0,1.0958000156024403,False,True,False,True,False,False,False,False,BTC,1h>5m,2024-03-12 12:30:00+00:00,0.0002,-1.0513372484807175,H1,1
150824,150842,short,A,retest,5.0,-1.0,1.0958000156024403,False,True,False,True,False,False,False,False,BTC,1h>5m,2024-03-12 12:30:00+00:00,0.0002,-1.0513372484807175,H1,1
217439,217727,short,A,mss,2.0,0.6197880546566887,2.120892863979896,True,False,False,False,False,False,False,False,BTC,1h>5m,2024-10-29 19:45:00+00:00,0.0002,0.590530597012974,H2,1
217439,217727,short,A,mss,3.0,0.6197880546566887,2.120892863979896,True,False,False,False,False,False,False,False,BTC,1h>5m,2024-10-29 19:45:00+00:00,0.0002,0.590530597012974,H2,1
217439,217727,short,A,mss,5.0,0.6197880546566887,2.120892863979896,True,False,False,False,False,False,False,False,BTC,1h>5m,2024-10-29 19:45:00+00:00,0.0002,0.590530597012974,H2,1
217440,217727,short,A,retest,2.0,0.6326288855331387,2.1042117756966014,True,False,False,False,False,False,False,False,BTC,1h>5m,2024-10-29 19:50:00+00:00,0.0002,0.6031379046018767,H2,1
217440,217727,short,A,retest,3.0,0.6326288855331387,2.1042117756966014,True,False,False,False,False,False,False,False,BTC,1h>5m,2024-10-29 19:50:00+00:00,0.0002,0.6031379046018767,H2,1
217440,217727,short,A,retest,5.0,0.6326288855331387,2.1042117756966014,True,False,False,False,False,False,False,False,BTC,1h>5m,2024-10-29 19:50:00+00:00,0.0002,0.6031379046018767,H2,1
151731,151762,short,A,mss,2.0,-1.0,0.8127362643948979,False,True,True,False,False,False,False,False,BTC,1h>5m,2024-03-15 16:05:00+00:00,0.0002,-1.0228900886971746,H1,1
151731,151762,short,A,mss,3.0,-1.0,0.8127362643948979,False,True,True,False,False,False,False,False,BTC,1h>5m,2024-03-15 16:05:00+00:00,0.0002,-1.0228900886971746,H1,1
151731,151762,short,A,mss,5.0,-1.0,0.8127362643948979,False,True,True,False,False,False,False,False,BTC,1h>5m,2024-03-15 16:05:00+00:00,0.0002,-1.0228900886971746,H1,1
151733,151762,short,A,retest,2.0,-1.0,0.6162508289871995,False,True,False,False,False,False,False,False,BTC,1h>5m,2024-03-15 16:15:00+00:00,0.0002,-1.030252133367724,H1,1
151733,151762,short,A,retest,3.0,-1.0,0.6162508289871995,False,True,False,False,False,False,False,False,BTC,1h>5m,2024-03-15 16:15:00+00:00,0.0002,-1.030252133367724,H1,1
151733,151762,short,A,retest,5.0,-1.0,0.6162508289871995,False,True,False,False,False,False,False,False,BTC,1h>5m,2024-03-15 16:15:00+00:00,0.0002,-1.030252133367724,H1,1
153411,153433,long,V,mss,2.0,-1.0,0.9659676580933722,False,True,False,True,False,False,False,True,BTC,1h>5m,2024-03-21 12:05:00+00:00,0.0002,-1.0438543558459776,H1,1
153411,153433,long,V,mss,3.0,-1.0,0.9659676580933722,False,True,False,True,False,False,False,True,BTC,1h>5m,2024-03-21 12:05:00+00:00,0.0002,-1.0438543558459776,H1,1
153411,153433,long,V,mss,5.0,-1.0,0.9659676580933722,False,True,False,True,False,False,False,True,BTC,1h>5m,2024-03-21 12:05:00+00:00,0.0002,-1.0438543558459776,H1,1
153412,153433,long,V,retest,2.0,-1.0,0.8929554083984935,False,True,False,True,False,False,False,False,BTC,1h>5m,2024-03-21 12:10:00+00:00,0.0002,-1.0474237420653993,H1,1
153412,153433,long,V,retest,3.0,-1.0,0.8929554083984935,False,True,False,True,False,False,False,False,BTC,1h>5m,2024-03-21 12:10:00+00:00,0.0002,-1.0474237420653993,H1,1
153412,153433,long,V,retest,5.0,-1.0,0.8929554083984935,False,True,False,True,False,False,False,False,BTC,1h>5m,2024-03-21 12:10:00+00:00,0.0002,-1.0474237420653993,H1,1
155112,155152,long,V,mss,2.0,2.0,1.2038219230368714,True,False,True,True,False,False,False,False,BTC,1h>5m,2024-03-27 09:50:00+00:00,0.0002,1.9543975883511064,H1,1
155112,155162,long,V,mss,3.0,-1.0,1.2038219230368714,True,False,True,True,False,False,False,False,BTC,1h>5m,2024-03-27 09:50:00+00:00,0.0002,-1.0450024116488936,H1,1
155112,155162,long,V,mss,5.0,-1.0,1.2038219230368714,True,False,True,True,False,False,False,False,BTC,1h>5m,2024-03-27 09:50:00+00:00,0.0002,-1.0450024116488936,H1,1
155114,155152,long,V,retest,2.0,2.0,1.169952600714806,True,False,True,True,False,False,False,False,BTC,1h>5m,2024-03-27 10:00:00+00:00,0.0002,1.9531005893786564,H1,1
155114,155162,long,V,retest,3.0,-1.0,1.169952600714806,True,False,True,True,False,False,False,False,BTC,1h>5m,2024-03-27 10:00:00+00:00,0.0002,-1.0462994106213437,H1,1
155114,155162,long,V,retest,5.0,-1.0,1.169952600714806,True,False,True,True,False,False,False,False,BTC,1h>5m,2024-03-27 10:00:00+00:00,0.0002,-1.0462994106213437,H1,1
155556,155610,long,V,mss,2.0,-1.0,0.60220124117474,False,False,False,False,False,False,False,False,BTC,1h>5m,2024-03-28 22:50:00+00:00,0.0002,-1.0872109272030146,H1,0
155556,155610,long,V,mss,3.0,-1.0,0.60220124117474,False,False,False,False,False,False,False,False,BTC,1h>5m,2024-03-28 22:50:00+00:00,0.0002,-1.0872109272030146,H1,0
155556,155610,long,V,mss,5.0,-1.0,0.60220124117474,False,False,False,False,False,False,False,False,BTC,1h>5m,2024-03-28 22:50:00+00:00,0.0002,-1.0872109272030146,H1,0
155557,155610,long,V,retest,2.0,-1.0,0.5821986410224378,False,False,False,False,False,False,False,False,BTC,1h>5m,2024-03-28 22:55:00+00:00,0.0002,-1.0902003618445424,H1,0
155557,155610,long,V,retest,3.0,-1.0,0.5821986410224378,False,False,False,False,False,False,False,False,BTC,1h>5m,2024-03-28 22:55:00+00:00,0.0002,-1.0902003618445424,H1,0
155557,155610,long,V,retest,5.0,-1.0,0.5821986410224378,False,False,False,False,False,False,False,False,BTC,1h>5m,2024-03-28 22:55:00+00:00,0.0002,-1.0902003618445424,H1,0
156077,156215,short,A,mss,2.0,-1.0,1.7168236869257971,False,False,False,False,False,False,False,True,BTC,1h>5m,2024-03-30 18:15:00+00:00,0.0002,-1.0702009866205229,H1,0
156077,156215,short,A,mss,3.0,-1.0,1.7168236869257971,False,False,False,False,False,False,False,True,BTC,1h>5m,2024-03-30 18:15:00+00:00,0.0002,-1.0702009866205229,H1,0
156077,156215,short,A,mss,5.0,-1.0,1.7168236869257971,False,False,False,False,False,False,False,True,BTC,1h>5m,2024-03-30 18:15:00+00:00,0.0002,-1.0702009866205229,H1,0
156078,156215,short,A,retest,2.0,-1.0,1.6566789908121795,False,False,False,False,False,False,False,False,BTC,1h>5m,2024-03-30 18:20:00+00:00,0.0002,-1.0727568504721638,H1,0
156078,156215,short,A,retest,3.0,-1.0,1.6566789908121795,False,False,False,False,False,False,False,False,BTC,1h>5m,2024-03-30 18:20:00+00:00,0.0002,-1.0727568504721638,H1,0
156078,156215,short,A,retest,5.0,-1.0,1.6566789908121795,False,False,False,False,False,False,False,False,BTC,1h>5m,2024-03-30 18:20:00+00:00,0.0002,-1.0727568504721638,H1,0
156723,156751,short,A,mss,2.0,2.0,0.7508021404151628,False,False,False,False,False,False,False,True,BTC,1h>5m,2024-04-02 00:05:00+00:00,0.0002,1.9336319229326717,H1,0
156723,156752,short,A,mss,3.0,3.0,0.7508021404151628,False,False,False,False,False,False,False,True,BTC,1h>5m,2024-04-02 00:05:00+00:00,0.0002,2.9338319229326717,H1,0
156723,156753,short,A,mss,5.0,5.0,0.7508021404151628,False,False,False,False,False,False,False,True,BTC,1h>5m,2024-04-02 00:05:00+00:00,0.0002,4.934231922932672,H1,0
156724,156751,short,A,retest,2.0,2.0,0.6417306240644901,False,False,False,False,False,False,False,False,BTC,1h>5m,2024-04-02 00:10:00+00:00,0.0002,1.922215724700318,H1,0
156724,156751,short,A,retest,3.0,3.0,0.6417306240644901,False,False,False,False,False,False,False,False,BTC,1h>5m,2024-04-02 00:10:00+00:00,0.0002,2.922415724700318,H1,0
156724,156753,short,A,retest,5.0,5.0,0.6417306240644901,False,False,False,False,False,False,False,False,BTC,1h>5m,2024-04-02 00:10:00+00:00,0.0002,4.922815724700318,H1,0
157376,157457,long,V,mss,2.0,2.0,1.4083865630552082,False,False,False,False,False,False,False,False,BTC,1h>5m,2024-04-04 06:30:00+00:00,0.0002,1.9602212341323266,H1,0
157376,157468,long,V,mss,3.0,3.0,1.4083865630552082,False,False,False,False,False,False,False,False,BTC,1h>5m,2024-04-04 06:30:00+00:00,0.0002,2.9600212341323267,H1,0
157376,157514,long,V,mss,5.0,5.0,1.4083865630552082,False,False,False,False,False,False,False,False,BTC,1h>5m,2024-04-04 06:30:00+00:00,0.0002,4.959621234132326,H1,0
157379,157457,long,V,retest,2.0,2.0,1.4065301152896412,False,False,True,False,False,False,False,False,BTC,1h>5m,2024-04-04 06:45:00+00:00,0.0002,1.9601697869275971,H1,0
157379,157468,long,V,retest,3.0,3.0,1.4065301152896412,False,False,True,False,False,False,False,False,BTC,1h>5m,2024-04-04 06:45:00+00:00,0.0002,2.959969786927597,H1,0
157379,157514,long,V,retest,5.0,5.0,1.4065301152896412,False,False,True,False,False,False,False,False,BTC,1h>5m,2024-04-04 06:45:00+00:00,0.0002,4.959569786927597,H1,0
158042,158086,long,V,mss,2.0,2.0,0.9532840730415625,False,True,False,False,False,False,False,False,BTC,1h>5m,2024-04-06 14:00:00+00:00,0.0002,1.9035464462615903,H1,1
158042,158143,long,V,mss,3.0,3.0,0.9532840730415625,False,True,False,False,False,False,False,False,BTC,1h>5m,2024-04-06 14:00:00+00:00,0.0002,2.9033464462615903,H1,1
158042,158150,long,V,mss,5.0,5.0,0.9532840730415625,False,True,False,False,False,False,False,False,BTC,1h>5m,2024-04-06 14:00:00+00:00,0.0002,4.90294644626159,H1,1
158047,158056,long,V,retest,2.0,2.0,0.7582412918286767,False,True,True,False,False,False,True,False,BTC,1h>5m,2024-04-06 14:25:00+00:00,0.0002,1.8789414354885141,H1,2
158047,158086,long,V,retest,3.0,3.0,0.7582412918286767,False,True,True,False,False,False,True,False,BTC,1h>5m,2024-04-06 14:25:00+00:00,0.0002,2.8787414354885144,H1,2
158047,158148,long,V,retest,5.0,5.0,0.7582412918286767,False,True,True,False,False,False,True,False,BTC,1h>5m,2024-04-06 14:25:00+00:00,0.0002,4.878341435488514,H1,2
158276,158340,short,A,mss,2.0,-1.0,0.6705710394312837,False,False,False,True,False,False,False,True,BTC,1h>5m,2024-04-07 09:30:00+00:00,0.0002,-1.1070081670756378,H1,0
158276,158340,short,A,mss,3.0,-1.0,0.6705710394312837,False,False,False,True,False,False,False,True,BTC,1h>5m,2024-04-07 09:30:00+00:00,0.0002,-1.1070081670756378,H1,0
158276,158340,short,A,mss,5.0,-1.0,0.6705710394312837,False,False,False,True,False,False,False,True,BTC,1h>5m,2024-04-07 09:30:00+00:00,0.0002,-1.1070081670756378,H1,0
158283,158340,short,A,retest,2.0,-1.0,0.587685243626505,False,False,True,True,False,False,False,False,BTC,1h>5m,2024-04-07 10:05:00+00:00,0.0002,-1.122128564160992,H1,0
158283,158340,short,A,retest,3.0,-1.0,0.587685243626505,False,False,True,True,False,False,False,False,BTC,1h>5m,2024-04-07 10:05:00+00:00,0.0002,-1.122128564160992,H1,0
158283,158340,short,A,retest,5.0,-1.0,0.587685243626505,False,False,True,True,False,False,False,False,BTC,1h>5m,2024-04-07 10:05:00+00:00,0.0002,-1.122128564160992,H1,0
158742,158821,short,A,mss,2.0,2.0,0.9994724152688859,True,False,False,False,False,False,False,False,BTC,1h>5m,2024-04-09 00:20:00+00:00,0.0002,1.9393507200670013,H1,1
158742,158831,short,A,mss,3.0,3.0,0.9994724152688859,True,False,False,False,False,False,False,False,BTC,1h>5m,2024-04-09 00:20:00+00:00,0.0002,2.9395507200670012,H1,1
158742,158914,short,A,mss,5.0,5.0,0.9994724152688859,True,False,False,False,False,False,False,False,BTC,1h>5m,2024-04-09 00:20:00+00:00,0.0002,4.939950720067001,H1,1
158745,158817,short,A,retest,2.0,2.0,0.8717707138690521,True,False,False,False,False,False,False,False,BTC,1h>5m,2024-04-09 00:35:00+00:00,0.0002,1.9303492963297761,H1,1
158745,158831,short,A,retest,3.0,3.0,0.8717707138690521,True,False,False,False,False,False,False,False,BTC,1h>5m,2024-04-09 00:35:00+00:00,0.0002,2.930549296329776,H1,1
158745,158913,short,A,retest,5.0,5.0,0.8717707138690521,True,False,False,False,False,False,False,False,BTC,1h>5m,2024-04-09 00:35:00+00:00,0.0002,4.930949296329776,H1,1
159060,159234,short,A,mss,2.0,-1.0,1.830843259464727,False,False,False,False,False,False,False,False,BTC,1h>5m,2024-04-10 02:50:00+00:00,0.0002,-1.0247420318061102,H1,0
159060,159234,short,A,mss,3.0,-1.0,1.830843259464727,False,False,False,False,False,False,False,False,BTC,1h>5m,2024-04-10 02:50:00+00:00,0.0002,-1.0247420318061102,H1,0
159060,159234,short,A,mss,5.0,-1.0,1.830843259464727,False,False,False,False,False,False,False,False,BTC,1h>5m,2024-04-10 02:50:00+00:00,0.0002,-1.0247420318061102,H1,0
159061,159234,short,A,retest,2.0,-1.0,1.6604437270636967,False,False,False,False,False,False,False,False,BTC,1h>5m,2024-04-10 02:55:00+00:00,0.0002,-1.027301655169203,H1,0
159061,159234,short,A,retest,3.0,-1.0,1.6604437270636967,False,False,False,False,False,False,False,False,BTC,1h>5m,2024-04-10 02:55:00+00:00,0.0002,-1.027301655169203,H1,0
159061,159234,short,A,retest,5.0,-1.0,1.6604437270636967,False,False,False,False,False,False,False,False,BTC,1h>5m,2024-04-10 02:55:00+00:00,0.0002,-1.027301655169203,H1,0
159478,159659,short,A,mss,2.0,-1.0,2.679777448158178,True,True,False,False,False,False,False,False,BTC,1h>5m,2024-04-11 13:40:00+00:00,0.0002,-1.0215852406222434,H1,2
159478,159659,short,A,mss,3.0,-1.0,2.679777448158178,True,True,False,False,False,False,False,False,BTC,1h>5m,2024-04-11 13:40:00+00:00,0.0002,-1.0215852406222434,H1,2
159478,159659,short,A,mss,5.0,-1.0,2.679777448158178,True,True,False,False,False,False,False,False,BTC,1h>5m,2024-04-11 13:40:00+00:00,0.0002,-1.0215852406222434,H1,2
159479,159659,short,A,retest,2.0,-1.0,2.5817749037035176,True,True,False,False,False,False,False,False,BTC,1h>5m,2024-04-11 13:45:00+00:00,0.0002,-1.0224121945946731,H1,2
159479,159659,short,A,retest,3.0,-1.0,2.5817749037035176,True,True,False,False,False,False,False,False,BTC,1h>5m,2024-04-11 13:45:00+00:00,0.0002,-1.0224121945946731,H1,2
159479,159659,short,A,retest,5.0,-1.0,2.5817749037035176,True,True,False,False,False,False,False,False,BTC,1h>5m,2024-04-11 13:45:00+00:00,0.0002,-1.0224121945946731,H1,2
170390,170678,short,A,mss,2.0,-0.05164929441655594,2.823265156930764,True,False,False,True,False,False,False,False,BTC,1h>5m,2024-05-19 11:00:00+00:00,0.0002,-0.09470702705377765,H1,1
170390,170678,short,A,mss,3.0,-0.05164929441655594,2.823265156930764,True,False,False,True,False,False,False,False,BTC,1h>5m,2024-05-19 11:00:00+00:00,0.0002,-0.09470702705377765,H1,1
170390,170678,short,A,mss,5.0,-0.05164929441655594,2.823265156930764,True,False,False,True,False,False,False,False,BTC,1h>5m,2024-05-19 11:00:00+00:00,0.0002,-0.09470702705377765,H1,1
170391,170496,short,A,retest,2.0,2.0,2.718383692006068,True,False,False,True,False,False,False,False,BTC,1h>5m,2024-05-19 11:05:00+00:00,0.0002,1.955676296976054,H1,1
170391,170678,short,A,retest,3.0,-0.015059753522658237,2.718383692006068,True,False,False,True,False,False,False,False,BTC,1h>5m,2024-05-19 11:05:00+00:00,0.0002,-0.059786468497308745,H1,1
170391,170678,short,A,retest,5.0,-0.015059753522658237,2.718383692006068,True,False,False,True,False,False,False,False,BTC,1h>5m,2024-05-19 11:05:00+00:00,0.0002,-0.059786468497308745,H1,1
160400,160688,long,V,mss,2.0,-0.515648965022273,2.7646580438033017,False,False,False,False,False,False,False,False,BTC,1h>5m,2024-04-14 18:30:00+00:00,0.0002,-0.5277604776188635,H1,0
160400,160688,long,V,mss,3.0,-0.515648965022273,2.7646580438033017,False,False,False,False,False,False,False,False,BTC,1h>5m,2024-04-14 18:30:00+00:00,0.0002,-0.5277604776188635,H1,0
160400,160688,long,V,mss,5.0,-0.515648965022273,2.7646580438033017,False,False,False,False,False,False,False,False,BTC,1h>5m,2024-04-14 18:30:00+00:00,0.0002,-0.5277604776188635,H1,0
160401,160688,long,V,retest,2.0,-0.4988938063522551,2.672217988622447,False,False,False,False,False,False,False,False,BTC,1h>5m,2024-04-14 18:35:00+00:00,0.0002,-0.5114173739856743,H1,0
160401,160688,long,V,retest,3.0,-0.4988938063522551,2.672217988622447,False,False,False,False,False,False,False,False,BTC,1h>5m,2024-04-14 18:35:00+00:00,0.0002,-0.5114173739856743,H1,0
160401,160688,long,V,retest,5.0,-0.4988938063522551,2.672217988622447,False,False,False,False,False,False,False,False,BTC,1h>5m,2024-04-14 18:35:00+00:00,0.0002,-0.5114173739856743,H1,0
160772,160780,long,V,mss,2.0,-1.0,0.9786121145133856,False,False,False,False,False,False,False,False,BTC,1h>5m,2024-04-16 01:30:00+00:00,0.0002,-1.027700320405721,H1,0
160772,160780,long,V,mss,3.0,-1.0,0.9786121145133856,False,False,False,False,False,False,False,False,BTC,1h>5m,2024-04-16 01:30:00+00:00,0.0002,-1.027700320405721,H1,0
160772,160780,long,V,mss,5.0,-1.0,0.9786121145133856,False,False,False,False,False,False,False,False,BTC,1h>5m,2024-04-16 01:30:00+00:00,0.0002,-1.027700320405721,H1,0
160773,160780,long,V,retest,2.0,-1.0,0.8611716547365982,False,False,False,False,False,False,False,False,BTC,1h>5m,2024-04-16 01:35:00+00:00,0.0002,-1.031450618333774,H1,0
160773,160780,long,V,retest,3.0,-1.0,0.8611716547365982,False,False,False,False,False,False,False,False,BTC,1h>5m,2024-04-16 01:35:00+00:00,0.0002,-1.031450618333774,H1,0
160773,160780,long,V,retest,5.0,-1.0,0.8611716547365982,False,False,False,False,False,False,False,False,BTC,1h>5m,2024-04-16 01:35:00+00:00,0.0002,-1.031450618333774,H1,0
161876,161894,long,V,mss,2.0,-1.0,1.0169426447753298,False,False,False,False,False,False,False,False,BTC,1h>5m,2024-04-19 21:30:00+00:00,0.0002,-1.0343286310988034,H1,0
161876,161894,long,V,mss,3.0,-1.0,1.0169426447753298,False,False,False,False,False,False,False,False,BTC,1h>5m,2024-04-19 21:30:00+00:00,0.0002,-1.0343286310988034,H1,0
161876,161894,long,V,mss,5.0,-1.0,1.0169426447753298,False,False,False,False,False,False,False,False,BTC,1h>5m,2024-04-19 21:30:00+00:00,0.0002,-1.0343286310988034,H1,0
161877,161894,long,V,retest,2.0,-1.0,0.958390957899908,False,False,False,False,False,False,False,False,BTC,1h>5m,2024-04-19 21:35:00+00:00,0.0002,-1.0364136767736527,H1,0
161877,161894,long,V,retest,3.0,-1.0,0.958390957899908,False,False,False,False,False,False,False,False,BTC,1h>5m,2024-04-19 21:35:00+00:00,0.0002,-1.0364136767736527,H1,0
161877,161894,long,V,retest,5.0,-1.0,0.958390957899908,False,False,False,False,False,False,False,False,BTC,1h>5m,2024-04-19 21:35:00+00:00,0.0002,-1.0364136767736527,H1,0
169402,169544,short,A,mss,2.0,-1.0,0.9187179574552299,False,False,False,False,False,False,False,False,BTC,1h>5m,2024-05-16 00:40:00+00:00,0.0002,-1.0417704198939384,H1,0
169402,169544,short,A,mss,3.0,-1.0,0.9187179574552299,False,False,False,False,False,False,False,False,BTC,1h>5m,2024-05-16 00:40:00+00:00,0.0002,-1.0417704198939384,H1,0
169402,169544,short,A,mss,5.0,-1.0,0.9187179574552299,False,False,False,False,False,False,False,False,BTC,1h>5m,2024-05-16 00:40:00+00:00,0.0002,-1.0417704198939384,H1,0
169403,169544,short,A,retest,2.0,-1.0,0.780414977091988,False,False,True,False,False,False,False,False,BTC,1h>5m,2024-05-16 00:45:00+00:00,0.0002,-1.0492083014426214,H1,0
169403,169544,short,A,retest,3.0,-1.0,0.780414977091988,False,False,True,False,False,False,False,False,BTC,1h>5m,2024-05-16 00:45:00+00:00,0.0002,-1.0492083014426214,H1,0
169403,169544,short,A,retest,5.0,-1.0,0.780414977091988,False,False,True,False,False,False,False,False,BTC,1h>5m,2024-05-16 00:45:00+00:00,0.0002,-1.0492083014426214,H1,0
163818,164106,short,A,mss,2.0,0.30452174072398963,2.958203746455848,True,True,False,False,False,False,False,False,BTC,1h>5m,2024-04-26 15:20:00+00:00,0.0002,0.28607786327071855,H1,2
163818,164106,short,A,mss,3.0,0.30452174072398963,2.958203746455848,True,True,False,False,False,False,False,False,BTC,1h>5m,2024-04-26 15:20:00+00:00,0.0002,0.28607786327071855,H1,2
163818,164106,short,A,mss,5.0,0.30452174072398963,2.958203746455848,True,True,False,False,False,False,False,False,BTC,1h>5m,2024-04-26 15:20:00+00:00,0.0002,0.28607786327071855,H1,2
163830,164117,short,A,retest,2.0,0.5668238069505966,2.494373847810055,True,True,False,False,False,False,False,True,BTC,1h>5m,2024-04-26 16:20:00+00:00,0.0002,0.54491703753684,H1,2
163830,164117,short,A,retest,3.0,0.5668238069505966,2.494373847810055,True,True,False,False,False,False,False,True,BTC,1h>5m,2024-04-26 16:20:00+00:00,0.0002,0.54491703753684,H1,2
163830,164117,short,A,retest,5.0,0.5668238069505966,2.494373847810055,True,True,False,False,False,False,False,True,BTC,1h>5m,2024-04-26 16:20:00+00:00,0.0002,0.54491703753684,H1,2
164314,164480,short,A,mss,2.0,2.0,1.3168385034122951,False,False,False,True,False,False,True,True,BTC,1h>5m,2024-04-28 08:40:00+00:00,0.0002,1.9363736396804048,H1,1
164314,164535,short,A,mss,3.0,3.0,1.3168385034122951,False,False,False,True,False,False,True,True,BTC,1h>5m,2024-04-28 08:40:00+00:00,0.0002,2.9365736396804047,H1,1
164314,164602,short,A,mss,5.0,3.29694345493084,1.3168385034122951,False,False,False,True,False,False,True,True,BTC,1h>5m,2024-04-28 08:40:00+00:00,0.0002,3.233576483302231,H1,1
164320,164480,short,A,retest,2.0,2.0,0.8804661820555175,False,False,False,True,False,False,False,False,BTC,1h>5m,2024-04-28 09:10:00+00:00,0.0002,1.9044429636564877,H1,0
164320,164480,short,A,retest,3.0,3.0,0.8804661820555175,False,False,False,True,False,False,False,False,BTC,1h>5m,2024-04-28 09:10:00+00:00,0.0002,2.904642963656488,H1,0
164320,164535,short,A,retest,5.0,5.0,0.8804661820555175,False,False,False,True,False,False,False,False,BTC,1h>5m,2024-04-28 09:10:00+00:00,0.0002,4.905042963656488,H1,0
164406,164476,long,V,mss,2.0,-1.0,0.8950821852029681,False,True,False,False,False,False,False,False,BTC,1h>5m,2024-04-28 16:20:00+00:00,0.0002,-1.097956419847236,H1,1
164406,164476,long,V,mss,3.0,-1.0,0.8950821852029681,False,True,False,False,False,False,False,False,BTC,1h>5m,2024-04-28 16:20:00+00:00,0.0002,-1.097956419847236,H1,1
164406,164476,long,V,mss,5.0,-1.0,0.8950821852029681,False,True,False,False,False,False,False,False,BTC,1h>5m,2024-04-28 16:20:00+00:00,0.0002,-1.097956419847236,H1,1
164411,164476,long,V,retest,2.0,-1.0,0.6882340339083202,False,True,False,False,False,False,False,False,BTC,1h>5m,2024-04-28 16:45:00+00:00,0.0002,-1.1273370283704087,H1,1
164411,164476,long,V,retest,3.0,-1.0,0.6882340339083202,False,True,False,False,False,False,False,False,BTC,1h>5m,2024-04-28 16:45:00+00:00,0.0002,-1.1273370283704087,H1,1
164411,164476,long,V,retest,5.0,-1.0,0.6882340339083202,False,True,False,False,False,False,False,False,BTC,1h>5m,2024-04-28 16:45:00+00:00,0.0002,-1.1273370283704087,H1,1
165525,165538,short,A,mss,2.0,-1.0,1.3476907266352296,True,True,False,False,False,False,False,False,BTC,1h>5m,2024-05-02 13:35:00+00:00,0.0002,-1.0328105010179849,H1,2
165525,165538,short,A,mss,3.0,-1.0,1.3476907266352296,True,True,False,False,False,False,False,False,BTC,1h>5m,2024-05-02 13:35:00+00:00,0.0002,-1.0328105010179849,H1,2
165525,165538,short,A,mss,5.0,-1.0,1.3476907266352296,True,True,False,False,False,False,False,False,BTC,1h>5m,2024-05-02 13:35:00+00:00,0.0002,-1.0328105010179849,H1,2
165526,165538,short,A,retest,2.0,-1.0,1.2981145636024096,True,True,False,False,False,False,False,False,BTC,1h>5m,2024-05-02 13:40:00+00:00,0.0002,-1.0340712017497609,H1,2
165526,165538,short,A,retest,3.0,-1.0,1.2981145636024096,True,True,False,False,False,False,False,False,BTC,1h>5m,2024-05-02 13:40:00+00:00,0.0002,-1.0340712017497609,H1,2
165526,165538,short,A,retest,5.0,-1.0,1.2981145636024096,True,True,False,False,False,False,False,False,BTC,1h>5m,2024-05-02 13:40:00+00:00,0.0002,-1.0340712017497609,H1,2
180895,181183,long,V,mss,2.0,1.0993935568982713,2.0435545216594817,True,False,False,False,False,False,False,False,BTC,1h>5m,2024-06-24 22:25:00+00:00,0.0002,1.085722267435744,H1,1
180895,181183,long,V,mss,3.0,1.0993935568982713,2.0435545216594817,True,False,False,False,False,False,False,False,BTC,1h>5m,2024-06-24 22:25:00+00:00,0.0002,1.085722267435744,H1,1
180895,181183,long,V,mss,5.0,1.0993935568982713,2.0435545216594817,True,False,False,False,False,False,False,False,BTC,1h>5m,2024-06-24 22:25:00+00:00,0.0002,1.085722267435744,H1,1
180896,181183,long,V,retest,2.0,1.1244539130084934,2.019448466108049,True,False,False,False,False,False,False,False,BTC,1h>5m,2024-06-24 22:30:00+00:00,0.0002,1.1106218174359896,H1,1
180896,181183,long,V,retest,3.0,1.1244539130084934,2.019448466108049,True,False,False,False,False,False,False,False,BTC,1h>5m,2024-06-24 22:30:00+00:00,0.0002,1.1106218174359896,H1,1
180896,181183,long,V,retest,5.0,1.1244539130084934,2.019448466108049,True,False,False,False,False,False,False,False,BTC,1h>5m,2024-06-24 22:30:00+00:00,0.0002,1.1106218174359896,H1,1
166578,166615,long,V,mss,2.0,2.0,1.5301330492103324,False,False,True,False,False,False,False,True,BTC,1h>5m,2024-05-06 05:20:00+00:00,0.0002,1.9513414049845457,H1,0
166578,166664,long,V,mss,3.0,-1.0,1.5301330492103324,False,False,True,False,False,False,False,True,BTC,1h>5m,2024-05-06 05:20:00+00:00,0.0002,-1.0480585950154544,H1,0
166578,166664,long,V,mss,5.0,-1.0,1.5301330492103324,False,False,True,False,False,False,False,True,BTC,1h>5m,2024-05-06 05:20:00+00:00,0.0002,-1.0480585950154544,H1,0
166579,166615,long,V,retest,2.0,2.0,1.5197288924746397,False,False,True,False,False,False,False,False,BTC,1h>5m,2024-05-06 05:25:00+00:00,0.0002,1.9510137621226138,H1,0
166579,166664,long,V,retest,3.0,-1.0,1.5197288924746397,False,False,True,False,False,False,False,False,BTC,1h>5m,2024-05-06 05:25:00+00:00,0.0002,-1.0483862378773863,H1,0
166579,166664,long,V,retest,5.0,-1.0,1.5197288924746397,False,False,True,False,False,False,False,False,BTC,1h>5m,2024-05-06 05:25:00+00:00,0.0002,-1.0483862378773863,H1,0
168356,168624,long,V,mss,2.0,2.0,2.254094621166745,True,False,False,True,False,False,False,True,BTC,1h>5m,2024-05-12 09:30:00+00:00,0.0002,1.9482432998445554,H1,1
168356,168626,long,V,mss,3.0,3.0,2.254094621166745,True,False,False,True,False,False,False,True,BTC,1h>5m,2024-05-12 09:30:00+00:00,0.0002,2.948043299844555,H1,1
168356,168644,long,V,mss,5.0,4.283487639561378,2.254094621166745,True,False,False,True,False,False,False,True,BTC,1h>5m,2024-05-12 09:30:00+00:00,0.0002,4.231274241878022,H1,1
168357,168624,long,V,retest,2.0,2.0,2.2231070182385544,True,False,False,True,False,False,False,False,BTC,1h>5m,2024-05-12 09:35:00+00:00,0.0002,1.9475330209519994,H1,1
168357,168626,long,V,retest,3.0,3.0,2.2231070182385544,True,False,False,True,False,False,False,False,BTC,1h>5m,2024-05-12 09:35:00+00:00,0.0002,2.9473330209519992,H1,1
168357,168644,long,V,retest,5.0,4.357133494532612,2.2231070182385544,True,False,False,True,False,False,False,False,BTC,1h>5m,2024-05-12 09:35:00+00:00,0.0002,4.304195088785705,H1,1
170525,170731,long,V,mss,2.0,2.0,1.3919549480014637,True,False,False,False,False,False,False,True,BTC,1h>5m,2024-05-19 22:15:00+00:00,0.0002,1.9507463178694375,H1,1
170525,170745,long,V,mss,3.0,3.0,1.3919549480014637,True,False,False,False,False,False,False,True,BTC,1h>5m,2024-05-19 22:15:00+00:00,0.0002,2.9505463178694376,H1,1
170525,170778,long,V,mss,5.0,5.0,1.3919549480014637,True,False,False,False,False,False,False,True,BTC,1h>5m,2024-05-19 22:15:00+00:00,0.0002,4.950146317869438,H1,1
170526,170731,long,V,retest,2.0,2.0,1.3912891909588643,True,False,False,False,False,False,False,False,BTC,1h>5m,2024-05-19 22:20:00+00:00,0.0002,1.9507231319061396,H1,1
170526,170745,long,V,retest,3.0,3.0,1.3912891909588643,True,False,False,False,False,False,False,False,BTC,1h>5m,2024-05-19 22:20:00+00:00,0.0002,2.95052313190614,H1,1
170526,170778,long,V,retest,5.0,5.0,1.3912891909588643,True,False,False,False,False,False,False,False,BTC,1h>5m,2024-05-19 22:20:00+00:00,0.0002,4.95012313190614,H1,1
169963,170146,long,V,mss,2.0,-1.0,0.5679786441912879,False,False,True,False,False,False,False,False,BTC,1h>5m,2024-05-17 23:25:00+00:00,0.0002,-1.1043310590554722,H1,0
169963,170146,long,V,mss,3.0,-1.0,0.5679786441912879,False,False,True,False,False,False,False,False,BTC,1h>5m,2024-05-17 23:25:00+00:00,0.0002,-1.1043310590554722,H1,0
169963,170146,long,V,mss,5.0,-1.0,0.5679786441912879,False,False,True,False,False,False,False,False,BTC,1h>5m,2024-05-17 23:25:00+00:00,0.0002,-1.1043310590554722,H1,0
169975,170058,long,V,retest,2.0,2.0,0.40001235721865724,False,False,False,False,False,False,False,True,BTC,1h>5m,2024-05-18 00:25:00+00:00,0.0002,1.8513440233702574,H1,0
169975,170103,long,V,retest,3.0,3.0,0.40001235721865724,False,False,False,False,False,False,False,True,BTC,1h>5m,2024-05-18 00:25:00+00:00,0.0002,2.8511440233702574,H1,0
169975,170146,long,V,retest,5.0,-1.0,0.40001235721865724,False,False,False,False,False,False,False,True,BTC,1h>5m,2024-05-18 00:25:00+00:00,0.0002,-1.1480559766297427,H1,0
170698,170731,short,A,mss,2.0,-1.0,1.3844073142342312,True,True,False,True,False,False,False,True,BTC,1h>5m,2024-05-20 12:40:00+00:00,0.0002,-1.0509511144283887,H1,2
170698,170731,short,A,mss,3.0,-1.0,1.3844073142342312,True,True,False,True,False,False,False,True,BTC,1h>5m,2024-05-20 12:40:00+00:00,0.0002,-1.0509511144283887,H1,2
170698,170731,short,A,mss,5.0,-1.0,1.3844073142342312,True,True,False,True,False,False,False,True,BTC,1h>5m,2024-05-20 12:40:00+00:00,0.0002,-1.0509511144283887,H1,2
170699,170731,short,A,retest,2.0,-1.0,1.304900687117497,True,True,True,True,False,False,False,False,BTC,1h>5m,2024-05-20 12:45:00+00:00,0.0002,-1.0540677137386756,H1,2
170699,170731,short,A,retest,3.0,-1.0,1.304900687117497,True,True,True,True,False,False,False,False,BTC,1h>5m,2024-05-20 12:45:00+00:00,0.0002,-1.0540677137386756,H1,2
170699,170731,short,A,retest,5.0,-1.0,1.304900687117497,True,True,True,True,False,False,False,False,BTC,1h>5m,2024-05-20 12:45:00+00:00,0.0002,-1.0540677137386756,H1,2
171660,171948,long,V,mss,2.0,0.8931313029604628,2.3142288865908234,True,False,False,False,False,False,False,False,BTC,1h>5m,2024-05-23 20:50:00+00:00,0.0002,0.8741235686842442,H1,1
171660,171948,long,V,mss,3.0,0.8931313029604628,2.3142288865908234,True,False,False,False,False,False,False,False,BTC,1h>5m,2024-05-23 20:50:00+00:00,0.0002,0.8741235686842442,H1,1
171660,171948,long,V,mss,5.0,0.8931313029604628,2.3142288865908234,True,False,False,False,False,False,False,False,BTC,1h>5m,2024-05-23 20:50:00+00:00,0.0002,0.8741235686842442,H1,1
171665,171952,long,V,retest,2.0,0.8306179823995171,2.2659535792255556,True,False,False,False,False,False,False,False,BTC,1h>5m,2024-05-23 21:15:00+00:00,0.0002,0.8112301254211726,H1,1
171665,171952,long,V,retest,3.0,0.8306179823995171,2.2659535792255556,True,False,False,False,False,False,False,False,BTC,1h>5m,2024-05-23 21:15:00+00:00,0.0002,0.8112301254211726,H1,1
171665,171952,long,V,retest,5.0,0.8306179823995171,2.2659535792255556,True,False,False,False,False,False,False,False,BTC,1h>5m,2024-05-23 21:15:00+00:00,0.0002,0.8112301254211726,H1,1
175269,175337,short,A,mss,2.0,-1.0,1.3293827857317488,True,False,False,True,False,False,True,True,BTC,1h>5m,2024-06-05 09:35:00+00:00,0.0002,-1.0567569179263077,H1,2
175269,175337,short,A,mss,3.0,-1.0,1.3293827857317488,True,False,False,True,False,False,True,True,BTC,1h>5m,2024-06-05 09:35:00+00:00,0.0002,-1.0567569179263077,H1,2
175269,175337,short,A,mss,5.0,-1.0,1.3293827857317488,True,False,False,True,False,False,True,True,BTC,1h>5m,2024-06-05 09:35:00+00:00,0.0002,-1.0567569179263077,H1,2
175271,175337,short,A,retest,2.0,-1.0,1.301009907778695,True,False,True,True,False,False,False,False,BTC,1h>5m,2024-06-05 09:45:00+00:00,0.0002,-1.0579990542630435,H1,1
175271,175337,short,A,retest,3.0,-1.0,1.301009907778695,True,False,True,True,False,False,False,False,BTC,1h>5m,2024-06-05 09:45:00+00:00,0.0002,-1.0579990542630435,H1,1
175271,175337,short,A,retest,5.0,-1.0,1.301009907778695,True,False,True,True,False,False,False,False,BTC,1h>5m,2024-06-05 09:45:00+00:00,0.0002,-1.0579990542630435,H1,1
171194,171375,long,V,mss,2.0,-1.0,1.9275459942509954,False,False,False,False,False,False,False,True,BTC,1h>5m,2024-05-22 06:00:00+00:00,0.0002,-1.0324453960535738,H1,0
171194,171375,long,V,mss,3.0,-1.0,1.9275459942509954,False,False,False,False,False,False,False,True,BTC,1h>5m,2024-05-22 06:00:00+00:00,0.0002,-1.0324453960535738,H1,0
171194,171375,long,V,mss,5.0,-1.0,1.9275459942509954,False,False,False,False,False,False,False,True,BTC,1h>5m,2024-05-22 06:00:00+00:00,0.0002,-1.0324453960535738,H1,0
171195,171375,long,V,retest,2.0,-1.0,1.9002455594663061,False,False,False,False,False,False,False,False,BTC,1h>5m,2024-05-22 06:05:00+00:00,0.0002,-1.0329086589869783,H1,0
171195,171375,long,V,retest,3.0,-1.0,1.9002455594663061,False,False,False,False,False,False,False,False,BTC,1h>5m,2024-05-22 06:05:00+00:00,0.0002,-1.0329086589869783,H1,0
171195,171375,long,V,retest,5.0,-1.0,1.9002455594663061,False,False,False,False,False,False,False,False,BTC,1h>5m,2024-05-22 06:05:00+00:00,0.0002,-1.0329086589869783,H1,0
172463,172740,short,A,mss,2.0,-1.0,2.7687295553809355,True,True,True,False,False,False,False,False,BTC,1h>5m,2024-05-26 15:45:00+00:00,0.0002,-1.0425582509970073,H1,2
172463,172740,short,A,mss,3.0,-1.0,2.7687295553809355,True,True,True,False,False,False,False,False,BTC,1h>5m,2024-05-26 15:45:00+00:00,0.0002,-1.0425582509970073,H1,2
172463,172740,short,A,mss,5.0,-1.0,2.7687295553809355,True,True,True,False,False,False,False,False,BTC,1h>5m,2024-05-26 15:45:00+00:00,0.0002,-1.0425582509970073,H1,2
172719,172742,long,V,mss,2.0,2.0,1.5406661452801957,True,True,True,True,False,False,False,False,BTC,1h>5m,2024-05-27 13:05:00+00:00,0.0002,1.9440880554683477,H1,2
172719,172749,long,V,mss,3.0,3.0,1.5406661452801957,True,True,True,True,False,False,False,False,BTC,1h>5m,2024-05-27 13:05:00+00:00,0.0002,2.9438880554683475,H1,2
172719,172891,long,V,mss,5.0,-1.0,1.5406661452801957,True,True,True,True,False,False,False,False,BTC,1h>5m,2024-05-27 13:05:00+00:00,0.0002,-1.0553119445316523,H1,2
173563,173851,long,V,mss,2.0,0.20654627779595294,2.5967236377696965,True,False,True,True,False,False,False,True,BTC,1h>5m,2024-05-30 11:25:00+00:00,0.0002,0.17853450918687658,H1,1
173563,173851,long,V,mss,3.0,0.20654627779595294,2.5967236377696965,True,False,True,True,False,False,False,True,BTC,1h>5m,2024-05-30 11:25:00+00:00,0.0002,0.17853450918687658,H1,1
173563,173851,long,V,mss,5.0,0.20654627779595294,2.5967236377696965,True,False,True,True,False,False,False,True,BTC,1h>5m,2024-05-30 11:25:00+00:00,0.0002,0.17853450918687658,H1,1
173564,173851,long,V,retest,2.0,0.2791208314368616,2.4493911463363145,True,False,True,True,False,False,False,False,BTC,1h>5m,2024-05-30 11:30:00+00:00,0.0002,0.24943616661989584,H1,1
173564,173851,long,V,retest,3.0,0.2791208314368616,2.4493911463363145,True,False,True,True,False,False,False,False,BTC,1h>5m,2024-05-30 11:30:00+00:00,0.0002,0.24943616661989584,H1,1
173564,173851,long,V,retest,5.0,0.2791208314368616,2.4493911463363145,True,False,True,True,False,False,False,False,BTC,1h>5m,2024-05-30 11:30:00+00:00,0.0002,0.24943616661989584,H1,1
174021,174032,short,A,mss,2.0,-1.0,0.5893640778179445,False,False,False,False,False,True,False,False,BTC,1h>5m,2024-06-01 01:35:00+00:00,0.0002,-1.108818360948882,H1,1
174021,174032,short,A,mss,3.0,-1.0,0.5893640778179445,False,False,False,False,False,True,False,False,BTC,1h>5m,2024-06-01 01:35:00+00:00,0.0002,-1.108818360948882,H1,1
174021,174032,short,A,mss,5.0,-1.0,0.5893640778179445,False,False,False,False,False,True,False,False,BTC,1h>5m,2024-06-01 01:35:00+00:00,0.0002,-1.108818360948882,H1,1
174023,174032,short,A,retest,2.0,-1.0,0.4954769416365232,False,False,False,False,False,True,False,False,BTC,1h>5m,2024-06-01 01:45:00+00:00,0.0002,-1.129476076456038,H1,1
174023,174032,short,A,retest,3.0,-1.0,0.4954769416365232,False,False,False,False,False,True,False,False,BTC,1h>5m,2024-06-01 01:45:00+00:00,0.0002,-1.129476076456038,H1,1
174023,174032,short,A,retest,5.0,-1.0,0.4954769416365232,False,False,False,False,False,True,False,False,BTC,1h>5m,2024-06-01 01:45:00+00:00,0.0002,-1.129476076456038,H1,1
174238,174323,long,V,mss,2.0,-1.0,0.6366439249385679,False,False,False,False,False,False,False,False,BTC,1h>5m,2024-06-01 19:40:00+00:00,0.0002,-1.2726204880517071,H1,0
174238,174323,long,V,mss,3.0,-1.0,0.6366439249385679,False,False,False,False,False,False,False,False,BTC,1h>5m,2024-06-01 19:40:00+00:00,0.0002,-1.2726204880517071,H1,0
174238,174323,long,V,mss,5.0,-1.0,0.6366439249385679,False,False,False,False,False,False,False,False,BTC,1h>5m,2024-06-01 19:40:00+00:00,0.0002,-1.2726204880517071,H1,0
174239,174300,long,V,retest,2.0,2.0,0.48520323417573824,False,False,False,False,False,False,False,False,BTC,1h>5m,2024-06-01 19:45:00+00:00,0.0002,1.6417521584959143,H1,0
174239,174323,long,V,retest,3.0,-1.0,0.48520323417573824,False,False,False,False,False,False,False,False,BTC,1h>5m,2024-06-01 19:45:00+00:00,0.0002,-1.3576478415040858,H1,0
174239,174323,long,V,retest,5.0,-1.0,0.48520323417573824,False,False,False,False,False,False,False,False,BTC,1h>5m,2024-06-01 19:45:00+00:00,0.0002,-1.3576478415040858,H1,0
175337,175625,long,V,mss,2.0,0.2061312396285745,2.2291694288219195,True,True,False,False,False,False,False,False,BTC,1h>5m,2024-06-05 15:15:00+00:00,0.0002,0.17418882578292993,H1,2
175337,175625,long,V,mss,3.0,0.2061312396285745,2.2291694288219195,True,True,False,False,False,False,False,False,BTC,1h>5m,2024-06-05 15:15:00+00:00,0.0002,0.17418882578292993,H1,2
175337,175625,long,V,mss,5.0,0.2061312396285745,2.2291694288219195,True,True,False,False,False,False,False,False,BTC,1h>5m,2024-06-05 15:15:00+00:00,0.0002,0.17418882578292993,H1,2
175374,175661,long,V,retest,2.0,-0.2649249160731575,2.0047327302924765,True,False,False,False,False,False,False,True,BTC,1h>5m,2024-06-05 18:20:00+00:00,0.0002,-0.30029978458050477,H1,1
175374,175661,long,V,retest,3.0,-0.2649249160731575,2.0047327302924765,True,False,False,False,False,False,False,True,BTC,1h>5m,2024-06-05 18:20:00+00:00,0.0002,-0.30029978458050477,H1,1
175374,175661,long,V,retest,5.0,-0.2649249160731575,2.0047327302924765,True,False,False,False,False,False,False,True,BTC,1h>5m,2024-06-05 18:20:00+00:00,0.0002,-0.30029978458050477,H1,1
175643,175874,short,A,retest,2.0,-1.0,2.4225529707309925,True,True,False,False,False,False,False,False,BTC,1h>5m,2024-06-06 16:45:00+00:00,0.0002,-1.0421649891966576,H1,2
175643,175874,short,A,retest,3.0,-1.0,2.4225529707309925,True,True,False,False,False,False,False,False,BTC,1h>5m,2024-06-06 16:45:00+00:00,0.0002,-1.0421649891966576,H1,2
175643,175874,short,A,retest,5.0,-1.0,2.4225529707309925,True,True,False,False,False,False,False,False,BTC,1h>5m,2024-06-06 16:45:00+00:00,0.0002,-1.0421649891966576,H1,2
175894,175937,long,V,mss,2.0,-1.0,2.9309811530306784,True,True,False,False,False,False,False,False,BTC,1h>5m,2024-06-07 13:40:00+00:00,0.0002,-1.0305311535600117,H1,2
175894,175937,long,V,mss,3.0,-1.0,2.9309811530306784,True,True,False,False,False,False,False,False,BTC,1h>5m,2024-06-07 13:40:00+00:00,0.0002,-1.0305311535600117,H1,2
175894,175937,long,V,mss,5.0,-1.0,2.9309811530306784,True,True,False,False,False,False,False,False,BTC,1h>5m,2024-06-07 13:40:00+00:00,0.0002,-1.0305311535600117,H1,2
175898,175937,long,V,retest,2.0,-1.0,2.5933769191511153,True,True,False,False,False,False,False,False,BTC,1h>5m,2024-06-07 14:00:00+00:00,0.0002,-1.0344796447279145,H1,2
175898,175937,long,V,retest,3.0,-1.0,2.5933769191511153,True,True,False,False,False,False,False,False,BTC,1h>5m,2024-06-07 14:00:00+00:00,0.0002,-1.0344796447279145,H1,2
175898,175937,long,V,retest,5.0,-1.0,2.5933769191511153,True,True,False,False,False,False,False,False,BTC,1h>5m,2024-06-07 14:00:00+00:00,0.0002,-1.0344796447279145,H1,2
176734,176904,long,V,mss,2.0,-1.0,1.8479251477348344,True,False,False,True,False,False,False,True,BTC,1h>5m,2024-06-10 11:40:00+00:00,0.0002,-1.0766610557409084,H1,1
176734,176904,long,V,mss,3.0,-1.0,1.8479251477348344,True,False,False,True,False,False,False,True,BTC,1h>5m,2024-06-10 11:40:00+00:00,0.0002,-1.0766610557409084,H1,1
176734,176904,long,V,mss,5.0,-1.0,1.8479251477348344,True,False,False,True,False,False,False,True,BTC,1h>5m,2024-06-10 11:40:00+00:00,0.0002,-1.0766610557409084,H1,1
176735,176783,long,V,retest,2.0,2.0,1.6667841248997801,True,False,False,True,False,False,True,False,BTC,1h>5m,2024-06-10 11:45:00+00:00,0.0002,1.9144293895680848,H1,2
176735,176904,long,V,retest,3.0,-1.0,1.6667841248997801,True,False,False,True,False,False,True,False,BTC,1h>5m,2024-06-10 11:45:00+00:00,0.0002,-1.084970610431915,H1,2
176735,176904,long,V,retest,5.0,-1.0,1.6667841248997801,True,False,False,True,False,False,True,False,BTC,1h>5m,2024-06-10 11:45:00+00:00,0.0002,-1.084970610431915,H1,2
190870,190889,short,A,mss,2.0,2.0,1.7275785463361737,True,True,False,False,False,False,False,False,BTC,1h>5m,2024-07-29 13:40:00+00:00,0.0002,1.96332391272906,H1,2
190870,190904,short,A,mss,3.0,3.0,1.7275785463361737,True,True,False,False,False,False,False,False,BTC,1h>5m,2024-07-29 13:40:00+00:00,0.0002,2.9635239127290602,H1,2
190870,191158,short,A,mss,5.0,3.813141734942229,1.7275785463361737,True,True,False,False,False,False,False,False,BTC,1h>5m,2024-07-29 13:40:00+00:00,0.0002,3.7768282760182776,H1,2
190871,190887,short,A,retest,2.0,2.0,1.621966091072526,True,True,False,False,False,False,False,False,BTC,1h>5m,2024-07-29 13:45:00+00:00,0.0002,1.960883700438468,H1,2
190871,190904,short,A,retest,3.0,3.0,1.621966091072526,True,True,False,False,False,False,False,False,BTC,1h>5m,2024-07-29 13:45:00+00:00,0.0002,2.961083700438468,H1,2
190871,190998,short,A,retest,5.0,5.0,1.621966091072526,True,True,False,False,False,False,False,False,BTC,1h>5m,2024-07-29 13:45:00+00:00,0.0002,4.961483700438468,H1,2
177789,177813,short,A,mss,2.0,-1.0,0.7987604366647112,False,False,False,False,False,False,False,False,BTC,1h>5m,2024-06-14 03:35:00+00:00,0.0002,-1.0756846503041972,H1,0
177789,177813,short,A,mss,3.0,-1.0,0.7987604366647112,False,False,False,False,False,False,False,False,BTC,1h>5m,2024-06-14 03:35:00+00:00,0.0002,-1.0756846503041972,H1,0
177789,177813,short,A,mss,5.0,-1.0,0.7987604366647112,False,False,False,False,False,False,False,False,BTC,1h>5m,2024-06-14 03:35:00+00:00,0.0002,-1.0756846503041972,H1,0
177790,177813,short,A,retest,2.0,-1.0,0.728029276751852,False,False,False,False,False,False,False,False,BTC,1h>5m,2024-06-14 03:40:00+00:00,0.0002,-1.0830571688374417,H1,0
177790,177813,short,A,retest,3.0,-1.0,0.728029276751852,False,False,False,False,False,False,False,False,BTC,1h>5m,2024-06-14 03:40:00+00:00,0.0002,-1.0830571688374417,H1,0
177790,177813,short,A,retest,5.0,-1.0,0.728029276751852,False,False,False,False,False,False,False,False,BTC,1h>5m,2024-06-14 03:40:00+00:00,0.0002,-1.0830571688374417,H1,0
178700,178727,long,V,mss,2.0,-1.0,1.6828870861448617,True,False,False,True,False,False,False,False,BTC,1h>5m,2024-06-17 07:30:00+00:00,0.0002,-1.064174103651377,H1,1
178700,178727,long,V,mss,3.0,-1.0,1.6828870861448617,True,False,False,True,False,False,False,False,BTC,1h>5m,2024-06-17 07:30:00+00:00,0.0002,-1.064174103651377,H1,1
178700,178727,long,V,mss,5.0,-1.0,1.6828870861448617,True,False,False,True,False,False,False,False,BTC,1h>5m,2024-06-17 07:30:00+00:00,0.0002,-1.064174103651377,H1,1
178701,178727,long,V,retest,2.0,-1.0,1.6256107589215527,True,False,False,True,False,False,False,False,BTC,1h>5m,2024-06-17 07:35:00+00:00,0.0002,-1.0664281498149155,H1,1
178701,178727,long,V,retest,3.0,-1.0,1.6256107589215527,True,False,False,True,False,False,False,False,BTC,1h>5m,2024-06-17 07:35:00+00:00,0.0002,-1.0664281498149155,H1,1
178701,178727,long,V,retest,5.0,-1.0,1.6256107589215527,True,False,False,True,False,False,False,False,BTC,1h>5m,2024-06-17 07:35:00+00:00,0.0002,-1.0664281498149155,H1,1
179715,179764,long,V,mss,2.0,-1.0,0.8317412500174317,False,False,False,False,False,False,False,False,BTC,1h>5m,2024-06-20 20:05:00+00:00,0.0002,-1.0762392364962476,H1,0
179715,179764,long,V,mss,3.0,-1.0,0.8317412500174317,False,False,False,False,False,False,False,False,BTC,1h>5m,2024-06-20 20:05:00+00:00,0.0002,-1.0762392364962476,H1,0
179715,179764,long,V,mss,5.0,-1.0,0.8317412500174317,False,False,False,False,False,False,False,False,BTC,1h>5m,2024-06-20 20:05:00+00:00,0.0002,-1.0762392364962476,H1,0
179716,179764,long,V,retest,2.0,-1.0,0.8228623350013341,False,False,False,False,False,False,False,False,BTC,1h>5m,2024-06-20 20:10:00+00:00,0.0002,-1.0770597211508748,H1,0
179716,179764,long,V,retest,3.0,-1.0,0.8228623350013341,False,False,False,False,False,False,False,False,BTC,1h>5m,2024-06-20 20:10:00+00:00,0.0002,-1.0770597211508748,H1,0
179716,179764,long,V,retest,5.0,-1.0,0.8228623350013341,False,False,False,False,False,False,False,False,BTC,1h>5m,2024-06-20 20:10:00+00:00,0.0002,-1.0770597211508748,H1,0
181191,181225,short,A,mss,2.0,-1.0,0.7923694262938455,True,False,False,False,False,False,True,False,BTC,1h>5m,2024-06-25 23:05:00+00:00,0.0002,-1.060523042804482,H1,2
181191,181225,short,A,mss,3.0,-1.0,0.7923694262938455,True,False,False,False,False,False,True,False,BTC,1h>5m,2024-06-25 23:05:00+00:00,0.0002,-1.060523042804482,H1,2
181191,181225,short,A,mss,5.0,-1.0,0.7923694262938455,True,False,False,False,False,False,True,False,BTC,1h>5m,2024-06-25 23:05:00+00:00,0.0002,-1.060523042804482,H1,2
181216,181225,short,A,retest,2.0,-1.0,0.5610599301248264,True,False,False,False,False,False,False,True,BTC,1h>5m,2024-06-26 01:10:00+00:00,0.0002,-1.085557474391549,H1,1
181216,181225,short,A,retest,3.0,-1.0,0.5610599301248264,True,False,False,False,False,False,False,True,BTC,1h>5m,2024-06-26 01:10:00+00:00,0.0002,-1.085557474391549,H1,1
181216,181225,short,A,retest,5.0,-1.0,0.5610599301248264,True,False,False,False,False,False,False,True,BTC,1h>5m,2024-06-26 01:10:00+00:00,0.0002,-1.085557474391549,H1,1
181724,181794,short,A,mss,2.0,-1.0,1.3946720032130522,True,False,False,False,False,False,False,True,BTC,1h>5m,2024-06-27 19:30:00+00:00,0.0002,-1.0493174423808191,H1,1
181724,181794,short,A,mss,3.0,-1.0,1.3946720032130522,True,False,False,False,False,False,False,True,BTC,1h>5m,2024-06-27 19:30:00+00:00,0.0002,-1.0493174423808191,H1,1
181724,181794,short,A,mss,5.0,-1.0,1.3946720032130522,True,False,False,False,False,False,False,True,BTC,1h>5m,2024-06-27 19:30:00+00:00,0.0002,-1.0493174423808191,H1,1
181725,181794,short,A,retest,2.0,-1.0,1.3497726400594867,True,False,False,False,False,False,False,False,BTC,1h>5m,2024-06-27 19:35:00+00:00,0.0002,-1.0509646098828913,H1,1
181725,181794,short,A,retest,3.0,-1.0,1.3497726400594867,True,False,False,False,False,False,False,False,BTC,1h>5m,2024-06-27 19:35:00+00:00,0.0002,-1.0509646098828913,H1,1
181725,181794,short,A,retest,5.0,-1.0,1.3497726400594867,True,False,False,False,False,False,False,False,BTC,1h>5m,2024-06-27 19:35:00+00:00,0.0002,-1.0509646098828913,H1,1
183096,183105,short,A,mss,2.0,2.0,1.6428077766850726,False,True,False,False,False,False,False,False,BTC,1h>5m,2024-07-02 13:50:00+00:00,0.0002,1.9356459878480088,H1,1
183096,183241,short,A,mss,3.0,3.0,1.6428077766850726,False,True,False,False,False,False,False,False,BTC,1h>5m,2024-07-02 13:50:00+00:00,0.0002,2.9358459878480088,H1,1
183096,183256,short,A,mss,5.0,5.0,1.6428077766850726,False,True,False,False,False,False,False,False,BTC,1h>5m,2024-07-02 13:50:00+00:00,0.0002,4.936245987848009,H1,1
185116,185404,long,V,mss,2.0,-0.24845455942487848,1.909465699822762,False,True,False,False,False,True,False,False,BTC,1h>5m,2024-07-09 14:10:00+00:00,0.0002,-0.2727140004490172,H1,2
185116,185404,long,V,mss,3.0,-0.24845455942487848,1.909465699822762,False,True,False,False,False,True,False,False,BTC,1h>5m,2024-07-09 14:10:00+00:00,0.0002,-0.2727140004490172,H1,2
185116,185404,long,V,mss,5.0,-0.24845455942487848,1.909465699822762,False,True,False,False,False,True,False,False,BTC,1h>5m,2024-07-09 14:10:00+00:00,0.0002,-0.2727140004490172,H1,2
185117,185283,long,V,retest,2.0,2.0,1.3254478530420148,False,True,True,False,False,True,False,False,BTC,1h>5m,2024-07-09 14:15:00+00:00,0.0002,1.9647560441404048,H1,2
185117,185404,long,V,retest,3.0,0.08269083339855188,1.3254478530420148,False,True,True,False,False,True,False,False,BTC,1h>5m,2024-07-09 14:15:00+00:00,0.0002,0.047830339372277014,H1,2
185117,185404,long,V,retest,5.0,0.08269083339855188,1.3254478530420148,False,True,True,False,False,True,False,False,BTC,1h>5m,2024-07-09 14:15:00+00:00,0.0002,0.047830339372277014,H1,2
185686,185974,short,A,mss,2.0,0.7364414826713166,2.4811718118200887,True,True,False,False,False,False,False,False,BTC,1h>5m,2024-07-11 13:40:00+00:00,0.0002,0.7179126424577972,H1,2
185686,185974,short,A,mss,3.0,0.7364414826713166,2.4811718118200887,True,True,False,False,False,False,False,False,BTC,1h>5m,2024-07-11 13:40:00+00:00,0.0002,0.7179126424577972,H1,2
185686,185974,short,A,mss,5.0,0.7364414826713166,2.4811718118200887,True,True,False,False,False,False,False,False,BTC,1h>5m,2024-07-11 13:40:00+00:00,0.0002,0.7179126424577972,H1,2
185687,185974,short,A,retest,2.0,0.8680982244977788,2.3063078820908514,True,True,False,False,False,False,False,False,BTC,1h>5m,2024-07-11 13:45:00+00:00,0.0002,0.848149366330699,H1,2
185687,185974,short,A,retest,3.0,0.8680982244977788,2.3063078820908514,True,True,False,False,False,False,False,False,BTC,1h>5m,2024-07-11 13:45:00+00:00,0.0002,0.848149366330699,H1,2
185687,185974,short,A,retest,5.0,0.8680982244977788,2.3063078820908514,True,True,False,False,False,False,False,False,BTC,1h>5m,2024-07-11 13:45:00+00:00,0.0002,0.848149366330699,H1,2
185533,185543,long,V,mss,2.0,2.0,0.645522418734044,False,False,True,False,False,True,False,False,BTC,1h>5m,2024-07-11 00:55:00+00:00,0.0002,1.9174028103581338,H1,1
185533,185561,long,V,mss,3.0,-1.0,0.645522418734044,False,False,True,False,False,True,False,False,BTC,1h>5m,2024-07-11 00:55:00+00:00,0.0002,-1.081997189641866,H1,1
185533,185561,long,V,mss,5.0,-1.0,0.645522418734044,False,False,True,False,False,True,False,False,BTC,1h>5m,2024-07-11 00:55:00+00:00,0.0002,-1.081997189641866,H1,1
185534,185543,long,V,retest,2.0,2.0,0.6320798922756546,False,False,True,False,False,True,False,False,BTC,1h>5m,2024-07-11 01:00:00+00:00,0.0002,1.9156632187346383,H1,1
185534,185561,long,V,retest,3.0,-1.0,0.6320798922756546,False,False,True,False,False,True,False,False,BTC,1h>5m,2024-07-11 01:00:00+00:00,0.0002,-1.0837367812653618,H1,1
185534,185561,long,V,retest,5.0,-1.0,0.6320798922756546,False,False,True,False,False,True,False,False,BTC,1h>5m,2024-07-11 01:00:00+00:00,0.0002,-1.0837367812653618,H1,1
185917,185934,long,V,mss,2.0,-1.0,1.1902862875590965,False,False,False,True,False,False,False,True,BTC,1h>5m,2024-07-12 08:55:00+00:00,0.0002,-1.045892195616166,H1,0
185917,185934,long,V,mss,3.0,-1.0,1.1902862875590965,False,False,False,True,False,False,False,True,BTC,1h>5m,2024-07-12 08:55:00+00:00,0.0002,-1.045892195616166,H1,0
185917,185934,long,V,mss,5.0,-1.0,1.1902862875590965,False,False,False,True,False,False,False,True,BTC,1h>5m,2024-07-12 08:55:00+00:00,0.0002,-1.045892195616166,H1,0
185918,185934,long,V,retest,2.0,-1.0,1.1818639540189724,False,False,False,True,False,False,False,False,BTC,1h>5m,2024-07-12 09:00:00+00:00,0.0002,-1.0462178125455521,H1,0
185918,185934,long,V,retest,3.0,-1.0,1.1818639540189724,False,False,False,True,False,False,False,False,BTC,1h>5m,2024-07-12 09:00:00+00:00,0.0002,-1.0462178125455521,H1,0
185918,185934,long,V,retest,5.0,-1.0,1.1818639540189724,False,False,False,True,False,False,False,False,BTC,1h>5m,2024-07-12 09:00:00+00:00,0.0002,-1.0462178125455521,H1,0
192407,192609,long,V,mss,2.0,-1.0,1.9048521215156975,True,False,True,False,False,False,False,False,BTC,1h>5m,2024-08-03 21:45:00+00:00,0.0002,-1.0262654214134916,H1,1
192407,192609,long,V,mss,3.0,-1.0,1.9048521215156975,True,False,True,False,False,False,False,False,BTC,1h>5m,2024-08-03 21:45:00+00:00,0.0002,-1.0262654214134916,H1,1
192407,192609,long,V,mss,5.0,-1.0,1.9048521215156975,True,False,True,False,False,False,False,False,BTC,1h>5m,2024-08-03 21:45:00+00:00,0.0002,-1.0262654214134916,H1,1
192408,192609,long,V,retest,2.0,-1.0,1.8454932518446792,True,False,True,False,False,False,False,False,BTC,1h>5m,2024-08-03 21:50:00+00:00,0.0002,-1.027103795626487,H1,1
192408,192609,long,V,retest,3.0,-1.0,1.8454932518446792,True,False,True,False,False,False,False,False,BTC,1h>5m,2024-08-03 21:50:00+00:00,0.0002,-1.027103795626487,H1,1
192408,192609,long,V,retest,5.0,-1.0,1.8454932518446792,True,False,True,False,False,False,False,False,BTC,1h>5m,2024-08-03 21:50:00+00:00,0.0002,-1.027103795626487,H1,1
187073,187146,long,V,mss,2.0,2.0,1.1625665860654448,True,False,False,True,False,False,False,False,BTC,1h>5m,2024-07-16 09:15:00+00:00,0.0002,1.9653884179090142,H1,1
187073,187243,long,V,mss,3.0,3.0,1.1625665860654448,True,False,False,True,False,False,False,False,BTC,1h>5m,2024-07-16 09:15:00+00:00,0.0002,2.965188417909014,H1,1
187073,187361,long,V,mss,5.0,3.001348457175589,1.1625665860654448,True,False,False,True,False,False,False,False,BTC,1h>5m,2024-07-16 09:15:00+00:00,0.0002,2.966536605393168,H1,1
187074,187146,long,V,retest,2.0,2.0,1.1615894651050704,True,False,False,True,False,False,False,False,BTC,1h>5m,2024-07-16 09:20:00+00:00,0.0002,1.9653599758418665,H1,1
187074,187243,long,V,retest,3.0,3.0,1.1615894651050704,True,False,False,True,False,False,False,False,BTC,1h>5m,2024-07-16 09:20:00+00:00,0.0002,2.9651599758418663,H1,1
187074,187361,long,V,retest,5.0,3.0047143636035667,1.1615894651050704,True,False,False,True,False,False,False,False,BTC,1h>5m,2024-07-16 09:20:00+00:00,0.0002,2.9698733965727127,H1,1
188285,188321,long,V,mss,2.0,2.0,1.2891206977840788,False,True,True,False,False,False,False,False,BTC,1h>5m,2024-07-20 14:15:00+00:00,0.0002,1.9184142892410108,H1,1
188285,188321,long,V,mss,3.0,3.0,1.2891206977840788,False,True,True,False,False,False,False,False,BTC,1h>5m,2024-07-20 14:15:00+00:00,0.0002,2.9182142892410106,H1,1
188285,188573,long,V,mss,5.0,1.3898210035140663,1.2891206977840788,False,True,True,False,False,False,False,False,BTC,1h>5m,2024-07-20 14:15:00+00:00,0.0002,1.3083573285543741,H1,1
188597,188604,short,A,mss,2.0,-1.0,1.655085093997177,True,True,False,False,False,False,False,False,BTC,1h>5m,2024-07-21 16:15:00+00:00,0.0002,-1.0556729612721627,H1,2
188597,188604,short,A,mss,3.0,-1.0,1.655085093997177,True,True,False,False,False,False,False,False,BTC,1h>5m,2024-07-21 16:15:00+00:00,0.0002,-1.0556729612721627,H1,2
188597,188604,short,A,mss,5.0,-1.0,1.655085093997177,True,True,False,False,False,False,False,False,BTC,1h>5m,2024-07-21 16:15:00+00:00,0.0002,-1.0556729612721627,H1,2
188599,188604,short,A,retest,2.0,-1.0,1.5660189021675888,True,True,False,False,False,False,False,False,BTC,1h>5m,2024-07-21 16:25:00+00:00,0.0002,-1.0588506955127046,H1,2
188599,188604,short,A,retest,3.0,-1.0,1.5660189021675888,True,True,False,False,False,False,False,False,BTC,1h>5m,2024-07-21 16:25:00+00:00,0.0002,-1.0588506955127046,H1,2
188599,188604,short,A,retest,5.0,-1.0,1.5660189021675888,True,True,False,False,False,False,False,False,BTC,1h>5m,2024-07-21 16:25:00+00:00,0.0002,-1.0588506955127046,H1,2
188573,188616,long,V,mss,2.0,-1.0,1.723398476298262,True,True,True,False,False,False,False,False,BTC,1h>5m,2024-07-21 14:15:00+00:00,0.0002,-1.0602464219049512,H1,2
188573,188616,long,V,mss,3.0,-1.0,1.723398476298262,True,True,True,False,False,False,False,False,BTC,1h>5m,2024-07-21 14:15:00+00:00,0.0002,-1.0602464219049512,H1,2
188573,188616,long,V,mss,5.0,-1.0,1.723398476298262,True,True,True,False,False,False,False,False,BTC,1h>5m,2024-07-21 14:15:00+00:00,0.0002,-1.0602464219049512,H1,2
188598,188606,long,V,retest,2.0,2.0,1.3812037021623838,True,True,False,False,False,False,False,True,BTC,1h>5m,2024-07-21 16:20:00+00:00,0.0002,1.9242770093823647,H1,2
188598,188616,long,V,retest,3.0,-1.0,1.3812037021623838,True,True,False,False,False,False,False,True,BTC,1h>5m,2024-07-21 16:20:00+00:00,0.0002,-1.0751229906176354,H1,2
188598,188616,long,V,retest,5.0,-1.0,1.3812037021623838,True,True,False,False,False,False,False,True,BTC,1h>5m,2024-07-21 16:20:00+00:00,0.0002,-1.0751229906176354,H1,2
189706,189729,short,A,mss,2.0,-1.0,1.050251108905531,False,True,False,False,False,False,False,False,BTC,1h>5m,2024-07-25 12:40:00+00:00,0.0002,-1.056706186078205,H1,1
189706,189729,short,A,mss,3.0,-1.0,1.050251108905531,False,True,False,False,False,False,False,False,BTC,1h>5m,2024-07-25 12:40:00+00:00,0.0002,-1.056706186078205,H1,1
189706,189729,short,A,mss,5.0,-1.0,1.050251108905531,False,True,False,False,False,False,False,False,BTC,1h>5m,2024-07-25 12:40:00+00:00,0.0002,-1.056706186078205,H1,1
189708,189729,short,A,retest,2.0,-1.0,0.7811876266521668,False,True,True,False,False,False,False,False,BTC,1h>5m,2024-07-25 12:50:00+00:00,0.0002,-1.0763063129434725,H1,1
189708,189729,short,A,retest,3.0,-1.0,0.7811876266521668,False,True,True,False,False,False,False,False,BTC,1h>5m,2024-07-25 12:50:00+00:00,0.0002,-1.0763063129434725,H1,1
189708,189729,short,A,retest,5.0,-1.0,0.7811876266521668,False,True,True,False,False,False,False,False,BTC,1h>5m,2024-07-25 12:50:00+00:00,0.0002,-1.0763063129434725,H1,1
190862,190870,long,V,mss,2.0,-1.0,1.2387618953375208,False,True,True,False,False,False,False,False,BTC,1h>5m,2024-07-29 13:00:00+00:00,0.0002,-1.0519305794113558,H1,1
190862,190870,long,V,mss,3.0,-1.0,1.2387618953375208,False,True,True,False,False,False,False,False,BTC,1h>5m,2024-07-29 13:00:00+00:00,0.0002,-1.0519305794113558,H1,1
190862,190870,long,V,mss,5.0,-1.0,1.2387618953375208,False,True,True,False,False,False,False,False,BTC,1h>5m,2024-07-29 13:00:00+00:00,0.0002,-1.0519305794113558,H1,1
190863,190870,long,V,retest,2.0,-1.0,1.050857618788435,False,True,True,False,False,False,False,False,BTC,1h>5m,2024-07-29 13:05:00+00:00,0.0002,-1.0611805452734893,H1,1
190863,190870,long,V,retest,3.0,-1.0,1.050857618788435,False,True,True,False,False,False,False,False,BTC,1h>5m,2024-07-29 13:05:00+00:00,0.0002,-1.0611805452734893,H1,1
190863,190870,long,V,retest,5.0,-1.0,1.050857618788435,False,True,True,False,False,False,False,False,BTC,1h>5m,2024-07-29 13:05:00+00:00,0.0002,-1.0611805452734893,H1,1
192033,192115,short,A,mss,2.0,2.0,2.262051983237764,False,True,True,False,False,False,False,False,BTC,1h>5m,2024-08-02 14:35:00+00:00,0.0002,1.9802530045160789,H1,1
192033,192321,short,A,mss,3.0,1.6992109035123915,2.262051983237764,False,True,True,False,False,False,False,False,BTC,1h>5m,2024-08-02 14:35:00+00:00,0.0002,1.679403750209173,H1,1
192033,192321,short,A,mss,5.0,1.6992109035123915,2.262051983237764,False,True,True,False,False,False,False,False,BTC,1h>5m,2024-08-02 14:35:00+00:00,0.0002,1.679403750209173,H1,1
192013,192034,long,V,mss,2.0,-1.0,1.4205867432750638,False,True,True,False,False,False,False,False,BTC,1h>5m,2024-08-02 12:55:00+00:00,0.0002,-1.0344724991146586,H1,1
192013,192034,long,V,mss,3.0,-1.0,1.4205867432750638,False,True,True,False,False,False,False,False,BTC,1h>5m,2024-08-02 12:55:00+00:00,0.0002,-1.0344724991146586,H1,1
192013,192034,long,V,mss,5.0,-1.0,1.4205867432750638,False,True,True,False,False,False,False,False,BTC,1h>5m,2024-08-02 12:55:00+00:00,0.0002,-1.0344724991146586,H1,1
192014,192034,long,V,retest,2.0,-1.0,1.3385908015668913,False,True,True,False,False,False,False,False,BTC,1h>5m,2024-08-02 13:00:00+00:00,0.0002,-1.036571875441098,H1,1
192014,192034,long,V,retest,3.0,-1.0,1.3385908015668913,False,True,True,False,False,False,False,False,BTC,1h>5m,2024-08-02 13:00:00+00:00,0.0002,-1.036571875441098,H1,1
192014,192034,long,V,retest,5.0,-1.0,1.3385908015668913,False,True,True,False,False,False,False,False,BTC,1h>5m,2024-08-02 13:00:00+00:00,0.0002,-1.036571875441098,H1,1
192239,192282,short,A,mss,2.0,-1.0,0.42482635517977585,False,False,False,True,False,False,False,True,BTC,1h>5m,2024-08-03 07:45:00+00:00,0.0002,-1.089835904986718,H1,0
192239,192282,short,A,mss,3.0,-1.0,0.42482635517977585,False,False,False,True,False,False,False,True,BTC,1h>5m,2024-08-03 07:45:00+00:00,0.0002,-1.089835904986718,H1,0
192239,192282,short,A,mss,5.0,-1.0,0.42482635517977585,False,False,False,True,False,False,False,True,BTC,1h>5m,2024-08-03 07:45:00+00:00,0.0002,-1.089835904986718,H1,0
192240,192282,short,A,retest,2.0,-1.0,0.360791793903234,False,False,False,True,False,False,False,False,BTC,1h>5m,2024-08-03 07:50:00+00:00,0.0002,-1.1058157852733166,H1,0
192240,192282,short,A,retest,3.0,-1.0,0.360791793903234,False,False,False,True,False,False,False,False,BTC,1h>5m,2024-08-03 07:50:00+00:00,0.0002,-1.1058157852733166,H1,0
192240,192282,short,A,retest,5.0,-1.0,0.360791793903234,False,False,False,True,False,False,False,False,BTC,1h>5m,2024-08-03 07:50:00+00:00,0.0002,-1.1058157852733166,H1,0
193760,193859,long,V,mss,2.0,2.0,2.1337846064867643,False,True,True,False,False,False,False,False,BTC,1h>5m,2024-08-08 14:30:00+00:00,0.0002,1.9850535252598058,H1,1
193760,194048,long,V,mss,3.0,0.9288492792771303,2.1337846064867643,False,True,True,False,False,False,False,False,BTC,1h>5m,2024-08-08 14:30:00+00:00,0.0002,0.9141170346810807,H1,1
193760,194048,long,V,mss,5.0,0.9288492792771303,2.1337846064867643,False,True,True,False,False,False,False,False,BTC,1h>5m,2024-08-08 14:30:00+00:00,0.0002,0.9141170346810807,H1,1
193761,193859,long,V,retest,2.0,2.0,2.1172975358811637,False,True,True,False,False,False,False,False,BTC,1h>5m,2024-08-08 14:35:00+00:00,0.0002,1.9849433688344997,H1,1
193761,194048,long,V,retest,3.0,0.9438689322621648,2.1172975358811637,False,True,True,False,False,False,False,False,BTC,1h>5m,2024-08-08 14:35:00+00:00,0.0002,0.9290235273102122,H1,1
193761,194048,long,V,retest,5.0,0.9438689322621648,2.1172975358811637,False,True,True,False,False,False,False,False,BTC,1h>5m,2024-08-08 14:35:00+00:00,0.0002,0.9290235273102122,H1,1
194048,194166,short,A,mss,2.0,-1.0,2.5184560045696114,False,True,True,False,False,False,False,False,BTC,1h>5m,2024-08-09 14:30:00+00:00,0.0002,-1.0172938259597388,H1,1
194048,194166,short,A,mss,3.0,-1.0,2.5184560045696114,False,True,True,False,False,False,False,False,BTC,1h>5m,2024-08-09 14:30:00+00:00,0.0002,-1.0172938259597388,H1,1
194048,194166,short,A,mss,5.0,-1.0,2.5184560045696114,False,True,True,False,False,False,False,False,BTC,1h>5m,2024-08-09 14:30:00+00:00,0.0002,-1.0172938259597388,H1,1
194050,194166,short,A,retest,2.0,-1.0,2.4385237254730416,False,True,False,False,False,False,False,False,BTC,1h>5m,2024-08-09 14:40:00+00:00,0.0002,-1.0178672554344959,H1,1
194050,194166,short,A,retest,3.0,-1.0,2.4385237254730416,False,True,False,False,False,False,False,False,BTC,1h>5m,2024-08-09 14:40:00+00:00,0.0002,-1.0178672554344959,H1,1
194050,194166,short,A,retest,5.0,-1.0,2.4385237254730416,False,True,False,False,False,False,False,False,BTC,1h>5m,2024-08-09 14:40:00+00:00,0.0002,-1.0178672554344959,H1,1
195177,195225,long,V,mss,2.0,2.0,1.4484039846825485,True,True,False,True,False,True,False,True,BTC,1h>5m,2024-08-13 12:35:00+00:00,0.0002,1.96562066333566,H1,3
195177,195229,long,V,mss,3.0,3.0,1.4484039846825485,True,True,False,True,False,True,False,True,BTC,1h>5m,2024-08-13 12:35:00+00:00,0.0002,2.96542066333566,H1,3
195177,195465,long,V,mss,5.0,3.186217458358536,1.4484039846825485,True,True,False,True,False,True,False,True,BTC,1h>5m,2024-08-13 12:35:00+00:00,0.0002,3.151600878202524,H1,3
195178,195225,long,V,retest,2.0,2.0,1.2498928848780233,True,True,False,True,False,True,True,False,BTC,1h>5m,2024-08-13 12:40:00+00:00,0.0002,1.960287509484964,H1,4
195178,195227,long,V,retest,3.0,3.0,1.2498928848780233,True,True,False,True,False,True,True,False,BTC,1h>5m,2024-08-13 12:40:00+00:00,0.0002,2.960087509484964,H1,4
195178,195465,long,V,retest,5.0,3.8510829374197724,1.2498928848780233,True,True,False,True,False,True,True,False,BTC,1h>5m,2024-08-13 12:40:00+00:00,0.0002,3.8110002303172528,H1,4
200687,200796,long,V,mss,2.0,-1.0,2.723531224480373,True,True,True,False,False,False,False,True,BTC,1h>5m,2024-09-01 15:45:00+00:00,0.0002,-1.020330951244535,H1,2
200687,200796,long,V,mss,3.0,-1.0,2.723531224480373,True,True,True,False,False,False,False,True,BTC,1h>5m,2024-09-01 15:45:00+00:00,0.0002,-1.020330951244535,H1,2
200687,200796,long,V,mss,5.0,-1.0,2.723531224480373,True,True,True,False,False,False,False,True,BTC,1h>5m,2024-09-01 15:45:00+00:00,0.0002,-1.020330951244535,H1,2
200688,200796,long,V,retest,2.0,-1.0,2.4622786158063064,True,True,True,False,False,False,False,False,BTC,1h>5m,2024-09-01 15:50:00+00:00,0.0002,-1.0224668848037854,H1,2
200688,200796,long,V,retest,3.0,-1.0,2.4622786158063064,True,True,True,False,False,False,False,False,BTC,1h>5m,2024-09-01 15:50:00+00:00,0.0002,-1.0224668848037854,H1,2
200688,200796,long,V,retest,5.0,-1.0,2.4622786158063064,True,True,True,False,False,False,False,False,BTC,1h>5m,2024-09-01 15:50:00+00:00,0.0002,-1.0224668848037854,H1,2
196402,196473,short,A,mss,2.0,-1.0,1.8510632172088979,True,False,False,False,False,False,True,True,BTC,1h>5m,2024-08-17 18:40:00+00:00,0.0002,-1.0617103910907482,H1,2
196402,196473,short,A,mss,3.0,-1.0,1.8510632172088979,True,False,False,False,False,False,True,True,BTC,1h>5m,2024-08-17 18:40:00+00:00,0.0002,-1.0617103910907482,H1,2
196402,196473,short,A,mss,5.0,-1.0,1.8510632172088979,True,False,False,False,False,False,True,True,BTC,1h>5m,2024-08-17 18:40:00+00:00,0.0002,-1.0617103910907482,H1,2
196404,196473,short,A,retest,2.0,-1.0,1.641895282359245,True,False,True,False,False,False,False,False,BTC,1h>5m,2024-08-17 18:50:00+00:00,0.0002,-1.0695974157928223,H1,1
196404,196473,short,A,retest,3.0,-1.0,1.641895282359245,True,False,True,False,False,False,False,False,BTC,1h>5m,2024-08-17 18:50:00+00:00,0.0002,-1.0695974157928223,H1,1
196404,196473,short,A,retest,5.0,-1.0,1.641895282359245,True,False,True,False,False,False,False,False,BTC,1h>5m,2024-08-17 18:50:00+00:00,0.0002,-1.0695974157928223,H1,1
196871,196913,short,A,mss,2.0,-1.0,1.586443281374458,False,False,True,True,False,False,False,True,BTC,1h>5m,2024-08-19 09:45:00+00:00,0.0002,-1.0419382963082493,H1,0
196871,196913,short,A,mss,3.0,-1.0,1.586443281374458,False,False,True,True,False,False,False,True,BTC,1h>5m,2024-08-19 09:45:00+00:00,0.0002,-1.0419382963082493,H1,0
196871,196913,short,A,mss,5.0,-1.0,1.586443281374458,False,False,True,True,False,False,False,True,BTC,1h>5m,2024-08-19 09:45:00+00:00,0.0002,-1.0419382963082493,H1,0
196897,196913,short,A,retest,2.0,-1.0,1.040021617931521,False,False,False,True,False,False,False,True,BTC,1h>5m,2024-08-19 11:55:00+00:00,0.0002,-1.0640775264611757,H1,0
196897,196913,short,A,retest,3.0,-1.0,1.040021617931521,False,False,False,True,False,False,False,True,BTC,1h>5m,2024-08-19 11:55:00+00:00,0.0002,-1.0640775264611757,H1,0
196897,196913,short,A,retest,5.0,-1.0,1.040021617931521,False,False,False,True,False,False,False,True,BTC,1h>5m,2024-08-19 11:55:00+00:00,0.0002,-1.0640775264611757,H1,0
196920,196964,short,A,mss,2.0,-1.0,1.8366752276359386,True,True,False,False,False,False,False,False,BTC,1h>5m,2024-08-19 13:50:00+00:00,0.0002,-1.0315249036794605,H1,2
196920,196964,short,A,mss,3.0,-1.0,1.8366752276359386,True,True,False,False,False,False,False,False,BTC,1h>5m,2024-08-19 13:50:00+00:00,0.0002,-1.0315249036794605,H1,2
196920,196964,short,A,mss,5.0,-1.0,1.8366752276359386,True,True,False,False,False,False,False,False,BTC,1h>5m,2024-08-19 13:50:00+00:00,0.0002,-1.0315249036794605,H1,2
196921,196964,short,A,retest,2.0,-1.0,1.7873097154065754,True,True,False,False,False,False,False,False,BTC,1h>5m,2024-08-19 13:55:00+00:00,0.0002,-1.0324011458366333,H1,2
196921,196964,short,A,retest,3.0,-1.0,1.7873097154065754,True,True,False,False,False,False,False,False,BTC,1h>5m,2024-08-19 13:55:00+00:00,0.0002,-1.0324011458366333,H1,2
196921,196964,short,A,retest,5.0,-1.0,1.7873097154065754,True,True,False,False,False,False,False,False,BTC,1h>5m,2024-08-19 13:55:00+00:00,0.0002,-1.0324011458366333,H1,2
197353,197550,long,V,mss,2.0,2.0,0.9774430322175903,False,False,False,False,False,True,False,False,BTC,1h>5m,2024-08-21 01:55:00+00:00,0.0002,1.9530725822275294,H1,1
197353,197556,long,V,mss,3.0,3.0,0.9774430322175903,False,False,False,False,False,True,False,False,BTC,1h>5m,2024-08-21 01:55:00+00:00,0.0002,2.9528725822275295,H1,1
197353,197641,long,V,mss,5.0,3.312910296731063,0.9774430322175903,False,False,False,False,False,True,False,False,BTC,1h>5m,2024-08-21 01:55:00+00:00,0.0002,3.265720296899246,H1,1
197354,197550,long,V,retest,2.0,2.0,0.9743360722436685,False,False,False,False,False,True,False,False,BTC,1h>5m,2024-08-21 02:00:00+00:00,0.0002,1.95292549125471,H1,1
197354,197556,long,V,retest,3.0,3.0,0.9743360722436685,False,False,False,False,False,True,False,False,BTC,1h>5m,2024-08-21 02:00:00+00:00,0.0002,2.95272549125471,H1,1
197354,197571,long,V,retest,5.0,5.0,0.9743360722436685,False,False,False,False,False,True,False,False,BTC,1h>5m,2024-08-21 02:00:00+00:00,0.0002,4.95232549125471,H1,1
197500,197560,long,V,retest,2.0,2.0,2.3370294412142125,False,True,False,False,False,False,False,False,BTC,1h>5m,2024-08-21 14:10:00+00:00,0.0002,1.9682464683667686,H1,1
197500,197787,long,V,retest,3.0,1.1695554892012665,2.3370294412142125,False,True,False,False,False,False,False,False,BTC,1h>5m,2024-08-21 14:10:00+00:00,0.0002,1.137968046470195,H1,1
197500,197787,long,V,retest,5.0,1.1695554892012665,2.3370294412142125,False,True,False,False,False,False,False,False,BTC,1h>5m,2024-08-21 14:10:00+00:00,0.0002,1.137968046470195,H1,1
198391,198453,long,V,mss,2.0,-1.0,1.6035191353832206,False,True,False,False,False,True,False,False,BTC,1h>5m,2024-08-24 16:25:00+00:00,0.0002,-1.0605504006617814,H1,2
198391,198453,long,V,mss,3.0,-1.0,1.6035191353832206,False,True,False,False,False,True,False,False,BTC,1h>5m,2024-08-24 16:25:00+00:00,0.0002,-1.0605504006617814,H1,2
198391,198453,long,V,mss,5.0,-1.0,1.6035191353832206,False,True,False,False,False,True,False,False,BTC,1h>5m,2024-08-24 16:25:00+00:00,0.0002,-1.0605504006617814,H1,2
198395,198453,long,V,retest,2.0,-1.0,1.0289732675598195,False,True,False,False,False,True,False,False,BTC,1h>5m,2024-08-24 16:45:00+00:00,0.0002,-1.0942481403551962,H1,2
198395,198453,long,V,retest,3.0,-1.0,1.0289732675598195,False,True,False,False,False,True,False,False,BTC,1h>5m,2024-08-24 16:45:00+00:00,0.0002,-1.0942481403551962,H1,2
198395,198453,long,V,retest,5.0,-1.0,1.0289732675598195,False,True,False,False,False,True,False,False,BTC,1h>5m,2024-08-24 16:45:00+00:00,0.0002,-1.0942481403551962,H1,2
201067,201098,short,A,mss,2.0,-1.0,0.8856506082618533,True,False,True,False,False,False,False,False,BTC,1h>5m,2024-09-02 23:25:00+00:00,0.0002,-1.0684257171210285,H1,1
201067,201098,short,A,mss,3.0,-1.0,0.8856506082618533,True,False,True,False,False,False,False,False,BTC,1h>5m,2024-09-02 23:25:00+00:00,0.0002,-1.0684257171210285,H1,1
201067,201098,short,A,mss,5.0,-1.0,0.8856506082618533,True,False,True,False,False,False,False,False,BTC,1h>5m,2024-09-02 23:25:00+00:00,0.0002,-1.0684257171210285,H1,1
201068,201098,short,A,retest,2.0,-1.0,0.8543080496543313,True,False,True,False,False,False,False,False,BTC,1h>5m,2024-09-02 23:30:00+00:00,0.0002,-1.0709434337242132,H1,1
201068,201098,short,A,retest,3.0,-1.0,0.8543080496543313,True,False,True,False,False,False,False,False,BTC,1h>5m,2024-09-02 23:30:00+00:00,0.0002,-1.0709434337242132,H1,1
201068,201098,short,A,retest,5.0,-1.0,0.8543080496543313,True,False,True,False,False,False,False,False,BTC,1h>5m,2024-09-02 23:30:00+00:00,0.0002,-1.0709434337242132,H1,1
202088,202107,long,V,mss,2.0,-1.0,1.9586933226594563,True,True,False,False,False,False,False,False,BTC,1h>5m,2024-09-06 12:30:00+00:00,0.0002,-1.0287505881007457,H1,2
202088,202107,long,V,mss,3.0,-1.0,1.9586933226594563,True,True,False,False,False,False,False,False,BTC,1h>5m,2024-09-06 12:30:00+00:00,0.0002,-1.0287505881007457,H1,2
202088,202107,long,V,mss,5.0,-1.0,1.9586933226594563,True,True,False,False,False,False,False,False,BTC,1h>5m,2024-09-06 12:30:00+00:00,0.0002,-1.0287505881007457,H1,2
202102,202107,long,V,retest,2.0,-1.0,1.1419975481177476,True,True,False,False,False,False,True,False,BTC,1h>5m,2024-09-06 13:40:00+00:00,0.0002,-1.0491684468789817,H1,3
202102,202107,long,V,retest,3.0,-1.0,1.1419975481177476,True,True,False,False,False,False,True,False,BTC,1h>5m,2024-09-06 13:40:00+00:00,0.0002,-1.0491684468789817,H1,3
202102,202107,long,V,retest,5.0,-1.0,1.1419975481177476,True,True,False,False,False,False,True,False,BTC,1h>5m,2024-09-06 13:40:00+00:00,0.0002,-1.0491684468789817,H1,3
203247,203309,short,A,mss,2.0,-1.0,1.7033041273823968,True,True,True,False,False,True,False,False,BTC,1h>5m,2024-09-10 13:05:00+00:00,0.0002,-1.0409580683850643,H1,3
203247,203309,short,A,mss,3.0,-1.0,1.7033041273823968,True,True,True,False,False,True,False,False,BTC,1h>5m,2024-09-10 13:05:00+00:00,0.0002,-1.0409580683850643,H1,3
203247,203309,short,A,mss,5.0,-1.0,1.7033041273823968,True,True,True,False,False,True,False,False,BTC,1h>5m,2024-09-10 13:05:00+00:00,0.0002,-1.0409580683850643,H1,3
203259,203309,short,A,retest,2.0,-1.0,1.4086093306588592,True,True,False,False,False,True,False,True,BTC,1h>5m,2024-09-10 14:05:00+00:00,0.0002,-1.0495687373138276,H1,3
203259,203309,short,A,retest,3.0,-1.0,1.4086093306588592,True,True,False,False,False,True,False,True,BTC,1h>5m,2024-09-10 14:05:00+00:00,0.0002,-1.0495687373138276,H1,3
203259,203309,short,A,retest,5.0,-1.0,1.4086093306588592,True,True,False,False,False,True,False,True,BTC,1h>5m,2024-09-10 14:05:00+00:00,0.0002,-1.0495687373138276,H1,3
203263,203429,long,V,mss,2.0,-1.0,1.5034573083464444,False,True,True,False,False,True,False,False,BTC,1h>5m,2024-09-10 14:25:00+00:00,0.0002,-1.043150055180765,H1,2
203263,203429,long,V,mss,3.0,-1.0,1.5034573083464444,False,True,True,False,False,True,False,False,BTC,1h>5m,2024-09-10 14:25:00+00:00,0.0002,-1.043150055180765,H1,2
203263,203429,long,V,mss,5.0,-1.0,1.5034573083464444,False,True,True,False,False,True,False,False,BTC,1h>5m,2024-09-10 14:25:00+00:00,0.0002,-1.043150055180765,H1,2
203264,203329,long,V,retest,2.0,2.0,1.4865648025839135,False,True,True,False,False,True,False,False,BTC,1h>5m,2024-09-10 14:30:00+00:00,0.0002,1.9557618839870528,H1,2
203264,203429,long,V,retest,3.0,-1.0,1.4865648025839135,False,True,True,False,False,True,False,False,BTC,1h>5m,2024-09-10 14:30:00+00:00,0.0002,-1.0436381160129473,H1,2
203264,203429,long,V,retest,5.0,-1.0,1.4865648025839135,False,True,True,False,False,True,False,False,BTC,1h>5m,2024-09-10 14:30:00+00:00,0.0002,-1.0436381160129473,H1,2
203603,203689,short,A,mss,2.0,-1.0,0.6510472430882003,True,False,True,False,False,True,False,False,BTC,1h>5m,2024-09-11 18:45:00+00:00,0.0002,-1.0588296419891217,H1,2
203603,203689,short,A,mss,3.0,-1.0,0.6510472430882003,True,False,True,False,False,True,False,False,BTC,1h>5m,2024-09-11 18:45:00+00:00,0.0002,-1.0588296419891217,H1,2
203603,203689,short,A,mss,5.0,-1.0,0.6510472430882003,True,False,True,False,False,True,False,False,BTC,1h>5m,2024-09-11 18:45:00+00:00,0.0002,-1.0588296419891217,H1,2
203612,203689,short,A,retest,2.0,-1.0,0.6311508077380036,True,False,False,False,False,True,False,False,BTC,1h>5m,2024-09-11 19:30:00+00:00,0.0002,-1.060690495910534,H1,2
203612,203689,short,A,retest,3.0,-1.0,0.6311508077380036,True,False,False,False,False,True,False,False,BTC,1h>5m,2024-09-11 19:30:00+00:00,0.0002,-1.060690495910534,H1,2
203612,203689,short,A,retest,5.0,-1.0,0.6311508077380036,True,False,False,False,False,True,False,False,BTC,1h>5m,2024-09-11 19:30:00+00:00,0.0002,-1.060690495910534,H1,2
205031,205224,long,V,mss,2.0,2.0,1.3133591904258672,True,True,False,False,False,False,False,True,BTC,1h>5m,2024-09-16 17:45:00+00:00,0.0002,1.9540000984106842,H1,2
205031,205276,long,V,mss,3.0,3.0,1.3133591904258672,True,True,False,False,False,False,False,True,BTC,1h>5m,2024-09-16 17:45:00+00:00,0.0002,2.9538000984106842,H1,2
205031,205286,long,V,mss,5.0,5.0,1.3133591904258672,True,True,False,False,False,False,False,True,BTC,1h>5m,2024-09-16 17:45:00+00:00,0.0002,4.953400098410684,H1,2
205036,205176,long,V,retest,2.0,2.0,1.0891106967582767,True,False,False,False,False,False,False,False,BTC,1h>5m,2024-09-16 18:10:00+00:00,0.0002,1.9446934137224363,H1,1
205036,205232,long,V,retest,3.0,3.0,1.0891106967582767,True,False,False,False,False,False,False,False,BTC,1h>5m,2024-09-16 18:10:00+00:00,0.0002,2.9444934137224363,H1,1
205036,205278,long,V,retest,5.0,5.0,1.0891106967582767,True,False,False,False,False,False,False,False,BTC,1h>5m,2024-09-16 18:10:00+00:00,0.0002,4.944093413722436,H1,1
204361,204371,long,V,mss,2.0,-1.0,0.7734393946370451,True,False,True,True,False,False,False,False,BTC,1h>5m,2024-09-14 09:55:00+00:00,0.0002,-1.1110624143313197,H1,1
204361,204371,long,V,mss,3.0,-1.0,0.7734393946370451,True,False,True,True,False,False,False,False,BTC,1h>5m,2024-09-14 09:55:00+00:00,0.0002,-1.1110624143313197,H1,1
204361,204371,long,V,mss,5.0,-1.0,0.7734393946370451,True,False,True,True,False,False,False,False,BTC,1h>5m,2024-09-14 09:55:00+00:00,0.0002,-1.1110624143313197,H1,1
204362,204371,long,V,retest,2.0,-1.0,0.6785674816963454,True,False,True,True,False,False,False,False,BTC,1h>5m,2024-09-14 10:00:00+00:00,0.0002,-1.1265623161163911,H1,1
204362,204371,long,V,retest,3.0,-1.0,0.6785674816963454,True,False,True,True,False,False,False,False,BTC,1h>5m,2024-09-14 10:00:00+00:00,0.0002,-1.1265623161163911,H1,1
204362,204371,long,V,retest,5.0,-1.0,0.6785674816963454,True,False,True,True,False,False,False,False,BTC,1h>5m,2024-09-14 10:00:00+00:00,0.0002,-1.1265623161163911,H1,1
204702,204710,short,A,retest,2.0,-1.0,2.51054327989173,True,True,True,False,False,False,False,False,BTC,1h>5m,2024-09-15 14:20:00+00:00,0.0002,-1.0658508193335225,H1,2
204702,204710,short,A,retest,3.0,-1.0,2.51054327989173,True,True,True,False,False,False,False,False,BTC,1h>5m,2024-09-15 14:20:00+00:00,0.0002,-1.0658508193335225,H1,2
204702,204710,short,A,retest,5.0,-1.0,2.51054327989173,True,True,True,False,False,False,False,False,BTC,1h>5m,2024-09-15 14:20:00+00:00,0.0002,-1.0658508193335225,H1,2
204709,204735,long,V,mss,2.0,-1.0,2.861713338173809,True,True,False,False,False,False,False,False,BTC,1h>5m,2024-09-15 14:55:00+00:00,0.0002,-1.0576696420936569,H1,2
204709,204735,long,V,mss,3.0,-1.0,2.861713338173809,True,True,False,False,False,False,False,False,BTC,1h>5m,2024-09-15 14:55:00+00:00,0.0002,-1.0576696420936569,H1,2
204709,204735,long,V,mss,5.0,-1.0,2.861713338173809,True,True,False,False,False,False,False,False,BTC,1h>5m,2024-09-15 14:55:00+00:00,0.0002,-1.0576696420936569,H1,2
204712,204735,long,V,retest,2.0,-1.0,2.521596773877042,True,True,False,False,False,False,False,False,BTC,1h>5m,2024-09-15 15:10:00+00:00,0.0002,-1.0654212292715728,H1,2
204712,204735,long,V,retest,3.0,-1.0,2.521596773877042,True,True,False,False,False,False,False,False,BTC,1h>5m,2024-09-15 15:10:00+00:00,0.0002,-1.0654212292715728,H1,2
204712,204735,long,V,retest,5.0,-1.0,2.521596773877042,True,True,False,False,False,False,False,False,BTC,1h>5m,2024-09-15 15:10:00+00:00,0.0002,-1.0654212292715728,H1,2
205636,205677,short,A,mss,2.0,-1.0,2.943242445012146,True,False,False,False,False,False,False,False,BTC,1h>5m,2024-09-18 20:10:00+00:00,0.0002,-1.0143456280321885,H1,1
205636,205677,short,A,mss,3.0,-1.0,2.943242445012146,True,False,False,False,False,False,False,False,BTC,1h>5m,2024-09-18 20:10:00+00:00,0.0002,-1.0143456280321885,H1,1
205636,205677,short,A,mss,5.0,-1.0,2.943242445012146,True,False,False,False,False,False,False,False,BTC,1h>5m,2024-09-18 20:10:00+00:00,0.0002,-1.0143456280321885,H1,1
205637,205677,short,A,retest,2.0,-1.0,2.7678520780110887,True,False,True,False,False,False,False,False,BTC,1h>5m,2024-09-18 20:15:00+00:00,0.0002,-1.0152673402360644,H1,1
205637,205677,short,A,retest,3.0,-1.0,2.7678520780110887,True,False,True,False,False,False,False,False,BTC,1h>5m,2024-09-18 20:15:00+00:00,0.0002,-1.0152673402360644,H1,1
205637,205677,short,A,retest,5.0,-1.0,2.7678520780110887,True,False,True,False,False,False,False,False,BTC,1h>5m,2024-09-18 20:15:00+00:00,0.0002,-1.0152673402360644,H1,1
205429,205512,long,V,mss,2.0,-1.0,0.8356440326444534,False,False,False,False,False,False,False,True,BTC,1h>5m,2024-09-18 02:55:00+00:00,0.0002,-1.0476225580966243,H1,0
205429,205512,long,V,mss,3.0,-1.0,0.8356440326444534,False,False,False,False,False,False,False,True,BTC,1h>5m,2024-09-18 02:55:00+00:00,0.0002,-1.0476225580966243,H1,0
205429,205512,long,V,mss,5.0,-1.0,0.8356440326444534,False,False,False,False,False,False,False,True,BTC,1h>5m,2024-09-18 02:55:00+00:00,0.0002,-1.0476225580966243,H1,0
205452,205512,long,V,retest,2.0,-1.0,0.8058468662130898,False,False,False,False,False,False,False,True,BTC,1h>5m,2024-09-18 04:50:00+00:00,0.0002,-1.049376064768241,H1,0
205452,205512,long,V,retest,3.0,-1.0,0.8058468662130898,False,False,False,False,False,False,False,True,BTC,1h>5m,2024-09-18 04:50:00+00:00,0.0002,-1.049376064768241,H1,0
205452,205512,long,V,retest,5.0,-1.0,0.8058468662130898,False,False,False,False,False,False,False,True,BTC,1h>5m,2024-09-18 04:50:00+00:00,0.0002,-1.049376064768241,H1,0
205491,205516,short,A,mss,2.0,2.0,0.7163146985999768,False,False,False,True,False,False,False,True,BTC,1h>5m,2024-09-18 08:05:00+00:00,0.0002,1.9205791843675974,H1,0
205491,205561,short,A,mss,3.0,3.0,0.7163146985999768,False,False,False,True,False,False,False,True,BTC,1h>5m,2024-09-18 08:05:00+00:00,0.0002,2.920779184367597,H1,0
205491,205610,short,A,mss,5.0,-1.0,0.7163146985999768,False,False,False,True,False,False,False,True,BTC,1h>5m,2024-09-18 08:05:00+00:00,0.0002,-1.0800208156324027,H1,0
208559,208847,long,V,mss,2.0,-0.310220229192746,2.077931504939051,True,False,False,False,False,False,False,True,BTC,1h>5m,2024-09-28 23:45:00+00:00,0.0002,-0.37701375511976365,H1,1
208559,208847,long,V,mss,3.0,-0.310220229192746,2.077931504939051,True,False,False,False,False,False,False,True,BTC,1h>5m,2024-09-28 23:45:00+00:00,0.0002,-0.37701375511976365,H1,1
208559,208847,long,V,mss,5.0,-0.310220229192746,2.077931504939051,True,False,False,False,False,False,False,True,BTC,1h>5m,2024-09-28 23:45:00+00:00,0.0002,-0.37701375511976365,H1,1
208570,208855,long,V,retest,2.0,-1.0,1.8025567871316814,True,False,False,False,False,False,False,True,BTC,1h>5m,2024-09-29 00:40:00+00:00,0.0002,-1.0768079179924286,H1,1
208570,208855,long,V,retest,3.0,-1.0,1.8025567871316814,True,False,False,False,False,False,False,True,BTC,1h>5m,2024-09-29 00:40:00+00:00,0.0002,-1.0768079179924286,H1,1
208570,208855,long,V,retest,5.0,-1.0,1.8025567871316814,True,False,False,False,False,False,False,True,BTC,1h>5m,2024-09-29 00:40:00+00:00,0.0002,-1.0768079179924286,H1,1
210174,210200,short,A,mss,2.0,-1.0,2.6542227329258745,True,True,True,False,False,True,False,False,BTC,1h>5m,2024-10-04 14:20:00+00:00,0.0002,-1.0255920716243005,H1,3
210174,210200,short,A,mss,3.0,-1.0,2.6542227329258745,True,True,True,False,False,True,False,False,BTC,1h>5m,2024-10-04 14:20:00+00:00,0.0002,-1.0255920716243005,H1,3
210174,210200,short,A,mss,5.0,-1.0,2.6542227329258745,True,True,True,False,False,True,False,False,BTC,1h>5m,2024-10-04 14:20:00+00:00,0.0002,-1.0255920716243005,H1,3
210179,210200,short,A,retest,2.0,-1.0,2.238025981500357,True,True,False,False,False,True,False,False,BTC,1h>5m,2024-10-04 14:45:00+00:00,0.0002,-1.0303885201513958,H1,3
210179,210200,short,A,retest,3.0,-1.0,2.238025981500357,True,True,False,False,False,True,False,False,BTC,1h>5m,2024-10-04 14:45:00+00:00,0.0002,-1.0303885201513958,H1,3
210179,210200,short,A,retest,5.0,-1.0,2.238025981500357,True,True,False,False,False,True,False,False,BTC,1h>5m,2024-10-04 14:45:00+00:00,0.0002,-1.0303885201513958,H1,3
211624,211660,long,V,mss,2.0,-1.0,2.0987843074950163,True,True,False,False,False,False,False,False,BTC,1h>5m,2024-10-09 15:10:00+00:00,0.0002,-1.0468472598868643,H2,2
211624,211660,long,V,mss,3.0,-1.0,2.0987843074950163,True,True,False,False,False,False,False,False,BTC,1h>5m,2024-10-09 15:10:00+00:00,0.0002,-1.0468472598868643,H2,2
211624,211660,long,V,mss,5.0,-1.0,2.0987843074950163,True,True,False,False,False,False,False,False,BTC,1h>5m,2024-10-09 15:10:00+00:00,0.0002,-1.0468472598868643,H2,2
211625,211660,long,V,retest,2.0,-1.0,1.8793752163279878,True,True,False,False,False,False,False,False,BTC,1h>5m,2024-10-09 15:15:00+00:00,0.0002,-1.052293129773989,H2,2
211625,211660,long,V,retest,3.0,-1.0,1.8793752163279878,True,True,False,False,False,False,False,False,BTC,1h>5m,2024-10-09 15:15:00+00:00,0.0002,-1.052293129773989,H2,2
211625,211660,long,V,retest,5.0,-1.0,1.8793752163279878,True,True,False,False,False,False,False,False,BTC,1h>5m,2024-10-09 15:15:00+00:00,0.0002,-1.052293129773989,H2,2
211749,211933,long,V,mss,2.0,-1.0,0.9880443901192234,False,False,False,False,False,False,False,False,BTC,1h>5m,2024-10-10 01:35:00+00:00,0.0002,-1.0562399527510975,H2,0
211749,211933,long,V,mss,3.0,-1.0,0.9880443901192234,False,False,False,False,False,False,False,False,BTC,1h>5m,2024-10-10 01:35:00+00:00,0.0002,-1.0562399527510975,H2,0
211749,211933,long,V,mss,5.0,-1.0,0.9880443901192234,False,False,False,False,False,False,False,False,BTC,1h>5m,2024-10-10 01:35:00+00:00,0.0002,-1.0562399527510975,H2,0
211756,211933,long,V,retest,2.0,-1.0,0.893398337910199,False,False,False,False,False,False,False,False,BTC,1h>5m,2024-10-10 02:10:00+00:00,0.0002,-1.0621767897350103,H2,0
211756,211933,long,V,retest,3.0,-1.0,0.893398337910199,False,False,False,False,False,False,False,False,BTC,1h>5m,2024-10-10 02:10:00+00:00,0.0002,-1.0621767897350103,H2,0
211756,211933,long,V,retest,5.0,-1.0,0.893398337910199,False,False,False,False,False,False,False,False,BTC,1h>5m,2024-10-10 02:10:00+00:00,0.0002,-1.0621767897350103,H2,0
385637,385925,long,V,mss,2.0,-0.20275848848644032,1.605550183740565,True,False,True,False,False,False,False,False,BTC,1h>5m,2026-06-05 20:15:00+00:00,0.0002,-0.2157390301051023,H2,1
385637,385925,long,V,mss,3.0,-0.20275848848644032,1.605550183740565,True,False,True,False,False,False,False,False,BTC,1h>5m,2026-06-05 20:15:00+00:00,0.0002,-0.2157390301051023,H2,1
385637,385925,long,V,mss,5.0,-0.20275848848644032,1.605550183740565,True,False,True,False,False,False,False,False,BTC,1h>5m,2026-06-05 20:15:00+00:00,0.0002,-0.2157390301051023,H2,1
385638,385925,long,V,retest,2.0,-0.19684883407690928,1.5937364092910682,True,False,True,False,False,False,False,False,BTC,1h>5m,2026-06-05 20:20:00+00:00,0.0002,-0.2099241130907547,H2,1
385638,385925,long,V,retest,3.0,-0.19684883407690928,1.5937364092910682,True,False,True,False,False,False,False,False,BTC,1h>5m,2026-06-05 20:20:00+00:00,0.0002,-0.2099241130907547,H2,1
385638,385925,long,V,retest,5.0,-0.19684883407690928,1.5937364092910682,True,False,True,False,False,False,False,False,BTC,1h>5m,2026-06-05 20:20:00+00:00,0.0002,-0.2099241130907547,H2,1
212450,212482,short,A,mss,2.0,-1.0,1.744524422320893,True,True,False,True,False,True,False,False,BTC,1h>5m,2024-10-12 12:00:00+00:00,0.0002,-1.0572412192379683,H2,3
212450,212482,short,A,mss,3.0,-1.0,1.744524422320893,True,True,False,True,False,True,False,False,BTC,1h>5m,2024-10-12 12:00:00+00:00,0.0002,-1.0572412192379683,H2,3
212450,212482,short,A,mss,5.0,-1.0,1.744524422320893,True,True,False,True,False,True,False,False,BTC,1h>5m,2024-10-12 12:00:00+00:00,0.0002,-1.0572412192379683,H2,3
212451,212482,short,A,retest,2.0,-1.0,1.3881593460983626,True,True,False,True,False,True,False,False,BTC,1h>5m,2024-10-12 12:05:00+00:00,0.0002,-1.0719873969945695,H2,3
212451,212482,short,A,retest,3.0,-1.0,1.3881593460983626,True,True,False,True,False,True,False,False,BTC,1h>5m,2024-10-12 12:05:00+00:00,0.0002,-1.0719873969945695,H2,3
212451,212482,short,A,retest,5.0,-1.0,1.3881593460983626,True,True,False,True,False,True,False,False,BTC,1h>5m,2024-10-12 12:05:00+00:00,0.0002,-1.0719873969945695,H2,3
213769,213802,long,V,mss,2.0,-1.0,1.066280585754739,False,False,False,False,False,False,False,False,BTC,1h>5m,2024-10-17 01:55:00+00:00,0.0002,-1.0542995325617142,H2,0
213769,213802,long,V,mss,3.0,-1.0,1.066280585754739,False,False,False,False,False,False,False,False,BTC,1h>5m,2024-10-17 01:55:00+00:00,0.0002,-1.0542995325617142,H2,0
213769,213802,long,V,mss,5.0,-1.0,1.066280585754739,False,False,False,False,False,False,False,False,BTC,1h>5m,2024-10-17 01:55:00+00:00,0.0002,-1.0542995325617142,H2,0
213770,213802,long,V,retest,2.0,-1.0,0.9250966348600824,False,False,False,False,False,False,False,False,BTC,1h>5m,2024-10-17 02:00:00+00:00,0.0002,-1.0625559519029997,H2,0
213770,213802,long,V,retest,3.0,-1.0,0.9250966348600824,False,False,False,False,False,False,False,False,BTC,1h>5m,2024-10-17 02:00:00+00:00,0.0002,-1.0625559519029997,H2,0
213770,213802,long,V,retest,5.0,-1.0,0.9250966348600824,False,False,False,False,False,False,False,False,BTC,1h>5m,2024-10-17 02:00:00+00:00,0.0002,-1.0625559519029997,H2,0
215019,215049,long,V,mss,2.0,-1.0,0.907385616065235,True,False,True,True,False,True,True,False,BTC,1h>5m,2024-10-21 10:05:00+00:00,0.0002,-1.0762741314453985,H2,3
215019,215049,long,V,mss,3.0,-1.0,0.907385616065235,True,False,True,True,False,True,True,False,BTC,1h>5m,2024-10-21 10:05:00+00:00,0.0002,-1.0762741314453985,H2,3
215019,215049,long,V,mss,5.0,-1.0,0.907385616065235,True,False,True,True,False,True,True,False,BTC,1h>5m,2024-10-21 10:05:00+00:00,0.0002,-1.0762741314453985,H2,3
215021,215049,long,V,retest,2.0,-1.0,0.800969329305919,True,False,False,True,False,True,False,False,BTC,1h>5m,2024-10-21 10:15:00+00:00,0.0002,-1.0863812932188395,H2,2
215021,215049,long,V,retest,3.0,-1.0,0.800969329305919,True,False,False,True,False,True,False,False,BTC,1h>5m,2024-10-21 10:15:00+00:00,0.0002,-1.0863812932188395,H2,2
215021,215049,long,V,retest,5.0,-1.0,0.800969329305919,True,False,False,True,False,True,False,False,BTC,1h>5m,2024-10-21 10:15:00+00:00,0.0002,-1.0863812932188395,H2,2
215135,215191,long,V,mss,2.0,-1.0,1.701294165506344,True,False,False,False,False,False,False,False,BTC,1h>5m,2024-10-21 19:45:00+00:00,0.0002,-1.0366837822527373,H2,1
215135,215191,long,V,mss,3.0,-1.0,1.701294165506344,True,False,False,False,False,False,False,False,BTC,1h>5m,2024-10-21 19:45:00+00:00,0.0002,-1.0366837822527373,H2,1
215135,215191,long,V,mss,5.0,-1.0,1.701294165506344,True,False,False,False,False,False,False,False,BTC,1h>5m,2024-10-21 19:45:00+00:00,0.0002,-1.0366837822527373,H2,1
215140,215191,long,V,retest,2.0,-1.0,1.49080127134481,True,False,False,False,False,False,False,False,BTC,1h>5m,2024-10-21 20:10:00+00:00,0.0002,-1.041835090521619,H2,1
215140,215191,long,V,retest,3.0,-1.0,1.49080127134481,True,False,False,False,False,False,False,False,BTC,1h>5m,2024-10-21 20:10:00+00:00,0.0002,-1.041835090521619,H2,1
215140,215191,long,V,retest,5.0,-1.0,1.49080127134481,True,False,False,False,False,False,False,False,BTC,1h>5m,2024-10-21 20:10:00+00:00,0.0002,-1.041835090521619,H2,1
215464,215503,short,A,mss,2.0,2.0,0.6102758980239047,True,False,False,False,False,True,True,False,BTC,1h>5m,2024-10-22 23:10:00+00:00,0.0002,1.8929720600981885,H2,3
215464,215566,short,A,mss,3.0,3.0,0.6102758980239047,True,False,False,False,False,True,True,False,BTC,1h>5m,2024-10-22 23:10:00+00:00,0.0002,2.8931720600981885,H2,3
215464,215583,short,A,mss,5.0,5.0,0.6102758980239047,True,False,False,False,False,True,True,False,BTC,1h>5m,2024-10-22 23:10:00+00:00,0.0002,4.8935720600981885,H2,3
215465,215503,short,A,retest,2.0,2.0,0.6070508235025088,True,False,True,False,False,True,True,False,BTC,1h>5m,2024-10-22 23:15:00+00:00,0.0002,1.8923992033814057,H2,3
215465,215566,short,A,retest,3.0,3.0,0.6070508235025088,True,False,True,False,False,True,True,False,BTC,1h>5m,2024-10-22 23:15:00+00:00,0.0002,2.8925992033814056,H2,3
215465,215583,short,A,retest,5.0,5.0,0.6070508235025088,True,False,True,False,False,True,True,False,BTC,1h>5m,2024-10-22 23:15:00+00:00,0.0002,4.892999203381406,H2,3
219195,219390,long,V,mss,2.0,2.0,1.5354396335625409,True,False,True,False,False,True,False,False,BTC,1h>5m,2024-11-04 22:05:00+00:00,0.0002,1.9669342557941853,H2,2
219195,219395,long,V,mss,3.0,3.0,1.5354396335625409,True,False,True,False,False,True,False,False,BTC,1h>5m,2024-11-04 22:05:00+00:00,0.0002,2.9667342557941856,H2,2
219195,219483,long,V,mss,5.0,1.7561650328691578,1.5354396335625409,True,False,True,False,False,True,False,False,BTC,1h>5m,2024-11-04 22:05:00+00:00,0.0002,1.7231480556567693,H2,2
219196,219390,long,V,retest,2.0,2.0,1.509466433074709,True,False,False,False,False,True,False,False,BTC,1h>5m,2024-11-04 22:10:00+00:00,0.0002,1.9663790631613558,H2,2
219196,219395,long,V,retest,3.0,3.0,1.509466433074709,True,False,False,False,False,True,False,False,BTC,1h>5m,2024-11-04 22:10:00+00:00,0.0002,2.9661790631613556,H2,2
219196,219483,long,V,retest,5.0,1.8035900205387707,1.509466433074709,True,False,False,False,False,True,False,False,BTC,1h>5m,2024-11-04 22:10:00+00:00,0.0002,1.7700083656960186,H2,2
218832,219120,long,V,mss,2.0,0.7372486750404954,1.76566722705204,True,True,True,False,False,False,True,False,BTC,1h>5m,2024-11-03 15:50:00+00:00,0.0002,0.7000354051117503,H2,3
218832,219120,long,V,mss,3.0,0.7372486750404954,1.76566722705204,True,True,True,False,False,False,True,False,BTC,1h>5m,2024-11-03 15:50:00+00:00,0.0002,0.7000354051117503,H2,3
218832,219120,long,V,mss,5.0,0.7372486750404954,1.76566722705204,True,True,True,False,False,False,True,False,BTC,1h>5m,2024-11-03 15:50:00+00:00,0.0002,0.7000354051117503,H2,3
218833,219120,long,V,retest,2.0,0.7562202918117411,1.746593559509671,True,True,True,False,False,False,True,False,BTC,1h>5m,2024-11-03 15:55:00+00:00,0.0002,0.7186028186260717,H2,3
218833,219120,long,V,retest,3.0,0.7562202918117411,1.746593559509671,True,True,True,False,False,False,True,False,BTC,1h>5m,2024-11-03 15:55:00+00:00,0.0002,0.7186028186260717,H2,3
218833,219120,long,V,retest,5.0,0.7562202918117411,1.746593559509671,True,True,True,False,False,False,True,False,BTC,1h>5m,2024-11-03 15:55:00+00:00,0.0002,0.7186028186260717,H2,3
217365,217391,long,V,mss,2.0,2.0,1.0912105455208942,False,True,False,False,False,False,False,False,BTC,1h>5m,2024-10-29 13:35:00+00:00,0.0002,1.937718577285596,H2,1
217365,217403,long,V,mss,3.0,3.0,1.0912105455208942,False,True,False,False,False,False,False,False,BTC,1h>5m,2024-10-29 13:35:00+00:00,0.0002,2.937518577285596,H2,1
217365,217653,long,V,mss,5.0,0.5375329810095194,1.0912105455208942,False,True,False,False,False,False,False,False,BTC,1h>5m,2024-10-29 13:35:00+00:00,0.0002,0.47554405169891356,H2,1
217588,217631,long,V,mss,2.0,-1.0,0.84524462130098,False,False,False,True,False,False,False,False,BTC,1h>5m,2024-10-30 08:10:00+00:00,0.0002,-1.071119093889336,H2,0
217588,217631,long,V,mss,3.0,-1.0,0.84524462130098,False,False,False,True,False,False,False,False,BTC,1h>5m,2024-10-30 08:10:00+00:00,0.0002,-1.071119093889336,H2,0
217588,217631,long,V,mss,5.0,-1.0,0.84524462130098,False,False,False,True,False,False,False,False,BTC,1h>5m,2024-10-30 08:10:00+00:00,0.0002,-1.071119093889336,H2,0
217590,217631,long,V,retest,2.0,-1.0,0.7345317673610662,False,False,True,True,False,False,False,False,BTC,1h>5m,2024-10-30 08:20:00+00:00,0.0002,-1.0818084277373865,H2,0
217590,217631,long,V,retest,3.0,-1.0,0.7345317673610662,False,False,True,True,False,False,False,False,BTC,1h>5m,2024-10-30 08:20:00+00:00,0.0002,-1.0818084277373865,H2,0
217590,217631,long,V,retest,5.0,-1.0,0.7345317673610662,False,False,True,True,False,False,False,False,BTC,1h>5m,2024-10-30 08:20:00+00:00,0.0002,-1.0818084277373865,H2,0
217866,217908,long,V,mss,2.0,2.0,0.42662800699674225,False,False,False,True,False,False,False,False,BTC,1h>5m,2024-10-31 07:20:00+00:00,0.0002,1.83853881933558,H2,0
217866,217925,long,V,mss,3.0,-1.0,0.42662800699674225,False,False,False,True,False,False,False,False,BTC,1h>5m,2024-10-31 07:20:00+00:00,0.0002,-1.1608611806644198,H2,0
217866,217925,long,V,mss,5.0,-1.0,0.42662800699674225,False,False,False,True,False,False,False,False,BTC,1h>5m,2024-10-31 07:20:00+00:00,0.0002,-1.1608611806644198,H2,0
217867,217907,long,V,retest,2.0,2.0,0.4201198811707017,False,False,False,True,False,False,False,False,BTC,1h>5m,2024-10-31 07:25:00+00:00,0.0002,1.8360499983442702,H2,0
217867,217925,long,V,retest,3.0,-1.0,0.4201198811707017,False,False,False,True,False,False,False,False,BTC,1h>5m,2024-10-31 07:25:00+00:00,0.0002,-1.1633500016557297,H2,0
217867,217925,long,V,retest,5.0,-1.0,0.4201198811707017,False,False,False,True,False,False,False,False,BTC,1h>5m,2024-10-31 07:25:00+00:00,0.0002,-1.1633500016557297,H2,0
217922,217945,short,A,mss,2.0,2.0,1.5628274902478514,True,True,False,True,False,False,False,False,BTC,1h>5m,2024-10-31 12:00:00+00:00,0.0002,1.942425528342293,H2,2
217922,217955,short,A,mss,3.0,3.0,1.5628274902478514,True,True,False,True,False,False,False,False,BTC,1h>5m,2024-10-31 12:00:00+00:00,0.0002,2.942625528342293,H2,2
217922,218029,short,A,mss,5.0,5.0,1.5628274902478514,True,True,False,True,False,False,False,False,BTC,1h>5m,2024-10-31 12:00:00+00:00,0.0002,4.943025528342293,H2,2
217923,217945,short,A,retest,2.0,2.0,1.5228015890264768,True,True,False,True,False,False,False,False,BTC,1h>5m,2024-10-31 12:05:00+00:00,0.0002,1.9408911913326272,H2,2
217923,217947,short,A,retest,3.0,3.0,1.5228015890264768,True,True,False,True,False,False,False,False,BTC,1h>5m,2024-10-31 12:05:00+00:00,0.0002,2.941091191332627,H2,2
217923,218027,short,A,retest,5.0,5.0,1.5228015890264768,True,True,False,True,False,False,False,False,BTC,1h>5m,2024-10-31 12:05:00+00:00,0.0002,4.941491191332627,H2,2
218767,218806,long,V,mss,2.0,-1.0,1.0945473476084764,False,False,False,True,False,False,False,False,BTC,1h>5m,2024-11-03 10:25:00+00:00,0.0002,-1.073585684293298,H2,0
218767,218806,long,V,mss,3.0,-1.0,1.0945473476084764,False,False,False,True,False,False,False,False,BTC,1h>5m,2024-11-03 10:25:00+00:00,0.0002,-1.073585684293298,H2,0
218767,218806,long,V,mss,5.0,-1.0,1.0945473476084764,False,False,False,True,False,False,False,False,BTC,1h>5m,2024-11-03 10:25:00+00:00,0.0002,-1.073585684293298,H2,0
218768,218806,long,V,retest,2.0,-1.0,0.9879174203862126,False,False,False,True,False,False,False,False,BTC,1h>5m,2024-11-03 10:30:00+00:00,0.0002,-1.081506498334912,H2,0
218768,218806,long,V,retest,3.0,-1.0,0.9879174203862126,False,False,False,True,False,False,False,False,BTC,1h>5m,2024-11-03 10:30:00+00:00,0.0002,-1.081506498334912,H2,0
218768,218806,long,V,retest,5.0,-1.0,0.9879174203862126,False,False,False,True,False,False,False,False,BTC,1h>5m,2024-11-03 10:30:00+00:00,0.0002,-1.081506498334912,H2,0
220173,220258,long,V,mss,2.0,-1.0,0.9094873510908874,False,False,False,True,False,False,False,False,BTC,1h>5m,2024-11-08 07:35:00+00:00,0.0002,-1.0658526865747244,H2,0
220173,220258,long,V,mss,3.0,-1.0,0.9094873510908874,False,False,False,True,False,False,False,False,BTC,1h>5m,2024-11-08 07:35:00+00:00,0.0002,-1.0658526865747244,H2,0
220173,220258,long,V,mss,5.0,-1.0,0.9094873510908874,False,False,False,True,False,False,False,False,BTC,1h>5m,2024-11-08 07:35:00+00:00,0.0002,-1.0658526865747244,H2,0
220178,220258,long,V,retest,2.0,-1.0,0.6625648648458428,False,False,False,True,False,False,False,False,BTC,1h>5m,2024-11-08 08:00:00+00:00,0.0002,-1.0903199130423844,H2,0
220178,220258,long,V,retest,3.0,-1.0,0.6625648648458428,False,False,False,True,False,False,False,False,BTC,1h>5m,2024-11-08 08:00:00+00:00,0.0002,-1.0903199130423844,H2,0
220178,220258,long,V,retest,5.0,-1.0,0.6625648648458428,False,False,False,True,False,False,False,False,BTC,1h>5m,2024-11-08 08:00:00+00:00,0.0002,-1.0903199130423844,H2,0
220605,220647,short,A,mss,2.0,-1.0,2.186114135486084,True,False,False,False,False,False,False,False,BTC,1h>5m,2024-11-09 19:35:00+00:00,0.0002,-1.0577808741366104,H2,1
220605,220647,short,A,mss,3.0,-1.0,2.186114135486084,True,False,False,False,False,False,False,False,BTC,1h>5m,2024-11-09 19:35:00+00:00,0.0002,-1.0577808741366104,H2,1
220605,220647,short,A,mss,5.0,-1.0,2.186114135486084,True,False,False,False,False,False,False,False,BTC,1h>5m,2024-11-09 19:35:00+00:00,0.0002,-1.0577808741366104,H2,1
220608,220647,short,A,retest,2.0,-1.0,2.1192356150398246,True,False,False,False,False,False,False,False,BTC,1h>5m,2024-11-09 19:50:00+00:00,0.0002,-1.0596106258871558,H2,1
220608,220647,short,A,retest,3.0,-1.0,2.1192356150398246,True,False,False,False,False,False,False,False,BTC,1h>5m,2024-11-09 19:50:00+00:00,0.0002,-1.0596106258871558,H2,1
220608,220647,short,A,retest,5.0,-1.0,2.1192356150398246,True,False,False,False,False,False,False,False,BTC,1h>5m,2024-11-09 19:50:00+00:00,0.0002,-1.0596106258871558,H2,1
222195,222207,short,A,mss,2.0,-1.0,1.0989208968920214,False,False,False,True,False,True,False,False,BTC,1h>5m,2024-11-15 08:05:00+00:00,0.0002,-1.0339958145877746,H2,1
222195,222207,short,A,mss,3.0,-1.0,1.0989208968920214,False,False,False,True,False,True,False,False,BTC,1h>5m,2024-11-15 08:05:00+00:00,0.0002,-1.0339958145877746,H2,1
222195,222207,short,A,mss,5.0,-1.0,1.0989208968920214,False,False,False,True,False,True,False,False,BTC,1h>5m,2024-11-15 08:05:00+00:00,0.0002,-1.0339958145877746,H2,1
222197,222207,short,A,retest,2.0,-1.0,0.8764375707314619,False,False,True,True,False,True,False,False,BTC,1h>5m,2024-11-15 08:15:00+00:00,0.0002,-1.0426764084193563,H2,1
222197,222207,short,A,retest,3.0,-1.0,0.8764375707314619,False,False,True,True,False,True,False,False,BTC,1h>5m,2024-11-15 08:15:00+00:00,0.0002,-1.0426764084193563,H2,1
222197,222207,short,A,retest,5.0,-1.0,0.8764375707314619,False,False,True,True,False,True,False,False,BTC,1h>5m,2024-11-15 08:15:00+00:00,0.0002,-1.0426764084193563,H2,1
222207,222244,long,V,mss,2.0,2.0,1.185734503557169,False,False,False,True,False,False,False,False,BTC,1h>5m,2024-11-15 09:05:00+00:00,0.0002,1.9677442086657053,H2,0
222207,222361,long,V,mss,3.0,3.0,1.185734503557169,False,False,False,True,False,False,False,False,BTC,1h>5m,2024-11-15 09:05:00+00:00,0.0002,2.9675442086657053,H2,0
222207,222495,long,V,mss,5.0,2.5729980261192575,1.185734503557169,False,False,False,True,False,False,False,False,BTC,1h>5m,2024-11-15 09:05:00+00:00,0.0002,2.540627635179739,H2,0
222208,222244,long,V,retest,2.0,2.0,1.1161737950176478,False,False,False,True,False,False,False,False,BTC,1h>5m,2024-11-15 09:10:00+00:00,0.0002,1.9657838623982584,H2,0
222208,222360,long,V,retest,3.0,3.0,1.1161737950176478,False,False,False,True,False,False,False,False,BTC,1h>5m,2024-11-15 09:10:00+00:00,0.0002,2.9655838623982587,H2,0
222208,222495,long,V,retest,5.0,2.79566968837884,1.1161737950176478,False,False,False,True,False,False,False,False,BTC,1h>5m,2024-11-15 09:10:00+00:00,0.0002,2.7612944168394224,H2,0
222437,222450,short,A,mss,2.0,-1.0,0.7177551500614164,False,False,False,False,False,False,False,True,BTC,1h>5m,2024-11-16 04:15:00+00:00,0.0002,-1.0561185106957787,H2,0
222437,222450,short,A,mss,3.0,-1.0,0.7177551500614164,False,False,False,False,False,False,False,True,BTC,1h>5m,2024-11-16 04:15:00+00:00,0.0002,-1.0561185106957787,H2,0
222437,222450,short,A,mss,5.0,-1.0,0.7177551500614164,False,False,False,False,False,False,False,True,BTC,1h>5m,2024-11-16 04:15:00+00:00,0.0002,-1.0561185106957787,H2,0
222438,222450,short,A,retest,2.0,-1.0,0.6852977816391141,False,False,False,False,False,False,False,False,BTC,1h>5m,2024-11-16 04:20:00+00:00,0.0002,-1.0587858922335915,H2,0
222438,222450,short,A,retest,3.0,-1.0,0.6852977816391141,False,False,False,False,False,False,False,False,BTC,1h>5m,2024-11-16 04:20:00+00:00,0.0002,-1.0587858922335915,H2,0
222438,222450,short,A,retest,5.0,-1.0,0.6852977816391141,False,False,False,False,False,False,False,False,BTC,1h>5m,2024-11-16 04:20:00+00:00,0.0002,-1.0587858922335915,H2,0
239266,239439,long,V,mss,2.0,2.0,2.263771609187913,True,True,False,False,False,False,False,False,BTC,1h>5m,2025-01-13 14:40:00+00:00,0.0002,1.9816561064464133,H2,2
239266,239496,long,V,mss,3.0,3.0,2.263771609187913,True,True,False,False,False,False,False,False,BTC,1h>5m,2025-01-13 14:40:00+00:00,0.0002,2.9814561064464136,H2,2
239266,239554,long,V,mss,5.0,2.7385748850798652,2.263771609187913,True,True,False,False,False,False,False,False,BTC,1h>5m,2025-01-13 14:40:00+00:00,0.0002,2.7200832765492624,H2,2
239267,239392,long,V,retest,2.0,2.0,2.1150142219579395,True,True,False,False,False,False,False,False,BTC,1h>5m,2025-01-13 14:45:00+00:00,0.0002,1.9804221744284733,H2,2
239267,239494,long,V,retest,3.0,3.0,2.1150142219579395,True,True,False,False,False,False,False,False,BTC,1h>5m,2025-01-13 14:45:00+00:00,0.0002,2.9802221744284734,H2,2
239267,239554,long,V,retest,5.0,3.0015237702903113,2.1150142219579395,True,True,False,False,False,False,False,False,BTC,1h>5m,2025-01-13 14:45:00+00:00,0.0002,2.9817456399647266,H2,2
239247,239264,long,V,mss,2.0,-1.0,1.3186258463035843,True,True,True,False,False,True,False,False,BTC,1h>5m,2025-01-13 13:05:00+00:00,0.0002,-1.0321453783685877,H2,3
239247,239264,long,V,mss,3.0,-1.0,1.3186258463035843,True,True,True,False,False,True,False,False,BTC,1h>5m,2025-01-13 13:05:00+00:00,0.0002,-1.0321453783685877,H2,3
239247,239264,long,V,mss,5.0,-1.0,1.3186258463035843,True,True,True,False,False,True,False,False,BTC,1h>5m,2025-01-13 13:05:00+00:00,0.0002,-1.0321453783685877,H2,3
239248,239264,long,V,retest,2.0,-1.0,1.2717462105933308,True,True,False,False,False,True,False,False,BTC,1h>5m,2025-01-13 13:10:00+00:00,0.0002,-1.0333229621412547,H2,3
239248,239264,long,V,retest,3.0,-1.0,1.2717462105933308,True,True,False,False,False,True,False,False,BTC,1h>5m,2025-01-13 13:10:00+00:00,0.0002,-1.0333229621412547,H2,3
239248,239264,long,V,retest,5.0,-1.0,1.2717462105933308,True,True,False,False,False,True,False,False,BTC,1h>5m,2025-01-13 13:10:00+00:00,0.0002,-1.0333229621412547,H2,3
226346,226634,short,A,mss,2.0,0.03402071378263651,2.665185185185205,True,False,False,False,False,False,False,True,BTC,1h>5m,2024-11-29 18:00:00+00:00,0.0002,0.011648294057203919,H2,1
226346,226634,short,A,mss,3.0,0.03402071378263651,2.665185185185205,True,False,False,False,False,False,False,True,BTC,1h>5m,2024-11-29 18:00:00+00:00,0.0002,0.011648294057203919,H2,1
226346,226634,short,A,mss,5.0,0.03402071378263651,2.665185185185205,True,False,False,False,False,False,False,True,BTC,1h>5m,2024-11-29 18:00:00+00:00,0.0002,0.011648294057203919,H2,1
226347,226634,short,A,retest,2.0,0.03674397874545493,2.6581844158698913,True,False,False,False,False,False,False,False,BTC,1h>5m,2024-11-29 18:05:00+00:00,0.0002,0.014312110810769902,H2,1
226347,226634,short,A,retest,3.0,0.03674397874545493,2.6581844158698913,True,False,False,False,False,False,False,False,BTC,1h>5m,2024-11-29 18:05:00+00:00,0.0002,0.014312110810769902,H2,1
226347,226634,short,A,retest,5.0,0.03674397874545493,2.6581844158698913,True,False,False,False,False,False,False,False,BTC,1h>5m,2024-11-29 18:05:00+00:00,0.0002,0.014312110810769902,H2,1
225352,225403,short,A,mss,2.0,2.0,1.0656856188729276,True,False,False,True,False,False,False,False,BTC,1h>5m,2024-11-26 07:10:00+00:00,0.0002,1.9650219525031818,H2,1
225352,225640,short,A,mss,3.0,0.6097721003695392,1.0656856188729276,True,False,False,True,False,False,False,False,BTC,1h>5m,2024-11-26 07:10:00+00:00,0.0002,0.5745160072927948,H2,1
225352,225640,short,A,mss,5.0,0.6097721003695392,1.0656856188729276,True,False,False,True,False,False,False,False,BTC,1h>5m,2024-11-26 07:10:00+00:00,0.0002,0.5745160072927948,H2,1
225485,225729,short,A,mss,2.0,-1.0,2.0280364175972334,False,False,False,False,False,False,False,True,BTC,1h>5m,2024-11-26 18:15:00+00:00,0.0002,-1.0173684326508416,H2,0
225485,225729,short,A,mss,3.0,-1.0,2.0280364175972334,False,False,False,False,False,False,False,True,BTC,1h>5m,2024-11-26 18:15:00+00:00,0.0002,-1.0173684326508416,H2,0
225485,225729,short,A,mss,5.0,-1.0,2.0280364175972334,False,False,False,False,False,False,False,True,BTC,1h>5m,2024-11-26 18:15:00+00:00,0.0002,-1.0173684326508416,H2,0
225486,225729,short,A,retest,2.0,-1.0,1.8997190016800838,False,False,False,False,False,False,False,False,BTC,1h>5m,2024-11-26 18:20:00+00:00,0.0002,-1.0185551007198965,H2,0
225486,225729,short,A,retest,3.0,-1.0,1.8997190016800838,False,False,False,False,False,False,False,False,BTC,1h>5m,2024-11-26 18:20:00+00:00,0.0002,-1.0185551007198965,H2,0
225486,225729,short,A,retest,5.0,-1.0,1.8997190016800838,False,False,False,False,False,False,False,False,BTC,1h>5m,2024-11-26 18:20:00+00:00,0.0002,-1.0185551007198965,H2,0
227153,227182,long,V,mss,2.0,2.0,1.1650513361787738,True,True,False,False,False,False,False,False,BTC,1h>5m,2024-12-02 13:15:00+00:00,0.0002,1.9524185137899415,H2,2
227153,227209,long,V,mss,3.0,-1.0,1.1650513361787738,True,True,False,False,False,False,False,False,BTC,1h>5m,2024-12-02 13:15:00+00:00,0.0002,-1.0469814862100586,H2,2
227153,227209,long,V,mss,5.0,-1.0,1.1650513361787738,True,True,False,False,False,False,False,False,BTC,1h>5m,2024-12-02 13:15:00+00:00,0.0002,-1.0469814862100586,H2,2
226942,226967,short,A,mss,2.0,-1.0,1.3523074531571209,True,False,False,False,False,False,False,True,BTC,1h>5m,2024-12-01 19:40:00+00:00,0.0002,-1.0763657322531759,H2,1
226942,226967,short,A,mss,3.0,-1.0,1.3523074531571209,True,False,False,False,False,False,False,True,BTC,1h>5m,2024-12-01 19:40:00+00:00,0.0002,-1.0763657322531759,H2,1
226942,226967,short,A,mss,5.0,-1.0,1.3523074531571209,True,False,False,False,False,False,False,True,BTC,1h>5m,2024-12-01 19:40:00+00:00,0.0002,-1.0763657322531759,H2,1
226943,226967,short,A,retest,2.0,-1.0,1.3212292514994985,True,False,False,False,False,False,False,False,BTC,1h>5m,2024-12-01 19:45:00+00:00,0.0002,-1.0781667257327914,H2,1
226943,226967,short,A,retest,3.0,-1.0,1.3212292514994985,True,False,False,False,False,False,False,False,BTC,1h>5m,2024-12-01 19:45:00+00:00,0.0002,-1.0781667257327914,H2,1
226943,226967,short,A,retest,5.0,-1.0,1.3212292514994985,True,False,False,False,False,False,False,False,BTC,1h>5m,2024-12-01 19:45:00+00:00,0.0002,-1.0781667257327914,H2,1
227010,227038,long,V,mss,2.0,-1.0,1.9000693761924345,False,False,False,False,False,False,False,True,BTC,1h>5m,2024-12-02 01:20:00+00:00,0.0002,-1.046135108582285,H2,0
227010,227038,long,V,mss,3.0,-1.0,1.9000693761924345,False,False,False,False,False,False,False,True,BTC,1h>5m,2024-12-02 01:20:00+00:00,0.0002,-1.046135108582285,H2,0
227010,227038,long,V,mss,5.0,-1.0,1.9000693761924345,False,False,False,False,False,False,False,True,BTC,1h>5m,2024-12-02 01:20:00+00:00,0.0002,-1.046135108582285,H2,0
227013,227038,long,V,retest,2.0,-1.0,1.6191439748704064,False,False,False,False,False,False,False,False,BTC,1h>5m,2024-12-02 01:35:00+00:00,0.0002,-1.0541049611794155,H2,0
227013,227038,long,V,retest,3.0,-1.0,1.6191439748704064,False,False,False,False,False,False,False,False,BTC,1h>5m,2024-12-02 01:35:00+00:00,0.0002,-1.0541049611794155,H2,0
227013,227038,long,V,retest,5.0,-1.0,1.6191439748704064,False,False,False,False,False,False,False,False,BTC,1h>5m,2024-12-02 01:35:00+00:00,0.0002,-1.0541049611794155,H2,0
228776,228887,short,A,mss,2.0,-1.0,1.2409537694305954,False,False,False,False,False,True,False,True,BTC,1h>5m,2024-12-08 04:30:00+00:00,0.0002,-1.0673668759785195,H2,1
228776,228887,short,A,mss,3.0,-1.0,1.2409537694305954,False,False,False,False,False,True,False,True,BTC,1h>5m,2024-12-08 04:30:00+00:00,0.0002,-1.0673668759785195,H2,1
228776,228887,short,A,mss,5.0,-1.0,1.2409537694305954,False,False,False,False,False,True,False,True,BTC,1h>5m,2024-12-08 04:30:00+00:00,0.0002,-1.0673668759785195,H2,1
228777,228887,short,A,retest,2.0,-1.0,1.229087609920895,False,False,False,False,False,True,False,False,BTC,1h>5m,2024-12-08 04:35:00+00:00,0.0002,-1.0680191967093295,H2,1
228777,228887,short,A,retest,3.0,-1.0,1.229087609920895,False,False,False,False,False,True,False,False,BTC,1h>5m,2024-12-08 04:35:00+00:00,0.0002,-1.0680191967093295,H2,1
228777,228887,short,A,retest,5.0,-1.0,1.229087609920895,False,False,False,False,False,True,False,False,BTC,1h>5m,2024-12-08 04:35:00+00:00,0.0002,-1.0680191967093295,H2,1
231813,231833,long,V,mss,2.0,-1.0,1.6914854658020202,False,True,True,False,False,False,False,True,BTC,1h>5m,2024-12-18 17:35:00+00:00,0.0002,-1.0306602420369253,H2,1
231813,231833,long,V,mss,3.0,-1.0,1.6914854658020202,False,True,True,False,False,False,False,True,BTC,1h>5m,2024-12-18 17:35:00+00:00,0.0002,-1.0306602420369253,H2,1
231813,231833,long,V,mss,5.0,-1.0,1.6914854658020202,False,True,True,False,False,False,False,True,BTC,1h>5m,2024-12-18 17:35:00+00:00,0.0002,-1.0306602420369253,H2,1
231814,231833,long,V,retest,2.0,-1.0,1.5102581928724395,False,True,False,False,False,False,False,False,BTC,1h>5m,2024-12-18 17:40:00+00:00,0.0002,-1.0343153962504097,H2,1
231814,231833,long,V,retest,3.0,-1.0,1.5102581928724395,False,True,False,False,False,False,False,False,BTC,1h>5m,2024-12-18 17:40:00+00:00,0.0002,-1.0343153962504097,H2,1
231814,231833,long,V,retest,5.0,-1.0,1.5102581928724395,False,True,False,False,False,False,False,False,BTC,1h>5m,2024-12-18 17:40:00+00:00,0.0002,-1.0343153962504097,H2,1
240453,240473,short,A,mss,2.0,-1.0,1.369247256235251,True,True,True,False,False,True,False,False,BTC,1h>5m,2025-01-17 17:35:00+00:00,0.0002,-1.0467723685829924,H2,3
240453,240473,short,A,mss,3.0,-1.0,1.369247256235251,True,True,True,False,False,True,False,False,BTC,1h>5m,2025-01-17 17:35:00+00:00,0.0002,-1.0467723685829924,H2,3
240453,240473,short,A,mss,5.0,-1.0,1.369247256235251,True,True,True,False,False,True,False,False,BTC,1h>5m,2025-01-17 17:35:00+00:00,0.0002,-1.0467723685829924,H2,3
240462,240473,short,A,retest,2.0,-1.0,0.986647229621111,True,False,False,False,False,True,False,False,BTC,1h>5m,2025-01-17 18:20:00+00:00,0.0002,-1.064987216737873,H2,2
240462,240473,short,A,retest,3.0,-1.0,0.986647229621111,True,False,False,False,False,True,False,False,BTC,1h>5m,2025-01-17 18:20:00+00:00,0.0002,-1.064987216737873,H2,2
240462,240473,short,A,retest,5.0,-1.0,0.986647229621111,True,False,False,False,False,True,False,False,BTC,1h>5m,2025-01-17 18:20:00+00:00,0.0002,-1.064987216737873,H2,2
232281,232535,short,A,mss,2.0,-1.0,1.4841673766577241,True,False,True,True,False,False,False,False,BTC,1h>5m,2024-12-20 08:35:00+00:00,0.0002,-1.0185694754955343,H2,1
232281,232535,short,A,mss,3.0,-1.0,1.4841673766577241,True,False,True,True,False,False,False,False,BTC,1h>5m,2024-12-20 08:35:00+00:00,0.0002,-1.0185694754955343,H2,1
232281,232535,short,A,mss,5.0,-1.0,1.4841673766577241,True,False,True,True,False,False,False,False,BTC,1h>5m,2024-12-20 08:35:00+00:00,0.0002,-1.0185694754955343,H2,1
233551,233839,short,A,mss,2.0,-0.46297557984322457,1.4622232695615371,True,False,False,False,False,True,False,False,BTC,1h>5m,2024-12-24 18:25:00+00:00,0.0002,-0.5001693130152499,H2,2
233551,233839,short,A,mss,3.0,-0.46297557984322457,1.4622232695615371,True,False,False,False,False,True,False,False,BTC,1h>5m,2024-12-24 18:25:00+00:00,0.0002,-0.5001693130152499,H2,2
233551,233839,short,A,mss,5.0,-0.46297557984322457,1.4622232695615371,True,False,False,False,False,True,False,False,BTC,1h>5m,2024-12-24 18:25:00+00:00,0.0002,-0.5001693130152499,H2,2
233552,233839,short,A,retest,2.0,-0.4543761827158238,1.4391776506102352,True,False,False,False,False,True,False,False,BTC,1h>5m,2024-12-24 18:30:00+00:00,0.0002,-0.49216870348400427,H2,2
233552,233839,short,A,retest,3.0,-0.4543761827158238,1.4391776506102352,True,False,False,False,False,True,False,False,BTC,1h>5m,2024-12-24 18:30:00+00:00,0.0002,-0.49216870348400427,H2,2
233552,233839,short,A,retest,5.0,-0.4543761827158238,1.4391776506102352,True,False,False,False,False,True,False,False,BTC,1h>5m,2024-12-24 18:30:00+00:00,0.0002,-0.49216870348400427,H2,2
233115,233174,short,A,mss,2.0,-1.0,1.3140459805003368,False,False,False,False,False,False,False,True,BTC,1h>5m,2024-12-23 06:05:00+00:00,0.0002,-1.0289738204776535,H2,0
233115,233174,short,A,mss,3.0,-1.0,1.3140459805003368,False,False,False,False,False,False,False,True,BTC,1h>5m,2024-12-23 06:05:00+00:00,0.0002,-1.0289738204776535,H2,0
233115,233174,short,A,mss,5.0,-1.0,1.3140459805003368,False,False,False,False,False,False,False,True,BTC,1h>5m,2024-12-23 06:05:00+00:00,0.0002,-1.0289738204776535,H2,0
233116,233174,short,A,retest,2.0,-1.0,1.2341708532022222,False,False,False,False,False,False,False,False,BTC,1h>5m,2024-12-23 06:10:00+00:00,0.0002,-1.0308619404396333,H2,0
233116,233174,short,A,retest,3.0,-1.0,1.2341708532022222,False,False,False,False,False,False,False,False,BTC,1h>5m,2024-12-23 06:10:00+00:00,0.0002,-1.0308619404396333,H2,0
233116,233174,short,A,retest,5.0,-1.0,1.2341708532022222,False,False,False,False,False,False,False,False,BTC,1h>5m,2024-12-23 06:10:00+00:00,0.0002,-1.0308619404396333,H2,0
233426,233496,long,V,mss,2.0,2.0,0.8356334902213504,False,False,False,True,False,False,False,True,BTC,1h>5m,2024-12-24 08:00:00+00:00,0.0002,1.9421411007675626,H2,0
233426,233500,long,V,mss,3.0,3.0,0.8356334902213504,False,False,False,True,False,False,False,True,BTC,1h>5m,2024-12-24 08:00:00+00:00,0.0002,2.9419411007675627,H2,0
233426,233516,long,V,mss,5.0,5.0,0.8356334902213504,False,False,False,True,False,False,False,True,BTC,1h>5m,2024-12-24 08:00:00+00:00,0.0002,4.941541100767562,H2,0
233428,233496,long,V,retest,2.0,2.0,0.8344134854103298,False,False,False,True,False,False,False,False,BTC,1h>5m,2024-12-24 08:10:00+00:00,0.0002,1.94205767434554,H2,0
233428,233500,long,V,retest,3.0,3.0,0.8344134854103298,False,False,False,True,False,False,False,False,BTC,1h>5m,2024-12-24 08:10:00+00:00,0.0002,2.94185767434554,H2,0
233428,233512,long,V,retest,5.0,5.0,0.8344134854103298,False,False,False,True,False,False,False,False,BTC,1h>5m,2024-12-24 08:10:00+00:00,0.0002,4.94145767434554,H2,0
233906,233960,long,V,mss,2.0,-1.0,1.9959461403947225,False,False,False,False,False,False,False,True,BTC,1h>5m,2024-12-26 00:00:00+00:00,0.0002,-1.0277775334776744,H2,0
233906,233960,long,V,mss,3.0,-1.0,1.9959461403947225,False,False,False,False,False,False,False,True,BTC,1h>5m,2024-12-26 00:00:00+00:00,0.0002,-1.0277775334776744,H2,0
233906,233960,long,V,mss,5.0,-1.0,1.9959461403947225,False,False,False,False,False,False,False,True,BTC,1h>5m,2024-12-26 00:00:00+00:00,0.0002,-1.0277775334776744,H2,0
233910,233960,long,V,retest,2.0,-1.0,1.6643668248813508,False,False,False,False,False,False,False,False,BTC,1h>5m,2024-12-26 00:20:00+00:00,0.0002,-1.033271598570402,H2,0
233910,233960,long,V,retest,3.0,-1.0,1.6643668248813508,False,False,False,False,False,False,False,False,BTC,1h>5m,2024-12-26 00:20:00+00:00,0.0002,-1.033271598570402,H2,0
233910,233960,long,V,retest,5.0,-1.0,1.6643668248813508,False,False,False,False,False,False,False,False,BTC,1h>5m,2024-12-26 00:20:00+00:00,0.0002,-1.033271598570402,H2,0
234143,234156,long,V,mss,2.0,-1.0,0.6860143531957554,True,False,False,False,False,True,False,False,BTC,1h>5m,2024-12-26 19:45:00+00:00,0.0002,-1.0752474122305988,H2,2
234143,234156,long,V,mss,3.0,-1.0,0.6860143531957554,True,False,False,False,False,True,False,False,BTC,1h>5m,2024-12-26 19:45:00+00:00,0.0002,-1.0752474122305988,H2,2
234143,234156,long,V,mss,5.0,-1.0,0.6860143531957554,True,False,False,False,False,True,False,False,BTC,1h>5m,2024-12-26 19:45:00+00:00,0.0002,-1.0752474122305988,H2,2
234148,234156,long,V,retest,2.0,-1.0,0.5538585895176896,True,False,False,False,False,True,False,False,BTC,1h>5m,2024-12-26 20:10:00+00:00,0.0002,-1.0931544164065818,H2,2
234148,234156,long,V,retest,3.0,-1.0,0.5538585895176896,True,False,False,False,False,True,False,False,BTC,1h>5m,2024-12-26 20:10:00+00:00,0.0002,-1.0931544164065818,H2,2
234148,234156,long,V,retest,5.0,-1.0,0.5538585895176896,True,False,False,False,False,True,False,False,BTC,1h>5m,2024-12-26 20:10:00+00:00,0.0002,-1.0931544164065818,H2,2
236087,236096,short,A,mss,2.0,-1.0,0.7967649426376422,True,True,False,False,False,False,False,False,BTC,1h>5m,2025-01-02 13:45:00+00:00,0.0002,-1.0914190581854246,H2,2
236087,236096,short,A,mss,3.0,-1.0,0.7967649426376422,True,True,False,False,False,False,False,False,BTC,1h>5m,2025-01-02 13:45:00+00:00,0.0002,-1.0914190581854246,H2,2
236087,236096,short,A,mss,5.0,-1.0,0.7967649426376422,True,True,False,False,False,False,False,False,BTC,1h>5m,2025-01-02 13:45:00+00:00,0.0002,-1.0914190581854246,H2,2
236088,236096,short,A,retest,2.0,-1.0,0.7367296530574684,True,True,False,False,False,False,False,False,BTC,1h>5m,2025-01-02 13:50:00+00:00,0.0002,-1.0988849945250274,H2,2
236088,236096,short,A,retest,3.0,-1.0,0.7367296530574684,True,True,False,False,False,False,False,False,BTC,1h>5m,2025-01-02 13:50:00+00:00,0.0002,-1.0988849945250274,H2,2
236088,236096,short,A,retest,5.0,-1.0,0.7367296530574684,True,True,False,False,False,False,False,False,BTC,1h>5m,2025-01-02 13:50:00+00:00,0.0002,-1.0988849945250274,H2,2
234683,234944,long,V,mss,2.0,-1.0,1.530253111194269,False,True,False,False,False,True,False,False,BTC,1h>5m,2024-12-28 16:45:00+00:00,0.0002,-1.0744743514489157,H2,2
234683,234944,long,V,mss,3.0,-1.0,1.530253111194269,False,True,False,False,False,True,False,False,BTC,1h>5m,2024-12-28 16:45:00+00:00,0.0002,-1.0744743514489157,H2,2
234683,234944,long,V,mss,5.0,-1.0,1.530253111194269,False,True,False,False,False,True,False,False,BTC,1h>5m,2024-12-28 16:45:00+00:00,0.0002,-1.0744743514489157,H2,2
234684,234756,long,V,retest,2.0,2.0,1.3724070513234108,False,True,False,False,False,True,False,False,BTC,1h>5m,2024-12-28 16:50:00+00:00,0.0002,1.9163830563847373,H2,2
234684,234944,long,V,retest,3.0,-1.0,1.3724070513234108,False,True,False,False,False,True,False,False,BTC,1h>5m,2024-12-28 16:50:00+00:00,0.0002,-1.0830169436152628,H2,2
234684,234944,long,V,retest,5.0,-1.0,1.3724070513234108,False,True,False,False,False,True,False,False,BTC,1h>5m,2024-12-28 16:50:00+00:00,0.0002,-1.0830169436152628,H2,2
234938,234941,long,V,mss,2.0,-1.0,1.6840236956720545,True,True,False,False,False,True,False,False,BTC,1h>5m,2024-12-29 14:00:00+00:00,0.0002,-1.0962055563643978,H2,3
234938,234941,long,V,mss,3.0,-1.0,1.6840236956720545,True,True,False,False,False,True,False,False,BTC,1h>5m,2024-12-29 14:00:00+00:00,0.0002,-1.0962055563643978,H2,3
234938,234941,long,V,mss,5.0,-1.0,1.6840236956720545,True,True,False,False,False,True,False,False,BTC,1h>5m,2024-12-29 14:00:00+00:00,0.0002,-1.0962055563643978,H2,3
234939,234941,long,V,retest,2.0,-1.0,1.446518746383243,True,True,False,False,False,True,False,False,BTC,1h>5m,2024-12-29 14:05:00+00:00,0.0002,-1.1119687774445133,H2,3
234939,234941,long,V,retest,3.0,-1.0,1.446518746383243,True,True,False,False,False,True,False,False,BTC,1h>5m,2024-12-29 14:05:00+00:00,0.0002,-1.1119687774445133,H2,3
234939,234941,long,V,retest,5.0,-1.0,1.446518746383243,True,True,False,False,False,True,False,False,BTC,1h>5m,2024-12-29 14:05:00+00:00,0.0002,-1.1119687774445133,H2,3
236604,236738,short,A,mss,2.0,-1.0,1.1580346049804897,True,False,False,True,False,False,False,True,BTC,1h>5m,2025-01-04 08:50:00+00:00,0.0002,-1.0986179457245644,H2,1
236604,236738,short,A,mss,3.0,-1.0,1.1580346049804897,True,False,False,True,False,False,False,True,BTC,1h>5m,2025-01-04 08:50:00+00:00,0.0002,-1.0986179457245644,H2,1
236604,236738,short,A,mss,5.0,-1.0,1.1580346049804897,True,False,False,True,False,False,False,True,BTC,1h>5m,2025-01-04 08:50:00+00:00,0.0002,-1.0986179457245644,H2,1
237412,237484,long,V,mss,2.0,-1.0,0.4456620308215065,False,False,False,False,False,False,False,False,BTC,1h>5m,2025-01-07 04:10:00+00:00,0.0002,-1.1159788869063652,H2,0
237412,237484,long,V,mss,3.0,-1.0,0.4456620308215065,False,False,False,False,False,False,False,False,BTC,1h>5m,2025-01-07 04:10:00+00:00,0.0002,-1.1159788869063652,H2,0
237412,237484,long,V,mss,5.0,-1.0,0.4456620308215065,False,False,False,False,False,False,False,False,BTC,1h>5m,2025-01-07 04:10:00+00:00,0.0002,-1.1159788869063652,H2,0
237413,237484,long,V,retest,2.0,-1.0,0.3990603041121599,False,False,False,False,False,False,False,False,BTC,1h>5m,2025-01-07 04:15:00+00:00,0.0002,-1.1294993899248922,H2,0
237413,237484,long,V,retest,3.0,-1.0,0.3990603041121599,False,False,False,False,False,False,False,False,BTC,1h>5m,2025-01-07 04:15:00+00:00,0.0002,-1.1294993899248922,H2,0
237413,237484,long,V,retest,5.0,-1.0,0.3990603041121599,False,False,False,False,False,False,False,False,BTC,1h>5m,2025-01-07 04:15:00+00:00,0.0002,-1.1294993899248922,H2,0
237835,238101,short,A,mss,2.0,2.0,1.780564831563541,False,True,False,False,False,True,False,False,BTC,1h>5m,2025-01-08 15:25:00+00:00,0.0002,1.971880606215099,H2,2
237835,238123,short,A,mss,3.0,0.9452876932296427,1.780564831563541,False,True,False,False,False,True,False,False,BTC,1h>5m,2025-01-08 15:25:00+00:00,0.0002,0.9169573569833877,H2,2
237835,238123,short,A,mss,5.0,0.9452876932296427,1.780564831563541,False,True,False,False,False,True,False,False,BTC,1h>5m,2025-01-08 15:25:00+00:00,0.0002,0.9169573569833877,H2,2
237836,238101,short,A,retest,2.0,2.0,1.6580156665955592,False,True,False,False,False,True,False,False,BTC,1h>5m,2025-01-08 15:30:00+00:00,0.0002,1.9697430826493556,H2,2
237836,238123,short,A,retest,3.0,1.0890700393381583,1.6580156665955592,False,True,False,False,False,True,False,False,BTC,1h>5m,2025-01-08 15:30:00+00:00,0.0002,1.0586309359953816,H2,2
237836,238123,short,A,retest,5.0,1.0890700393381583,1.6580156665955592,False,True,False,False,False,True,False,False,BTC,1h>5m,2025-01-08 15:30:00+00:00,0.0002,1.0586309359953816,H2,2
239455,239476,short,A,mss,2.0,-1.0,0.8573621515066171,False,False,False,False,False,False,False,True,BTC,1h>5m,2025-01-14 06:25:00+00:00,0.0002,-1.0583387898302499,H2,0
239455,239476,short,A,mss,3.0,-1.0,0.8573621515066171,False,False,False,False,False,False,False,True,BTC,1h>5m,2025-01-14 06:25:00+00:00,0.0002,-1.0583387898302499,H2,0
239455,239476,short,A,mss,5.0,-1.0,0.8573621515066171,False,False,False,False,False,False,False,True,BTC,1h>5m,2025-01-14 06:25:00+00:00,0.0002,-1.0583387898302499,H2,0
239456,239476,short,A,retest,2.0,-1.0,0.8479788791889609,False,False,False,False,False,False,False,False,BTC,1h>5m,2025-01-14 06:30:00+00:00,0.0002,-1.058986548187921,H2,0
239456,239476,short,A,retest,3.0,-1.0,0.8479788791889609,False,False,False,False,False,False,False,False,BTC,1h>5m,2025-01-14 06:30:00+00:00,0.0002,-1.058986548187921,H2,0
239456,239476,short,A,retest,5.0,-1.0,0.8479788791889609,False,False,False,False,False,False,False,False,BTC,1h>5m,2025-01-14 06:30:00+00:00,0.0002,-1.058986548187921,H2,0
239570,239672,short,A,mss,2.0,-1.0,2.081845218160139,True,True,True,False,False,False,False,True,BTC,1h>5m,2025-01-14 16:00:00+00:00,0.0002,-1.0248450717004443,H2,2
239570,239672,short,A,mss,3.0,-1.0,2.081845218160139,True,True,True,False,False,False,False,True,BTC,1h>5m,2025-01-14 16:00:00+00:00,0.0002,-1.0248450717004443,H2,2
239570,239672,short,A,mss,5.0,-1.0,2.081845218160139,True,True,True,False,False,False,False,True,BTC,1h>5m,2025-01-14 16:00:00+00:00,0.0002,-1.0248450717004443,H2,2
239571,239672,short,A,retest,2.0,-1.0,1.94387584229774,True,True,True,False,False,False,False,False,BTC,1h>5m,2025-01-14 16:05:00+00:00,0.0002,-1.026622681584651,H2,2
239571,239672,short,A,retest,3.0,-1.0,1.94387584229774,True,True,True,False,False,False,False,False,BTC,1h>5m,2025-01-14 16:05:00+00:00,0.0002,-1.026622681584651,H2,2
239571,239672,short,A,retest,5.0,-1.0,1.94387584229774,True,True,True,False,False,False,False,False,BTC,1h>5m,2025-01-14 16:05:00+00:00,0.0002,-1.026622681584651,H2,2
245125,245142,long,V,mss,2.0,-1.0,1.8869228172528818,True,False,False,False,False,False,False,False,BTC,1h>5m,2025-02-02 22:55:00+00:00,0.0002,-1.0205120234545222,H2,1
245125,245142,long,V,mss,3.0,-1.0,1.8869228172528818,True,False,False,False,False,False,False,False,BTC,1h>5m,2025-02-02 22:55:00+00:00,0.0002,-1.0205120234545222,H2,1
245125,245142,long,V,mss,5.0,-1.0,1.8869228172528818,True,False,False,False,False,False,False,False,BTC,1h>5m,2025-02-02 22:55:00+00:00,0.0002,-1.0205120234545222,H2,1
245126,245142,long,V,retest,2.0,-1.0,1.6255372653025142,True,False,False,False,False,False,False,False,BTC,1h>5m,2025-02-02 23:00:00+00:00,0.0002,-1.023778186325849,H2,1
245126,245142,long,V,retest,3.0,-1.0,1.6255372653025142,True,False,False,False,False,False,False,False,BTC,1h>5m,2025-02-02 23:00:00+00:00,0.0002,-1.023778186325849,H2,1
245126,245142,long,V,retest,5.0,-1.0,1.6255372653025142,True,False,False,False,False,False,False,False,BTC,1h>5m,2025-02-02 23:00:00+00:00,0.0002,-1.023778186325849,H2,1
245125,245142,long,V,mss,2.0,-1.0,1.8869228172528818,True,False,False,False,False,False,False,False,BTC,1h>5m,2025-02-02 22:55:00+00:00,0.0002,-1.0205120234545222,H2,1
245125,245142,long,V,mss,3.0,-1.0,1.8869228172528818,True,False,False,False,False,False,False,False,BTC,1h>5m,2025-02-02 22:55:00+00:00,0.0002,-1.0205120234545222,H2,1
245125,245142,long,V,mss,5.0,-1.0,1.8869228172528818,True,False,False,False,False,False,False,False,BTC,1h>5m,2025-02-02 22:55:00+00:00,0.0002,-1.0205120234545222,H2,1
245126,245142,long,V,retest,2.0,-1.0,1.8695343368362851,True,False,False,False,False,False,False,False,BTC,1h>5m,2025-02-02 23:00:00+00:00,0.0002,-1.0207009449496247,H2,1
245126,245142,long,V,retest,3.0,-1.0,1.8695343368362851,True,False,False,False,False,False,False,False,BTC,1h>5m,2025-02-02 23:00:00+00:00,0.0002,-1.0207009449496247,H2,1
245126,245142,long,V,retest,5.0,-1.0,1.8695343368362851,True,False,False,False,False,False,False,False,BTC,1h>5m,2025-02-02 23:00:00+00:00,0.0002,-1.0207009449496247,H2,1
240729,240846,short,A,mss,2.0,-1.0,1.5548708493368022,True,True,False,False,False,False,False,False,BTC,1h>5m,2025-01-18 16:35:00+00:00,0.0002,-1.030468035039711,H2,2
240729,240846,short,A,mss,3.0,-1.0,1.5548708493368022,True,True,False,False,False,False,False,False,BTC,1h>5m,2025-01-18 16:35:00+00:00,0.0002,-1.030468035039711,H2,2
240729,240846,short,A,mss,5.0,-1.0,1.5548708493368022,True,True,False,False,False,False,False,False,BTC,1h>5m,2025-01-18 16:35:00+00:00,0.0002,-1.030468035039711,H2,2
240736,240846,short,A,retest,2.0,-1.0,1.4286658769328813,True,True,False,False,False,False,False,False,BTC,1h>5m,2025-01-18 17:10:00+00:00,0.0002,-1.0331771768890137,H2,2
240736,240846,short,A,retest,3.0,-1.0,1.4286658769328813,True,True,False,False,False,False,False,False,BTC,1h>5m,2025-01-18 17:10:00+00:00,0.0002,-1.0331771768890137,H2,2
240736,240846,short,A,retest,5.0,-1.0,1.4286658769328813,True,True,False,False,False,False,False,False,BTC,1h>5m,2025-01-18 17:10:00+00:00,0.0002,-1.0331771768890137,H2,2
240938,241082,long,V,retest,2.0,-1.0,2.4788722028932155,True,False,True,True,False,False,False,False,BTC,1h>5m,2025-01-19 10:00:00+00:00,0.0002,-1.0268144233027348,H2,1
240938,241082,long,V,retest,3.0,-1.0,2.4788722028932155,True,False,True,True,False,False,False,False,BTC,1h>5m,2025-01-19 10:00:00+00:00,0.0002,-1.0268144233027348,H2,1
240938,241082,long,V,retest,5.0,-1.0,2.4788722028932155,True,False,True,True,False,False,False,False,BTC,1h>5m,2025-01-19 10:00:00+00:00,0.0002,-1.0268144233027348,H2,1
240999,241056,short,A,mss,2.0,-1.0,1.267793450419726,True,True,False,False,False,False,False,False,BTC,1h>5m,2025-01-19 15:05:00+00:00,0.0002,-1.0383774713426097,H2,2
240999,241056,short,A,mss,3.0,-1.0,1.267793450419726,True,True,False,False,False,False,False,False,BTC,1h>5m,2025-01-19 15:05:00+00:00,0.0002,-1.0383774713426097,H2,2
240999,241056,short,A,mss,5.0,-1.0,1.267793450419726,True,True,False,False,False,False,False,False,BTC,1h>5m,2025-01-19 15:05:00+00:00,0.0002,-1.0383774713426097,H2,2
241003,241056,short,A,retest,2.0,-1.0,0.9936269331190215,True,True,False,False,False,False,True,False,BTC,1h>5m,2025-01-19 15:25:00+00:00,0.0002,-1.0490219603472208,H2,3
241003,241056,short,A,retest,3.0,-1.0,0.9936269331190215,True,True,False,False,False,False,True,False,BTC,1h>5m,2025-01-19 15:25:00+00:00,0.0002,-1.0490219603472208,H2,3
241003,241056,short,A,retest,5.0,-1.0,0.9936269331190215,True,True,False,False,False,False,True,False,BTC,1h>5m,2025-01-19 15:25:00+00:00,0.0002,-1.0490219603472208,H2,3
241502,241588,long,V,mss,2.0,2.0,1.0824342232809914,False,False,False,True,False,True,False,True,BTC,1h>5m,2025-01-21 09:00:00+00:00,0.0002,1.971422119261875,H2,1
241502,241617,long,V,mss,3.0,3.0,1.0824342232809914,False,False,False,True,False,True,False,True,BTC,1h>5m,2025-01-21 09:00:00+00:00,0.0002,2.971222119261875,H2,1
241502,241790,long,V,mss,5.0,1.743565107793901,1.0824342232809914,False,False,False,True,False,True,False,True,BTC,1h>5m,2025-01-21 09:00:00+00:00,0.0002,1.7150385140342173,H2,1
241505,241588,long,V,retest,2.0,2.0,1.0798018266368237,False,False,False,True,False,True,False,False,BTC,1h>5m,2025-01-21 09:15:00+00:00,0.0002,1.9713544009100135,H2,1
241505,241616,long,V,retest,3.0,3.0,1.0798018266368237,False,False,False,True,False,True,False,False,BTC,1h>5m,2025-01-21 09:15:00+00:00,0.0002,2.9711544009100135,H2,1
241505,241792,long,V,retest,5.0,1.6954500568758084,1.0798018266368237,False,False,False,True,False,True,False,False,BTC,1h>5m,2025-01-21 09:15:00+00:00,0.0002,1.6668653677744467,H2,1
242106,242144,long,V,mss,2.0,2.0,1.0794990038527694,True,False,True,True,False,True,False,False,BTC,1h>5m,2025-01-23 11:20:00+00:00,0.0002,1.9507806850381921,H2,2
242106,242145,long,V,mss,3.0,3.0,1.0794990038527694,True,False,True,True,False,True,False,False,BTC,1h>5m,2025-01-23 11:20:00+00:00,0.0002,2.950580685038192,H2,2
242106,242164,long,V,mss,5.0,5.0,1.0794990038527694,True,False,True,True,False,True,False,False,BTC,1h>5m,2025-01-23 11:20:00+00:00,0.0002,4.950180685038192,H2,2
242107,242144,long,V,retest,2.0,2.0,1.0742071156535804,True,False,True,True,False,True,False,False,BTC,1h>5m,2025-01-23 11:25:00+00:00,0.0002,1.9505421559894403,H2,2
242107,242145,long,V,retest,3.0,3.0,1.0742071156535804,True,False,True,True,False,True,False,False,BTC,1h>5m,2025-01-23 11:25:00+00:00,0.0002,2.9503421559894405,H2,2
242107,242164,long,V,retest,5.0,5.0,1.0742071156535804,True,False,True,True,False,True,False,False,BTC,1h>5m,2025-01-23 11:25:00+00:00,0.0002,4.94994215598944,H2,2
242936,243053,short,A,mss,2.0,-1.0,1.0295540803607806,False,False,True,True,False,False,False,False,BTC,1h>5m,2025-01-26 08:30:00+00:00,0.0002,-1.1333994799123501,H2,0
242936,243053,short,A,mss,3.0,-1.0,1.0295540803607806,False,False,True,True,False,False,False,False,BTC,1h>5m,2025-01-26 08:30:00+00:00,0.0002,-1.1333994799123501,H2,0
242936,243053,short,A,mss,5.0,-1.0,1.0295540803607806,False,False,True,True,False,False,False,False,BTC,1h>5m,2025-01-26 08:30:00+00:00,0.0002,-1.1333994799123501,H2,0
242937,243053,short,A,retest,2.0,-1.0,0.9102780462072201,False,False,True,True,False,False,False,False,BTC,1h>5m,2025-01-26 08:35:00+00:00,0.0002,-1.1509053575893076,H2,0
242937,243053,short,A,retest,3.0,-1.0,0.9102780462072201,False,False,True,True,False,False,False,False,BTC,1h>5m,2025-01-26 08:35:00+00:00,0.0002,-1.1509053575893076,H2,0
242937,243053,short,A,retest,5.0,-1.0,0.9102780462072201,False,False,True,True,False,False,False,False,BTC,1h>5m,2025-01-26 08:35:00+00:00,0.0002,-1.1509053575893076,H2,0
245020,245053,long,V,mss,2.0,-1.0,1.4755639707620385,True,True,False,False,False,True,False,True,BTC,1h>5m,2025-02-02 14:10:00+00:00,0.0002,-1.0347254902724534,H2,3
245020,245053,long,V,mss,3.0,-1.0,1.4755639707620385,True,True,False,False,False,True,False,True,BTC,1h>5m,2025-02-02 14:10:00+00:00,0.0002,-1.0347254902724534,H2,3
245020,245053,long,V,mss,5.0,-1.0,1.4755639707620385,True,True,False,False,False,True,False,True,BTC,1h>5m,2025-02-02 14:10:00+00:00,0.0002,-1.0347254902724534,H2,3
245021,245053,long,V,retest,2.0,-1.0,1.3380862769818325,True,True,True,False,False,True,False,False,BTC,1h>5m,2025-02-02 14:15:00+00:00,0.0002,-1.0382727090586694,H2,3
245021,245053,long,V,retest,3.0,-1.0,1.3380862769818325,True,True,True,False,False,True,False,False,BTC,1h>5m,2025-02-02 14:15:00+00:00,0.0002,-1.0382727090586694,H2,3
245021,245053,long,V,retest,5.0,-1.0,1.3380862769818325,True,True,True,False,False,True,False,False,BTC,1h>5m,2025-02-02 14:15:00+00:00,0.0002,-1.0382727090586694,H2,3
243847,243923,short,A,mss,2.0,-1.0,0.8426117386403387,True,True,False,True,False,False,False,False,BTC,1h>5m,2025-01-29 12:25:00+00:00,0.0002,-1.09457436619825,H2,2
243847,243923,short,A,mss,3.0,-1.0,0.8426117386403387,True,True,False,True,False,False,False,False,BTC,1h>5m,2025-01-29 12:25:00+00:00,0.0002,-1.09457436619825,H2,2
243847,243923,short,A,mss,5.0,-1.0,0.8426117386403387,True,True,False,True,False,False,False,False,BTC,1h>5m,2025-01-29 12:25:00+00:00,0.0002,-1.09457436619825,H2,2
243848,243923,short,A,retest,2.0,-1.0,0.8312177733657377,True,True,False,True,False,False,False,False,BTC,1h>5m,2025-01-29 12:30:00+00:00,0.0002,-1.095873491255469,H2,2
243848,243923,short,A,retest,3.0,-1.0,0.8312177733657377,True,True,False,True,False,False,False,False,BTC,1h>5m,2025-01-29 12:30:00+00:00,0.0002,-1.095873491255469,H2,2
243848,243923,short,A,retest,5.0,-1.0,0.8312177733657377,True,True,False,True,False,False,False,False,BTC,1h>5m,2025-01-29 12:30:00+00:00,0.0002,-1.095873491255469,H2,2
244654,244803,short,A,mss,2.0,2.0,0.6553728551736437,False,False,False,False,False,False,False,True,BTC,1h>5m,2025-02-01 07:40:00+00:00,0.0002,1.8981299020165847,H2,0
244654,244829,short,A,mss,3.0,3.0,0.6553728551736437,False,False,False,False,False,False,False,True,BTC,1h>5m,2025-02-01 07:40:00+00:00,0.0002,2.898329902016585,H2,0
244654,244887,short,A,mss,5.0,5.0,0.6553728551736437,False,False,False,False,False,False,False,True,BTC,1h>5m,2025-02-01 07:40:00+00:00,0.0002,4.898729902016584,H2,0
244655,244680,short,A,retest,2.0,2.0,0.591083401553203,False,False,False,False,False,False,False,False,BTC,1h>5m,2025-02-01 07:45:00+00:00,0.0002,1.8869629423537584,H2,0
244655,244807,short,A,retest,3.0,3.0,0.591083401553203,False,False,False,False,False,False,False,False,BTC,1h>5m,2025-02-01 07:45:00+00:00,0.0002,2.887162942353758,H2,0
244655,244840,short,A,retest,5.0,5.0,0.591083401553203,False,False,False,False,False,False,False,False,BTC,1h>5m,2025-02-01 07:45:00+00:00,0.0002,4.8875629423537585,H2,0
245440,245683,short,A,mss,2.0,2.0,1.348136252514527,True,False,False,False,False,False,False,True,BTC,1h>5m,2025-02-04 01:10:00+00:00,0.0002,1.9775147522153749,H2,1
245440,245728,short,A,mss,3.0,1.2917138735687619,1.348136252514527,True,False,False,False,False,False,False,True,BTC,1h>5m,2025-02-04 01:10:00+00:00,0.0002,1.2690869685588504,H2,1
245440,245728,short,A,mss,5.0,1.2917138735687619,1.348136252514527,True,False,False,False,False,False,False,True,BTC,1h>5m,2025-02-04 01:10:00+00:00,0.0002,1.2690869685588504,H2,1
245441,245678,short,A,retest,2.0,2.0,1.2264446496714576,True,False,False,False,False,False,False,False,BTC,1h>5m,2025-02-04 01:15:00+00:00,0.0002,1.9752043184536325,H2,1
245441,245728,short,A,retest,3.0,1.5191047587644286,1.2264446496714576,True,False,False,False,False,False,False,False,BTC,1h>5m,2025-02-04 01:15:00+00:00,0.0002,1.4942128981698142,H2,1
245441,245728,short,A,retest,5.0,1.5191047587644286,1.2264446496714576,True,False,False,False,False,False,False,False,BTC,1h>5m,2025-02-04 01:15:00+00:00,0.0002,1.4942128981698142,H2,1
247054,247125,long,V,mss,2.0,-1.0,2.3562372922117265,True,True,False,False,False,False,False,True,BTC,1h>5m,2025-02-09 15:40:00+00:00,0.0002,-1.0416336788238234,H2,2
247054,247125,long,V,mss,3.0,-1.0,2.3562372922117265,True,True,False,False,False,False,False,True,BTC,1h>5m,2025-02-09 15:40:00+00:00,0.0002,-1.0416336788238234,H2,2
247054,247125,long,V,mss,5.0,-1.0,2.3562372922117265,True,True,False,False,False,False,False,True,BTC,1h>5m,2025-02-09 15:40:00+00:00,0.0002,-1.0416336788238234,H2,2
247055,247125,long,V,retest,2.0,-1.0,2.1842713108243137,True,True,True,False,False,False,False,False,BTC,1h>5m,2025-02-09 15:45:00+00:00,0.0002,-1.0448957201307436,H2,2
247055,247125,long,V,retest,3.0,-1.0,2.1842713108243137,True,True,True,False,False,False,False,False,BTC,1h>5m,2025-02-09 15:45:00+00:00,0.0002,-1.0448957201307436,H2,2
247055,247125,long,V,retest,5.0,-1.0,2.1842713108243137,True,True,True,False,False,False,False,False,BTC,1h>5m,2025-02-09 15:45:00+00:00,0.0002,-1.0448957201307436,H2,2
247174,247208,short,A,mss,2.0,-1.0,2.26688434624475,False,False,False,False,False,False,False,False,BTC,1h>5m,2025-02-10 01:40:00+00:00,0.0002,-1.0240198556157092,H2,0
247174,247208,short,A,mss,3.0,-1.0,2.26688434624475,False,False,False,False,False,False,False,False,BTC,1h>5m,2025-02-10 01:40:00+00:00,0.0002,-1.0240198556157092,H2,0
247174,247208,short,A,mss,5.0,-1.0,2.26688434624475,False,False,False,False,False,False,False,False,BTC,1h>5m,2025-02-10 01:40:00+00:00,0.0002,-1.0240198556157092,H2,0
247186,247208,short,A,retest,2.0,-1.0,1.6422075353262586,False,False,False,False,False,False,False,False,BTC,1h>5m,2025-02-10 02:40:00+00:00,0.0002,-1.0332328094242067,H2,0
247186,247208,short,A,retest,3.0,-1.0,1.6422075353262586,False,False,False,False,False,False,False,False,BTC,1h>5m,2025-02-10 02:40:00+00:00,0.0002,-1.0332328094242067,H2,0
247186,247208,short,A,retest,5.0,-1.0,1.6422075353262586,False,False,False,False,False,False,False,False,BTC,1h>5m,2025-02-10 02:40:00+00:00,0.0002,-1.0332328094242067,H2,0
247860,247890,short,A,mss,2.0,-1.0,0.9398464700330584,True,False,False,True,False,False,False,True,BTC,1h>5m,2025-02-12 10:50:00+00:00,0.0002,-1.0722371386506495,H2,1
247860,247890,short,A,mss,3.0,-1.0,0.9398464700330584,True,False,False,True,False,False,False,True,BTC,1h>5m,2025-02-12 10:50:00+00:00,0.0002,-1.0722371386506495,H2,1
247860,247890,short,A,mss,5.0,-1.0,0.9398464700330584,True,False,False,True,False,False,False,True,BTC,1h>5m,2025-02-12 10:50:00+00:00,0.0002,-1.0722371386506495,H2,1
247861,247890,short,A,retest,2.0,-1.0,0.9364416935172081,True,False,False,True,False,False,False,False,BTC,1h>5m,2025-02-12 10:55:00+00:00,0.0002,-1.0725005103803156,H2,1
247861,247890,short,A,retest,3.0,-1.0,0.9364416935172081,True,False,False,True,False,False,False,False,BTC,1h>5m,2025-02-12 10:55:00+00:00,0.0002,-1.0725005103803156,H2,1
247861,247890,short,A,retest,5.0,-1.0,0.9364416935172081,True,False,False,True,False,False,False,False,BTC,1h>5m,2025-02-12 10:55:00+00:00,0.0002,-1.0725005103803156,H2,1
248193,248202,short,A,mss,2.0,-1.0,1.5766845563510747,False,True,True,False,False,False,False,False,BTC,1h>5m,2025-02-13 14:35:00+00:00,0.0002,-1.0487120283716678,H2,1
248193,248202,short,A,mss,3.0,-1.0,1.5766845563510747,False,True,True,False,False,False,False,False,BTC,1h>5m,2025-02-13 14:35:00+00:00,0.0002,-1.0487120283716678,H2,1
248193,248202,short,A,mss,5.0,-1.0,1.5766845563510747,False,True,True,False,False,False,False,False,BTC,1h>5m,2025-02-13 14:35:00+00:00,0.0002,-1.0487120283716678,H2,1
248194,248202,short,A,retest,2.0,-1.0,1.3791355479561762,False,True,False,False,False,False,True,False,BTC,1h>5m,2025-02-13 14:40:00+00:00,0.0002,-1.055718245213606,H2,2
248194,248202,short,A,retest,3.0,-1.0,1.3791355479561762,False,True,False,False,False,False,True,False,BTC,1h>5m,2025-02-13 14:40:00+00:00,0.0002,-1.055718245213606,H2,2
248194,248202,short,A,retest,5.0,-1.0,1.3791355479561762,False,True,False,False,False,False,True,False,BTC,1h>5m,2025-02-13 14:40:00+00:00,0.0002,-1.055718245213606,H2,2
248966,249046,short,A,mss,2.0,2.0,1.2996477157165527,False,False,True,False,False,False,False,True,BTC,1h>5m,2025-02-16 07:00:00+00:00,0.0002,1.8392739036114056,H2,0
248966,249050,short,A,mss,3.0,3.0,1.2996477157165527,False,False,True,False,False,False,False,True,BTC,1h>5m,2025-02-16 07:00:00+00:00,0.0002,2.8394739036114056,H2,0
248966,249161,short,A,mss,5.0,5.0,1.2996477157165527,False,False,True,False,False,False,False,True,BTC,1h>5m,2025-02-16 07:00:00+00:00,0.0002,4.839873903611406,H2,0
250222,250250,short,A,retest,2.0,-1.0,2.5020648935117116,True,True,False,False,False,False,False,True,BTC,1h>5m,2025-02-20 15:40:00+00:00,0.0002,-1.048073346625049,H2,2
250222,250250,short,A,retest,3.0,-1.0,2.5020648935117116,True,True,False,False,False,False,False,True,BTC,1h>5m,2025-02-20 15:40:00+00:00,0.0002,-1.048073346625049,H2,2
250222,250250,short,A,retest,5.0,-1.0,2.5020648935117116,True,True,False,False,False,False,False,True,BTC,1h>5m,2025-02-20 15:40:00+00:00,0.0002,-1.048073346625049,H2,2
250251,250538,long,V,retest,2.0,-1.0,2.9481567511605444,False,False,False,False,False,False,False,False,BTC,1h>5m,2025-02-20 18:05:00+00:00,0.0002,-1.030507339362689,H2,0
250251,250538,long,V,retest,3.0,-1.0,2.9481567511605444,False,False,False,False,False,False,False,False,BTC,1h>5m,2025-02-20 18:05:00+00:00,0.0002,-1.030507339362689,H2,0
250251,250538,long,V,retest,5.0,-1.0,2.9481567511605444,False,False,False,False,False,False,False,False,BTC,1h>5m,2025-02-20 18:05:00+00:00,0.0002,-1.030507339362689,H2,0
270360,270373,short,A,mss,2.0,-1.0,2.02717372304241,True,True,False,False,False,False,False,False,BTC,1h>5m,2025-05-01 13:50:00+00:00,0.0002,-1.0484676322627984,H2,2
270360,270373,short,A,mss,3.0,-1.0,2.02717372304241,True,True,False,False,False,False,False,False,BTC,1h>5m,2025-05-01 13:50:00+00:00,0.0002,-1.0484676322627984,H2,2
270360,270373,short,A,mss,5.0,-1.0,2.02717372304241,True,True,False,False,False,False,False,False,BTC,1h>5m,2025-05-01 13:50:00+00:00,0.0002,-1.0484676322627984,H2,2
270362,270373,short,A,retest,2.0,-1.0,1.6269268166556328,True,True,False,False,False,False,False,False,BTC,1h>5m,2025-05-01 14:00:00+00:00,0.0002,-1.060440555110303,H2,2
270362,270373,short,A,retest,3.0,-1.0,1.6269268166556328,True,True,False,False,False,False,False,False,BTC,1h>5m,2025-05-01 14:00:00+00:00,0.0002,-1.060440555110303,H2,2
270362,270373,short,A,retest,5.0,-1.0,1.6269268166556328,True,True,False,False,False,False,False,False,BTC,1h>5m,2025-05-01 14:00:00+00:00,0.0002,-1.060440555110303,H2,2
251890,251915,long,V,mss,2.0,-1.0,1.4241390542152315,True,False,False,True,False,False,False,True,BTC,1h>5m,2025-02-26 10:40:00+00:00,0.0002,-1.0339940170127218,H2,1
251890,251915,long,V,mss,3.0,-1.0,1.4241390542152315,True,False,False,True,False,False,False,True,BTC,1h>5m,2025-02-26 10:40:00+00:00,0.0002,-1.0339940170127218,H2,1
251890,251915,long,V,mss,5.0,-1.0,1.4241390542152315,True,False,False,True,False,False,False,True,BTC,1h>5m,2025-02-26 10:40:00+00:00,0.0002,-1.0339940170127218,H2,1
251891,251915,long,V,retest,2.0,-1.0,1.4166435377745317,True,False,False,True,False,False,False,False,BTC,1h>5m,2025-02-26 10:45:00+00:00,0.0002,-1.0341728224802664,H2,1
251891,251915,long,V,retest,3.0,-1.0,1.4166435377745317,True,False,False,True,False,False,False,False,BTC,1h>5m,2025-02-26 10:45:00+00:00,0.0002,-1.0341728224802664,H2,1
251891,251915,long,V,retest,5.0,-1.0,1.4166435377745317,True,False,False,True,False,False,False,False,BTC,1h>5m,2025-02-26 10:45:00+00:00,0.0002,-1.0341728224802664,H2,1
251853,251878,short,A,mss,2.0,-1.0,0.7223092323321962,False,False,False,True,False,False,False,False,BTC,1h>5m,2025-02-26 07:35:00+00:00,0.0002,-1.0604556736251738,H2,0
251853,251878,short,A,mss,3.0,-1.0,0.7223092323321962,False,False,False,True,False,False,False,False,BTC,1h>5m,2025-02-26 07:35:00+00:00,0.0002,-1.0604556736251738,H2,0
251853,251878,short,A,mss,5.0,-1.0,0.7223092323321962,False,False,False,True,False,False,False,False,BTC,1h>5m,2025-02-26 07:35:00+00:00,0.0002,-1.0604556736251738,H2,0
251856,251878,short,A,retest,2.0,-1.0,0.6444142258312974,False,False,False,True,False,False,False,False,BTC,1h>5m,2025-02-26 07:50:00+00:00,0.0002,-1.0677875634282803,H2,0
251856,251878,short,A,retest,3.0,-1.0,0.6444142258312974,False,False,False,True,False,False,False,False,BTC,1h>5m,2025-02-26 07:50:00+00:00,0.0002,-1.0677875634282803,H2,0
251856,251878,short,A,retest,5.0,-1.0,0.6444142258312974,False,False,False,True,False,False,False,False,BTC,1h>5m,2025-02-26 07:50:00+00:00,0.0002,-1.0677875634282803,H2,0
252557,252564,short,A,mss,2.0,-1.0,1.1734455233772159,True,False,False,False,False,False,False,False,BTC,1h>5m,2025-02-28 18:15:00+00:00,0.0002,-1.021424698629954,H2,1
252557,252564,short,A,mss,3.0,-1.0,1.1734455233772159,True,False,False,False,False,False,False,False,BTC,1h>5m,2025-02-28 18:15:00+00:00,0.0002,-1.021424698629954,H2,1
252557,252564,short,A,mss,5.0,-1.0,1.1734455233772159,True,False,False,False,False,False,False,False,BTC,1h>5m,2025-02-28 18:15:00+00:00,0.0002,-1.021424698629954,H2,1
252558,252564,short,A,retest,2.0,-1.0,1.1402898983622185,True,False,False,False,False,False,False,False,BTC,1h>5m,2025-02-28 18:20:00+00:00,0.0002,-1.0220534689100966,H2,1
252558,252564,short,A,retest,3.0,-1.0,1.1402898983622185,True,False,False,False,False,False,False,False,BTC,1h>5m,2025-02-28 18:20:00+00:00,0.0002,-1.0220534689100966,H2,1
252558,252564,short,A,retest,5.0,-1.0,1.1402898983622185,True,False,False,False,False,False,False,False,BTC,1h>5m,2025-02-28 18:20:00+00:00,0.0002,-1.0220534689100966,H2,1
253377,253424,short,A,mss,2.0,2.0,2.228281737460995,False,True,True,False,False,False,False,False,BTC,1h>5m,2025-03-03 14:35:00+00:00,0.0002,1.9830177105468723,H2,1
253377,253442,short,A,mss,3.0,3.0,2.228281737460995,False,True,True,False,False,False,False,False,BTC,1h>5m,2025-03-03 14:35:00+00:00,0.0002,2.9832177105468722,H2,1
253377,253665,short,A,mss,5.0,3.342057185104069,2.228281737460995,False,True,True,False,False,False,False,False,BTC,1h>5m,2025-03-03 14:35:00+00:00,0.0002,3.325343307087962,H2,1
253638,253665,short,A,mss,2.0,-1.0,0.8906670507539095,False,True,False,True,False,False,False,True,BTC,1h>5m,2025-03-04 12:20:00+00:00,0.0002,-1.032601072888007,H2,1
253638,253665,short,A,mss,3.0,-1.0,0.8906670507539095,False,True,False,True,False,False,False,True,BTC,1h>5m,2025-03-04 12:20:00+00:00,0.0002,-1.032601072888007,H2,1
253638,253665,short,A,mss,5.0,-1.0,0.8906670507539095,False,True,False,True,False,False,False,True,BTC,1h>5m,2025-03-04 12:20:00+00:00,0.0002,-1.032601072888007,H2,1
253639,253665,short,A,retest,2.0,-1.0,0.7803676605130252,False,True,False,True,False,False,False,False,BTC,1h>5m,2025-03-04 12:25:00+00:00,0.0002,-1.0372372700574481,H2,1
253639,253665,short,A,retest,3.0,-1.0,0.7803676605130252,False,True,False,True,False,False,False,False,BTC,1h>5m,2025-03-04 12:25:00+00:00,0.0002,-1.0372372700574481,H2,1
253639,253665,short,A,retest,5.0,-1.0,0.7803676605130252,False,True,False,True,False,False,False,False,BTC,1h>5m,2025-03-04 12:25:00+00:00,0.0002,-1.0372372700574481,H2,1
254270,254558,short,A,mss,2.0,0.44603807024903674,2.8942031440455134,False,True,False,False,False,False,False,False,BTC,1h>5m,2025-03-06 17:00:00+00:00,0.0002,0.43403166223322276,H2,1
254270,254558,short,A,mss,3.0,0.44603807024903674,2.8942031440455134,False,True,False,False,False,False,False,False,BTC,1h>5m,2025-03-06 17:00:00+00:00,0.0002,0.43403166223322276,H2,1
254270,254558,short,A,mss,5.0,0.44603807024903674,2.8942031440455134,False,True,False,False,False,False,False,False,BTC,1h>5m,2025-03-06 17:00:00+00:00,0.0002,0.43403166223322276,H2,1
254303,254590,short,A,retest,2.0,0.5205182522399688,2.35347615851366,False,False,False,False,False,False,False,True,BTC,1h>5m,2025-03-06 19:45:00+00:00,0.0002,0.5056557884782464,H2,0
254303,254590,short,A,retest,3.0,0.5205182522399688,2.35347615851366,False,False,False,False,False,False,False,True,BTC,1h>5m,2025-03-06 19:45:00+00:00,0.0002,0.5056557884782464,H2,0
254303,254590,short,A,retest,5.0,0.5205182522399688,2.35347615851366,False,False,False,False,False,False,False,True,BTC,1h>5m,2025-03-06 19:45:00+00:00,0.0002,0.5056557884782464,H2,0
254357,254645,short,A,mss,2.0,0.4747563441442172,2.5713734134075397,False,False,False,False,False,False,False,False,BTC,1h>5m,2025-03-07 00:15:00+00:00,0.0002,0.46338011028417553,H2,0
254357,254645,short,A,mss,3.0,0.4747563441442172,2.5713734134075397,False,False,False,False,False,False,False,False,BTC,1h>5m,2025-03-07 00:15:00+00:00,0.0002,0.46338011028417553,H2,0
254357,254645,short,A,mss,5.0,0.4747563441442172,2.5713734134075397,False,False,False,False,False,False,False,False,BTC,1h>5m,2025-03-07 00:15:00+00:00,0.0002,0.46338011028417553,H2,0
255782,255814,short,A,mss,2.0,-1.0,0.453446589023009,True,False,False,False,False,False,False,False,BTC,1h>5m,2025-03-11 23:00:00+00:00,0.0002,-1.0659475768564486,H2,1
255782,255814,short,A,mss,3.0,-1.0,0.453446589023009,True,False,False,False,False,False,False,False,BTC,1h>5m,2025-03-11 23:00:00+00:00,0.0002,-1.0659475768564486,H2,1
255782,255814,short,A,mss,5.0,-1.0,0.453446589023009,True,False,False,False,False,False,False,False,BTC,1h>5m,2025-03-11 23:00:00+00:00,0.0002,-1.0659475768564486,H2,1
255783,255814,short,A,retest,2.0,-1.0,0.3326022367441614,True,False,False,False,False,False,False,False,BTC,1h>5m,2025-03-11 23:05:00+00:00,0.0002,-1.0899809722968452,H2,1
255783,255814,short,A,retest,3.0,-1.0,0.3326022367441614,True,False,False,False,False,False,False,False,BTC,1h>5m,2025-03-11 23:05:00+00:00,0.0002,-1.0899809722968452,H2,1
255783,255814,short,A,retest,5.0,-1.0,0.3326022367441614,True,False,False,False,False,False,False,False,BTC,1h>5m,2025-03-11 23:05:00+00:00,0.0002,-1.0899809722968452,H2,1
257381,257444,short,A,mss,2.0,-1.0,1.6255614417289914,True,True,False,False,False,False,False,False,BTC,1h>5m,2025-03-17 12:15:00+00:00,0.0002,-1.0402457756731025,H2,2
257381,257444,short,A,mss,3.0,-1.0,1.6255614417289914,True,True,False,False,False,False,False,False,BTC,1h>5m,2025-03-17 12:15:00+00:00,0.0002,-1.0402457756731025,H2,2
257381,257444,short,A,mss,5.0,-1.0,1.6255614417289914,True,True,False,False,False,False,False,False,BTC,1h>5m,2025-03-17 12:15:00+00:00,0.0002,-1.0402457756731025,H2,2
257382,257444,short,A,retest,2.0,-1.0,1.5588494060337095,True,True,False,False,False,False,False,False,BTC,1h>5m,2025-03-17 12:20:00+00:00,0.0002,-1.0419766805443387,H2,2
257382,257444,short,A,retest,3.0,-1.0,1.5588494060337095,True,True,False,False,False,False,False,False,BTC,1h>5m,2025-03-17 12:20:00+00:00,0.0002,-1.0419766805443387,H2,2
257382,257444,short,A,retest,5.0,-1.0,1.5588494060337095,True,True,False,False,False,False,False,False,BTC,1h>5m,2025-03-17 12:20:00+00:00,0.0002,-1.0419766805443387,H2,2
260392,260458,short,A,mss,2.0,2.0,1.0154023712515743,False,False,False,False,False,False,False,True,BTC,1h>5m,2025-03-27 23:10:00+00:00,0.0002,1.9364998324182103,H2,0
260392,260492,short,A,mss,3.0,3.0,1.0154023712515743,False,False,False,False,False,False,False,True,BTC,1h>5m,2025-03-27 23:10:00+00:00,0.0002,2.9366998324182103,H2,0
260392,260571,short,A,mss,5.0,5.0,1.0154023712515743,False,False,False,False,False,False,False,True,BTC,1h>5m,2025-03-27 23:10:00+00:00,0.0002,4.937099832418211,H2,0
260393,260458,short,A,retest,2.0,2.0,0.9240180249138132,False,False,True,False,False,False,True,False,BTC,1h>5m,2025-03-27 23:15:00+00:00,0.0002,1.9301406179597929,H2,1
260393,260484,short,A,retest,3.0,3.0,0.9240180249138132,False,False,True,False,False,False,True,False,BTC,1h>5m,2025-03-27 23:15:00+00:00,0.0002,2.930340617959793,H2,1
260393,260571,short,A,retest,5.0,5.0,0.9240180249138132,False,False,True,False,False,False,True,False,BTC,1h>5m,2025-03-27 23:15:00+00:00,0.0002,4.930740617959793,H2,1
261274,261420,short,A,mss,2.0,-1.0,2.7978869478983897,False,False,False,False,False,False,False,True,BTC,1h>5m,2025-03-31 00:40:00+00:00,0.0002,-1.0232045393658944,H2,0
261274,261420,short,A,mss,3.0,-1.0,2.7978869478983897,False,False,False,False,False,False,False,True,BTC,1h>5m,2025-03-31 00:40:00+00:00,0.0002,-1.0232045393658944,H2,0
261274,261420,short,A,mss,5.0,-1.0,2.7978869478983897,False,False,False,False,False,False,False,True,BTC,1h>5m,2025-03-31 00:40:00+00:00,0.0002,-1.0232045393658944,H2,0
261276,261420,short,A,retest,2.0,-1.0,2.3954407913138454,False,False,True,False,False,False,False,False,BTC,1h>5m,2025-03-31 00:50:00+00:00,0.0002,-1.0271366202374361,H2,0
261276,261420,short,A,retest,3.0,-1.0,2.3954407913138454,False,False,True,False,False,False,False,False,BTC,1h>5m,2025-03-31 00:50:00+00:00,0.0002,-1.0271366202374361,H2,0
261276,261420,short,A,retest,5.0,-1.0,2.3954407913138454,False,False,True,False,False,False,False,False,BTC,1h>5m,2025-03-31 00:50:00+00:00,0.0002,-1.0271366202374361,H2,0
261505,261646,short,A,mss,2.0,-1.0,1.5218799941040442,True,False,False,False,False,False,False,False,BTC,1h>5m,2025-03-31 19:55:00+00:00,0.0002,-1.0296247825424831,H2,1
261505,261646,short,A,mss,3.0,-1.0,1.5218799941040442,True,False,False,False,False,False,False,False,BTC,1h>5m,2025-03-31 19:55:00+00:00,0.0002,-1.0296247825424831,H2,1
261505,261646,short,A,mss,5.0,-1.0,1.5218799941040442,True,False,False,False,False,False,False,False,BTC,1h>5m,2025-03-31 19:55:00+00:00,0.0002,-1.0296247825424831,H2,1
261507,261646,short,A,retest,2.0,-1.0,1.3682245038866794,True,False,False,False,False,False,False,False,BTC,1h>5m,2025-03-31 20:05:00+00:00,0.0002,-1.0329741901646778,H2,1
261507,261646,short,A,retest,3.0,-1.0,1.3682245038866794,True,False,False,False,False,False,False,False,BTC,1h>5m,2025-03-31 20:05:00+00:00,0.0002,-1.0329741901646778,H2,1
261507,261646,short,A,retest,5.0,-1.0,1.3682245038866794,True,False,False,False,False,False,False,False,BTC,1h>5m,2025-03-31 20:05:00+00:00,0.0002,-1.0329741901646778,H2,1
261835,261852,long,V,mss,2.0,-1.0,0.6378433155282799,False,False,True,False,False,False,False,False,BTC,1h>5m,2025-04-01 23:25:00+00:00,0.0002,-1.0885035053438377,H2,0
261835,261852,long,V,mss,3.0,-1.0,0.6378433155282799,False,False,True,False,False,False,False,False,BTC,1h>5m,2025-04-01 23:25:00+00:00,0.0002,-1.0885035053438377,H2,0
261835,261852,long,V,mss,5.0,-1.0,0.6378433155282799,False,False,True,False,False,False,False,False,BTC,1h>5m,2025-04-01 23:25:00+00:00,0.0002,-1.0885035053438377,H2,0
261837,261852,long,V,retest,2.0,-1.0,0.628031594499378,False,False,True,False,False,False,False,False,BTC,1h>5m,2025-04-01 23:35:00+00:00,0.0002,-1.089883068677747,H2,0
261837,261852,long,V,retest,3.0,-1.0,0.628031594499378,False,False,True,False,False,False,False,False,BTC,1h>5m,2025-04-01 23:35:00+00:00,0.0002,-1.089883068677747,H2,0
261837,261852,long,V,retest,5.0,-1.0,0.628031594499378,False,False,True,False,False,False,False,False,BTC,1h>5m,2025-04-01 23:35:00+00:00,0.0002,-1.089883068677747,H2,0
264606,264645,short,A,mss,2.0,-1.0,1.992677895277405,True,True,True,False,False,False,False,False,BTC,1h>5m,2025-04-11 14:20:00+00:00,0.0002,-1.020403126674131,H2,2
264606,264645,short,A,mss,3.0,-1.0,1.992677895277405,True,True,True,False,False,False,False,False,BTC,1h>5m,2025-04-11 14:20:00+00:00,0.0002,-1.020403126674131,H2,2
264606,264645,short,A,mss,5.0,-1.0,1.992677895277405,True,True,True,False,False,False,False,False,BTC,1h>5m,2025-04-11 14:20:00+00:00,0.0002,-1.020403126674131,H2,2
264608,264645,short,A,retest,2.0,-1.0,1.916535674024424,True,True,True,False,False,False,False,False,BTC,1h>5m,2025-04-11 14:30:00+00:00,0.0002,-1.0212216701799925,H2,2
264608,264645,short,A,retest,3.0,-1.0,1.916535674024424,True,True,True,False,False,False,False,False,BTC,1h>5m,2025-04-11 14:30:00+00:00,0.0002,-1.0212216701799925,H2,2
264608,264645,short,A,retest,5.0,-1.0,1.916535674024424,True,True,True,False,False,False,False,False,BTC,1h>5m,2025-04-11 14:30:00+00:00,0.0002,-1.0212216701799925,H2,2
265757,266045,short,A,mss,2.0,0.7614042441900262,2.966771713021007,True,True,True,False,False,False,False,False,BTC,1h>5m,2025-04-15 14:15:00+00:00,0.0002,0.7372809305165839,H2,2
265757,266045,short,A,mss,3.0,0.7614042441900262,2.966771713021007,True,True,True,False,False,False,False,False,BTC,1h>5m,2025-04-15 14:15:00+00:00,0.0002,0.7372809305165839,H2,2
265757,266045,short,A,mss,5.0,0.7614042441900262,2.966771713021007,True,True,True,False,False,False,False,False,BTC,1h>5m,2025-04-15 14:15:00+00:00,0.0002,0.7372809305165839,H2,2
265976,266059,long,V,mss,2.0,2.0,1.5657249060713048,False,False,True,True,False,False,False,False,BTC,1h>5m,2025-04-16 08:30:00+00:00,0.0002,1.949619771904911,H2,0
265976,266264,long,V,mss,3.0,1.1669277351669398,1.5657249060713048,False,False,True,True,False,False,False,False,BTC,1h>5m,2025-04-16 08:30:00+00:00,0.0002,1.1167141215248175,H2,0
265976,266264,long,V,mss,5.0,1.1669277351669398,1.5657249060713048,False,False,True,True,False,False,False,False,BTC,1h>5m,2025-04-16 08:30:00+00:00,0.0002,1.1167141215248175,H2,0
265977,266058,long,V,retest,2.0,2.0,1.4962685335116581,False,False,True,True,False,False,False,False,BTC,1h>5m,2025-04-16 08:35:00+00:00,0.0002,1.9473182713941153,H2,0
265977,266264,long,V,retest,3.0,1.2675159228569899,1.4962685335116581,False,False,True,True,False,False,False,False,BTC,1h>5m,2025-04-16 08:35:00+00:00,0.0002,1.2149806910665337,H2,0
265977,266264,long,V,retest,5.0,1.2675159228569899,1.4962685335116581,False,False,True,True,False,False,False,False,BTC,1h>5m,2025-04-16 08:35:00+00:00,0.0002,1.2149806910665337,H2,0
266261,266361,short,A,mss,2.0,-1.0,0.9930427725537595,True,False,True,True,False,True,False,False,BTC,1h>5m,2025-04-17 08:15:00+00:00,0.0002,-1.0722957286185517,H2,2
266261,266361,short,A,mss,3.0,-1.0,0.9930427725537595,True,False,True,True,False,True,False,False,BTC,1h>5m,2025-04-17 08:15:00+00:00,0.0002,-1.0722957286185517,H2,2
266261,266361,short,A,mss,5.0,-1.0,0.9930427725537595,True,False,True,True,False,True,False,False,BTC,1h>5m,2025-04-17 08:15:00+00:00,0.0002,-1.0722957286185517,H2,2
266302,266337,short,A,retest,2.0,2.0,0.8997779913735586,True,False,False,True,False,True,False,True,BTC,1h>5m,2025-04-17 11:40:00+00:00,0.0002,1.9207898641266243,H2,2
266302,266361,short,A,retest,3.0,-1.0,0.8997779913735586,True,False,False,True,False,True,False,True,BTC,1h>5m,2025-04-17 11:40:00+00:00,0.0002,-1.0798101358733758,H2,2
266302,266361,short,A,retest,5.0,-1.0,0.8997779913735586,True,False,False,True,False,True,False,True,BTC,1h>5m,2025-04-17 11:40:00+00:00,0.0002,-1.0798101358733758,H2,2
266717,266764,short,A,mss,2.0,-1.0,1.250330391456977,False,False,False,False,False,False,False,False,BTC,1h>5m,2025-04-18 22:15:00+00:00,0.0002,-1.1438481420960804,H2,0
266717,266764,short,A,mss,3.0,-1.0,1.250330391456977,False,False,False,False,False,False,False,False,BTC,1h>5m,2025-04-18 22:15:00+00:00,0.0002,-1.1438481420960804,H2,0
266717,266764,short,A,mss,5.0,-1.0,1.250330391456977,False,False,False,False,False,False,False,False,BTC,1h>5m,2025-04-18 22:15:00+00:00,0.0002,-1.1438481420960804,H2,0
266718,266764,short,A,retest,2.0,-1.0,1.189561149002851,False,False,False,False,False,False,False,False,BTC,1h>5m,2025-04-18 22:20:00+00:00,0.0002,-1.1512069033328953,H2,0
266718,266764,short,A,retest,3.0,-1.0,1.189561149002851,False,False,False,False,False,False,False,False,BTC,1h>5m,2025-04-18 22:20:00+00:00,0.0002,-1.1512069033328953,H2,0
266718,266764,short,A,retest,5.0,-1.0,1.189561149002851,False,False,False,False,False,False,False,False,BTC,1h>5m,2025-04-18 22:20:00+00:00,0.0002,-1.1512069033328953,H2,0
268053,268341,short,A,mss,2.0,0.5122883249998533,1.8163857707683335,True,True,False,False,False,False,False,False,BTC,1h>5m,2025-04-23 13:35:00+00:00,0.0002,0.4807631757277421,H2,2
268053,268341,short,A,mss,3.0,0.5122883249998533,1.8163857707683335,True,True,False,False,False,False,False,False,BTC,1h>5m,2025-04-23 13:35:00+00:00,0.0002,0.4807631757277421,H2,2
268053,268341,short,A,mss,5.0,0.5122883249998533,1.8163857707683335,True,True,False,False,False,False,False,False,BTC,1h>5m,2025-04-23 13:35:00+00:00,0.0002,0.4807631757277421,H2,2
268054,268341,short,A,retest,2.0,0.6112835855193864,1.7047892869481234,True,True,False,False,False,False,False,False,BTC,1h>5m,2025-04-23 13:40:00+00:00,0.0002,0.5776816897927166,H2,2
268054,268341,short,A,retest,3.0,0.6112835855193864,1.7047892869481234,True,True,False,False,False,False,False,False,BTC,1h>5m,2025-04-23 13:40:00+00:00,0.0002,0.5776816897927166,H2,2
268054,268341,short,A,retest,5.0,0.6112835855193864,1.7047892869481234,True,True,False,False,False,False,False,False,BTC,1h>5m,2025-04-23 13:40:00+00:00,0.0002,0.5776816897927166,H2,2
269370,269658,long,V,mss,2.0,0.8350194113564358,2.478273214136868,False,False,False,False,False,False,False,True,BTC,1h>5m,2025-04-28 03:20:00+00:00,0.0002,0.7980432136279202,H2,0
269370,269658,long,V,mss,3.0,0.8350194113564358,2.478273214136868,False,False,False,False,False,False,False,True,BTC,1h>5m,2025-04-28 03:20:00+00:00,0.0002,0.7980432136279202,H2,0
269370,269658,long,V,mss,5.0,0.8350194113564358,2.478273214136868,False,False,False,False,False,False,False,True,BTC,1h>5m,2025-04-28 03:20:00+00:00,0.0002,0.7980432136279202,H2,0
269371,269658,long,V,retest,2.0,0.84852916834456,2.4601610472062534,False,False,False,False,False,False,True,False,BTC,1h>5m,2025-04-28 03:25:00+00:00,0.0002,0.8112822173525178,H2,1
269371,269658,long,V,retest,3.0,0.84852916834456,2.4601610472062534,False,False,False,False,False,False,True,False,BTC,1h>5m,2025-04-28 03:25:00+00:00,0.0002,0.8112822173525178,H2,1
269371,269658,long,V,retest,5.0,0.84852916834456,2.4601610472062534,False,False,False,False,False,False,True,False,BTC,1h>5m,2025-04-28 03:25:00+00:00,0.0002,0.8112822173525178,H2,1
269205,269331,long,V,mss,2.0,-1.0,1.0846038199498975,True,True,False,False,False,True,False,False,BTC,1h>5m,2025-04-27 13:35:00+00:00,0.0002,-1.092392642758196,H2,3
269205,269331,long,V,mss,3.0,-1.0,1.0846038199498975,True,True,False,False,False,True,False,False,BTC,1h>5m,2025-04-27 13:35:00+00:00,0.0002,-1.092392642758196,H2,3
269205,269331,long,V,mss,5.0,-1.0,1.0846038199498975,True,True,False,False,False,True,False,False,BTC,1h>5m,2025-04-27 13:35:00+00:00,0.0002,-1.092392642758196,H2,3
269206,269331,long,V,retest,2.0,-1.0,1.0536733296066088,True,True,False,False,False,True,False,False,BTC,1h>5m,2025-04-27 13:40:00+00:00,0.0002,-1.0950989498900463,H2,3
269206,269331,long,V,retest,3.0,-1.0,1.0536733296066088,True,True,False,False,False,True,False,False,BTC,1h>5m,2025-04-27 13:40:00+00:00,0.0002,-1.0950989498900463,H2,3
269206,269331,long,V,retest,5.0,-1.0,1.0536733296066088,True,True,False,False,False,True,False,False,BTC,1h>5m,2025-04-27 13:40:00+00:00,0.0002,-1.0950989498900463,H2,3
269058,269332,short,A,mss,2.0,2.0,2.2933578782884383,False,False,False,False,False,False,False,False,BTC,1h>5m,2025-04-27 01:20:00+00:00,0.0002,1.9454026694344164,H2,0
269058,269346,short,A,mss,3.0,2.454361382928793,2.2933578782884383,False,False,False,False,False,False,False,False,BTC,1h>5m,2025-04-27 01:20:00+00:00,0.0002,2.3998549246397953,H2,0
269058,269346,short,A,mss,5.0,2.454361382928793,2.2933578782884383,False,False,False,False,False,False,False,False,BTC,1h>5m,2025-04-27 01:20:00+00:00,0.0002,2.3998549246397953,H2,0
269454,269456,short,A,mss,2.0,-1.0,1.1548858344537474,True,False,False,True,False,False,False,True,BTC,1h>5m,2025-04-28 10:20:00+00:00,0.0002,-1.0760871574116893,H2,1
269454,269456,short,A,mss,3.0,-1.0,1.1548858344537474,True,False,False,True,False,False,False,True,BTC,1h>5m,2025-04-28 10:20:00+00:00,0.0002,-1.0760871574116893,H2,1
269454,269456,short,A,mss,5.0,-1.0,1.1548858344537474,True,False,False,True,False,False,False,True,BTC,1h>5m,2025-04-28 10:20:00+00:00,0.0002,-1.0760871574116893,H2,1
269455,269456,short,A,retest,2.0,-1.0,0.7156240933815189,True,False,False,True,False,False,False,False,BTC,1h>5m,2025-04-28 10:25:00+00:00,0.0002,-1.1229134589518814,H2,1
269455,269456,short,A,retest,3.0,-1.0,0.7156240933815189,True,False,False,True,False,False,False,False,BTC,1h>5m,2025-04-28 10:25:00+00:00,0.0002,-1.1229134589518814,H2,1
269455,269456,short,A,retest,5.0,-1.0,0.7156240933815189,True,False,False,True,False,False,False,False,BTC,1h>5m,2025-04-28 10:25:00+00:00,0.0002,-1.1229134589518814,H2,1
269247,269279,long,V,mss,2.0,2.0,0.8567634921002486,False,True,False,False,False,True,False,False,BTC,1h>5m,2025-04-27 17:05:00+00:00,0.0002,1.841498159669582,H2,2
269247,269312,long,V,mss,3.0,-1.0,0.8567634921002486,False,True,False,False,False,True,False,False,BTC,1h>5m,2025-04-27 17:05:00+00:00,0.0002,-1.157901840330418,H2,2
269247,269312,long,V,mss,5.0,-1.0,0.8567634921002486,False,True,False,False,False,True,False,False,BTC,1h>5m,2025-04-27 17:05:00+00:00,0.0002,-1.157901840330418,H2,2
269633,269639,short,A,mss,2.0,-1.0,0.8346726135746696,False,False,False,False,False,False,False,False,BTC,1h>5m,2025-04-29 01:15:00+00:00,0.0002,-1.0711645248175676,H2,0
269633,269639,short,A,mss,3.0,-1.0,0.8346726135746696,False,False,False,False,False,False,False,False,BTC,1h>5m,2025-04-29 01:15:00+00:00,0.0002,-1.0711645248175676,H2,0
269633,269639,short,A,mss,5.0,-1.0,0.8346726135746696,False,False,False,False,False,False,False,False,BTC,1h>5m,2025-04-29 01:15:00+00:00,0.0002,-1.0711645248175676,H2,0
269634,269639,short,A,retest,2.0,-1.0,0.7692655412566598,False,False,False,False,False,False,False,False,BTC,1h>5m,2025-04-29 01:20:00+00:00,0.0002,-1.0772323185576302,H2,0
269634,269639,short,A,retest,3.0,-1.0,0.7692655412566598,False,False,False,False,False,False,False,False,BTC,1h>5m,2025-04-29 01:20:00+00:00,0.0002,-1.0772323185576302,H2,0
269634,269639,short,A,retest,5.0,-1.0,0.7692655412566598,False,False,False,False,False,False,False,False,BTC,1h>5m,2025-04-29 01:20:00+00:00,0.0002,-1.0772323185576302,H2,0
270275,270301,short,A,mss,2.0,-1.0,0.8312755295335913,False,False,True,False,False,False,False,False,BTC,1h>5m,2025-05-01 06:45:00+00:00,0.0002,-1.1058886180447496,H2,0
270275,270301,short,A,mss,3.0,-1.0,0.8312755295335913,False,False,True,False,False,False,False,False,BTC,1h>5m,2025-05-01 06:45:00+00:00,0.0002,-1.1058886180447496,H2,0
270275,270301,short,A,mss,5.0,-1.0,0.8312755295335913,False,False,True,False,False,False,False,False,BTC,1h>5m,2025-05-01 06:45:00+00:00,0.0002,-1.1058886180447496,H2,0
270276,270301,short,A,retest,2.0,-1.0,0.7590574525144479,False,False,True,False,False,False,False,False,BTC,1h>5m,2025-05-01 06:50:00+00:00,0.0002,-1.1159820779843508,H2,0
270276,270301,short,A,retest,3.0,-1.0,0.7590574525144479,False,False,True,False,False,False,False,False,BTC,1h>5m,2025-05-01 06:50:00+00:00,0.0002,-1.1159820779843508,H2,0
270276,270301,short,A,retest,5.0,-1.0,0.7590574525144479,False,False,True,False,False,False,False,False,BTC,1h>5m,2025-05-01 06:50:00+00:00,0.0002,-1.1159820779843508,H2,0
271031,271052,short,A,mss,2.0,2.0,0.8382583472196105,False,False,True,False,False,False,False,False,BTC,1h>5m,2025-05-03 21:45:00+00:00,0.0002,1.8114436474921938,H2,0
271031,271078,short,A,mss,3.0,3.0,0.8382583472196105,False,False,True,False,False,False,False,False,BTC,1h>5m,2025-05-03 21:45:00+00:00,0.0002,2.8116436474921938,H2,0
271031,271223,short,A,mss,5.0,5.0,0.8382583472196105,False,False,True,False,False,False,False,False,BTC,1h>5m,2025-05-03 21:45:00+00:00,0.0002,4.812043647492194,H2,0
271032,271051,short,A,retest,2.0,2.0,0.7162644777715905,False,False,True,False,False,False,True,False,BTC,1h>5m,2025-05-03 21:50:00+00:00,0.0002,1.779192551892899,H2,1
271032,271078,short,A,retest,3.0,3.0,0.7162644777715905,False,False,True,False,False,False,True,False,BTC,1h>5m,2025-05-03 21:50:00+00:00,0.0002,2.779392551892899,H2,1
271032,271180,short,A,retest,5.0,5.0,0.7162644777715905,False,False,True,False,False,False,True,False,BTC,1h>5m,2025-05-03 21:50:00+00:00,0.0002,4.779792551892899,H2,1
271495,271509,long,V,mss,2.0,-1.0,0.8329640007131289,False,True,False,True,False,False,False,False,BTC,1h>5m,2025-05-05 12:25:00+00:00,0.0002,-1.0841686956277286,H2,1
271495,271509,long,V,mss,3.0,-1.0,0.8329640007131289,False,True,False,True,False,False,False,False,BTC,1h>5m,2025-05-05 12:25:00+00:00,0.0002,-1.0841686956277286,H2,1
271495,271509,long,V,mss,5.0,-1.0,0.8329640007131289,False,True,False,True,False,False,False,False,BTC,1h>5m,2025-05-05 12:25:00+00:00,0.0002,-1.0841686956277286,H2,1
271496,271509,long,V,retest,2.0,-1.0,0.7559815652997681,False,True,False,True,False,False,False,False,BTC,1h>5m,2025-05-05 12:30:00+00:00,0.0002,-1.0927193203844878,H2,1
271496,271509,long,V,retest,3.0,-1.0,0.7559815652997681,False,True,False,True,False,False,False,False,BTC,1h>5m,2025-05-05 12:30:00+00:00,0.0002,-1.0927193203844878,H2,1
271496,271509,long,V,retest,5.0,-1.0,0.7559815652997681,False,True,False,True,False,False,False,False,BTC,1h>5m,2025-05-05 12:30:00+00:00,0.0002,-1.0927193203844878,H2,1
272118,272221,short,A,mss,2.0,-1.0,2.3644619995559837,False,True,False,False,False,False,False,True,BTC,1h>5m,2025-05-07 16:20:00+00:00,0.0002,-1.0425182766723085,H2,1
272118,272221,short,A,mss,3.0,-1.0,2.3644619995559837,False,True,False,False,False,False,False,True,BTC,1h>5m,2025-05-07 16:20:00+00:00,0.0002,-1.0425182766723085,H2,1
272118,272221,short,A,mss,5.0,-1.0,2.3644619995559837,False,True,False,False,False,False,False,True,BTC,1h>5m,2025-05-07 16:20:00+00:00,0.0002,-1.0425182766723085,H2,1
272123,272221,short,A,retest,2.0,-1.0,2.017803226522615,False,True,False,False,False,False,False,False,BTC,1h>5m,2025-05-07 16:45:00+00:00,0.0002,-1.0498572803881676,H2,1
272123,272221,short,A,retest,3.0,-1.0,2.017803226522615,False,True,False,False,False,False,False,False,BTC,1h>5m,2025-05-07 16:45:00+00:00,0.0002,-1.0498572803881676,H2,1
272123,272221,short,A,retest,5.0,-1.0,2.017803226522615,False,True,False,False,False,False,False,False,BTC,1h>5m,2025-05-07 16:45:00+00:00,0.0002,-1.0498572803881676,H2,1
327019,327070,long,V,mss,2.0,-1.0,1.525563317787433,True,False,False,True,False,False,False,False,BTC,1h>5m,2025-11-14 07:25:00+00:00,0.0002,-1.0214207018402153,H2,1
327019,327070,long,V,mss,3.0,-1.0,1.525563317787433,True,False,False,True,False,False,False,False,BTC,1h>5m,2025-11-14 07:25:00+00:00,0.0002,-1.0214207018402153,H2,1
327019,327070,long,V,mss,5.0,-1.0,1.525563317787433,True,False,False,True,False,False,False,False,BTC,1h>5m,2025-11-14 07:25:00+00:00,0.0002,-1.0214207018402153,H2,1
327020,327070,long,V,retest,2.0,-1.0,1.497474595235913,True,False,False,True,False,False,False,False,BTC,1h>5m,2025-11-14 07:30:00+00:00,0.0002,-1.0218187469277478,H2,1
327020,327070,long,V,retest,3.0,-1.0,1.497474595235913,True,False,False,True,False,False,False,False,BTC,1h>5m,2025-11-14 07:30:00+00:00,0.0002,-1.0218187469277478,H2,1
327020,327070,long,V,retest,5.0,-1.0,1.497474595235913,True,False,False,True,False,False,False,False,BTC,1h>5m,2025-11-14 07:30:00+00:00,0.0002,-1.0218187469277478,H2,1
272627,272701,long,V,mss,2.0,-1.0,1.1229671266059322,False,False,False,True,False,False,False,True,BTC,1h>5m,2025-05-09 10:45:00+00:00,0.0002,-1.0432413354922145,H2,0
272627,272701,long,V,mss,3.0,-1.0,1.1229671266059322,False,False,False,True,False,False,False,True,BTC,1h>5m,2025-05-09 10:45:00+00:00,0.0002,-1.0432413354922145,H2,0
272627,272701,long,V,mss,5.0,-1.0,1.1229671266059322,False,False,False,True,False,False,False,True,BTC,1h>5m,2025-05-09 10:45:00+00:00,0.0002,-1.0432413354922145,H2,0
272630,272701,long,V,retest,2.0,-1.0,1.0400499468587634,False,False,False,True,False,False,False,False,BTC,1h>5m,2025-05-09 11:00:00+00:00,0.0002,-1.0466727727634197,H2,0
272630,272701,long,V,retest,3.0,-1.0,1.0400499468587634,False,False,False,True,False,False,False,False,BTC,1h>5m,2025-05-09 11:00:00+00:00,0.0002,-1.0466727727634197,H2,0
272630,272701,long,V,retest,5.0,-1.0,1.0400499468587634,False,False,False,True,False,False,False,False,BTC,1h>5m,2025-05-09 11:00:00+00:00,0.0002,-1.0466727727634197,H2,0
272671,272865,short,A,mss,2.0,-1.0,1.6718435854014957,True,True,True,False,False,False,False,False,BTC,1h>5m,2025-05-09 14:25:00+00:00,0.0002,-1.0355128136684635,H2,2
272671,272865,short,A,mss,3.0,-1.0,1.6718435854014957,True,True,True,False,False,False,False,False,BTC,1h>5m,2025-05-09 14:25:00+00:00,0.0002,-1.0355128136684635,H2,2
272671,272865,short,A,mss,5.0,-1.0,1.6718435854014957,True,True,True,False,False,False,False,False,BTC,1h>5m,2025-05-09 14:25:00+00:00,0.0002,-1.0355128136684635,H2,2
272672,272865,short,A,retest,2.0,-1.0,1.430754047922968,True,True,True,False,False,False,False,False,BTC,1h>5m,2025-05-09 14:30:00+00:00,0.0002,-1.0415306094887065,H2,2
272672,272865,short,A,retest,3.0,-1.0,1.430754047922968,True,True,True,False,False,False,False,False,BTC,1h>5m,2025-05-09 14:30:00+00:00,0.0002,-1.0415306094887065,H2,2
272672,272865,short,A,retest,5.0,-1.0,1.430754047922968,True,True,True,False,False,False,False,False,BTC,1h>5m,2025-05-09 14:30:00+00:00,0.0002,-1.0415306094887065,H2,2
273264,273299,short,A,mss,2.0,-1.0,1.4334575319078897,False,True,True,False,False,False,False,False,BTC,1h>5m,2025-05-11 15:50:00+00:00,0.0002,-1.0540167551186215,H2,1
273264,273299,short,A,mss,3.0,-1.0,1.4334575319078897,False,True,True,False,False,False,False,False,BTC,1h>5m,2025-05-11 15:50:00+00:00,0.0002,-1.0540167551186215,H2,1
273264,273299,short,A,mss,5.0,-1.0,1.4334575319078897,False,True,True,False,False,False,False,False,BTC,1h>5m,2025-05-11 15:50:00+00:00,0.0002,-1.0540167551186215,H2,1
273265,273299,short,A,retest,2.0,-1.0,1.1702281303806736,False,True,True,False,False,False,False,False,BTC,1h>5m,2025-05-11 15:55:00+00:00,0.0002,-1.0662121925996704,H2,1
273265,273299,short,A,retest,3.0,-1.0,1.1702281303806736,False,True,True,False,False,False,False,False,BTC,1h>5m,2025-05-11 15:55:00+00:00,0.0002,-1.0662121925996704,H2,1
273265,273299,short,A,retest,5.0,-1.0,1.1702281303806736,False,True,True,False,False,False,False,False,BTC,1h>5m,2025-05-11 15:55:00+00:00,0.0002,-1.0662121925996704,H2,1
273343,273368,short,A,mss,2.0,-1.0,1.2287709942055383,False,False,False,False,False,False,False,False,BTC,1h>5m,2025-05-11 22:25:00+00:00,0.0002,-1.0646852821556654,H2,0
273343,273368,short,A,mss,3.0,-1.0,1.2287709942055383,False,False,False,False,False,False,False,False,BTC,1h>5m,2025-05-11 22:25:00+00:00,0.0002,-1.0646852821556654,H2,0
273343,273368,short,A,mss,5.0,-1.0,1.2287709942055383,False,False,False,False,False,False,False,False,BTC,1h>5m,2025-05-11 22:25:00+00:00,0.0002,-1.0646852821556654,H2,0
273344,273368,short,A,retest,2.0,-1.0,1.228599487931246,False,False,False,False,False,False,False,False,BTC,1h>5m,2025-05-11 22:30:00+00:00,0.0002,-1.0646943398128663,H2,0
273344,273368,short,A,retest,3.0,-1.0,1.228599487931246,False,False,False,False,False,False,False,False,BTC,1h>5m,2025-05-11 22:30:00+00:00,0.0002,-1.0646943398128663,H2,0
273344,273368,short,A,retest,5.0,-1.0,1.228599487931246,False,False,False,False,False,False,False,False,BTC,1h>5m,2025-05-11 22:30:00+00:00,0.0002,-1.0646943398128663,H2,0
274694,274807,long,V,mss,2.0,-1.0,1.5870760693493127,True,True,False,False,False,False,False,False,BTC,1h>5m,2025-05-16 15:00:00+00:00,0.0002,-1.0586707675286888,H2,2
274694,274807,long,V,mss,3.0,-1.0,1.5870760693493127,True,True,False,False,False,False,False,False,BTC,1h>5m,2025-05-16 15:00:00+00:00,0.0002,-1.0586707675286888,H2,2
274694,274807,long,V,mss,5.0,-1.0,1.5870760693493127,True,True,False,False,False,False,False,False,BTC,1h>5m,2025-05-16 15:00:00+00:00,0.0002,-1.0586707675286888,H2,2
274698,274807,long,V,retest,2.0,-1.0,1.4471456752898915,True,True,False,False,False,False,False,False,BTC,1h>5m,2025-05-16 15:20:00+00:00,0.0002,-1.0643245435658575,H2,2
274698,274807,long,V,retest,3.0,-1.0,1.4471456752898915,True,True,False,False,False,False,False,False,BTC,1h>5m,2025-05-16 15:20:00+00:00,0.0002,-1.0643245435658575,H2,2
274698,274807,long,V,retest,5.0,-1.0,1.4471456752898915,True,True,False,False,False,False,False,False,BTC,1h>5m,2025-05-16 15:20:00+00:00,0.0002,-1.0643245435658575,H2,2
275168,275184,short,A,mss,2.0,-1.0,1.0620605121307078,False,False,False,False,False,True,False,False,BTC,1h>5m,2025-05-18 06:30:00+00:00,0.0002,-1.1330327605583248,H2,1
275168,275184,short,A,mss,3.0,-1.0,1.0620605121307078,False,False,False,False,False,True,False,False,BTC,1h>5m,2025-05-18 06:30:00+00:00,0.0002,-1.1330327605583248,H2,1
275168,275184,short,A,mss,5.0,-1.0,1.0620605121307078,False,False,False,False,False,True,False,False,BTC,1h>5m,2025-05-18 06:30:00+00:00,0.0002,-1.1330327605583248,H2,1
275170,275184,short,A,retest,2.0,-1.0,0.9244022380131245,False,False,False,False,False,True,False,False,BTC,1h>5m,2025-05-18 06:40:00+00:00,0.0002,-1.1528732489519928,H2,1
275170,275184,short,A,retest,3.0,-1.0,0.9244022380131245,False,False,False,False,False,True,False,False,BTC,1h>5m,2025-05-18 06:40:00+00:00,0.0002,-1.1528732489519928,H2,1
275170,275184,short,A,retest,5.0,-1.0,0.9244022380131245,False,False,False,False,False,True,False,False,BTC,1h>5m,2025-05-18 06:40:00+00:00,0.0002,-1.1528732489519928,H2,1
275359,275427,long,V,mss,2.0,-1.0,2.8319799873677987,False,False,False,False,False,False,False,True,BTC,1h>5m,2025-05-18 22:25:00+00:00,0.0002,-1.023271359450601,H2,0
275359,275427,long,V,mss,3.0,-1.0,2.8319799873677987,False,False,False,False,False,False,False,True,BTC,1h>5m,2025-05-18 22:25:00+00:00,0.0002,-1.023271359450601,H2,0
275359,275427,long,V,mss,5.0,-1.0,2.8319799873677987,False,False,False,False,False,False,False,True,BTC,1h>5m,2025-05-18 22:25:00+00:00,0.0002,-1.023271359450601,H2,0
275394,275427,long,V,retest,2.0,-1.0,2.37329163281699,False,False,False,False,False,False,False,True,BTC,1h>5m,2025-05-19 01:20:00+00:00,0.0002,-1.0277303832626412,H2,0
275394,275427,long,V,retest,3.0,-1.0,2.37329163281699,False,False,False,False,False,False,False,True,BTC,1h>5m,2025-05-19 01:20:00+00:00,0.0002,-1.0277303832626412,H2,0
275394,275427,long,V,retest,5.0,-1.0,2.37329163281699,False,False,False,False,False,False,False,True,BTC,1h>5m,2025-05-19 01:20:00+00:00,0.0002,-1.0277303832626412,H2,0
275544,275655,long,V,mss,2.0,2.0,1.463884587455407,True,True,False,False,False,False,False,True,BTC,1h>5m,2025-05-19 13:50:00+00:00,0.0002,1.9659478787942934,H2,2
275544,275832,long,V,mss,3.0,1.003830166766326,1.463884587455407,True,True,False,False,False,False,False,True,BTC,1h>5m,2025-05-19 13:50:00+00:00,0.0002,0.9699772795272662,H2,2
275544,275832,long,V,mss,5.0,1.003830166766326,1.463884587455407,True,True,False,False,False,False,False,True,BTC,1h>5m,2025-05-19 13:50:00+00:00,0.0002,0.9699772795272662,H2,2
276440,276450,short,A,mss,2.0,-1.0,0.8518089802950479,False,True,False,False,False,False,False,False,BTC,1h>5m,2025-05-22 16:30:00+00:00,0.0002,-1.0657530647115203,H2,1
276440,276450,short,A,mss,3.0,-1.0,0.8518089802950479,False,True,False,False,False,False,False,False,BTC,1h>5m,2025-05-22 16:30:00+00:00,0.0002,-1.0657530647115203,H2,1
276440,276450,short,A,mss,5.0,-1.0,0.8518089802950479,False,True,False,False,False,False,False,False,BTC,1h>5m,2025-05-22 16:30:00+00:00,0.0002,-1.0657530647115203,H2,1
276441,276450,short,A,retest,2.0,-1.0,0.7680180180180336,False,True,False,False,False,False,False,False,BTC,1h>5m,2025-05-22 16:35:00+00:00,0.0002,-1.072948560946827,H2,1
276441,276450,short,A,retest,3.0,-1.0,0.7680180180180336,False,True,False,False,False,False,False,False,BTC,1h>5m,2025-05-22 16:35:00+00:00,0.0002,-1.072948560946827,H2,1
276441,276450,short,A,retest,5.0,-1.0,0.7680180180180336,False,True,False,False,False,False,False,False,BTC,1h>5m,2025-05-22 16:35:00+00:00,0.0002,-1.072948560946827,H2,1
276631,276670,long,V,mss,2.0,-1.0,0.9788858546473159,True,False,True,True,False,False,False,True,BTC,1h>5m,2025-05-23 08:25:00+00:00,0.0002,-1.0891018547467592,H2,1
276631,276670,long,V,mss,3.0,-1.0,0.9788858546473159,True,False,True,True,False,False,False,True,BTC,1h>5m,2025-05-23 08:25:00+00:00,0.0002,-1.0891018547467592,H2,1
276631,276670,long,V,mss,5.0,-1.0,0.9788858546473159,True,False,True,True,False,False,False,True,BTC,1h>5m,2025-05-23 08:25:00+00:00,0.0002,-1.0891018547467592,H2,1
276653,276670,long,V,retest,2.0,-1.0,0.9034871412282857,True,False,False,True,False,False,False,False,BTC,1h>5m,2025-05-23 10:15:00+00:00,0.0002,-1.0965209813315142,H2,1
276653,276670,long,V,retest,3.0,-1.0,0.9034871412282857,True,False,False,True,False,False,False,False,BTC,1h>5m,2025-05-23 10:15:00+00:00,0.0002,-1.0965209813315142,H2,1
276653,276670,long,V,retest,5.0,-1.0,0.9034871412282857,True,False,False,True,False,False,False,False,BTC,1h>5m,2025-05-23 10:15:00+00:00,0.0002,-1.0965209813315142,H2,1
276440,276450,short,A,mss,2.0,-1.0,0.8518089802950479,False,True,False,False,False,False,False,False,BTC,1h>5m,2025-05-22 16:30:00+00:00,0.0002,-1.0657530647115203,H2,1
276440,276450,short,A,mss,3.0,-1.0,0.8518089802950479,False,True,False,False,False,False,False,False,BTC,1h>5m,2025-05-22 16:30:00+00:00,0.0002,-1.0657530647115203,H2,1
276440,276450,short,A,mss,5.0,-1.0,0.8518089802950479,False,True,False,False,False,False,False,False,BTC,1h>5m,2025-05-22 16:30:00+00:00,0.0002,-1.0657530647115203,H2,1
276441,276450,short,A,retest,2.0,-1.0,0.7680180180180336,False,True,False,False,False,False,False,False,BTC,1h>5m,2025-05-22 16:35:00+00:00,0.0002,-1.072948560946827,H2,1
276441,276450,short,A,retest,3.0,-1.0,0.7680180180180336,False,True,False,False,False,False,False,False,BTC,1h>5m,2025-05-22 16:35:00+00:00,0.0002,-1.072948560946827,H2,1
276441,276450,short,A,retest,5.0,-1.0,0.7680180180180336,False,True,False,False,False,False,False,False,BTC,1h>5m,2025-05-22 16:35:00+00:00,0.0002,-1.072948560946827,H2,1
276738,276803,long,V,mss,2.0,-1.0,2.181717860608637,True,True,True,False,False,False,False,False,BTC,1h>5m,2025-05-23 17:20:00+00:00,0.0002,-1.0236673304599389,H2,2
276738,276803,long,V,mss,3.0,-1.0,2.181717860608637,True,True,True,False,False,False,False,False,BTC,1h>5m,2025-05-23 17:20:00+00:00,0.0002,-1.0236673304599389,H2,2
276738,276803,long,V,mss,5.0,-1.0,2.181717860608637,True,True,True,False,False,False,False,False,BTC,1h>5m,2025-05-23 17:20:00+00:00,0.0002,-1.0236673304599389,H2,2
276739,276803,long,V,retest,2.0,-1.0,2.1126386402627024,True,True,True,False,False,False,False,False,BTC,1h>5m,2025-05-23 17:25:00+00:00,0.0002,-1.024434667031787,H2,2
276739,276803,long,V,retest,3.0,-1.0,2.1126386402627024,True,True,True,False,False,False,False,False,BTC,1h>5m,2025-05-23 17:25:00+00:00,0.0002,-1.024434667031787,H2,2
276739,276803,long,V,retest,5.0,-1.0,2.1126386402627024,True,True,True,False,False,False,False,False,BTC,1h>5m,2025-05-23 17:25:00+00:00,0.0002,-1.024434667031787,H2,2
278100,278137,long,V,mss,2.0,-1.0,1.3072129876055036,True,False,False,True,False,False,True,False,BTC,1h>5m,2025-05-28 10:50:00+00:00,0.0002,-1.0707201835036357,H2,2
278100,278137,long,V,mss,3.0,-1.0,1.3072129876055036,True,False,False,True,False,False,True,False,BTC,1h>5m,2025-05-28 10:50:00+00:00,0.0002,-1.0707201835036357,H2,2
278100,278137,long,V,mss,5.0,-1.0,1.3072129876055036,True,False,False,True,False,False,True,False,BTC,1h>5m,2025-05-28 10:50:00+00:00,0.0002,-1.0707201835036357,H2,2
278101,278137,long,V,retest,2.0,-1.0,1.2792151167211727,True,False,False,True,False,False,True,False,BTC,1h>5m,2025-05-28 10:55:00+00:00,0.0002,-1.0722636416497018,H2,2
278101,278137,long,V,retest,3.0,-1.0,1.2792151167211727,True,False,False,True,False,False,True,False,BTC,1h>5m,2025-05-28 10:55:00+00:00,0.0002,-1.0722636416497018,H2,2
278101,278137,long,V,retest,5.0,-1.0,1.2792151167211727,True,False,False,True,False,False,True,False,BTC,1h>5m,2025-05-28 10:55:00+00:00,0.0002,-1.0722636416497018,H2,2
277874,277950,long,V,mss,2.0,-1.0,2.4541620807386835,False,True,True,False,False,False,False,True,BTC,1h>5m,2025-05-27 16:00:00+00:00,0.0002,-1.025989525239515,H2,1
277874,277950,long,V,mss,3.0,-1.0,2.4541620807386835,False,True,True,False,False,False,False,True,BTC,1h>5m,2025-05-27 16:00:00+00:00,0.0002,-1.025989525239515,H2,1
277874,277950,long,V,mss,5.0,-1.0,2.4541620807386835,False,True,True,False,False,False,False,True,BTC,1h>5m,2025-05-27 16:00:00+00:00,0.0002,-1.025989525239515,H2,1
277875,277950,long,V,retest,2.0,-1.0,2.291496701252706,False,True,True,False,False,False,False,False,BTC,1h>5m,2025-05-27 16:05:00+00:00,0.0002,-1.0278202339233005,H2,1
277875,277950,long,V,retest,3.0,-1.0,2.291496701252706,False,True,True,False,False,False,False,False,BTC,1h>5m,2025-05-27 16:05:00+00:00,0.0002,-1.0278202339233005,H2,1
277875,277950,long,V,retest,5.0,-1.0,2.291496701252706,False,True,True,False,False,False,False,False,BTC,1h>5m,2025-05-27 16:05:00+00:00,0.0002,-1.0278202339233005,H2,1
278073,278083,long,V,mss,2.0,-1.0,0.9506127634363668,False,False,True,True,False,True,False,False,BTC,1h>5m,2025-05-28 08:35:00+00:00,0.0002,-1.0978794496000526,H2,1
278073,278083,long,V,mss,3.0,-1.0,0.9506127634363668,False,False,True,True,False,True,False,False,BTC,1h>5m,2025-05-28 08:35:00+00:00,0.0002,-1.0978794496000526,H2,1
278073,278083,long,V,mss,5.0,-1.0,0.9506127634363668,False,False,True,True,False,True,False,False,BTC,1h>5m,2025-05-28 08:35:00+00:00,0.0002,-1.0978794496000526,H2,1
278074,278083,long,V,retest,2.0,-1.0,0.8901151622685836,False,False,False,True,False,True,False,False,BTC,1h>5m,2025-05-28 08:40:00+00:00,0.0002,-1.1045183348080427,H2,1
278074,278083,long,V,retest,3.0,-1.0,0.8901151622685836,False,False,False,True,False,True,False,False,BTC,1h>5m,2025-05-28 08:40:00+00:00,0.0002,-1.1045183348080427,H2,1
278074,278083,long,V,retest,5.0,-1.0,0.8901151622685836,False,False,False,True,False,True,False,False,BTC,1h>5m,2025-05-28 08:40:00+00:00,0.0002,-1.1045183348080427,H2,1
278134,278151,short,A,mss,2.0,2.0,1.2972158847615483,False,True,False,False,False,True,False,True,BTC,1h>5m,2025-05-28 13:40:00+00:00,0.0002,1.9220439899358948,H2,2
278134,278210,short,A,mss,3.0,3.0,1.2972158847615483,False,True,False,False,False,True,False,True,BTC,1h>5m,2025-05-28 13:40:00+00:00,0.0002,2.922243989935895,H2,2
278134,278422,short,A,mss,5.0,1.6666453913959796,1.2972158847615483,False,True,False,False,False,True,False,True,BTC,1h>5m,2025-05-28 13:40:00+00:00,0.0002,1.5886227104101536,H2,2
279725,279752,short,A,mss,2.0,2.0,0.7290073870646893,False,False,True,False,False,False,False,False,BTC,1h>5m,2025-06-03 02:15:00+00:00,0.0002,1.89994839928154,H2,0
279725,279876,short,A,mss,3.0,-1.0,0.7290073870646893,False,False,True,False,False,False,False,False,BTC,1h>5m,2025-06-03 02:15:00+00:00,0.0002,-1.1006516007184601,H2,0
279725,279876,short,A,mss,5.0,-1.0,0.7290073870646893,False,False,True,False,False,False,False,False,BTC,1h>5m,2025-06-03 02:15:00+00:00,0.0002,-1.1006516007184601,H2,0
279727,279748,short,A,retest,2.0,2.0,0.6930273406443794,False,False,True,False,False,False,False,False,BTC,1h>5m,2025-06-03 02:25:00+00:00,0.0002,1.8947124654841248,H2,0
279727,279800,short,A,retest,3.0,3.0,0.6930273406443794,False,False,True,False,False,False,False,False,BTC,1h>5m,2025-06-03 02:25:00+00:00,0.0002,2.8949124654841247,H2,0
279727,279876,short,A,retest,5.0,-1.0,0.6930273406443794,False,False,True,False,False,False,False,False,BTC,1h>5m,2025-06-03 02:25:00+00:00,0.0002,-1.1058875345158754,H2,0
279862,279882,long,V,mss,2.0,2.0,1.5476704170991,True,True,False,False,False,False,False,False,BTC,1h>5m,2025-06-03 13:40:00+00:00,0.0002,1.924218227072343,H2,2
279862,280130,long,V,mss,3.0,-1.0,1.5476704170991,True,True,False,False,False,False,False,False,BTC,1h>5m,2025-06-03 13:40:00+00:00,0.0002,-1.0751817729276572,H2,2
279862,280130,long,V,mss,5.0,-1.0,1.5476704170991,True,True,False,False,False,False,False,False,BTC,1h>5m,2025-06-03 13:40:00+00:00,0.0002,-1.0751817729276572,H2,2
279863,279874,long,V,retest,2.0,2.0,1.1206972962946669,True,True,False,False,False,False,False,False,BTC,1h>5m,2025-06-03 13:45:00+00:00,0.0002,1.8956510112003835,H2,2
279863,279877,long,V,retest,3.0,3.0,1.1206972962946669,True,True,False,False,False,False,False,False,BTC,1h>5m,2025-06-03 13:45:00+00:00,0.0002,2.8954510112003833,H2,2
279863,280130,long,V,retest,5.0,-1.0,1.1206972962946669,True,True,False,False,False,False,False,False,BTC,1h>5m,2025-06-03 13:45:00+00:00,0.0002,-1.1037489887996166,H2,2
280956,281000,short,A,mss,2.0,-1.0,1.5369602066198313,True,False,False,True,False,False,False,True,BTC,1h>5m,2025-06-07 08:50:00+00:00,0.0002,-1.0715182762136426,H2,1
280956,281000,short,A,mss,3.0,-1.0,1.5369602066198313,True,False,False,True,False,False,False,True,BTC,1h>5m,2025-06-07 08:50:00+00:00,0.0002,-1.0715182762136426,H2,1
280956,281000,short,A,mss,5.0,-1.0,1.5369602066198313,True,False,False,True,False,False,False,True,BTC,1h>5m,2025-06-07 08:50:00+00:00,0.0002,-1.0715182762136426,H2,1
280958,281000,short,A,retest,2.0,-1.0,1.4035506242886924,True,False,False,True,False,False,True,False,BTC,1h>5m,2025-06-07 09:00:00+00:00,0.0002,-1.0783352054426971,H2,2
280958,281000,short,A,retest,3.0,-1.0,1.4035506242886924,True,False,False,True,False,False,True,False,BTC,1h>5m,2025-06-07 09:00:00+00:00,0.0002,-1.0783352054426971,H2,2
280958,281000,short,A,retest,5.0,-1.0,1.4035506242886924,True,False,False,True,False,False,True,False,BTC,1h>5m,2025-06-07 09:00:00+00:00,0.0002,-1.0783352054426971,H2,2
283958,284246,long,V,mss,2.0,-0.585886589391857,2.2854397292717823,True,False,True,False,False,False,False,True,BTC,1h>5m,2025-06-17 19:00:00+00:00,0.0002,-0.6157011748376993,H2,1
283958,284246,long,V,mss,3.0,-0.585886589391857,2.2854397292717823,True,False,True,False,False,False,False,True,BTC,1h>5m,2025-06-17 19:00:00+00:00,0.0002,-0.6157011748376993,H2,1
283958,284246,long,V,mss,5.0,-0.585886589391857,2.2854397292717823,True,False,True,False,False,False,False,True,BTC,1h>5m,2025-06-17 19:00:00+00:00,0.0002,-0.6157011748376993,H2,1
283973,284260,long,V,retest,2.0,-0.5955552531096642,1.847288228290479,True,False,True,False,False,False,False,False,BTC,1h>5m,2025-06-17 20:15:00+00:00,0.0002,-0.6323724350218874,H2,1
283973,284260,long,V,retest,3.0,-0.5955552531096642,1.847288228290479,True,False,True,False,False,False,False,False,BTC,1h>5m,2025-06-17 20:15:00+00:00,0.0002,-0.6323724350218874,H2,1
283973,284260,long,V,retest,5.0,-0.5955552531096642,1.847288228290479,True,False,True,False,False,False,False,False,BTC,1h>5m,2025-06-17 20:15:00+00:00,0.0002,-0.6323724350218874,H2,1
282826,283054,long,V,mss,2.0,-1.0,1.2748644427339384,False,False,False,False,False,False,False,True,BTC,1h>5m,2025-06-13 20:40:00+00:00,0.0002,-1.0492768183099042,H2,0
282826,283054,long,V,mss,3.0,-1.0,1.2748644427339384,False,False,False,False,False,False,False,True,BTC,1h>5m,2025-06-13 20:40:00+00:00,0.0002,-1.0492768183099042,H2,0
282826,283054,long,V,mss,5.0,-1.0,1.2748644427339384,False,False,False,False,False,False,False,True,BTC,1h>5m,2025-06-13 20:40:00+00:00,0.0002,-1.0492768183099042,H2,0
282827,283054,long,V,retest,2.0,-1.0,1.237453946827615,False,False,False,False,False,False,False,False,BTC,1h>5m,2025-06-13 20:45:00+00:00,0.0002,-1.0507605002806029,H2,0
282827,283054,long,V,retest,3.0,-1.0,1.237453946827615,False,False,False,False,False,False,False,False,BTC,1h>5m,2025-06-13 20:45:00+00:00,0.0002,-1.0507605002806029,H2,0
282827,283054,long,V,retest,5.0,-1.0,1.237453946827615,False,False,False,False,False,False,False,False,BTC,1h>5m,2025-06-13 20:45:00+00:00,0.0002,-1.0507605002806029,H2,0
283232,283494,short,A,mss,2.0,-1.0,1.9331582815915425,False,False,False,False,False,False,False,False,BTC,1h>5m,2025-06-15 06:30:00+00:00,0.0002,-1.0592728002693543,H2,0
283232,283494,short,A,mss,3.0,-1.0,1.9331582815915425,False,False,False,False,False,False,False,False,BTC,1h>5m,2025-06-15 06:30:00+00:00,0.0002,-1.0592728002693543,H2,0
283232,283494,short,A,mss,5.0,-1.0,1.9331582815915425,False,False,False,False,False,False,False,False,BTC,1h>5m,2025-06-15 06:30:00+00:00,0.0002,-1.0592728002693543,H2,0
283233,283494,short,A,retest,2.0,-1.0,1.7877937677711786,False,False,False,False,False,False,False,False,BTC,1h>5m,2025-06-15 06:35:00+00:00,0.0002,-1.0641085004784832,H2,0
283233,283494,short,A,retest,3.0,-1.0,1.7877937677711786,False,False,False,False,False,False,False,False,BTC,1h>5m,2025-06-15 06:35:00+00:00,0.0002,-1.0641085004784832,H2,0
283233,283494,short,A,retest,5.0,-1.0,1.7877937677711786,False,False,False,False,False,False,False,False,BTC,1h>5m,2025-06-15 06:35:00+00:00,0.0002,-1.0641085004784832,H2,0
283451,283464,short,A,mss,2.0,-1.0,0.8740430992118927,False,False,True,False,False,False,False,False,BTC,1h>5m,2025-06-16 00:45:00+00:00,0.0002,-1.123157109108119,H2,0
283451,283464,short,A,mss,3.0,-1.0,0.8740430992118927,False,False,True,False,False,False,False,False,BTC,1h>5m,2025-06-16 00:45:00+00:00,0.0002,-1.123157109108119,H2,0
283451,283464,short,A,mss,5.0,-1.0,0.8740430992118927,False,False,True,False,False,False,False,False,BTC,1h>5m,2025-06-16 00:45:00+00:00,0.0002,-1.123157109108119,H2,0
283454,283464,short,A,retest,2.0,-1.0,0.817424421673387,False,False,True,False,False,False,False,False,BTC,1h>5m,2025-06-16 01:00:00+00:00,0.0002,-1.1317014053115246,H2,0
283454,283464,short,A,retest,3.0,-1.0,0.817424421673387,False,False,True,False,False,False,False,False,BTC,1h>5m,2025-06-16 01:00:00+00:00,0.0002,-1.1317014053115246,H2,0
283454,283464,short,A,retest,5.0,-1.0,0.817424421673387,False,False,True,False,False,False,False,False,BTC,1h>5m,2025-06-16 01:00:00+00:00,0.0002,-1.1317014053115246,H2,0
284160,284176,long,V,mss,2.0,-1.0,1.3404268434084787,True,False,False,True,False,False,False,False,BTC,1h>5m,2025-06-18 11:50:00+00:00,0.0002,-1.0653055938234772,H2,1
284160,284176,long,V,mss,3.0,-1.0,1.3404268434084787,True,False,False,True,False,False,False,False,BTC,1h>5m,2025-06-18 11:50:00+00:00,0.0002,-1.0653055938234772,H2,1
284160,284176,long,V,mss,5.0,-1.0,1.3404268434084787,True,False,False,True,False,False,False,False,BTC,1h>5m,2025-06-18 11:50:00+00:00,0.0002,-1.0653055938234772,H2,1
284161,284176,long,V,retest,2.0,-1.0,1.331545867338928,True,False,False,True,False,False,False,False,BTC,1h>5m,2025-06-18 11:55:00+00:00,0.0002,-1.0657398268716378,H2,1
284161,284176,long,V,retest,3.0,-1.0,1.331545867338928,True,False,False,True,False,False,False,False,BTC,1h>5m,2025-06-18 11:55:00+00:00,0.0002,-1.0657398268716378,H2,1
284161,284176,long,V,retest,5.0,-1.0,1.331545867338928,True,False,False,True,False,False,False,False,BTC,1h>5m,2025-06-18 11:55:00+00:00,0.0002,-1.0657398268716378,H2,1
284467,284469,long,V,mss,2.0,-1.0,0.6039316904505404,False,True,False,False,False,False,False,False,BTC,1h>5m,2025-06-19 13:25:00+00:00,0.0002,-1.196724577279394,H2,1
284467,284469,long,V,mss,3.0,-1.0,0.6039316904505404,False,True,False,False,False,False,False,False,BTC,1h>5m,2025-06-19 13:25:00+00:00,0.0002,-1.196724577279394,H2,1
284467,284469,long,V,mss,5.0,-1.0,0.6039316904505404,False,True,False,False,False,False,False,False,BTC,1h>5m,2025-06-19 13:25:00+00:00,0.0002,-1.196724577279394,H2,1
284468,284469,long,V,retest,2.0,-1.0,0.6018036039651057,False,True,False,False,False,False,False,False,BTC,1h>5m,2025-06-19 13:30:00+00:00,0.0002,-1.1974195237606189,H2,1
284468,284469,long,V,retest,3.0,-1.0,0.6018036039651057,False,True,False,False,False,False,False,False,BTC,1h>5m,2025-06-19 13:30:00+00:00,0.0002,-1.1974195237606189,H2,1
284468,284469,long,V,retest,5.0,-1.0,0.6018036039651057,False,True,False,False,False,False,False,False,BTC,1h>5m,2025-06-19 13:30:00+00:00,0.0002,-1.1974195237606189,H2,1
286288,286357,short,A,mss,2.0,-1.0,0.8027835179557493,True,False,False,False,False,False,False,False,BTC,1h>5m,2025-06-25 21:10:00+00:00,0.0002,-1.098282077586466,H2,1
286288,286357,short,A,mss,3.0,-1.0,0.8027835179557493,True,False,False,False,False,False,False,False,BTC,1h>5m,2025-06-25 21:10:00+00:00,0.0002,-1.098282077586466,H2,1
286288,286357,short,A,mss,5.0,-1.0,0.8027835179557493,True,False,False,False,False,False,False,False,BTC,1h>5m,2025-06-25 21:10:00+00:00,0.0002,-1.098282077586466,H2,1
286289,286357,short,A,retest,2.0,-1.0,0.6800164689736298,True,False,False,False,False,False,True,False,BTC,1h>5m,2025-06-25 21:15:00+00:00,0.0002,-1.116061579399366,H2,2
286289,286357,short,A,retest,3.0,-1.0,0.6800164689736298,True,False,False,False,False,False,True,False,BTC,1h>5m,2025-06-25 21:15:00+00:00,0.0002,-1.116061579399366,H2,2
286289,286357,short,A,retest,5.0,-1.0,0.6800164689736298,True,False,False,False,False,False,True,False,BTC,1h>5m,2025-06-25 21:15:00+00:00,0.0002,-1.116061579399366,H2,2
286996,287060,short,A,mss,2.0,2.0,0.45996934787315585,True,False,False,True,False,False,False,False,BTC,1h>5m,2025-06-28 08:10:00+00:00,0.0002,1.627972243781661,H2,1
286996,287089,short,A,mss,3.0,-1.0,0.45996934787315585,True,False,False,True,False,False,False,False,BTC,1h>5m,2025-06-28 08:10:00+00:00,0.0002,-1.3726277562183389,H2,1
286996,287089,short,A,mss,5.0,-1.0,0.45996934787315585,True,False,False,True,False,False,False,False,BTC,1h>5m,2025-06-28 08:10:00+00:00,0.0002,-1.3726277562183389,H2,1
286998,287059,short,A,retest,2.0,2.0,0.3885008944951623,True,False,True,True,False,False,False,False,BTC,1h>5m,2025-06-28 08:20:00+00:00,0.0002,1.5593870140154935,H2,1
286998,287061,short,A,retest,3.0,3.0,0.3885008944951623,True,False,True,True,False,False,False,False,BTC,1h>5m,2025-06-28 08:20:00+00:00,0.0002,2.5595870140154937,H2,1
286998,287089,short,A,retest,5.0,-1.0,0.3885008944951623,True,False,True,True,False,False,False,False,BTC,1h>5m,2025-06-28 08:20:00+00:00,0.0002,-1.4412129859845064,H2,1
287851,287874,long,V,mss,2.0,-1.0,0.8500833829660244,True,False,False,True,False,False,False,False,BTC,1h>5m,2025-07-01 07:25:00+00:00,0.0002,-1.1444335208199035,H2,1
287851,287874,long,V,mss,3.0,-1.0,0.8500833829660244,True,False,False,True,False,False,False,False,BTC,1h>5m,2025-07-01 07:25:00+00:00,0.0002,-1.1444335208199035,H2,1
287851,287874,long,V,mss,5.0,-1.0,0.8500833829660244,True,False,False,True,False,False,False,False,BTC,1h>5m,2025-07-01 07:25:00+00:00,0.0002,-1.1444335208199035,H2,1
287864,287874,long,V,retest,2.0,-1.0,0.7410817194142291,True,False,True,True,False,False,False,False,BTC,1h>5m,2025-07-01 08:30:00+00:00,0.0002,-1.1656480418334954,H2,1
287864,287874,long,V,retest,3.0,-1.0,0.7410817194142291,True,False,True,True,False,False,False,False,BTC,1h>5m,2025-07-01 08:30:00+00:00,0.0002,-1.1656480418334954,H2,1
287864,287874,long,V,retest,5.0,-1.0,0.7410817194142291,True,False,True,True,False,False,False,False,BTC,1h>5m,2025-07-01 08:30:00+00:00,0.0002,-1.1656480418334954,H2,1
287663,287849,long,V,mss,2.0,-1.0,2.878049629467905,True,True,True,False,False,False,False,False,BTC,1h>5m,2025-06-30 15:45:00+00:00,0.0002,-1.0429662808516353,H2,2
287663,287849,long,V,mss,3.0,-1.0,2.878049629467905,True,True,True,False,False,False,False,False,BTC,1h>5m,2025-06-30 15:45:00+00:00,0.0002,-1.0429662808516353,H2,2
287663,287849,long,V,mss,5.0,-1.0,2.878049629467905,True,True,True,False,False,False,False,False,BTC,1h>5m,2025-06-30 15:45:00+00:00,0.0002,-1.0429662808516353,H2,2
287664,287849,long,V,retest,2.0,-1.0,2.1743270074436256,True,True,True,False,False,False,False,False,BTC,1h>5m,2025-06-30 15:50:00+00:00,0.0002,-1.0568076208120505,H2,2
287664,287849,long,V,retest,3.0,-1.0,2.1743270074436256,True,True,True,False,False,False,False,False,BTC,1h>5m,2025-06-30 15:50:00+00:00,0.0002,-1.0568076208120505,H2,2
287664,287849,long,V,retest,5.0,-1.0,2.1743270074436256,True,True,True,False,False,False,False,False,BTC,1h>5m,2025-06-30 15:50:00+00:00,0.0002,-1.0568076208120505,H2,2
288737,288788,long,V,mss,2.0,-1.0,1.424784276461503,True,False,False,True,False,False,False,False,BTC,1h>5m,2025-07-04 09:15:00+00:00,0.0002,-1.0995291021191054,H2,1
288737,288788,long,V,mss,3.0,-1.0,1.424784276461503,True,False,False,True,False,False,False,False,BTC,1h>5m,2025-07-04 09:15:00+00:00,0.0002,-1.0995291021191054,H2,1
288737,288788,long,V,mss,5.0,-1.0,1.424784276461503,True,False,False,True,False,False,False,False,BTC,1h>5m,2025-07-04 09:15:00+00:00,0.0002,-1.0995291021191054,H2,1
288738,288788,long,V,retest,2.0,-1.0,1.3614960558400682,True,False,False,True,False,False,False,False,BTC,1h>5m,2025-07-04 09:20:00+00:00,0.0002,-1.1041463480538827,H2,1
288738,288788,long,V,retest,3.0,-1.0,1.3614960558400682,True,False,False,True,False,False,False,False,BTC,1h>5m,2025-07-04 09:20:00+00:00,0.0002,-1.1041463480538827,H2,1
288738,288788,long,V,retest,5.0,-1.0,1.3614960558400682,True,False,False,True,False,False,False,False,BTC,1h>5m,2025-07-04 09:20:00+00:00,0.0002,-1.1041463480538827,H2,1
291142,291372,long,V,mss,2.0,2.0,1.567178828456991,True,True,False,False,False,False,False,True,BTC,1h>5m,2025-07-12 17:40:00+00:00,0.0002,1.9169095677123587,H2,2
291142,291389,long,V,mss,3.0,3.0,1.567178828456991,True,True,False,False,False,False,False,True,BTC,1h>5m,2025-07-12 17:40:00+00:00,0.0002,2.916709567712359,H2,2
291142,291430,long,V,mss,5.0,2.272915609652342,1.567178828456991,True,True,False,False,False,False,False,True,BTC,1h>5m,2025-07-12 17:40:00+00:00,0.0002,2.1897705942427703,H2,2
291143,291372,long,V,retest,2.0,2.0,1.5669581766278415,True,True,False,False,False,False,False,False,BTC,1h>5m,2025-07-12 17:45:00+00:00,0.0002,1.916897979952917,H2,2
291143,291389,long,V,retest,3.0,3.0,1.5669581766278415,True,True,False,False,False,False,False,False,BTC,1h>5m,2025-07-12 17:45:00+00:00,0.0002,2.916697979952917,H2,2
291143,291430,long,V,retest,5.0,2.2733764865453523,1.5669581766278415,True,True,False,False,False,False,False,False,BTC,1h>5m,2025-07-12 17:45:00+00:00,0.0002,2.19021979120096,H2,2
292109,292162,short,A,mss,2.0,-1.0,0.9362859132990399,False,False,True,False,False,False,False,True,BTC,1h>5m,2025-07-16 02:15:00+00:00,0.0002,-1.04890028582974,H2,0
292109,292162,short,A,mss,3.0,-1.0,0.9362859132990399,False,False,True,False,False,False,False,True,BTC,1h>5m,2025-07-16 02:15:00+00:00,0.0002,-1.04890028582974,H2,0
292109,292162,short,A,mss,5.0,-1.0,0.9362859132990399,False,False,True,False,False,False,False,True,BTC,1h>5m,2025-07-16 02:15:00+00:00,0.0002,-1.04890028582974,H2,0
292118,292162,short,A,retest,2.0,-1.0,0.7632159482096987,False,False,False,False,False,False,False,False,BTC,1h>5m,2025-07-16 03:00:00+00:00,0.0002,-1.060034467150719,H2,0
292118,292162,short,A,retest,3.0,-1.0,0.7632159482096987,False,False,False,False,False,False,False,False,BTC,1h>5m,2025-07-16 03:00:00+00:00,0.0002,-1.060034467150719,H2,0
292118,292162,short,A,retest,5.0,-1.0,0.7632159482096987,False,False,False,False,False,False,False,False,BTC,1h>5m,2025-07-16 03:00:00+00:00,0.0002,-1.060034467150719,H2,0
293830,294118,long,V,mss,2.0,1.2282170246267632,2.0523128288429837,False,False,False,False,False,False,False,False,BTC,1h>5m,2025-07-22 01:40:00+00:00,0.0002,1.1975659501003564,H2,0
293830,294118,long,V,mss,3.0,1.2282170246267632,2.0523128288429837,False,False,False,False,False,False,False,False,BTC,1h>5m,2025-07-22 01:40:00+00:00,0.0002,1.1975659501003564,H2,0
293830,294118,long,V,mss,5.0,1.2282170246267632,2.0523128288429837,False,False,False,False,False,False,False,False,BTC,1h>5m,2025-07-22 01:40:00+00:00,0.0002,1.1975659501003564,H2,0
293836,294123,long,V,retest,2.0,1.2026115198056573,1.8888268918387732,False,False,False,False,False,False,False,False,BTC,1h>5m,2025-07-22 02:10:00+00:00,0.0002,1.1693684697149214,H2,0
293836,294123,long,V,retest,3.0,1.2026115198056573,1.8888268918387732,False,False,False,False,False,False,False,False,BTC,1h>5m,2025-07-22 02:10:00+00:00,0.0002,1.1693684697149214,H2,0
293836,294123,long,V,retest,5.0,1.2026115198056573,1.8888268918387732,False,False,False,False,False,False,False,False,BTC,1h>5m,2025-07-22 02:10:00+00:00,0.0002,1.1693684697149214,H2,0
293109,293113,long,V,mss,2.0,-1.0,0.7288384608776567,False,True,False,False,False,True,False,True,BTC,1h>5m,2025-07-19 13:35:00+00:00,0.0002,-1.2108655816350826,H2,2
293109,293113,long,V,mss,3.0,-1.0,0.7288384608776567,False,True,False,False,False,True,False,True,BTC,1h>5m,2025-07-19 13:35:00+00:00,0.0002,-1.2108655816350826,H2,2
293109,293113,long,V,mss,5.0,-1.0,0.7288384608776567,False,True,False,False,False,True,False,True,BTC,1h>5m,2025-07-19 13:35:00+00:00,0.0002,-1.2108655816350826,H2,2
293110,293113,long,V,retest,2.0,-1.0,0.7262056171975338,False,True,False,False,False,True,False,False,BTC,1h>5m,2025-07-19 13:40:00+00:00,0.0002,-1.2116293454123,H2,2
293110,293113,long,V,retest,3.0,-1.0,0.7262056171975338,False,True,False,False,False,True,False,False,BTC,1h>5m,2025-07-19 13:40:00+00:00,0.0002,-1.2116293454123,H2,2
293110,293113,long,V,retest,5.0,-1.0,0.7262056171975338,False,True,False,False,False,True,False,False,BTC,1h>5m,2025-07-19 13:40:00+00:00,0.0002,-1.2116293454123,H2,2
293182,293200,long,V,mss,2.0,-1.0,1.7166111026864388,True,False,False,False,False,False,False,False,BTC,1h>5m,2025-07-19 19:40:00+00:00,0.0002,-1.0897001336777032,H2,1
293182,293200,long,V,mss,3.0,-1.0,1.7166111026864388,True,False,False,False,False,False,False,False,BTC,1h>5m,2025-07-19 19:40:00+00:00,0.0002,-1.0897001336777032,H2,1
293182,293200,long,V,mss,5.0,-1.0,1.7166111026864388,True,False,False,False,False,False,False,False,BTC,1h>5m,2025-07-19 19:40:00+00:00,0.0002,-1.0897001336777032,H2,1
293183,293200,long,V,retest,2.0,-1.0,1.4086427846536307,True,False,False,False,False,False,False,False,BTC,1h>5m,2025-07-19 19:45:00+00:00,0.0002,-1.1092673411576404,H2,1
293183,293200,long,V,retest,3.0,-1.0,1.4086427846536307,True,False,False,False,False,False,False,False,BTC,1h>5m,2025-07-19 19:45:00+00:00,0.0002,-1.1092673411576404,H2,1
293183,293200,long,V,retest,5.0,-1.0,1.4086427846536307,True,False,False,False,False,False,False,False,BTC,1h>5m,2025-07-19 19:45:00+00:00,0.0002,-1.1092673411576404,H2,1
293375,293378,long,V,mss,2.0,-1.0,0.8492776062904146,False,False,False,True,False,False,False,False,BTC,1h>5m,2025-07-20 11:45:00+00:00,0.0002,-1.192651134582621,H2,0
293375,293378,long,V,mss,3.0,-1.0,0.8492776062904146,False,False,False,True,False,False,False,False,BTC,1h>5m,2025-07-20 11:45:00+00:00,0.0002,-1.192651134582621,H2,0
293375,293378,long,V,mss,5.0,-1.0,0.8492776062904146,False,False,False,True,False,False,False,False,BTC,1h>5m,2025-07-20 11:45:00+00:00,0.0002,-1.192651134582621,H2,0
293376,293378,long,V,retest,2.0,-1.0,0.6249490905667322,False,False,False,True,False,False,False,False,BTC,1h>5m,2025-07-20 11:50:00+00:00,0.0002,-1.261732405396388,H2,0
293376,293378,long,V,retest,3.0,-1.0,0.6249490905667322,False,False,False,True,False,False,False,False,BTC,1h>5m,2025-07-20 11:50:00+00:00,0.0002,-1.261732405396388,H2,0
293376,293378,long,V,retest,5.0,-1.0,0.6249490905667322,False,False,False,True,False,False,False,False,BTC,1h>5m,2025-07-20 11:50:00+00:00,0.0002,-1.261732405396388,H2,0
293830,294118,long,V,mss,2.0,1.2282170246267632,2.0523128288429837,False,False,False,False,False,False,False,False,BTC,1h>5m,2025-07-22 01:40:00+00:00,0.0002,1.1975659501003564,H2,0
293830,294118,long,V,mss,3.0,1.2282170246267632,2.0523128288429837,False,False,False,False,False,False,False,False,BTC,1h>5m,2025-07-22 01:40:00+00:00,0.0002,1.1975659501003564,H2,0
293830,294118,long,V,mss,5.0,1.2282170246267632,2.0523128288429837,False,False,False,False,False,False,False,False,BTC,1h>5m,2025-07-22 01:40:00+00:00,0.0002,1.1975659501003564,H2,0
293836,294123,long,V,retest,2.0,1.2026115198056573,1.8888268918387732,False,False,False,False,False,False,False,False,BTC,1h>5m,2025-07-22 02:10:00+00:00,0.0002,1.1693684697149214,H2,0
293836,294123,long,V,retest,3.0,1.2026115198056573,1.8888268918387732,False,False,False,False,False,False,False,False,BTC,1h>5m,2025-07-22 02:10:00+00:00,0.0002,1.1693684697149214,H2,0
293836,294123,long,V,retest,5.0,1.2026115198056573,1.8888268918387732,False,False,False,False,False,False,False,False,BTC,1h>5m,2025-07-22 02:10:00+00:00,0.0002,1.1693684697149214,H2,0
294293,294376,short,A,mss,2.0,-1.0,1.5875761271304443,False,True,False,False,False,False,False,False,BTC,1h>5m,2025-07-23 16:15:00+00:00,0.0002,-1.0520233699235795,H2,1
294293,294376,short,A,mss,3.0,-1.0,1.5875761271304443,False,True,False,False,False,False,False,False,BTC,1h>5m,2025-07-23 16:15:00+00:00,0.0002,-1.0520233699235795,H2,1
294293,294376,short,A,mss,5.0,-1.0,1.5875761271304443,False,True,False,False,False,False,False,False,BTC,1h>5m,2025-07-23 16:15:00+00:00,0.0002,-1.0520233699235795,H2,1
294294,294376,short,A,retest,2.0,-1.0,1.5816754951692615,False,True,False,False,False,False,False,False,BTC,1h>5m,2025-07-23 16:20:00+00:00,0.0002,-1.0522181955288525,H2,1
294294,294376,short,A,retest,3.0,-1.0,1.5816754951692615,False,True,False,False,False,False,False,False,BTC,1h>5m,2025-07-23 16:20:00+00:00,0.0002,-1.0522181955288525,H2,1
294294,294376,short,A,retest,5.0,-1.0,1.5816754951692615,False,True,False,False,False,False,False,False,BTC,1h>5m,2025-07-23 16:20:00+00:00,0.0002,-1.0522181955288525,H2,1
296027,296315,long,V,mss,2.0,0.08335526348455277,1.5795422810877675,True,True,False,False,False,False,False,False,BTC,1h>5m,2025-07-29 16:45:00+00:00,0.0002,0.024879196313741136,H2,2
296027,296315,long,V,mss,3.0,0.08335526348455277,1.5795422810877675,True,True,False,False,False,False,False,False,BTC,1h>5m,2025-07-29 16:45:00+00:00,0.0002,0.024879196313741136,H2,2
296027,296315,long,V,mss,5.0,0.08335526348455277,1.5795422810877675,True,True,False,False,False,False,False,False,BTC,1h>5m,2025-07-29 16:45:00+00:00,0.0002,0.024879196313741136,H2,2
296043,296330,long,V,retest,2.0,0.12447289226211629,1.2730994553366155,True,False,False,False,False,False,False,True,BTC,1h>5m,2025-07-29 18:05:00+00:00,0.0002,0.05201334980241312,H2,1
296043,296330,long,V,retest,3.0,0.12447289226211629,1.2730994553366155,True,False,False,False,False,False,False,True,BTC,1h>5m,2025-07-29 18:05:00+00:00,0.0002,0.05201334980241312,H2,1
296043,296330,long,V,retest,5.0,0.12447289226211629,1.2730994553366155,True,False,False,False,False,False,False,True,BTC,1h>5m,2025-07-29 18:05:00+00:00,0.0002,0.05201334980241312,H2,1
295206,295284,short,A,mss,2.0,-1.0,1.0825678038999347,True,False,True,False,False,False,False,False,BTC,1h>5m,2025-07-26 20:20:00+00:00,0.0002,-1.1741050164915037,H2,1
295206,295284,short,A,mss,3.0,-1.0,1.0825678038999347,True,False,True,False,False,False,False,False,BTC,1h>5m,2025-07-26 20:20:00+00:00,0.0002,-1.1741050164915037,H2,1
295206,295284,short,A,mss,5.0,-1.0,1.0825678038999347,True,False,True,False,False,False,False,False,BTC,1h>5m,2025-07-26 20:20:00+00:00,0.0002,-1.1741050164915037,H2,1
295211,295284,short,A,retest,2.0,-1.0,1.0430105444250548,True,False,False,False,False,False,False,False,BTC,1h>5m,2025-07-26 20:45:00+00:00,0.0002,-1.1807157154935242,H2,1
295211,295284,short,A,retest,3.0,-1.0,1.0430105444250548,True,False,False,False,False,False,False,False,BTC,1h>5m,2025-07-26 20:45:00+00:00,0.0002,-1.1807157154935242,H2,1
295211,295284,short,A,retest,5.0,-1.0,1.0430105444250548,True,False,False,False,False,False,False,False,BTC,1h>5m,2025-07-26 20:45:00+00:00,0.0002,-1.1807157154935242,H2,1
296069,296339,long,V,mss,2.0,-1.0,1.1603538964001896,True,False,True,False,False,False,False,False,BTC,1h>5m,2025-07-29 20:15:00+00:00,0.0002,-1.0783341077289137,H2,1
296069,296339,long,V,mss,3.0,-1.0,1.1603538964001896,True,False,True,False,False,False,False,False,BTC,1h>5m,2025-07-29 20:15:00+00:00,0.0002,-1.0783341077289137,H2,1
296069,296339,long,V,mss,5.0,-1.0,1.1603538964001896,True,False,True,False,False,False,False,False,BTC,1h>5m,2025-07-29 20:15:00+00:00,0.0002,-1.0783341077289137,H2,1
296070,296339,long,V,retest,2.0,-1.0,1.1135069399313606,True,False,True,False,False,False,False,False,BTC,1h>5m,2025-07-29 20:20:00+00:00,0.0002,-1.081621330297758,H2,1
296070,296339,long,V,retest,3.0,-1.0,1.1135069399313606,True,False,True,False,False,False,False,False,BTC,1h>5m,2025-07-29 20:20:00+00:00,0.0002,-1.081621330297758,H2,1
296070,296339,long,V,retest,5.0,-1.0,1.1135069399313606,True,False,True,False,False,False,False,False,BTC,1h>5m,2025-07-29 20:20:00+00:00,0.0002,-1.081621330297758,H2,1
296140,296257,long,V,mss,2.0,-1.0,1.2346755629817603,False,False,False,False,False,True,False,False,BTC,1h>5m,2025-07-30 02:10:00+00:00,0.0002,-1.0673987763380526,H2,1
296140,296257,long,V,mss,3.0,-1.0,1.2346755629817603,False,False,False,False,False,True,False,False,BTC,1h>5m,2025-07-30 02:10:00+00:00,0.0002,-1.0673987763380526,H2,1
296140,296257,long,V,mss,5.0,-1.0,1.2346755629817603,False,False,False,False,False,True,False,False,BTC,1h>5m,2025-07-30 02:10:00+00:00,0.0002,-1.0673987763380526,H2,1
296141,296257,long,V,retest,2.0,-1.0,1.0549025225015916,False,False,True,False,False,True,False,False,BTC,1h>5m,2025-07-30 02:15:00+00:00,0.0002,-1.0788505721970583,H2,1
296141,296257,long,V,retest,3.0,-1.0,1.0549025225015916,False,False,True,False,False,True,False,False,BTC,1h>5m,2025-07-30 02:15:00+00:00,0.0002,-1.0788505721970583,H2,1
296141,296257,long,V,retest,5.0,-1.0,1.0549025225015916,False,False,True,False,False,True,False,False,BTC,1h>5m,2025-07-30 02:15:00+00:00,0.0002,-1.0788505721970583,H2,1
296854,296963,short,A,mss,2.0,2.0,1.3861729529355589,False,True,False,False,False,False,False,False,BTC,1h>5m,2025-08-01 13:40:00+00:00,0.0002,1.9569378787679368,H2,1
296854,297142,short,A,mss,3.0,1.544230937063552,1.3861729529355589,False,True,False,False,False,False,False,False,BTC,1h>5m,2025-08-01 13:40:00+00:00,0.0002,1.5010776620189017,H2,1
296854,297142,short,A,mss,5.0,1.544230937063552,1.3861729529355589,False,True,False,False,False,False,False,False,BTC,1h>5m,2025-08-01 13:40:00+00:00,0.0002,1.5010776620189017,H2,1
296860,296922,short,A,retest,2.0,2.0,1.1797248531311961,False,True,False,False,False,False,False,False,BTC,1h>5m,2025-08-01 14:10:00+00:00,0.0002,1.9492621469583427,H2,1
296860,297147,short,A,retest,3.0,1.853549547709016,1.1797248531311961,False,True,False,False,False,False,False,False,BTC,1h>5m,2025-08-01 14:10:00+00:00,0.0002,1.8027824045769005,H2,1
296860,297147,short,A,retest,5.0,1.853549547709016,1.1797248531311961,False,True,False,False,False,False,False,False,BTC,1h>5m,2025-08-01 14:10:00+00:00,0.0002,1.8027824045769005,H2,1
297101,297196,short,A,mss,2.0,2.0,1.0150992804612213,False,False,False,True,False,True,False,True,BTC,1h>5m,2025-08-02 10:15:00+00:00,0.0002,1.908240148312054,H2,1
297101,297208,short,A,mss,3.0,3.0,1.0150992804612213,False,False,False,True,False,True,False,True,BTC,1h>5m,2025-08-02 10:15:00+00:00,0.0002,2.908440148312054,H2,1
297101,297389,short,A,mss,5.0,-0.4324550879805752,1.0150992804612213,False,False,False,True,False,True,False,True,BTC,1h>5m,2025-08-02 10:15:00+00:00,0.0002,-0.5247014306861173,H2,1
297102,297196,short,A,retest,2.0,2.0,1.0123600018242076,False,False,False,True,False,True,False,False,BTC,1h>5m,2025-08-02 10:20:00+00:00,0.0002,1.9079896966704273,H2,1
297102,297208,short,A,retest,3.0,3.0,1.0123600018242076,False,False,False,True,False,True,False,False,BTC,1h>5m,2025-08-02 10:20:00+00:00,0.0002,2.9081896966704273,H2,1
297102,297389,short,A,retest,5.0,-0.43091940536743434,1.0123600018242076,False,False,False,True,False,True,False,False,BTC,1h>5m,2025-08-02 10:20:00+00:00,0.0002,-0.5234158925780804,H2,1
297368,297392,short,A,mss,2.0,-1.0,0.29572243064780174,True,False,True,True,False,False,False,False,BTC,1h>5m,2025-08-03 08:30:00+00:00,0.0002,-1.303381441136044,H2,1
297368,297392,short,A,mss,3.0,-1.0,0.29572243064780174,True,False,True,True,False,False,False,False,BTC,1h>5m,2025-08-03 08:30:00+00:00,0.0002,-1.303381441136044,H2,1
297368,297392,short,A,mss,5.0,-1.0,0.29572243064780174,True,False,True,True,False,False,False,False,BTC,1h>5m,2025-08-03 08:30:00+00:00,0.0002,-1.303381441136044,H2,1
297373,297392,short,A,retest,2.0,-1.0,0.2576169417837542,True,False,False,True,False,False,False,False,BTC,1h>5m,2025-08-03 08:55:00+00:00,0.0002,-1.3482857830028587,H2,1
297373,297392,short,A,retest,3.0,-1.0,0.2576169417837542,True,False,False,True,False,False,False,False,BTC,1h>5m,2025-08-03 08:55:00+00:00,0.0002,-1.3482857830028587,H2,1
297373,297392,short,A,retest,5.0,-1.0,0.2576169417837542,True,False,False,True,False,False,False,False,BTC,1h>5m,2025-08-03 08:55:00+00:00,0.0002,-1.3482857830028587,H2,1
297276,297564,long,V,mss,2.0,1.893237029948977,1.8005997402542204,False,False,True,False,False,False,False,False,BTC,1h>5m,2025-08-03 00:50:00+00:00,0.0002,1.8489572829827778,H2,0
297276,297564,long,V,mss,3.0,1.893237029948977,1.8005997402542204,False,False,True,False,False,False,False,False,BTC,1h>5m,2025-08-03 00:50:00+00:00,0.0002,1.8489572829827778,H2,0
297276,297564,long,V,mss,5.0,1.893237029948977,1.8005997402542204,False,False,True,False,False,False,False,False,BTC,1h>5m,2025-08-03 00:50:00+00:00,0.0002,1.8489572829827778,H2,0
302336,302624,long,V,mss,2.0,-0.13945169172376481,2.6772942715717356,True,True,True,False,False,False,False,False,BTC,1h>5m,2025-08-20 14:30:00+00:00,0.0002,-0.17364666754476235,H2,2
302336,302624,long,V,mss,3.0,-0.13945169172376481,2.6772942715717356,True,True,True,False,False,False,False,False,BTC,1h>5m,2025-08-20 14:30:00+00:00,0.0002,-0.17364666754476235,H2,2
302336,302624,long,V,mss,5.0,-0.13945169172376481,2.6772942715717356,True,True,True,False,False,False,False,False,BTC,1h>5m,2025-08-20 14:30:00+00:00,0.0002,-0.17364666754476235,H2,2
302337,302624,long,V,retest,2.0,-0.12137842150417294,2.622222254207537,True,True,True,False,False,False,False,False,BTC,1h>5m,2025-08-20 14:35:00+00:00,0.0002,-0.15628736117613903,H2,2
302337,302624,long,V,retest,3.0,-0.12137842150417294,2.622222254207537,True,True,True,False,False,False,False,False,BTC,1h>5m,2025-08-20 14:35:00+00:00,0.0002,-0.15628736117613903,H2,2
302337,302624,long,V,retest,5.0,-0.12137842150417294,2.622222254207537,True,True,True,False,False,False,False,False,BTC,1h>5m,2025-08-20 14:35:00+00:00,0.0002,-0.15628736117613903,H2,2
301002,301020,short,A,mss,2.0,-1.0,1.1965006821527797,False,False,True,False,False,False,False,False,BTC,1h>5m,2025-08-15 23:20:00+00:00,0.0002,-1.0659407649318382,H2,0
301002,301020,short,A,mss,3.0,-1.0,1.1965006821527797,False,False,True,False,False,False,False,False,BTC,1h>5m,2025-08-15 23:20:00+00:00,0.0002,-1.0659407649318382,H2,0
301002,301020,short,A,mss,5.0,-1.0,1.1965006821527797,False,False,True,False,False,False,False,False,BTC,1h>5m,2025-08-15 23:20:00+00:00,0.0002,-1.0659407649318382,H2,0
301003,301020,short,A,retest,2.0,-1.0,1.0379532536348501,False,False,True,False,False,False,False,False,BTC,1h>5m,2025-08-15 23:25:00+00:00,0.0002,-1.076043771173621,H2,0
301003,301020,short,A,retest,3.0,-1.0,1.0379532536348501,False,False,True,False,False,False,False,False,BTC,1h>5m,2025-08-15 23:25:00+00:00,0.0002,-1.076043771173621,H2,0
301003,301020,short,A,retest,5.0,-1.0,1.0379532536348501,False,False,True,False,False,False,False,False,BTC,1h>5m,2025-08-15 23:25:00+00:00,0.0002,-1.076043771173621,H2,0
314464,314537,short,A,mss,2.0,-1.0,1.442659099430003,True,True,False,False,False,False,False,False,BTC,1h>5m,2025-10-01 17:10:00+00:00,0.0002,-1.051310796695062,H2,2
314464,314537,short,A,mss,3.0,-1.0,1.442659099430003,True,True,False,False,False,False,False,False,BTC,1h>5m,2025-10-01 17:10:00+00:00,0.0002,-1.051310796695062,H2,2
314464,314537,short,A,mss,5.0,-1.0,1.442659099430003,True,True,False,False,False,False,False,False,BTC,1h>5m,2025-10-01 17:10:00+00:00,0.0002,-1.051310796695062,H2,2
314465,314537,short,A,retest,2.0,-1.0,1.4290968931075516,True,True,True,False,False,False,False,False,BTC,1h>5m,2025-10-01 17:15:00+00:00,0.0002,-1.0517996369241478,H2,2
314465,314537,short,A,retest,3.0,-1.0,1.4290968931075516,True,True,True,False,False,False,False,False,BTC,1h>5m,2025-10-01 17:15:00+00:00,0.0002,-1.0517996369241478,H2,2
314465,314537,short,A,retest,5.0,-1.0,1.4290968931075516,True,True,True,False,False,False,False,False,BTC,1h>5m,2025-10-01 17:15:00+00:00,0.0002,-1.0517996369241478,H2,2
301911,302098,short,A,mss,2.0,2.0,1.906488156310681,False,False,False,False,False,False,False,True,BTC,1h>5m,2025-08-19 03:05:00+00:00,0.0002,1.9626820408854855,H2,0
301911,302199,short,A,mss,3.0,1.7101571871920405,1.906488156310681,False,False,False,False,False,False,False,True,BTC,1h>5m,2025-08-19 03:05:00+00:00,0.0002,1.6727812595149643,H2,0
301911,302199,short,A,mss,5.0,1.7101571871920405,1.906488156310681,False,False,False,False,False,False,False,True,BTC,1h>5m,2025-08-19 03:05:00+00:00,0.0002,1.6727812595149643,H2,0
301912,302098,short,A,retest,2.0,2.0,1.9044650191808856,False,False,False,False,False,False,False,False,BTC,1h>5m,2025-08-19 03:10:00+00:00,0.0002,1.9626415476983594,H2,0
301912,302199,short,A,retest,3.0,1.7130362212398007,1.9044650191808856,False,False,False,False,False,False,False,False,BTC,1h>5m,2025-08-19 03:10:00+00:00,0.0002,1.6756203761824082,H2,0
301912,302199,short,A,retest,5.0,1.7130362212398007,1.9044650191808856,False,False,False,False,False,False,False,False,BTC,1h>5m,2025-08-19 03:10:00+00:00,0.0002,1.6756203761824082,H2,0
302307,302327,long,V,mss,2.0,-1.0,1.8380459549583517,False,True,False,True,False,False,False,False,BTC,1h>5m,2025-08-20 12:05:00+00:00,0.0002,-1.054811087714383,H2,1
302307,302327,long,V,mss,3.0,-1.0,1.8380459549583517,False,True,False,True,False,False,False,False,BTC,1h>5m,2025-08-20 12:05:00+00:00,0.0002,-1.054811087714383,H2,1
302307,302327,long,V,mss,5.0,-1.0,1.8380459549583517,False,True,False,True,False,False,False,False,BTC,1h>5m,2025-08-20 12:05:00+00:00,0.0002,-1.054811087714383,H2,1
302308,302327,long,V,retest,2.0,-1.0,1.8338947548682978,False,True,False,True,False,False,False,False,BTC,1h>5m,2025-08-20 12:10:00+00:00,0.0002,-1.0549347052511233,H2,1
302308,302327,long,V,retest,3.0,-1.0,1.8338947548682978,False,True,False,True,False,False,False,False,BTC,1h>5m,2025-08-20 12:10:00+00:00,0.0002,-1.0549347052511233,H2,1
302308,302327,long,V,retest,5.0,-1.0,1.8338947548682978,False,True,False,True,False,False,False,False,BTC,1h>5m,2025-08-20 12:10:00+00:00,0.0002,-1.0549347052511233,H2,1
310267,310297,short,A,mss,2.0,-1.0,1.2097063757373119,False,False,False,False,False,False,False,False,BTC,1h>5m,2025-09-17 03:25:00+00:00,0.0002,-1.0818621516543039,H2,0
310267,310297,short,A,mss,3.0,-1.0,1.2097063757373119,False,False,False,False,False,False,False,False,BTC,1h>5m,2025-09-17 03:25:00+00:00,0.0002,-1.0818621516543039,H2,0
310267,310297,short,A,mss,5.0,-1.0,1.2097063757373119,False,False,False,False,False,False,False,False,BTC,1h>5m,2025-09-17 03:25:00+00:00,0.0002,-1.0818621516543039,H2,0
310268,310297,short,A,retest,2.0,-1.0,1.1253253576057085,False,False,False,False,False,False,False,False,BTC,1h>5m,2025-09-17 03:30:00+00:00,0.0002,-1.0880154724338098,H2,0
310268,310297,short,A,retest,3.0,-1.0,1.1253253576057085,False,False,False,False,False,False,False,False,BTC,1h>5m,2025-09-17 03:30:00+00:00,0.0002,-1.0880154724338098,H2,0
310268,310297,short,A,retest,5.0,-1.0,1.1253253576057085,False,False,False,False,False,False,False,False,BTC,1h>5m,2025-09-17 03:30:00+00:00,0.0002,-1.0880154724338098,H2,0
308809,309008,short,A,mss,2.0,-1.0,1.7035142873253013,False,False,False,False,False,False,False,False,BTC,1h>5m,2025-09-12 01:55:00+00:00,0.0002,-1.0477240487067327,H2,0
308809,309008,short,A,mss,3.0,-1.0,1.7035142873253013,False,False,False,False,False,False,False,False,BTC,1h>5m,2025-09-12 01:55:00+00:00,0.0002,-1.0477240487067327,H2,0
308809,309008,short,A,mss,5.0,-1.0,1.7035142873253013,False,False,False,False,False,False,False,False,BTC,1h>5m,2025-09-12 01:55:00+00:00,0.0002,-1.0477240487067327,H2,0
308810,309008,short,A,retest,2.0,-1.0,1.6270662899315367,False,False,False,False,False,False,False,False,BTC,1h>5m,2025-09-12 02:00:00+00:00,0.0002,-1.0499757686110183,H2,0
308810,309008,short,A,retest,3.0,-1.0,1.6270662899315367,False,False,False,False,False,False,False,False,BTC,1h>5m,2025-09-12 02:00:00+00:00,0.0002,-1.0499757686110183,H2,0
308810,309008,short,A,retest,5.0,-1.0,1.6270662899315367,False,False,False,False,False,False,False,False,BTC,1h>5m,2025-09-12 02:00:00+00:00,0.0002,-1.0499757686110183,H2,0
305415,305449,long,V,mss,2.0,-1.0,0.9724919840712368,True,False,True,True,False,False,False,False,BTC,1h>5m,2025-08-31 07:05:00+00:00,0.0002,-1.1536160004200895,H2,1
305415,305449,long,V,mss,3.0,-1.0,0.9724919840712368,True,False,True,True,False,False,False,False,BTC,1h>5m,2025-08-31 07:05:00+00:00,0.0002,-1.1536160004200895,H2,1
305415,305449,long,V,mss,5.0,-1.0,0.9724919840712368,True,False,True,True,False,False,False,False,BTC,1h>5m,2025-08-31 07:05:00+00:00,0.0002,-1.1536160004200895,H2,1
305417,305449,long,V,retest,2.0,-1.0,0.8978370495489721,True,False,False,True,False,False,False,False,BTC,1h>5m,2025-08-31 07:15:00+00:00,0.0002,-1.166372503921235,H2,1
305417,305449,long,V,retest,3.0,-1.0,0.8978370495489721,True,False,False,True,False,False,False,False,BTC,1h>5m,2025-08-31 07:15:00+00:00,0.0002,-1.166372503921235,H2,1
305417,305449,long,V,retest,5.0,-1.0,0.8978370495489721,True,False,False,True,False,False,False,False,BTC,1h>5m,2025-08-31 07:15:00+00:00,0.0002,-1.166372503921235,H2,1
306210,306345,short,A,mss,2.0,-1.0,1.0927155011113914,False,False,False,False,False,False,False,False,BTC,1h>5m,2025-09-03 01:20:00+00:00,0.0002,-1.0514637083306542,H2,0
306210,306345,short,A,mss,3.0,-1.0,1.0927155011113914,False,False,False,False,False,False,False,False,BTC,1h>5m,2025-09-03 01:20:00+00:00,0.0002,-1.0514637083306542,H2,0
306210,306345,short,A,mss,5.0,-1.0,1.0927155011113914,False,False,False,False,False,False,False,False,BTC,1h>5m,2025-09-03 01:20:00+00:00,0.0002,-1.0514637083306542,H2,0
306211,306345,short,A,retest,2.0,-1.0,0.9837437837301918,False,False,False,False,False,False,False,False,BTC,1h>5m,2025-09-03 01:25:00+00:00,0.0002,-1.0571866243136403,H2,0
306211,306345,short,A,retest,3.0,-1.0,0.9837437837301918,False,False,False,False,False,False,False,False,BTC,1h>5m,2025-09-03 01:25:00+00:00,0.0002,-1.0571866243136403,H2,0
306211,306345,short,A,retest,5.0,-1.0,0.9837437837301918,False,False,False,False,False,False,False,False,BTC,1h>5m,2025-09-03 01:25:00+00:00,0.0002,-1.0571866243136403,H2,0
307236,307250,short,A,mss,2.0,2.0,1.051077414205953,False,True,False,False,False,False,False,False,BTC,1h>5m,2025-09-06 14:50:00+00:00,0.0002,1.8007997426096896,H2,1
307236,307254,short,A,mss,3.0,3.0,1.051077414205953,False,True,False,False,False,False,False,False,BTC,1h>5m,2025-09-06 14:50:00+00:00,0.0002,2.8009997426096893,H2,1
307236,307446,short,A,mss,5.0,-1.0,1.051077414205953,False,True,False,False,False,False,False,False,BTC,1h>5m,2025-09-06 14:50:00+00:00,0.0002,-1.1998002573903106,H2,1
307238,307248,short,A,retest,2.0,2.0,0.8636898562095429,False,True,False,False,False,False,False,False,BTC,1h>5m,2025-09-06 15:00:00+00:00,0.0002,1.7574073610023604,H2,1
307238,307250,short,A,retest,3.0,3.0,0.8636898562095429,False,True,False,False,False,False,False,False,BTC,1h>5m,2025-09-06 15:00:00+00:00,0.0002,2.75760736100236,H2,1
307238,307446,short,A,retest,5.0,-1.0,0.8636898562095429,False,True,False,False,False,False,False,False,BTC,1h>5m,2025-09-06 15:00:00+00:00,0.0002,-1.2431926389976398,H2,1
307588,307597,short,A,mss,2.0,-1.0,0.6564414568797788,True,False,False,False,False,True,False,False,BTC,1h>5m,2025-09-07 20:10:00+00:00,0.0002,-1.2374380884146237,H2,2
307588,307597,short,A,mss,3.0,-1.0,0.6564414568797788,True,False,False,False,False,True,False,False,BTC,1h>5m,2025-09-07 20:10:00+00:00,0.0002,-1.2374380884146237,H2,2
307588,307597,short,A,mss,5.0,-1.0,0.6564414568797788,True,False,False,False,False,True,False,False,BTC,1h>5m,2025-09-07 20:10:00+00:00,0.0002,-1.2374380884146237,H2,2
307589,307597,short,A,retest,2.0,-1.0,0.6038711033170263,True,False,True,False,False,True,False,False,BTC,1h>5m,2025-09-07 20:15:00+00:00,0.0002,-1.258125811770339,H2,2
307589,307597,short,A,retest,3.0,-1.0,0.6038711033170263,True,False,True,False,False,True,False,False,BTC,1h>5m,2025-09-07 20:15:00+00:00,0.0002,-1.258125811770339,H2,2
307589,307597,short,A,retest,5.0,-1.0,0.6038711033170263,True,False,True,False,False,True,False,False,BTC,1h>5m,2025-09-07 20:15:00+00:00,0.0002,-1.258125811770339,H2,2
308419,308513,short,A,mss,2.0,-1.0,1.2122830835963518,True,True,True,False,False,False,False,False,BTC,1h>5m,2025-09-10 17:25:00+00:00,0.0002,-1.075195047252834,H2,2
308419,308513,short,A,mss,3.0,-1.0,1.2122830835963518,True,True,True,False,False,False,False,False,BTC,1h>5m,2025-09-10 17:25:00+00:00,0.0002,-1.075195047252834,H2,2
308419,308513,short,A,mss,5.0,-1.0,1.2122830835963518,True,True,True,False,False,False,False,False,BTC,1h>5m,2025-09-10 17:25:00+00:00,0.0002,-1.075195047252834,H2,2
308420,308513,short,A,retest,2.0,-1.0,1.0686182586029833,True,True,True,False,False,False,False,False,BTC,1h>5m,2025-09-10 17:30:00+00:00,0.0002,-1.085331142328643,H2,2
308420,308513,short,A,retest,3.0,-1.0,1.0686182586029833,True,True,True,False,False,False,False,False,BTC,1h>5m,2025-09-10 17:30:00+00:00,0.0002,-1.085331142328643,H2,2
308420,308513,short,A,retest,5.0,-1.0,1.0686182586029833,True,True,True,False,False,False,False,False,BTC,1h>5m,2025-09-10 17:30:00+00:00,0.0002,-1.085331142328643,H2,2
308624,308648,long,V,mss,2.0,-1.0,0.8898956124959342,False,False,False,True,False,True,False,False,BTC,1h>5m,2025-09-11 10:30:00+00:00,0.0002,-1.1522846446103086,H2,1
308624,308648,long,V,mss,3.0,-1.0,0.8898956124959342,False,False,False,True,False,True,False,False,BTC,1h>5m,2025-09-11 10:30:00+00:00,0.0002,-1.1522846446103086,H2,1
308624,308648,long,V,mss,5.0,-1.0,0.8898956124959342,False,False,False,True,False,True,False,False,BTC,1h>5m,2025-09-11 10:30:00+00:00,0.0002,-1.1522846446103086,H2,1
308625,308648,long,V,retest,2.0,-1.0,0.7643629473219146,False,False,False,True,False,True,False,False,BTC,1h>5m,2025-09-11 10:35:00+00:00,0.0002,-1.1772617720821024,H2,1
308625,308648,long,V,retest,3.0,-1.0,0.7643629473219146,False,False,False,True,False,True,False,False,BTC,1h>5m,2025-09-11 10:35:00+00:00,0.0002,-1.1772617720821024,H2,1
308625,308648,long,V,retest,5.0,-1.0,0.7643629473219146,False,False,False,True,False,True,False,False,BTC,1h>5m,2025-09-11 10:35:00+00:00,0.0002,-1.1772617720821024,H2,1
310267,310297,short,A,mss,2.0,-1.0,1.2097063757373119,False,False,False,False,False,False,False,False,BTC,1h>5m,2025-09-17 03:25:00+00:00,0.0002,-1.0818621516543039,H2,0
310267,310297,short,A,mss,3.0,-1.0,1.2097063757373119,False,False,False,False,False,False,False,False,BTC,1h>5m,2025-09-17 03:25:00+00:00,0.0002,-1.0818621516543039,H2,0
310267,310297,short,A,mss,5.0,-1.0,1.2097063757373119,False,False,False,False,False,False,False,False,BTC,1h>5m,2025-09-17 03:25:00+00:00,0.0002,-1.0818621516543039,H2,0
310268,310297,short,A,retest,2.0,-1.0,1.1253253576057085,False,False,False,False,False,False,False,False,BTC,1h>5m,2025-09-17 03:30:00+00:00,0.0002,-1.0880154724338098,H2,0
310268,310297,short,A,retest,3.0,-1.0,1.1253253576057085,False,False,False,False,False,False,False,False,BTC,1h>5m,2025-09-17 03:30:00+00:00,0.0002,-1.0880154724338098,H2,0
310268,310297,short,A,retest,5.0,-1.0,1.1253253576057085,False,False,False,False,False,False,False,False,BTC,1h>5m,2025-09-17 03:30:00+00:00,0.0002,-1.0880154724338098,H2,0
311050,311267,long,V,mss,2.0,2.0,0.851299131444511,True,False,False,False,False,False,False,False,BTC,1h>5m,2025-09-19 20:40:00+00:00,0.0002,1.851694759292346,H2,1
311050,311338,long,V,mss,3.0,1.1678871541338764,0.851299131444511,True,False,False,False,False,False,False,False,BTC,1h>5m,2025-09-19 20:40:00+00:00,0.0002,1.0197483359953956,H2,1
311050,311338,long,V,mss,5.0,1.1678871541338764,0.851299131444511,True,False,False,False,False,False,False,False,BTC,1h>5m,2025-09-19 20:40:00+00:00,0.0002,1.0197483359953956,H2,1
311051,311267,long,V,retest,2.0,2.0,0.840879582906307,True,False,False,False,False,False,False,False,BTC,1h>5m,2025-09-19 20:45:00+00:00,0.0002,1.8498669850825349,H2,1
311051,311338,long,V,retest,3.0,1.1947499843024663,0.840879582906307,True,False,False,False,False,False,False,False,BTC,1h>5m,2025-09-19 20:45:00+00:00,0.0002,1.0447780193881406,H2,1
311051,311338,long,V,retest,5.0,1.1947499843024663,0.840879582906307,True,False,False,False,False,False,False,False,BTC,1h>5m,2025-09-19 20:45:00+00:00,0.0002,1.0447780193881406,H2,1
314464,314537,short,A,mss,2.0,-1.0,1.442659099430003,True,True,False,False,False,False,False,False,BTC,1h>5m,2025-10-01 17:10:00+00:00,0.0002,-1.051310796695062,H2,2
314464,314537,short,A,mss,3.0,-1.0,1.442659099430003,True,True,False,False,False,False,False,False,BTC,1h>5m,2025-10-01 17:10:00+00:00,0.0002,-1.051310796695062,H2,2
314464,314537,short,A,mss,5.0,-1.0,1.442659099430003,True,True,False,False,False,False,False,False,BTC,1h>5m,2025-10-01 17:10:00+00:00,0.0002,-1.051310796695062,H2,2
314465,314537,short,A,retest,2.0,-1.0,1.4290968931075516,True,True,True,False,False,False,False,False,BTC,1h>5m,2025-10-01 17:15:00+00:00,0.0002,-1.0517996369241478,H2,2
314465,314537,short,A,retest,3.0,-1.0,1.4290968931075516,True,True,True,False,False,False,False,False,BTC,1h>5m,2025-10-01 17:15:00+00:00,0.0002,-1.0517996369241478,H2,2
314465,314537,short,A,retest,5.0,-1.0,1.4290968931075516,True,True,True,False,False,False,False,False,BTC,1h>5m,2025-10-01 17:15:00+00:00,0.0002,-1.0517996369241478,H2,2
311416,311492,long,V,mss,2.0,-1.0,1.741984838721304,False,False,False,False,False,False,False,False,BTC,1h>5m,2025-09-21 03:10:00+00:00,0.0002,-1.1662675021944808,H2,0
311416,311492,long,V,mss,3.0,-1.0,1.741984838721304,False,False,False,False,False,False,False,False,BTC,1h>5m,2025-09-21 03:10:00+00:00,0.0002,-1.1662675021944808,H2,0
311416,311492,long,V,mss,5.0,-1.0,1.741984838721304,False,False,False,False,False,False,False,False,BTC,1h>5m,2025-09-21 03:10:00+00:00,0.0002,-1.1662675021944808,H2,0
311417,311492,long,V,retest,2.0,-1.0,1.5988297891383358,False,False,False,False,False,False,False,False,BTC,1h>5m,2025-09-21 03:15:00+00:00,0.0002,-1.181136753238135,H2,0
311417,311492,long,V,retest,3.0,-1.0,1.5988297891383358,False,False,False,False,False,False,False,False,BTC,1h>5m,2025-09-21 03:15:00+00:00,0.0002,-1.181136753238135,H2,0
311417,311492,long,V,retest,5.0,-1.0,1.5988297891383358,False,False,False,False,False,False,False,False,BTC,1h>5m,2025-09-21 03:15:00+00:00,0.0002,-1.181136753238135,H2,0
312128,312292,short,A,mss,2.0,2.0,1.430358282016882,True,True,True,False,False,False,True,False,BTC,1h>5m,2025-09-23 14:30:00+00:00,0.0002,1.9286079118208561,H2,3
312128,312416,short,A,mss,3.0,-0.7578054424771676,1.430358282016882,True,True,True,False,False,False,True,False,BTC,1h>5m,2025-09-23 14:30:00+00:00,0.0002,-0.8297490917448069,H2,3
312128,312416,short,A,mss,5.0,-0.7578054424771676,1.430358282016882,True,True,True,False,False,False,True,False,BTC,1h>5m,2025-09-23 14:30:00+00:00,0.0002,-0.8297490917448069,H2,3
312129,312193,short,A,retest,2.0,2.0,1.3328689901186013,True,True,True,False,False,False,False,False,BTC,1h>5m,2025-09-23 14:35:00+00:00,0.0002,1.9233276062473752,H2,2
312129,312416,short,A,retest,3.0,-0.7400907412652973,1.3328689901186013,True,True,True,False,False,False,False,False,BTC,1h>5m,2025-09-23 14:35:00+00:00,0.0002,-0.8173111531661751,H2,2
312129,312416,short,A,retest,5.0,-0.7400907412652973,1.3328689901186013,True,True,True,False,False,False,False,False,BTC,1h>5m,2025-09-23 14:35:00+00:00,0.0002,-0.8173111531661751,H2,2
312934,312944,short,A,mss,2.0,2.0,0.5444551662402808,False,False,False,True,False,False,False,False,BTC,1h>5m,2025-09-26 09:40:00+00:00,0.0002,1.8463626364830206,H2,0
312934,312984,short,A,mss,3.0,-1.0,0.5444551662402808,False,False,False,True,False,False,False,False,BTC,1h>5m,2025-09-26 09:40:00+00:00,0.0002,-1.1542373635169796,H2,0
312934,312984,short,A,mss,5.0,-1.0,0.5444551662402808,False,False,False,True,False,False,False,False,BTC,1h>5m,2025-09-26 09:40:00+00:00,0.0002,-1.1542373635169796,H2,0
312935,312944,short,A,retest,2.0,2.0,0.493789890213373,False,False,True,True,False,False,False,False,BTC,1h>5m,2025-09-26 09:45:00+00:00,0.0002,1.8305166019518668,H2,0
312935,312953,short,A,retest,3.0,3.0,0.493789890213373,False,False,True,True,False,False,False,False,BTC,1h>5m,2025-09-26 09:45:00+00:00,0.0002,2.830716601951867,H2,0
312935,312984,short,A,retest,5.0,-1.0,0.493789890213373,False,False,True,True,False,False,False,False,BTC,1h>5m,2025-09-26 09:45:00+00:00,0.0002,-1.170083398048133,H2,0
313232,313520,long,V,mss,2.0,0.17200573399817828,1.2783099734457366,True,False,False,True,False,True,False,False,BTC,1h>5m,2025-09-27 10:30:00+00:00,0.0002,0.026911943524081577,H2,2
313232,313520,long,V,mss,3.0,0.17200573399817828,1.2783099734457366,True,False,False,True,False,True,False,False,BTC,1h>5m,2025-09-27 10:30:00+00:00,0.0002,0.026911943524081577,H2,2
313232,313520,long,V,mss,5.0,0.17200573399817828,1.2783099734457366,True,False,False,True,False,True,False,False,BTC,1h>5m,2025-09-27 10:30:00+00:00,0.0002,0.026911943524081577,H2,2
313233,313520,long,V,retest,2.0,0.18077659912621372,1.2688146257421897,True,False,False,True,False,True,False,False,BTC,1h>5m,2025-09-27 10:35:00+00:00,0.0002,0.03459847616356959,H2,2
313233,313520,long,V,retest,3.0,0.18077659912621372,1.2688146257421897,True,False,False,True,False,True,False,False,BTC,1h>5m,2025-09-27 10:35:00+00:00,0.0002,0.03459847616356959,H2,2
313233,313520,long,V,retest,5.0,0.18077659912621372,1.2688146257421897,True,False,False,True,False,True,False,False,BTC,1h>5m,2025-09-27 10:35:00+00:00,0.0002,0.03459847616356959,H2,2
313474,313530,long,V,mss,2.0,-1.0,1.2091991918493912,True,False,False,True,False,False,False,False,BTC,1h>5m,2025-09-28 06:40:00+00:00,0.0002,-1.243023897514496,H2,1
313474,313530,long,V,mss,3.0,-1.0,1.2091991918493912,True,False,False,True,False,False,False,False,BTC,1h>5m,2025-09-28 06:40:00+00:00,0.0002,-1.243023897514496,H2,1
313474,313530,long,V,mss,5.0,-1.0,1.2091991918493912,True,False,False,True,False,False,False,False,BTC,1h>5m,2025-09-28 06:40:00+00:00,0.0002,-1.243023897514496,H2,1
313475,313530,long,V,retest,2.0,-1.0,0.9443523037571494,True,False,True,True,False,False,False,False,BTC,1h>5m,2025-09-28 06:45:00+00:00,0.0002,-1.3111247041258411,H2,1
313475,313530,long,V,retest,3.0,-1.0,0.9443523037571494,True,False,True,True,False,False,False,False,BTC,1h>5m,2025-09-28 06:45:00+00:00,0.0002,-1.3111247041258411,H2,1
313475,313530,long,V,retest,5.0,-1.0,0.9443523037571494,True,False,True,True,False,False,False,False,BTC,1h>5m,2025-09-28 06:45:00+00:00,0.0002,-1.3111247041258411,H2,1
315788,315835,short,A,mss,2.0,-1.0,0.925244010105223,False,False,False,True,False,False,False,True,BTC,1h>5m,2025-10-06 07:30:00+00:00,0.0002,-1.0917054131385484,H2,0
315788,315835,short,A,mss,3.0,-1.0,0.925244010105223,False,False,False,True,False,False,False,True,BTC,1h>5m,2025-10-06 07:30:00+00:00,0.0002,-1.0917054131385484,H2,0
315788,315835,short,A,mss,5.0,-1.0,0.925244010105223,False,False,False,True,False,False,False,True,BTC,1h>5m,2025-10-06 07:30:00+00:00,0.0002,-1.0917054131385484,H2,0
315789,315835,short,A,retest,2.0,-1.0,0.87020569972389,False,False,False,True,False,False,False,False,BTC,1h>5m,2025-10-06 07:35:00+00:00,0.0002,-1.0975181981566757,H2,0
315789,315835,short,A,retest,3.0,-1.0,0.87020569972389,False,False,False,True,False,False,False,False,BTC,1h>5m,2025-10-06 07:35:00+00:00,0.0002,-1.0975181981566757,H2,0
315789,315835,short,A,retest,5.0,-1.0,0.87020569972389,False,False,False,True,False,False,False,False,BTC,1h>5m,2025-10-06 07:35:00+00:00,0.0002,-1.0975181981566757,H2,0
316091,316141,long,V,mss,2.0,2.0,0.9576413128544242,True,False,False,True,False,False,True,False,BTC,1h>5m,2025-10-07 08:45:00+00:00,0.0002,1.9126501263244924,H2,2
316091,316151,long,V,mss,3.0,-1.0,0.9576413128544242,True,False,False,True,False,False,True,False,BTC,1h>5m,2025-10-07 08:45:00+00:00,0.0002,-1.0867498736755077,H2,2
316091,316151,long,V,mss,5.0,-1.0,0.9576413128544242,True,False,False,True,False,False,True,False,BTC,1h>5m,2025-10-07 08:45:00+00:00,0.0002,-1.0867498736755077,H2,2
316092,316141,long,V,retest,2.0,2.0,0.912941655183694,True,False,False,True,False,False,True,False,BTC,1h>5m,2025-10-07 08:50:00+00:00,0.0002,1.9084124516573617,H2,2
316092,316151,long,V,retest,3.0,-1.0,0.912941655183694,True,False,False,True,False,False,True,False,BTC,1h>5m,2025-10-07 08:50:00+00:00,0.0002,-1.0909875483426381,H2,2
316092,316151,long,V,retest,5.0,-1.0,0.912941655183694,True,False,False,True,False,False,True,False,BTC,1h>5m,2025-10-07 08:50:00+00:00,0.0002,-1.0909875483426381,H2,2
316945,316963,short,A,mss,2.0,-1.0,1.494005049427948,False,False,False,True,False,True,False,True,BTC,1h>5m,2025-10-10 07:55:00+00:00,0.0002,-1.058087246375548,H2,1
316945,316963,short,A,mss,3.0,-1.0,1.494005049427948,False,False,False,True,False,True,False,True,BTC,1h>5m,2025-10-10 07:55:00+00:00,0.0002,-1.058087246375548,H2,1
316945,316963,short,A,mss,5.0,-1.0,1.494005049427948,False,False,False,True,False,True,False,True,BTC,1h>5m,2025-10-10 07:55:00+00:00,0.0002,-1.058087246375548,H2,1
316946,316963,short,A,retest,2.0,-1.0,1.3974069642261964,False,False,False,True,False,True,False,False,BTC,1h>5m,2025-10-10 08:00:00+00:00,0.0002,-1.0621164494178261,H2,1
316946,316963,short,A,retest,3.0,-1.0,1.3974069642261964,False,False,False,True,False,True,False,False,BTC,1h>5m,2025-10-10 08:00:00+00:00,0.0002,-1.0621164494178261,H2,1
316946,316963,short,A,retest,5.0,-1.0,1.3974069642261964,False,False,False,True,False,True,False,False,BTC,1h>5m,2025-10-10 08:00:00+00:00,0.0002,-1.0621164494178261,H2,1
317512,317571,short,A,mss,2.0,-1.0,0.6091997103828034,True,False,False,True,False,False,False,False,BTC,1h>5m,2025-10-12 07:10:00+00:00,0.0002,-1.0801407743411777,H2,1
317512,317571,short,A,mss,3.0,-1.0,0.6091997103828034,True,False,False,True,False,False,False,False,BTC,1h>5m,2025-10-12 07:10:00+00:00,0.0002,-1.0801407743411777,H2,1
317512,317571,short,A,mss,5.0,-1.0,0.6091997103828034,True,False,False,True,False,False,False,False,BTC,1h>5m,2025-10-12 07:10:00+00:00,0.0002,-1.0801407743411777,H2,1
317513,317571,short,A,retest,2.0,-1.0,0.5713265730009014,True,False,False,True,False,False,False,False,BTC,1h>5m,2025-10-12 07:15:00+00:00,0.0002,-1.0854665500494731,H2,1
317513,317571,short,A,retest,3.0,-1.0,0.5713265730009014,True,False,False,True,False,False,False,False,BTC,1h>5m,2025-10-12 07:15:00+00:00,0.0002,-1.0854665500494731,H2,1
317513,317571,short,A,retest,5.0,-1.0,0.5713265730009014,True,False,False,True,False,False,False,False,BTC,1h>5m,2025-10-12 07:15:00+00:00,0.0002,-1.0854665500494731,H2,1
318330,318618,short,A,mss,2.0,0.3540826858629821,1.441418101121398,False,False,False,False,False,False,False,False,BTC,1h>5m,2025-10-15 03:20:00+00:00,0.0002,0.32273418412435506,H2,0
318330,318618,short,A,mss,3.0,0.3540826858629821,1.441418101121398,False,False,False,False,False,False,False,False,BTC,1h>5m,2025-10-15 03:20:00+00:00,0.0002,0.32273418412435506,H2,0
318330,318618,short,A,mss,5.0,0.3540826858629821,1.441418101121398,False,False,False,False,False,False,False,False,BTC,1h>5m,2025-10-15 03:20:00+00:00,0.0002,0.32273418412435506,H2,0
318331,318618,short,A,retest,2.0,0.47756211140302873,1.3209592197546527,False,False,False,False,False,False,False,False,BTC,1h>5m,2025-10-15 03:25:00+00:00,0.0002,0.4433366872194093,H2,0
318331,318618,short,A,retest,3.0,0.47756211140302873,1.3209592197546527,False,False,False,False,False,False,False,False,BTC,1h>5m,2025-10-15 03:25:00+00:00,0.0002,0.4433366872194093,H2,0
318331,318618,short,A,retest,5.0,0.47756211140302873,1.3209592197546527,False,False,False,False,False,False,False,False,BTC,1h>5m,2025-10-15 03:25:00+00:00,0.0002,0.4433366872194093,H2,0
319841,319920,short,A,mss,2.0,-1.0,1.2898532971204753,True,False,False,True,False,True,False,False,BTC,1h>5m,2025-10-20 09:15:00+00:00,0.0002,-1.049221983658663,H2,2
319841,319920,short,A,mss,3.0,-1.0,1.2898532971204753,True,False,False,True,False,True,False,False,BTC,1h>5m,2025-10-20 09:15:00+00:00,0.0002,-1.049221983658663,H2,2
319841,319920,short,A,mss,5.0,-1.0,1.2898532971204753,True,False,False,True,False,True,False,False,BTC,1h>5m,2025-10-20 09:15:00+00:00,0.0002,-1.049221983658663,H2,2
319849,319920,short,A,retest,2.0,-1.0,1.0766790829923758,True,False,True,True,False,True,False,False,BTC,1h>5m,2025-10-20 09:55:00+00:00,0.0002,-1.0590071579910243,H2,2
319849,319920,short,A,retest,3.0,-1.0,1.0766790829923758,True,False,True,True,False,True,False,False,BTC,1h>5m,2025-10-20 09:55:00+00:00,0.0002,-1.0590071579910243,H2,2
319849,319920,short,A,retest,5.0,-1.0,1.0766790829923758,True,False,True,True,False,True,False,False,BTC,1h>5m,2025-10-20 09:55:00+00:00,0.0002,-1.0590071579910243,H2,2
319541,319543,long,V,mss,2.0,-1.0,1.884633835460305,True,False,True,True,False,True,False,True,BTC,1h>5m,2025-10-19 08:15:00+00:00,0.0002,-1.071371537082293,H2,2
319541,319543,long,V,mss,3.0,-1.0,1.884633835460305,True,False,True,True,False,True,False,True,BTC,1h>5m,2025-10-19 08:15:00+00:00,0.0002,-1.071371537082293,H2,2
319541,319543,long,V,mss,5.0,-1.0,1.884633835460305,True,False,True,True,False,True,False,True,BTC,1h>5m,2025-10-19 08:15:00+00:00,0.0002,-1.071371537082293,H2,2
319542,319543,long,V,retest,2.0,-1.0,1.135507743216114,True,False,True,True,False,True,False,False,BTC,1h>5m,2025-10-19 08:20:00+00:00,0.0002,-1.1183253828592155,H2,2
319542,319543,long,V,retest,3.0,-1.0,1.135507743216114,True,False,True,True,False,True,False,False,BTC,1h>5m,2025-10-19 08:20:00+00:00,0.0002,-1.1183253828592155,H2,2
319542,319543,long,V,retest,5.0,-1.0,1.135507743216114,True,False,True,True,False,True,False,False,BTC,1h>5m,2025-10-19 08:20:00+00:00,0.0002,-1.1183253828592155,H2,2
321482,321570,short,A,mss,2.0,-1.0,1.4921802663908001,False,False,False,False,False,False,False,True,BTC,1h>5m,2025-10-26 02:00:00+00:00,0.0002,-1.1084195269446377,H2,0
321482,321570,short,A,mss,3.0,-1.0,1.4921802663908001,False,False,False,False,False,False,False,True,BTC,1h>5m,2025-10-26 02:00:00+00:00,0.0002,-1.1084195269446377,H2,0
321482,321570,short,A,mss,5.0,-1.0,1.4921802663908001,False,False,False,False,False,False,False,True,BTC,1h>5m,2025-10-26 02:00:00+00:00,0.0002,-1.1084195269446377,H2,0
321483,321570,short,A,retest,2.0,-1.0,1.3156278287857512,False,False,False,False,False,False,False,False,BTC,1h>5m,2025-10-26 02:05:00+00:00,0.0002,-1.1229958697628666,H2,0
321483,321570,short,A,retest,3.0,-1.0,1.3156278287857512,False,False,False,False,False,False,False,False,BTC,1h>5m,2025-10-26 02:05:00+00:00,0.0002,-1.1229958697628666,H2,0
321483,321570,short,A,retest,5.0,-1.0,1.3156278287857512,False,False,False,False,False,False,False,False,BTC,1h>5m,2025-10-26 02:05:00+00:00,0.0002,-1.1229958697628666,H2,0
322210,322498,short,A,mss,2.0,1.6545155067941673,2.710733155153422,True,True,False,False,False,False,False,False,BTC,1h>5m,2025-10-28 14:40:00+00:00,0.0002,1.620683981628757,H2,2
322210,322498,short,A,mss,3.0,1.6545155067941673,2.710733155153422,True,True,False,False,False,False,False,False,BTC,1h>5m,2025-10-28 14:40:00+00:00,0.0002,1.620683981628757,H2,2
322210,322498,short,A,mss,5.0,1.6545155067941673,2.710733155153422,True,True,False,False,False,False,False,False,BTC,1h>5m,2025-10-28 14:40:00+00:00,0.0002,1.620683981628757,H2,2
322211,322280,short,A,retest,2.0,2.0,2.5140225198291235,True,True,False,False,False,False,False,False,BTC,1h>5m,2025-10-28 14:45:00+00:00,0.0002,1.963533221565688,H2,2
322211,322498,short,A,retest,3.0,1.8622190685964595,2.5140225198291235,True,True,False,False,False,False,False,False,BTC,1h>5m,2025-10-28 14:45:00+00:00,0.0002,1.8257247339758669,H2,2
322211,322498,short,A,retest,5.0,1.8622190685964595,2.5140225198291235,True,True,False,False,False,False,False,False,BTC,1h>5m,2025-10-28 14:45:00+00:00,0.0002,1.8257247339758669,H2,2
322210,322498,short,A,mss,2.0,1.6545155067941673,2.710733155153422,True,True,False,False,False,False,False,False,BTC,1h>5m,2025-10-28 14:40:00+00:00,0.0002,1.620683981628757,H2,2
322210,322498,short,A,mss,3.0,1.6545155067941673,2.710733155153422,True,True,False,False,False,False,False,False,BTC,1h>5m,2025-10-28 14:40:00+00:00,0.0002,1.620683981628757,H2,2
322210,322498,short,A,mss,5.0,1.6545155067941673,2.710733155153422,True,True,False,False,False,False,False,False,BTC,1h>5m,2025-10-28 14:40:00+00:00,0.0002,1.620683981628757,H2,2
322211,322280,short,A,retest,2.0,2.0,2.5140225198291235,True,True,False,False,False,False,False,False,BTC,1h>5m,2025-10-28 14:45:00+00:00,0.0002,1.963533221565688,H2,2
322211,322498,short,A,retest,3.0,1.8622190685964595,2.5140225198291235,True,True,False,False,False,False,False,False,BTC,1h>5m,2025-10-28 14:45:00+00:00,0.0002,1.8257247339758669,H2,2
322211,322498,short,A,retest,5.0,1.8622190685964595,2.5140225198291235,True,True,False,False,False,False,False,False,BTC,1h>5m,2025-10-28 14:45:00+00:00,0.0002,1.8257247339758669,H2,2
322485,322510,short,A,mss,2.0,2.0,1.4555929851281662,True,True,False,False,False,False,False,False,BTC,1h>5m,2025-10-29 13:35:00+00:00,0.0002,1.9319999608700467,H2,2
322485,322516,short,A,mss,3.0,3.0,1.4555929851281662,True,True,False,False,False,False,False,False,BTC,1h>5m,2025-10-29 13:35:00+00:00,0.0002,2.932199960870047,H2,2
322485,322545,short,A,mss,5.0,5.0,1.4555929851281662,True,True,False,False,False,False,False,False,BTC,1h>5m,2025-10-29 13:35:00+00:00,0.0002,4.932599960870046,H2,2
322486,322508,short,A,retest,2.0,2.0,1.3391987274294999,True,True,False,False,False,False,False,False,BTC,1h>5m,2025-10-29 13:40:00+00:00,0.0002,1.9260203184763143,H2,2
322486,322515,short,A,retest,3.0,3.0,1.3391987274294999,True,True,False,False,False,False,False,False,BTC,1h>5m,2025-10-29 13:40:00+00:00,0.0002,2.926220318476314,H2,2
322486,322545,short,A,retest,5.0,5.0,1.3391987274294999,True,True,False,False,False,False,False,False,BTC,1h>5m,2025-10-29 13:40:00+00:00,0.0002,4.926620318476314,H2,2
322732,322846,short,A,mss,2.0,2.0,1.6930714024361275,True,False,False,True,False,False,False,True,BTC,1h>5m,2025-10-30 10:10:00+00:00,0.0002,1.975022562468627,H2,1
322732,323020,short,A,mss,3.0,0.05989950513083537,1.6930714024361275,True,False,False,True,False,False,False,True,BTC,1h>5m,2025-10-30 10:10:00+00:00,0.0002,0.0345340475004886,H2,1
322732,323020,short,A,mss,5.0,0.05989950513083537,1.6930714024361275,True,False,False,True,False,False,False,True,BTC,1h>5m,2025-10-30 10:10:00+00:00,0.0002,0.0345340475004886,H2,1
322733,322842,short,A,retest,2.0,2.0,1.5953134121169619,True,False,False,True,False,False,False,False,BTC,1h>5m,2025-10-30 10:15:00+00:00,0.0002,1.9734429665914126,H2,1
322733,323020,short,A,retest,3.0,0.1248482761841513,1.5953134121169619,True,False,False,True,False,False,False,False,BTC,1h>5m,2025-10-30 10:15:00+00:00,0.0002,0.09791621243080076,H2,1
322733,323020,short,A,retest,5.0,0.1248482761841513,1.5953134121169619,True,False,False,True,False,False,False,False,BTC,1h>5m,2025-10-30 10:15:00+00:00,0.0002,0.09791621243080076,H2,1
323077,323100,long,V,mss,2.0,-1.0,1.781367304403117,False,True,False,False,False,False,False,True,BTC,1h>5m,2025-10-31 14:55:00+00:00,0.0002,-1.0302238650878077,H2,1
323077,323100,long,V,mss,3.0,-1.0,1.781367304403117,False,True,False,False,False,False,False,True,BTC,1h>5m,2025-10-31 14:55:00+00:00,0.0002,-1.0302238650878077,H2,1
323077,323100,long,V,mss,5.0,-1.0,1.781367304403117,False,True,False,False,False,False,False,True,BTC,1h>5m,2025-10-31 14:55:00+00:00,0.0002,-1.0302238650878077,H2,1
323078,323100,long,V,retest,2.0,-1.0,1.6478951377472248,False,True,False,False,False,False,False,False,BTC,1h>5m,2025-10-31 15:00:00+00:00,0.0002,-1.0326556644376936,H2,1
323078,323100,long,V,retest,3.0,-1.0,1.6478951377472248,False,True,False,False,False,False,False,False,BTC,1h>5m,2025-10-31 15:00:00+00:00,0.0002,-1.0326556644376936,H2,1
323078,323100,long,V,retest,5.0,-1.0,1.6478951377472248,False,True,False,False,False,False,False,False,BTC,1h>5m,2025-10-31 15:00:00+00:00,0.0002,-1.0326556644376936,H2,1
325202,325490,short,A,mss,2.0,0.8503858554286495,1.0102241664575284,True,False,False,False,False,False,False,True,BTC,1h>5m,2025-11-08 00:00:00+00:00,0.0002,0.8075920488106613,H2,1
325202,325490,short,A,mss,3.0,0.8503858554286495,1.0102241664575284,True,False,False,False,False,False,False,True,BTC,1h>5m,2025-11-08 00:00:00+00:00,0.0002,0.8075920488106613,H2,1
325202,325490,short,A,mss,5.0,0.8503858554286495,1.0102241664575284,True,False,False,False,False,False,False,True,BTC,1h>5m,2025-11-08 00:00:00+00:00,0.0002,0.8075920488106613,H2,1
325204,325370,short,A,retest,2.0,2.0,0.8417364071753678,True,False,False,False,False,False,False,False,BTC,1h>5m,2025-11-08 00:10:00+00:00,0.0002,1.9487561024309459,H2,1
325204,325491,short,A,retest,3.0,1.2917556642450787,0.8417364071753678,True,False,False,False,False,False,False,False,BTC,1h>5m,2025-11-08 00:10:00+00:00,0.0002,1.2403701178088737,H2,1
325204,325491,short,A,retest,5.0,1.2917556642450787,0.8417364071753678,True,False,False,False,False,False,False,False,BTC,1h>5m,2025-11-08 00:10:00+00:00,0.0002,1.2403701178088737,H2,1
324930,325037,long,V,mss,2.0,-1.0,1.1336750894680283,False,False,False,False,False,False,False,False,BTC,1h>5m,2025-11-07 01:20:00+00:00,0.0002,-1.0348605244814741,H2,0
324930,325037,long,V,mss,3.0,-1.0,1.1336750894680283,False,False,False,False,False,False,False,False,BTC,1h>5m,2025-11-07 01:20:00+00:00,0.0002,-1.0348605244814741,H2,0
324930,325037,long,V,mss,5.0,-1.0,1.1336750894680283,False,False,False,False,False,False,False,False,BTC,1h>5m,2025-11-07 01:20:00+00:00,0.0002,-1.0348605244814741,H2,0
324932,325037,long,V,retest,2.0,-1.0,0.8969068480572766,False,False,False,False,False,False,False,False,BTC,1h>5m,2025-11-07 01:30:00+00:00,0.0002,-1.0440103168435555,H2,0
324932,325037,long,V,retest,3.0,-1.0,0.8969068480572766,False,False,False,False,False,False,False,False,BTC,1h>5m,2025-11-07 01:30:00+00:00,0.0002,-1.0440103168435555,H2,0
324932,325037,long,V,retest,5.0,-1.0,0.8969068480572766,False,False,False,False,False,False,False,False,BTC,1h>5m,2025-11-07 01:30:00+00:00,0.0002,-1.0440103168435555,H2,0
325492,325651,short,A,mss,2.0,-1.0,1.0109665877608596,False,False,False,False,False,True,False,False,BTC,1h>5m,2025-11-09 00:10:00+00:00,0.0002,-1.093319994890098,H2,1
325492,325651,short,A,mss,3.0,-1.0,1.0109665877608596,False,False,False,False,False,True,False,False,BTC,1h>5m,2025-11-09 00:10:00+00:00,0.0002,-1.093319994890098,H2,1
325492,325651,short,A,mss,5.0,-1.0,1.0109665877608596,False,False,False,False,False,True,False,False,BTC,1h>5m,2025-11-09 00:10:00+00:00,0.0002,-1.093319994890098,H2,1
325461,325531,long,V,mss,2.0,-1.0,1.5147988048315029,True,False,False,False,False,False,False,True,BTC,1h>5m,2025-11-08 21:35:00+00:00,0.0002,-1.0562945967763495,H2,1
325461,325531,long,V,mss,3.0,-1.0,1.5147988048315029,True,False,False,False,False,False,False,True,BTC,1h>5m,2025-11-08 21:35:00+00:00,0.0002,-1.0562945967763495,H2,1
325461,325531,long,V,mss,5.0,-1.0,1.5147988048315029,True,False,False,False,False,False,False,True,BTC,1h>5m,2025-11-08 21:35:00+00:00,0.0002,-1.0562945967763495,H2,1
325464,325531,long,V,retest,2.0,-1.0,1.473323647625576,True,False,True,False,False,False,False,False,BTC,1h>5m,2025-11-08 21:50:00+00:00,0.0002,-1.0578737014241653,H2,1
325464,325531,long,V,retest,3.0,-1.0,1.473323647625576,True,False,True,False,False,False,False,False,BTC,1h>5m,2025-11-08 21:50:00+00:00,0.0002,-1.0578737014241653,H2,1
325464,325531,long,V,retest,5.0,-1.0,1.473323647625576,True,False,True,False,False,False,False,False,BTC,1h>5m,2025-11-08 21:50:00+00:00,0.0002,-1.0578737014241653,H2,1
326513,326538,short,A,mss,2.0,2.0,1.2317340172065343,True,True,False,False,False,False,False,True,BTC,1h>5m,2025-11-12 13:15:00+00:00,0.0002,1.936725797209996,H2,2
326513,326542,short,A,mss,3.0,3.0,1.2317340172065343,True,True,False,False,False,False,False,True,BTC,1h>5m,2025-11-12 13:15:00+00:00,0.0002,2.9369257972099962,H2,2
326513,326548,short,A,mss,5.0,5.0,1.2317340172065343,True,True,False,False,False,False,False,True,BTC,1h>5m,2025-11-12 13:15:00+00:00,0.0002,4.937325797209996,H2,2
326514,326537,short,A,retest,2.0,2.0,1.1263838331948794,True,True,False,False,False,False,False,False,BTC,1h>5m,2025-11-12 13:20:00+00:00,0.0002,1.930732965232658,H2,2
326514,326541,short,A,retest,3.0,3.0,1.1263838331948794,True,True,False,False,False,False,False,False,BTC,1h>5m,2025-11-12 13:20:00+00:00,0.0002,2.930932965232658,H2,2
326514,326548,short,A,retest,5.0,5.0,1.1263838331948794,True,True,False,False,False,False,False,False,BTC,1h>5m,2025-11-12 13:20:00+00:00,0.0002,4.931332965232658,H2,2
326685,326837,long,V,mss,2.0,-1.0,1.8790708072947224,False,False,False,False,False,False,False,False,BTC,1h>5m,2025-11-13 03:35:00+00:00,0.0002,-1.026876348843929,H2,0
326685,326837,long,V,mss,3.0,-1.0,1.8790708072947224,False,False,False,False,False,False,False,False,BTC,1h>5m,2025-11-13 03:35:00+00:00,0.0002,-1.026876348843929,H2,0
326685,326837,long,V,mss,5.0,-1.0,1.8790708072947224,False,False,False,False,False,False,False,False,BTC,1h>5m,2025-11-13 03:35:00+00:00,0.0002,-1.026876348843929,H2,0
326687,326837,long,V,retest,2.0,-1.0,1.7922020774114362,False,False,True,False,False,False,False,False,BTC,1h>5m,2025-11-13 03:45:00+00:00,0.0002,-1.0281693618200898,H2,0
326687,326837,long,V,retest,3.0,-1.0,1.7922020774114362,False,False,True,False,False,False,False,False,BTC,1h>5m,2025-11-13 03:45:00+00:00,0.0002,-1.0281693618200898,H2,0
326687,326837,long,V,retest,5.0,-1.0,1.7922020774114362,False,False,True,False,False,False,False,False,BTC,1h>5m,2025-11-13 03:45:00+00:00,0.0002,-1.0281693618200898,H2,0
326984,327272,short,A,mss,2.0,0.779658998865217,1.8882745587377623,False,False,False,False,False,False,False,True,BTC,1h>5m,2025-11-14 04:30:00+00:00,0.0002,0.7617132859865717,H2,0
326984,327272,short,A,mss,3.0,0.779658998865217,1.8882745587377623,False,False,False,False,False,False,False,True,BTC,1h>5m,2025-11-14 04:30:00+00:00,0.0002,0.7617132859865717,H2,0
326984,327272,short,A,mss,5.0,0.779658998865217,1.8882745587377623,False,False,False,False,False,False,False,True,BTC,1h>5m,2025-11-14 04:30:00+00:00,0.0002,0.7617132859865717,H2,0
328262,328266,short,A,mss,2.0,-1.0,1.5658965085118755,True,True,False,False,False,False,False,False,BTC,1h>5m,2025-11-18 15:00:00+00:00,0.0002,-1.026610800649293,H2,2
328262,328266,short,A,mss,3.0,-1.0,1.5658965085118755,True,True,False,False,False,False,False,False,BTC,1h>5m,2025-11-18 15:00:00+00:00,0.0002,-1.026610800649293,H2,2
328262,328266,short,A,mss,5.0,-1.0,1.5658965085118755,True,True,False,False,False,False,False,False,BTC,1h>5m,2025-11-18 15:00:00+00:00,0.0002,-1.026610800649293,H2,2
328263,328266,short,A,retest,2.0,-1.0,1.4552184267309374,True,True,False,False,False,False,False,False,BTC,1h>5m,2025-11-18 15:05:00+00:00,0.0002,-1.0286499227029775,H2,2
328263,328266,short,A,retest,3.0,-1.0,1.4552184267309374,True,True,False,False,False,False,False,False,BTC,1h>5m,2025-11-18 15:05:00+00:00,0.0002,-1.0286499227029775,H2,2
328263,328266,short,A,retest,5.0,-1.0,1.4552184267309374,True,True,False,False,False,False,False,False,BTC,1h>5m,2025-11-18 15:05:00+00:00,0.0002,-1.0286499227029775,H2,2
328539,328551,short,A,mss,2.0,-1.0,0.9416689655172359,False,True,False,False,False,False,False,False,BTC,1h>5m,2025-11-19 14:05:00+00:00,0.0002,-1.0510907372648641,H2,1
328539,328551,short,A,mss,3.0,-1.0,0.9416689655172359,False,True,False,False,False,False,False,False,BTC,1h>5m,2025-11-19 14:05:00+00:00,0.0002,-1.0510907372648641,H2,1
328539,328551,short,A,mss,5.0,-1.0,0.9416689655172359,False,True,False,False,False,False,False,False,BTC,1h>5m,2025-11-19 14:05:00+00:00,0.0002,-1.0510907372648641,H2,1
328540,328551,short,A,retest,2.0,-1.0,0.9180105090312001,False,True,False,False,False,False,False,False,BTC,1h>5m,2025-11-19 14:10:00+00:00,0.0002,-1.0524125736314196,H2,1
328540,328551,short,A,retest,3.0,-1.0,0.9180105090312001,False,True,False,False,False,False,False,False,BTC,1h>5m,2025-11-19 14:10:00+00:00,0.0002,-1.0524125736314196,H2,1
328540,328551,short,A,retest,5.0,-1.0,0.9180105090312001,False,True,False,False,False,False,False,False,BTC,1h>5m,2025-11-19 14:10:00+00:00,0.0002,-1.0524125736314196,H2,1
331160,331447,short,A,retest,2.0,0.27341853596126636,2.7240396010741232,True,True,False,False,False,False,False,False,BTC,1h>5m,2025-11-28 16:30:00+00:00,0.0002,0.2524104003638882,H2,2
331160,331447,short,A,retest,3.0,0.27341853596126636,2.7240396010741232,True,True,False,False,False,False,False,False,BTC,1h>5m,2025-11-28 16:30:00+00:00,0.0002,0.2524104003638882,H2,2
331160,331447,short,A,retest,5.0,0.27341853596126636,2.7240396010741232,True,True,False,False,False,False,False,False,BTC,1h>5m,2025-11-28 16:30:00+00:00,0.0002,0.2524104003638882,H2,2
329801,330025,short,A,mss,2.0,-1.0,1.7239902758023753,True,False,True,False,False,False,False,True,BTC,1h>5m,2025-11-23 23:15:00+00:00,0.0002,-1.033154091807736,H2,1
329801,330025,short,A,mss,3.0,-1.0,1.7239902758023753,True,False,True,False,False,False,False,True,BTC,1h>5m,2025-11-23 23:15:00+00:00,0.0002,-1.033154091807736,H2,1
329801,330025,short,A,mss,5.0,-1.0,1.7239902758023753,True,False,True,False,False,False,False,True,BTC,1h>5m,2025-11-23 23:15:00+00:00,0.0002,-1.033154091807736,H2,1
329820,330025,short,A,retest,2.0,-1.0,1.6315405072005336,True,False,True,False,False,False,False,False,BTC,1h>5m,2025-11-24 00:50:00+00:00,0.0002,-1.0350440712817,H2,1
329820,330025,short,A,retest,3.0,-1.0,1.6315405072005336,True,False,True,False,False,False,False,False,BTC,1h>5m,2025-11-24 00:50:00+00:00,0.0002,-1.0350440712817,H2,1
329820,330025,short,A,retest,5.0,-1.0,1.6315405072005336,True,False,True,False,False,False,False,False,BTC,1h>5m,2025-11-24 00:50:00+00:00,0.0002,-1.0350440712817,H2,1
329227,329284,long,V,mss,2.0,-1.0,0.5818323941567014,True,False,True,False,False,False,False,False,BTC,1h>5m,2025-11-21 23:25:00+00:00,0.0002,-1.0359231332227294,H2,1
329227,329284,long,V,mss,3.0,-1.0,0.5818323941567014,True,False,True,False,False,False,False,False,BTC,1h>5m,2025-11-21 23:25:00+00:00,0.0002,-1.0359231332227294,H2,1
329227,329284,long,V,mss,5.0,-1.0,0.5818323941567014,True,False,True,False,False,False,False,False,BTC,1h>5m,2025-11-21 23:25:00+00:00,0.0002,-1.0359231332227294,H2,1
329228,329284,long,V,retest,2.0,-1.0,0.5369584801095643,True,False,True,False,False,False,False,False,BTC,1h>5m,2025-11-21 23:30:00+00:00,0.0002,-1.0389085350165592,H2,1
329228,329284,long,V,retest,3.0,-1.0,0.5369584801095643,True,False,True,False,False,False,False,False,BTC,1h>5m,2025-11-21 23:30:00+00:00,0.0002,-1.0389085350165592,H2,1
329228,329284,long,V,retest,5.0,-1.0,0.5369584801095643,True,False,True,False,False,False,False,False,BTC,1h>5m,2025-11-21 23:30:00+00:00,0.0002,-1.0389085350165592,H2,1
330483,330498,short,A,mss,2.0,2.0,0.43401789442621636,False,False,False,True,False,False,False,False,BTC,1h>5m,2025-11-26 08:05:00+00:00,0.0002,1.8743938794296884,H2,0
330483,330503,short,A,mss,3.0,3.0,0.43401789442621636,False,False,False,True,False,False,False,False,BTC,1h>5m,2025-11-26 08:05:00+00:00,0.0002,2.874593879429688,H2,0
330483,330534,short,A,mss,5.0,5.0,0.43401789442621636,False,False,False,True,False,False,False,False,BTC,1h>5m,2025-11-26 08:05:00+00:00,0.0002,4.874993879429688,H2,0
330484,330498,short,A,retest,2.0,2.0,0.42265320780139126,False,False,False,True,False,False,False,False,BTC,1h>5m,2025-11-26 08:10:00+00:00,0.0002,1.8709949558648717,H2,0
330484,330501,short,A,retest,3.0,3.0,0.42265320780139126,False,False,False,True,False,False,False,False,BTC,1h>5m,2025-11-26 08:10:00+00:00,0.0002,2.8711949558648717,H2,0
330484,330534,short,A,retest,5.0,5.0,0.42265320780139126,False,False,False,True,False,False,False,False,BTC,1h>5m,2025-11-26 08:10:00+00:00,0.0002,4.871594955864872,H2,0
332411,332431,long,V,mss,2.0,2.0,0.6968389345529559,False,False,True,False,False,True,False,False,BTC,1h>5m,2025-12-03 00:45:00+00:00,0.0002,1.9433793538412476,H2,1
332411,332463,long,V,mss,3.0,3.0,0.6968389345529559,False,False,True,False,False,True,False,False,BTC,1h>5m,2025-12-03 00:45:00+00:00,0.0002,2.9431793538412476,H2,1
332411,332699,long,V,mss,5.0,2.1263094573487424,0.6968389345529559,False,False,True,False,False,True,False,False,BTC,1h>5m,2025-12-03 00:45:00+00:00,0.0002,2.0696635492985203,H2,1
332413,332426,long,V,retest,2.0,2.0,0.5925512623264305,False,False,True,False,False,True,False,False,BTC,1h>5m,2025-12-03 00:55:00+00:00,0.0002,1.93355504728721,H2,1
332413,332455,long,V,retest,3.0,3.0,0.5925512623264305,False,False,True,False,False,True,False,False,BTC,1h>5m,2025-12-03 00:55:00+00:00,0.0002,2.93335504728721,H2,1
332413,332700,long,V,retest,5.0,2.595100479282761,0.5925512623264305,False,False,True,False,False,True,False,False,BTC,1h>5m,2025-12-03 00:55:00+00:00,0.0002,2.5285365064741145,H2,1
333641,333714,short,A,mss,2.0,2.0,1.150371116368008,False,False,False,True,False,False,False,False,BTC,1h>5m,2025-12-07 07:15:00+00:00,0.0002,1.8977653701611672,H2,0
333641,333726,short,A,mss,3.0,3.0,1.150371116368008,False,False,False,True,False,False,False,False,BTC,1h>5m,2025-12-07 07:15:00+00:00,0.0002,2.897965370161167,H2,0
333641,333757,short,A,mss,5.0,-1.0,1.150371116368008,False,False,False,True,False,False,False,False,BTC,1h>5m,2025-12-07 07:15:00+00:00,0.0002,-1.1028346298388327,H2,0
333657,333714,short,A,retest,2.0,2.0,0.8940071841147311,False,False,True,True,False,False,False,True,BTC,1h>5m,2025-12-07 08:35:00+00:00,0.0002,1.868219340405377,H2,0
333657,333714,short,A,retest,3.0,3.0,0.8940071841147311,False,False,True,True,False,False,False,True,BTC,1h>5m,2025-12-07 08:35:00+00:00,0.0002,2.868419340405377,H2,0
333657,333727,short,A,retest,5.0,5.0,0.8940071841147311,False,False,True,True,False,False,False,True,BTC,1h>5m,2025-12-07 08:35:00+00:00,0.0002,4.868819340405377,H2,0
334196,334317,long,V,mss,2.0,2.0,0.9440741829454039,False,False,True,False,False,False,False,False,BTC,1h>5m,2025-12-09 05:30:00+00:00,0.0002,1.944645549578393,H2,0
334196,334319,long,V,mss,3.0,3.0,0.9440741829454039,False,False,True,False,False,False,False,False,BTC,1h>5m,2025-12-09 05:30:00+00:00,0.0002,2.944445549578393,H2,0
334196,334324,long,V,mss,5.0,5.0,0.9440741829454039,False,False,True,False,False,False,False,False,BTC,1h>5m,2025-12-09 05:30:00+00:00,0.0002,4.944045549578393,H2,0
334200,334310,long,V,retest,2.0,2.0,0.7118310779837804,False,False,False,False,False,False,True,False,BTC,1h>5m,2025-12-09 05:50:00+00:00,0.0002,1.9268465304750466,H2,1
334200,334317,long,V,retest,3.0,3.0,0.7118310779837804,False,False,False,False,False,False,True,False,BTC,1h>5m,2025-12-09 05:50:00+00:00,0.0002,2.9266465304750464,H2,1
334200,334320,long,V,retest,5.0,5.0,0.7118310779837804,False,False,False,False,False,False,True,False,BTC,1h>5m,2025-12-09 05:50:00+00:00,0.0002,4.926246530475047,H2,1
334177,334185,long,V,mss,2.0,-1.0,0.8617832602494346,False,False,True,False,False,False,False,False,BTC,1h>5m,2025-12-09 03:55:00+00:00,0.0002,-1.0578062306495253,H2,0
334177,334185,long,V,mss,3.0,-1.0,0.8617832602494346,False,False,True,False,False,False,False,False,BTC,1h>5m,2025-12-09 03:55:00+00:00,0.0002,-1.0578062306495253,H2,0
334177,334185,long,V,mss,5.0,-1.0,0.8617832602494346,False,False,True,False,False,False,False,False,BTC,1h>5m,2025-12-09 03:55:00+00:00,0.0002,-1.0578062306495253,H2,0
334182,334185,long,V,retest,2.0,-1.0,0.8106222284976895,False,False,False,False,False,False,False,False,BTC,1h>5m,2025-12-09 04:20:00+00:00,0.0002,-1.0614419491035092,H2,0
334182,334185,long,V,retest,3.0,-1.0,0.8106222284976895,False,False,False,False,False,False,False,False,BTC,1h>5m,2025-12-09 04:20:00+00:00,0.0002,-1.0614419491035092,H2,0
334182,334185,long,V,retest,5.0,-1.0,0.8106222284976895,False,False,False,False,False,False,False,False,BTC,1h>5m,2025-12-09 04:20:00+00:00,0.0002,-1.0614419491035092,H2,0
334883,334890,short,A,mss,2.0,-1.0,1.3442916500489317,False,True,False,False,False,False,False,False,BTC,1h>5m,2025-12-11 14:45:00+00:00,0.0002,-1.0544766813241282,H2,1
334883,334890,short,A,mss,3.0,-1.0,1.3442916500489317,False,True,False,False,False,False,False,False,BTC,1h>5m,2025-12-11 14:45:00+00:00,0.0002,-1.0544766813241282,H2,1
334883,334890,short,A,mss,5.0,-1.0,1.3442916500489317,False,True,False,False,False,False,False,False,BTC,1h>5m,2025-12-11 14:45:00+00:00,0.0002,-1.0544766813241282,H2,1
334887,334890,short,A,retest,2.0,-1.0,1.2829740763569033,False,True,False,False,False,False,False,False,BTC,1h>5m,2025-12-11 15:05:00+00:00,0.0002,-1.0570898607313444,H2,1
334887,334890,short,A,retest,3.0,-1.0,1.2829740763569033,False,True,False,False,False,False,False,False,BTC,1h>5m,2025-12-11 15:05:00+00:00,0.0002,-1.0570898607313444,H2,1
334887,334890,short,A,retest,5.0,-1.0,1.2829740763569033,False,True,False,False,False,False,False,False,BTC,1h>5m,2025-12-11 15:05:00+00:00,0.0002,-1.0570898607313444,H2,1
336034,336037,short,A,mss,2.0,2.0,1.4771808552971748,False,True,False,False,False,True,True,False,BTC,1h>5m,2025-12-15 14:40:00+00:00,0.0002,1.9442923755662067,H2,3
336034,336041,short,A,mss,3.0,3.0,1.4771808552971748,False,True,False,False,False,True,True,False,BTC,1h>5m,2025-12-15 14:40:00+00:00,0.0002,2.9444923755662065,H2,3
336034,336058,short,A,mss,5.0,5.0,1.4771808552971748,False,True,False,False,False,True,True,False,BTC,1h>5m,2025-12-15 14:40:00+00:00,0.0002,4.944892375566207,H2,3
340064,340352,long,V,mss,2.0,0.00544517605776312,1.8250167811680515,True,True,True,False,False,False,True,True,BTC,1h>5m,2025-12-29 14:30:00+00:00,0.0002,-0.024309569129920567,H2,3
340064,340352,long,V,mss,3.0,0.00544517605776312,1.8250167811680515,True,True,True,False,False,False,True,True,BTC,1h>5m,2025-12-29 14:30:00+00:00,0.0002,-0.024309569129920567,H2,3
340064,340352,long,V,mss,5.0,0.00544517605776312,1.8250167811680515,True,True,True,False,False,False,True,True,BTC,1h>5m,2025-12-29 14:30:00+00:00,0.0002,-0.024309569129920567,H2,3
340068,340355,long,V,retest,2.0,0.5342331723066339,1.546148487710888,True,True,False,False,False,False,False,False,BTC,1h>5m,2025-12-29 14:50:00+00:00,0.0002,0.499078350078178,H2,2
340068,340355,long,V,retest,3.0,0.5342331723066339,1.546148487710888,True,True,False,False,False,False,False,False,BTC,1h>5m,2025-12-29 14:50:00+00:00,0.0002,0.499078350078178,H2,2
340068,340355,long,V,retest,5.0,0.5342331723066339,1.546148487710888,True,True,False,False,False,False,False,False,BTC,1h>5m,2025-12-29 14:50:00+00:00,0.0002,0.499078350078178,H2,2
339559,339572,short,A,mss,2.0,-1.0,0.6613812658228551,True,False,True,False,False,False,False,False,BTC,1h>5m,2025-12-27 20:25:00+00:00,0.0002,-1.375515427321987,H2,1
339559,339572,short,A,mss,3.0,-1.0,0.6613812658228551,True,False,True,False,False,False,False,False,BTC,1h>5m,2025-12-27 20:25:00+00:00,0.0002,-1.375515427321987,H2,1
339559,339572,short,A,mss,5.0,-1.0,0.6613812658228551,True,False,True,False,False,False,False,False,BTC,1h>5m,2025-12-27 20:25:00+00:00,0.0002,-1.375515427321987,H2,1
339560,339572,short,A,retest,2.0,-1.0,0.6185660759493798,True,False,True,False,False,False,False,False,BTC,1h>5m,2025-12-27 20:30:00+00:00,0.0002,-1.4015212624051594,H2,1
339560,339572,short,A,retest,3.0,-1.0,0.6185660759493798,True,False,True,False,False,False,False,False,BTC,1h>5m,2025-12-27 20:30:00+00:00,0.0002,-1.4015212624051594,H2,1
339560,339572,short,A,retest,5.0,-1.0,0.6185660759493798,True,False,True,False,False,False,False,False,BTC,1h>5m,2025-12-27 20:30:00+00:00,0.0002,-1.4015212624051594,H2,1
340570,340588,short,A,mss,2.0,-1.0,1.0566728760482484,False,False,False,True,False,False,False,False,BTC,1h>5m,2025-12-31 08:40:00+00:00,0.0002,-1.111115680921713,H2,0
340570,340588,short,A,mss,3.0,-1.0,1.0566728760482484,False,False,False,True,False,False,False,False,BTC,1h>5m,2025-12-31 08:40:00+00:00,0.0002,-1.111115680921713,H2,0
340570,340588,short,A,mss,5.0,-1.0,1.0566728760482484,False,False,False,True,False,False,False,False,BTC,1h>5m,2025-12-31 08:40:00+00:00,0.0002,-1.111115680921713,H2,0
340571,340588,short,A,retest,2.0,-1.0,1.0200225336643745,False,False,False,True,False,False,False,False,BTC,1h>5m,2025-12-31 08:45:00+00:00,0.0002,-1.1151153551287314,H2,0
340571,340588,short,A,retest,3.0,-1.0,1.0200225336643745,False,False,False,True,False,False,False,False,BTC,1h>5m,2025-12-31 08:45:00+00:00,0.0002,-1.1151153551287314,H2,0
340571,340588,short,A,retest,5.0,-1.0,1.0200225336643745,False,False,False,True,False,False,False,False,BTC,1h>5m,2025-12-31 08:45:00+00:00,0.0002,-1.1151153551287314,H2,0
342027,342089,long,V,mss,2.0,2.0,1.0757381561410249,False,False,True,True,False,False,False,False,BTC,1h>5m,2026-01-05 10:05:00+00:00,0.0002,1.921941220028836,H2,0
342027,342121,long,V,mss,3.0,3.0,1.0757381561410249,False,False,True,True,False,False,False,False,BTC,1h>5m,2026-01-05 10:05:00+00:00,0.0002,2.921741220028836,H2,0
342027,342315,long,V,mss,5.0,1.556180244637077,1.0757381561410249,False,False,True,True,False,False,False,False,BTC,1h>5m,2026-01-05 10:05:00+00:00,0.0002,1.4782102286169854,H2,0
342033,342089,long,V,retest,2.0,2.0,1.0448565810649357,False,False,False,True,False,False,False,False,BTC,1h>5m,2026-01-05 10:35:00+00:00,0.0002,1.9196577747625632,H2,0
342033,342121,long,V,retest,3.0,3.0,1.0448565810649357,False,False,False,True,False,False,False,False,BTC,1h>5m,2026-01-05 10:35:00+00:00,0.0002,2.919457774762563,H2,0
342033,342320,long,V,retest,5.0,1.7879752751738036,1.0448565810649357,False,False,False,True,False,False,False,False,BTC,1h>5m,2026-01-05 10:35:00+00:00,0.0002,1.707675454881332,H2,0
343010,343036,short,A,mss,2.0,-1.0,1.1834792228096336,False,False,False,False,False,False,False,True,BTC,1h>5m,2026-01-08 20:00:00+00:00,0.0002,-1.0472597893295572,H2,0
343010,343036,short,A,mss,3.0,-1.0,1.1834792228096336,False,False,False,False,False,False,False,True,BTC,1h>5m,2026-01-08 20:00:00+00:00,0.0002,-1.0472597893295572,H2,0
343010,343036,short,A,mss,5.0,-1.0,1.1834792228096336,False,False,False,False,False,False,False,True,BTC,1h>5m,2026-01-08 20:00:00+00:00,0.0002,-1.0472597893295572,H2,0
343018,343036,short,A,retest,2.0,-1.0,0.9849540513931591,False,False,False,False,False,False,False,False,BTC,1h>5m,2026-01-08 20:40:00+00:00,0.0002,-1.0568256800416298,H2,0
343018,343036,short,A,retest,3.0,-1.0,0.9849540513931591,False,False,False,False,False,False,False,False,BTC,1h>5m,2026-01-08 20:40:00+00:00,0.0002,-1.0568256800416298,H2,0
343018,343036,short,A,retest,5.0,-1.0,0.9849540513931591,False,False,False,False,False,False,False,False,BTC,1h>5m,2026-01-08 20:40:00+00:00,0.0002,-1.0568256800416298,H2,0
342900,342939,long,V,mss,2.0,-1.0,1.1476153566857938,True,False,False,True,False,True,False,False,BTC,1h>5m,2026-01-08 10:50:00+00:00,0.0002,-1.0565961768490055,H2,2
342900,342939,long,V,mss,3.0,-1.0,1.1476153566857938,True,False,False,True,False,True,False,False,BTC,1h>5m,2026-01-08 10:50:00+00:00,0.0002,-1.0565961768490055,H2,2
342900,342939,long,V,mss,5.0,-1.0,1.1476153566857938,True,False,False,True,False,True,False,False,BTC,1h>5m,2026-01-08 10:50:00+00:00,0.0002,-1.0565961768490055,H2,2
342903,342939,long,V,retest,2.0,-1.0,1.102155075848688,True,False,False,True,False,True,False,False,BTC,1h>5m,2026-01-08 11:05:00+00:00,0.0002,-1.0589223341147793,H2,2
342903,342939,long,V,retest,3.0,-1.0,1.102155075848688,True,False,False,True,False,True,False,False,BTC,1h>5m,2026-01-08 11:05:00+00:00,0.0002,-1.0589223341147793,H2,2
342903,342939,long,V,retest,5.0,-1.0,1.102155075848688,True,False,False,True,False,True,False,False,BTC,1h>5m,2026-01-08 11:05:00+00:00,0.0002,-1.0589223341147793,H2,2
343083,343153,long,V,mss,2.0,-1.0,0.9930636426591988,False,False,False,False,False,False,False,False,BTC,1h>5m,2026-01-09 02:05:00+00:00,0.0002,-1.0688099244571534,H2,0
343083,343153,long,V,mss,3.0,-1.0,0.9930636426591988,False,False,False,False,False,False,False,False,BTC,1h>5m,2026-01-09 02:05:00+00:00,0.0002,-1.0688099244571534,H2,0
343083,343153,long,V,mss,5.0,-1.0,0.9930636426591988,False,False,False,False,False,False,False,False,BTC,1h>5m,2026-01-09 02:05:00+00:00,0.0002,-1.0688099244571534,H2,0
343087,343153,long,V,retest,2.0,-1.0,0.9333925382990483,False,False,True,False,False,False,False,False,BTC,1h>5m,2026-01-09 02:25:00+00:00,0.0002,-1.0731961068985576,H2,0
343087,343153,long,V,retest,3.0,-1.0,0.9333925382990483,False,False,True,False,False,False,False,False,BTC,1h>5m,2026-01-09 02:25:00+00:00,0.0002,-1.0731961068985576,H2,0
343087,343153,long,V,retest,5.0,-1.0,0.9333925382990483,False,False,True,False,False,False,False,False,BTC,1h>5m,2026-01-09 02:25:00+00:00,0.0002,-1.0731961068985576,H2,0
343327,343615,long,V,mss,2.0,-0.230084843482605,0.7011083946049144,True,False,False,False,False,False,True,True,BTC,1h>5m,2026-01-09 22:25:00+00:00,0.0002,-0.3024916780845786,H2,2
343327,343615,long,V,mss,3.0,-0.230084843482605,0.7011083946049144,True,False,False,False,False,False,True,True,BTC,1h>5m,2026-01-09 22:25:00+00:00,0.0002,-0.3024916780845786,H2,2
343327,343615,long,V,mss,5.0,-0.230084843482605,0.7011083946049144,True,False,False,False,False,False,True,True,BTC,1h>5m,2026-01-09 22:25:00+00:00,0.0002,-0.3024916780845786,H2,2
343328,343615,long,V,retest,2.0,-0.19314621698084633,0.6690109047367362,True,False,False,False,False,False,True,False,BTC,1h>5m,2026-01-09 22:30:00+00:00,0.0002,-0.2690173570607136,H2,2
343328,343615,long,V,retest,3.0,-0.19314621698084633,0.6690109047367362,True,False,False,False,False,False,True,False,BTC,1h>5m,2026-01-09 22:30:00+00:00,0.0002,-0.2690173570607136,H2,2
343328,343615,long,V,retest,5.0,-0.19314621698084633,0.6690109047367362,True,False,False,False,False,False,True,False,BTC,1h>5m,2026-01-09 22:30:00+00:00,0.0002,-0.2690173570607136,H2,2
343915,343935,long,V,retest,2.0,2.0,2.0464729059260733,True,False,True,False,False,False,False,False,BTC,1h>5m,2026-01-11 23:25:00+00:00,0.0002,1.928762386022517,H2,1
343915,343956,long,V,retest,3.0,3.0,2.0464729059260733,True,False,True,False,False,False,False,False,BTC,1h>5m,2026-01-11 23:25:00+00:00,0.0002,2.928562386022517,H2,1
343915,344094,long,V,retest,5.0,-1.0,2.0464729059260733,True,False,True,False,False,False,False,False,BTC,1h>5m,2026-01-11 23:25:00+00:00,0.0002,-1.0706376139774831,H2,1
343709,343783,short,A,mss,2.0,-1.0,1.2717613222069968,False,False,False,False,False,False,False,False,BTC,1h>5m,2026-01-11 06:15:00+00:00,0.0002,-1.2313106524349544,H2,0
343709,343783,short,A,mss,3.0,-1.0,1.2717613222069968,False,False,False,False,False,False,False,False,BTC,1h>5m,2026-01-11 06:15:00+00:00,0.0002,-1.2313106524349544,H2,0
343709,343783,short,A,mss,5.0,-1.0,1.2717613222069968,False,False,False,False,False,False,False,False,BTC,1h>5m,2026-01-11 06:15:00+00:00,0.0002,-1.2313106524349544,H2,0
343717,343783,short,A,retest,2.0,-1.0,0.9122052985498201,False,False,True,False,False,False,False,False,BTC,1h>5m,2026-01-11 06:55:00+00:00,0.0002,-1.3225631914808504,H2,0
343717,343783,short,A,retest,3.0,-1.0,0.9122052985498201,False,False,True,False,False,False,False,False,BTC,1h>5m,2026-01-11 06:55:00+00:00,0.0002,-1.3225631914808504,H2,0
343717,343783,short,A,retest,5.0,-1.0,0.9122052985498201,False,False,True,False,False,False,False,False,BTC,1h>5m,2026-01-11 06:55:00+00:00,0.0002,-1.3225631914808504,H2,0
344378,344385,short,A,mss,2.0,-1.0,1.7198003447902577,True,True,False,False,False,False,False,False,BTC,1h>5m,2026-01-13 14:00:00+00:00,0.0002,-1.051638875457857,H2,2
344378,344385,short,A,mss,3.0,-1.0,1.7198003447902577,True,True,False,False,False,False,False,False,BTC,1h>5m,2026-01-13 14:00:00+00:00,0.0002,-1.051638875457857,H2,2
344378,344385,short,A,mss,5.0,-1.0,1.7198003447902577,True,True,False,False,False,False,False,False,BTC,1h>5m,2026-01-13 14:00:00+00:00,0.0002,-1.051638875457857,H2,2
344379,344385,short,A,retest,2.0,-1.0,1.5518637751953746,True,True,False,False,False,False,False,False,BTC,1h>5m,2026-01-13 14:05:00+00:00,0.0002,-1.0572486738533076,H2,2
344379,344385,short,A,retest,3.0,-1.0,1.5518637751953746,True,True,False,False,False,False,False,False,BTC,1h>5m,2026-01-13 14:05:00+00:00,0.0002,-1.0572486738533076,H2,2
344379,344385,short,A,retest,5.0,-1.0,1.5518637751953746,True,True,False,False,False,False,False,False,BTC,1h>5m,2026-01-13 14:05:00+00:00,0.0002,-1.0572486738533076,H2,2
344556,344673,short,A,mss,2.0,-1.0,0.6816171057874469,False,False,False,False,False,False,False,True,BTC,1h>5m,2026-01-14 04:50:00+00:00,0.0002,-1.07124700072722,H2,0
344556,344673,short,A,mss,3.0,-1.0,0.6816171057874469,False,False,False,False,False,False,False,True,BTC,1h>5m,2026-01-14 04:50:00+00:00,0.0002,-1.07124700072722,H2,0
344556,344673,short,A,mss,5.0,-1.0,0.6816171057874469,False,False,False,False,False,False,False,True,BTC,1h>5m,2026-01-14 04:50:00+00:00,0.0002,-1.07124700072722,H2,0
344594,344673,short,A,retest,2.0,-1.0,0.6791772600568615,False,False,False,False,False,False,False,True,BTC,1h>5m,2026-01-14 08:00:00+00:00,0.0002,-1.0715036637074746,H2,0
344594,344673,short,A,retest,3.0,-1.0,0.6791772600568615,False,False,False,False,False,False,False,True,BTC,1h>5m,2026-01-14 08:00:00+00:00,0.0002,-1.0715036637074746,H2,0
344594,344673,short,A,retest,5.0,-1.0,0.6791772600568615,False,False,False,False,False,False,False,True,BTC,1h>5m,2026-01-14 08:00:00+00:00,0.0002,-1.0715036637074746,H2,0
344960,345020,short,A,mss,2.0,2.0,1.3522256697939146,True,True,True,False,False,False,False,False,BTC,1h>5m,2026-01-15 14:30:00+00:00,0.0002,1.9393140108660685,H2,2
344960,345248,short,A,mss,3.0,1.4705877368585258,1.3522256697939146,True,True,True,False,False,False,False,False,BTC,1h>5m,2026-01-15 14:30:00+00:00,0.0002,1.409795865271966,H2,2
344960,345248,short,A,mss,5.0,1.4705877368585258,1.3522256697939146,True,True,True,False,False,False,False,False,BTC,1h>5m,2026-01-15 14:30:00+00:00,0.0002,1.409795865271966,H2,2
344977,345019,short,A,retest,2.0,2.0,1.2044333124034747,True,True,True,False,False,False,False,True,BTC,1h>5m,2026-01-15 15:55:00+00:00,0.0002,1.9317692516942608,H2,2
344977,345257,short,A,retest,3.0,3.0,1.2044333124034747,True,True,True,False,False,False,False,True,BTC,1h>5m,2026-01-15 15:55:00+00:00,0.0002,2.9319692516942606,H2,2
344977,345264,short,A,retest,5.0,3.668298996565476,1.2044333124034747,True,True,True,False,False,False,False,True,BTC,1h>5m,2026-01-15 15:55:00+00:00,0.0002,3.60040190805905,H2,2
345142,345254,long,V,mss,2.0,-1.0,0.8428693003672763,False,False,False,False,False,True,False,False,BTC,1h>5m,2026-01-16 05:40:00+00:00,0.0002,-1.0810780087044791,H2,1
345142,345254,long,V,mss,3.0,-1.0,0.8428693003672763,False,False,False,False,False,True,False,False,BTC,1h>5m,2026-01-16 05:40:00+00:00,0.0002,-1.0810780087044791,H2,1
345142,345254,long,V,mss,5.0,-1.0,0.8428693003672763,False,False,False,False,False,True,False,False,BTC,1h>5m,2026-01-16 05:40:00+00:00,0.0002,-1.0810780087044791,H2,1
345143,345254,long,V,retest,2.0,-1.0,0.8321374182567493,False,False,False,False,False,True,False,False,BTC,1h>5m,2026-01-16 05:45:00+00:00,0.0002,-1.0821210735104927,H2,1
345143,345254,long,V,retest,3.0,-1.0,0.8321374182567493,False,False,False,False,False,True,False,False,BTC,1h>5m,2026-01-16 05:45:00+00:00,0.0002,-1.0821210735104927,H2,1
345143,345254,long,V,retest,5.0,-1.0,0.8321374182567493,False,False,False,False,False,True,False,False,BTC,1h>5m,2026-01-16 05:45:00+00:00,0.0002,-1.0821210735104927,H2,1
345499,345633,long,V,mss,2.0,-1.0,1.3433329849279234,True,False,True,True,False,False,False,False,BTC,1h>5m,2026-01-17 11:25:00+00:00,0.0002,-1.1658968668097778,H2,1
345499,345633,long,V,mss,3.0,-1.0,1.3433329849279234,True,False,True,True,False,False,False,False,BTC,1h>5m,2026-01-17 11:25:00+00:00,0.0002,-1.1658968668097778,H2,1
345499,345633,long,V,mss,5.0,-1.0,1.3433329849279234,True,False,True,True,False,False,False,False,BTC,1h>5m,2026-01-17 11:25:00+00:00,0.0002,-1.1658968668097778,H2,1
345500,345633,long,V,retest,2.0,-1.0,1.177218889144383,True,False,True,True,False,False,False,False,BTC,1h>5m,2026-01-17 11:30:00+00:00,0.0002,-1.1892778925969847,H2,1
345500,345633,long,V,retest,3.0,-1.0,1.177218889144383,True,False,True,True,False,False,False,False,BTC,1h>5m,2026-01-17 11:30:00+00:00,0.0002,-1.1892778925969847,H2,1
345500,345633,long,V,retest,5.0,-1.0,1.177218889144383,True,False,True,True,False,False,False,False,BTC,1h>5m,2026-01-17 11:30:00+00:00,0.0002,-1.1892778925969847,H2,1
346193,346214,short,A,mss,2.0,2.0,0.9396683559141016,False,False,False,False,False,True,False,False,BTC,1h>5m,2026-01-19 21:15:00+00:00,0.0002,1.8729400162013692,H2,1
346193,346217,short,A,mss,3.0,3.0,0.9396683559141016,False,False,False,False,False,True,False,False,BTC,1h>5m,2026-01-19 21:15:00+00:00,0.0002,2.873140016201369,H2,1
346193,346288,short,A,mss,5.0,5.0,0.9396683559141016,False,False,False,False,False,True,False,False,BTC,1h>5m,2026-01-19 21:15:00+00:00,0.0002,4.873540016201369,H2,1
346964,346977,short,A,mss,2.0,2.0,1.0542962139746783,False,True,False,False,False,False,False,False,BTC,1h>5m,2026-01-22 13:30:00+00:00,0.0002,1.9040074785414447,H2,1
346964,346986,short,A,mss,3.0,3.0,1.0542962139746783,False,True,False,False,False,False,False,False,BTC,1h>5m,2026-01-22 13:30:00+00:00,0.0002,2.9042074785414447,H2,1
346964,347252,short,A,mss,5.0,1.8848367060640232,1.0542962139746783,False,True,False,False,False,False,False,False,BTC,1h>5m,2026-01-22 13:30:00+00:00,0.0002,1.7888211519466808,H2,1
348300,348422,short,A,mss,2.0,2.0,0.7382312705756681,False,False,False,False,False,False,False,False,BTC,1h>5m,2026-01-27 04:50:00+00:00,0.0002,1.9256967541658592,H2,0
348300,348486,short,A,mss,3.0,-1.0,0.7382312705756681,False,False,False,False,False,False,False,False,BTC,1h>5m,2026-01-27 04:50:00+00:00,0.0002,-1.0749032458341408,H2,0
348300,348486,short,A,mss,5.0,-1.0,0.7382312705756681,False,False,False,False,False,False,False,False,BTC,1h>5m,2026-01-27 04:50:00+00:00,0.0002,-1.0749032458341408,H2,0
348301,348418,short,A,retest,2.0,2.0,0.678937739122689,False,False,False,False,False,False,False,False,BTC,1h>5m,2026-01-27 04:55:00+00:00,0.0002,1.9191377776758476,H2,0
348301,348486,short,A,retest,3.0,-1.0,0.678937739122689,False,False,False,False,False,False,False,False,BTC,1h>5m,2026-01-27 04:55:00+00:00,0.0002,-1.0814622223241526,H2,0
348301,348486,short,A,retest,5.0,-1.0,0.678937739122689,False,False,False,False,False,False,False,False,BTC,1h>5m,2026-01-27 04:55:00+00:00,0.0002,-1.0814622223241526,H2,0
348129,348142,long,V,mss,2.0,-1.0,1.4636273365290482,False,True,True,False,False,False,False,False,BTC,1h>5m,2026-01-26 14:35:00+00:00,0.0002,-1.0513837516691786,H2,1
348129,348142,long,V,mss,3.0,-1.0,1.4636273365290482,False,True,True,False,False,False,False,False,BTC,1h>5m,2026-01-26 14:35:00+00:00,0.0002,-1.0513837516691786,H2,1
348129,348142,long,V,mss,5.0,-1.0,1.4636273365290482,False,True,True,False,False,False,False,False,BTC,1h>5m,2026-01-26 14:35:00+00:00,0.0002,-1.0513837516691786,H2,1
348130,348142,long,V,retest,2.0,-1.0,1.3162131437742817,False,True,False,False,False,False,False,False,BTC,1h>5m,2026-01-26 14:40:00+00:00,0.0002,-1.0571162665511045,H2,1
348130,348142,long,V,retest,3.0,-1.0,1.3162131437742817,False,True,False,False,False,False,False,False,BTC,1h>5m,2026-01-26 14:40:00+00:00,0.0002,-1.0571162665511045,H2,1
348130,348142,long,V,retest,5.0,-1.0,1.3162131437742817,False,True,False,False,False,False,False,False,BTC,1h>5m,2026-01-26 14:40:00+00:00,0.0002,-1.0571162665511045,H2,1
348234,348453,long,V,mss,2.0,-1.0,1.3535990248092988,False,False,True,False,False,False,False,True,BTC,1h>5m,2026-01-26 23:20:00+00:00,0.0002,-1.0429327434199225,H2,0
348234,348453,long,V,mss,3.0,-1.0,1.3535990248092988,False,False,True,False,False,False,False,True,BTC,1h>5m,2026-01-26 23:20:00+00:00,0.0002,-1.0429327434199225,H2,0
348234,348453,long,V,mss,5.0,-1.0,1.3535990248092988,False,False,True,False,False,False,False,True,BTC,1h>5m,2026-01-26 23:20:00+00:00,0.0002,-1.0429327434199225,H2,0
348242,348453,long,V,retest,2.0,-1.0,1.3359714853485358,False,False,False,False,False,False,False,False,BTC,1h>5m,2026-01-27 00:00:00+00:00,0.0002,-1.0434965826404166,H2,0
348242,348453,long,V,retest,3.0,-1.0,1.3359714853485358,False,False,False,False,False,False,False,False,BTC,1h>5m,2026-01-27 00:00:00+00:00,0.0002,-1.0434965826404166,H2,0
348242,348453,long,V,retest,5.0,-1.0,1.3359714853485358,False,False,False,False,False,False,False,False,BTC,1h>5m,2026-01-27 00:00:00+00:00,0.0002,-1.0434965826404166,H2,0
348437,348453,long,V,mss,2.0,-1.0,2.699626697586647,True,True,False,False,False,True,False,False,BTC,1h>5m,2026-01-27 16:15:00+00:00,0.0002,-1.0368885371197911,H2,3
348437,348453,long,V,mss,3.0,-1.0,2.699626697586647,True,True,False,False,False,True,False,False,BTC,1h>5m,2026-01-27 16:15:00+00:00,0.0002,-1.0368885371197911,H2,3
348437,348453,long,V,mss,5.0,-1.0,2.699626697586647,True,True,False,False,False,True,False,False,BTC,1h>5m,2026-01-27 16:15:00+00:00,0.0002,-1.0368885371197911,H2,3
348438,348453,long,V,retest,2.0,-1.0,2.5960352778860436,True,True,False,False,False,True,False,False,BTC,1h>5m,2026-01-27 16:20:00+00:00,0.0002,-1.0383525455943108,H2,3
348438,348453,long,V,retest,3.0,-1.0,2.5960352778860436,True,True,False,False,False,True,False,False,BTC,1h>5m,2026-01-27 16:20:00+00:00,0.0002,-1.0383525455943108,H2,3
348438,348453,long,V,retest,5.0,-1.0,2.5960352778860436,True,True,False,False,False,True,False,False,BTC,1h>5m,2026-01-27 16:20:00+00:00,0.0002,-1.0383525455943108,H2,3
348742,348782,long,V,mss,2.0,-1.0,1.9208388197587354,False,True,False,False,False,False,False,True,BTC,1h>5m,2026-01-28 17:40:00+00:00,0.0002,-1.0367718670166928,H2,1
348742,348782,long,V,mss,3.0,-1.0,1.9208388197587354,False,True,False,False,False,False,False,True,BTC,1h>5m,2026-01-28 17:40:00+00:00,0.0002,-1.0367718670166928,H2,1
348742,348782,long,V,mss,5.0,-1.0,1.9208388197587354,False,True,False,False,False,False,False,True,BTC,1h>5m,2026-01-28 17:40:00+00:00,0.0002,-1.0367718670166928,H2,1
348743,348782,long,V,retest,2.0,-1.0,1.9051705766709395,False,True,False,False,False,False,False,False,BTC,1h>5m,2026-01-28 17:45:00+00:00,0.0002,-1.0370726363596632,H2,1
348743,348782,long,V,retest,3.0,-1.0,1.9051705766709395,False,True,False,False,False,False,False,False,BTC,1h>5m,2026-01-28 17:45:00+00:00,0.0002,-1.0370726363596632,H2,1
348743,348782,long,V,retest,5.0,-1.0,1.9051705766709395,False,True,False,False,False,False,False,False,BTC,1h>5m,2026-01-28 17:45:00+00:00,0.0002,-1.0370726363596632,H2,1
348766,349000,short,A,mss,2.0,2.0,2.573473217411071,True,False,False,False,False,False,False,True,BTC,1h>5m,2026-01-28 19:40:00+00:00,0.0002,1.9779426192259417,H2,1
348766,349016,short,A,mss,3.0,3.0,2.573473217411071,True,False,False,False,False,False,False,True,BTC,1h>5m,2026-01-28 19:40:00+00:00,0.0002,2.9781426192259417,H2,1
348766,349054,short,A,mss,5.0,3.072484650575011,2.573473217411071,True,False,False,False,False,False,False,True,BTC,1h>5m,2026-01-28 19:40:00+00:00,0.0002,3.0506417667310677,H2,1
348767,348998,short,A,retest,2.0,2.0,2.187417735134376,True,False,False,False,False,False,True,False,BTC,1h>5m,2026-01-28 19:45:00+00:00,0.0002,1.9739085396733367,H2,2
348767,349001,short,A,retest,3.0,3.0,2.187417735134376,True,False,False,False,False,False,True,False,BTC,1h>5m,2026-01-28 19:45:00+00:00,0.0002,2.9741085396733364,H2,2
348767,349054,short,A,retest,5.0,3.7912339779619852,2.187417735134376,True,False,False,False,False,False,True,False,BTC,1h>5m,2026-01-28 19:45:00+00:00,0.0002,3.7655007644309144,H2,2
350005,350119,short,A,mss,2.0,-1.0,1.6483769234770567,False,False,False,False,False,False,False,True,BTC,1h>5m,2026-02-02 02:55:00+00:00,0.0002,-1.017529934213494,H2,0
350005,350119,short,A,mss,3.0,-1.0,1.6483769234770567,False,False,False,False,False,False,False,True,BTC,1h>5m,2026-02-02 02:55:00+00:00,0.0002,-1.017529934213494,H2,0
350005,350119,short,A,mss,5.0,-1.0,1.6483769234770567,False,False,False,False,False,False,False,True,BTC,1h>5m,2026-02-02 02:55:00+00:00,0.0002,-1.017529934213494,H2,0
350024,350119,short,A,retest,2.0,-1.0,1.5408022551547238,False,False,False,False,False,False,False,True,BTC,1h>5m,2026-02-02 04:30:00+00:00,0.0002,-1.0187677905224477,H2,0
350024,350119,short,A,retest,3.0,-1.0,1.5408022551547238,False,False,False,False,False,False,False,True,BTC,1h>5m,2026-02-02 04:30:00+00:00,0.0002,-1.0187677905224477,H2,0
350024,350119,short,A,retest,5.0,-1.0,1.5408022551547238,False,False,False,False,False,False,False,True,BTC,1h>5m,2026-02-02 04:30:00+00:00,0.0002,-1.0187677905224477,H2,0
350368,350463,short,A,mss,2.0,2.0,1.4234915290117105,False,False,False,True,False,False,False,False,BTC,1h>5m,2026-02-03 09:10:00+00:00,0.0002,1.9664893201056015,H2,0
350368,350470,short,A,mss,3.0,3.0,1.4234915290117105,False,False,False,True,False,False,False,False,BTC,1h>5m,2026-02-03 09:10:00+00:00,0.0002,2.9666893201056013,H2,0
350368,350483,short,A,mss,5.0,5.0,1.4234915290117105,False,False,False,True,False,False,False,False,BTC,1h>5m,2026-02-03 09:10:00+00:00,0.0002,4.967089320105601,H2,0
350378,350437,short,A,retest,2.0,2.0,0.9854213663396234,False,False,True,True,False,False,False,False,BTC,1h>5m,2026-02-03 10:00:00+00:00,0.0002,1.9512364692580901,H2,0
350378,350456,short,A,retest,3.0,3.0,0.9854213663396234,False,False,True,True,False,False,False,False,BTC,1h>5m,2026-02-03 10:00:00+00:00,0.0002,2.9514364692580903,H2,0
350378,350470,short,A,retest,5.0,5.0,0.9854213663396234,False,False,True,True,False,False,False,False,BTC,1h>5m,2026-02-03 10:00:00+00:00,0.0002,4.95183646925809,H2,0
351475,351497,short,A,mss,2.0,2.0,1.2547834110063325,False,False,True,False,False,False,False,False,BTC,1h>5m,2026-02-07 05:25:00+00:00,0.0002,1.9809666755621804,H2,0
351475,351763,short,A,mss,3.0,0.6882707812795953,1.2547834110063325,False,False,True,False,False,False,False,False,BTC,1h>5m,2026-02-07 05:25:00+00:00,0.0002,0.6689751109980316,H2,0
351475,351763,short,A,mss,5.0,0.6882707812795953,1.2547834110063325,False,False,True,False,False,False,False,False,BTC,1h>5m,2026-02-07 05:25:00+00:00,0.0002,0.6689751109980316,H2,0
352468,352614,long,V,mss,2.0,-1.0,2.718016612641802,True,True,False,False,False,False,False,False,BTC,1h>5m,2026-02-10 16:10:00+00:00,0.0002,-1.014342453002468,H2,2
352468,352614,long,V,mss,3.0,-1.0,2.718016612641802,True,True,False,False,False,False,False,False,BTC,1h>5m,2026-02-10 16:10:00+00:00,0.0002,-1.014342453002468,H2,2
352468,352614,long,V,mss,5.0,-1.0,2.718016612641802,True,True,False,False,False,False,False,False,BTC,1h>5m,2026-02-10 16:10:00+00:00,0.0002,-1.014342453002468,H2,2
352469,352614,long,V,retest,2.0,-1.0,2.5923683144246144,True,True,False,False,False,False,False,False,BTC,1h>5m,2026-02-10 16:15:00+00:00,0.0002,-1.0150279170017342,H2,2
352469,352614,long,V,retest,3.0,-1.0,2.5923683144246144,True,True,False,False,False,False,False,False,BTC,1h>5m,2026-02-10 16:15:00+00:00,0.0002,-1.0150279170017342,H2,2
352469,352614,long,V,retest,5.0,-1.0,2.5923683144246144,True,True,False,False,False,False,False,False,BTC,1h>5m,2026-02-10 16:15:00+00:00,0.0002,-1.0150279170017342,H2,2
351732,351793,short,A,mss,2.0,-1.0,0.6877944257962485,False,False,False,False,False,False,False,False,BTC,1h>5m,2026-02-08 02:50:00+00:00,0.0002,-1.0540336911282824,H2,0
351732,351793,short,A,mss,3.0,-1.0,0.6877944257962485,False,False,False,False,False,False,False,False,BTC,1h>5m,2026-02-08 02:50:00+00:00,0.0002,-1.0540336911282824,H2,0
351732,351793,short,A,mss,5.0,-1.0,0.6877944257962485,False,False,False,False,False,False,False,False,BTC,1h>5m,2026-02-08 02:50:00+00:00,0.0002,-1.0540336911282824,H2,0
351733,351793,short,A,retest,2.0,-1.0,0.6283201999673382,False,False,False,False,False,False,False,False,BTC,1h>5m,2026-02-08 02:55:00+00:00,0.0002,-1.05916723099198,H2,0
351733,351793,short,A,retest,3.0,-1.0,0.6283201999673382,False,False,False,False,False,False,False,False,BTC,1h>5m,2026-02-08 02:55:00+00:00,0.0002,-1.05916723099198,H2,0
351733,351793,short,A,retest,5.0,-1.0,0.6283201999673382,False,False,False,False,False,False,False,False,BTC,1h>5m,2026-02-08 02:55:00+00:00,0.0002,-1.05916723099198,H2,0
351938,351975,short,A,mss,2.0,-1.0,0.7525613365404298,True,False,False,False,False,False,False,False,BTC,1h>5m,2026-02-08 20:00:00+00:00,0.0002,-1.0576722820229805,H2,1
351938,351975,short,A,mss,3.0,-1.0,0.7525613365404298,True,False,False,False,False,False,False,False,BTC,1h>5m,2026-02-08 20:00:00+00:00,0.0002,-1.0576722820229805,H2,1
351938,351975,short,A,mss,5.0,-1.0,0.7525613365404298,True,False,False,False,False,False,False,False,BTC,1h>5m,2026-02-08 20:00:00+00:00,0.0002,-1.0576722820229805,H2,1
351941,351975,short,A,retest,2.0,-1.0,0.6152922622431292,True,False,True,False,False,False,False,False,BTC,1h>5m,2026-02-08 20:15:00+00:00,0.0002,-1.0705833408290928,H2,1
351941,351975,short,A,retest,3.0,-1.0,0.6152922622431292,True,False,True,False,False,False,False,False,BTC,1h>5m,2026-02-08 20:15:00+00:00,0.0002,-1.0705833408290928,H2,1
351941,351975,short,A,retest,5.0,-1.0,0.6152922622431292,True,False,True,False,False,False,False,False,BTC,1h>5m,2026-02-08 20:15:00+00:00,0.0002,-1.0705833408290928,H2,1
353816,353879,short,A,mss,2.0,2.0,1.595274077565023,True,False,True,True,False,False,False,False,BTC,1h>5m,2026-02-15 08:30:00+00:00,0.0002,1.9613846676790994,H2,1
353816,353943,short,A,mss,3.0,3.0,1.595274077565023,True,False,True,True,False,False,False,False,BTC,1h>5m,2026-02-15 08:30:00+00:00,0.0002,2.9615846676790993,H2,1
353816,354104,short,A,mss,5.0,2.1477740272798016,1.595274077565023,True,False,True,True,False,False,False,False,BTC,1h>5m,2026-02-15 08:30:00+00:00,0.0002,2.109188249764357,H2,1
353817,353876,short,A,retest,2.0,2.0,1.5311104644634586,True,False,True,True,False,False,False,False,BTC,1h>5m,2026-02-15 08:35:00+00:00,0.0002,1.9597329056462442,H2,1
353817,353927,short,A,retest,3.0,3.0,1.5311104644634586,True,False,True,True,False,False,False,False,BTC,1h>5m,2026-02-15 08:35:00+00:00,0.0002,2.9599329056462444,H2,1
353817,354104,short,A,retest,5.0,2.2796864917983632,1.5311104644634586,True,False,True,True,False,False,False,False,BTC,1h>5m,2026-02-15 08:35:00+00:00,0.0002,2.2394753347429672,H2,1
352565,352601,long,V,mss,2.0,-1.0,0.8960527522497702,True,False,False,False,False,False,False,True,BTC,1h>5m,2026-02-11 00:15:00+00:00,0.0002,-1.0410072120422595,H2,1
352565,352601,long,V,mss,3.0,-1.0,0.8960527522497702,True,False,False,False,False,False,False,True,BTC,1h>5m,2026-02-11 00:15:00+00:00,0.0002,-1.0410072120422595,H2,1
352565,352601,long,V,mss,5.0,-1.0,0.8960527522497702,True,False,False,False,False,False,False,True,BTC,1h>5m,2026-02-11 00:15:00+00:00,0.0002,-1.0410072120422595,H2,1
352566,352601,long,V,retest,2.0,-1.0,0.8767535680849882,True,False,False,False,False,False,False,False,BTC,1h>5m,2026-02-11 00:20:00+00:00,0.0002,-1.0419054643324386,H2,1
352566,352601,long,V,retest,3.0,-1.0,0.8767535680849882,True,False,False,False,False,False,False,False,BTC,1h>5m,2026-02-11 00:20:00+00:00,0.0002,-1.0419054643324386,H2,1
352566,352601,long,V,retest,5.0,-1.0,0.8767535680849882,True,False,False,False,False,False,False,False,BTC,1h>5m,2026-02-11 00:20:00+00:00,0.0002,-1.0419054643324386,H2,1
356866,357154,short,A,mss,2.0,0.5146471504587214,2.157654110152054,True,False,False,False,False,False,False,True,BTC,1h>5m,2026-02-25 22:40:00+00:00,0.0002,0.49757770979520827,H2,1
356866,357154,short,A,mss,3.0,0.5146471504587214,2.157654110152054,True,False,False,False,False,False,False,True,BTC,1h>5m,2026-02-25 22:40:00+00:00,0.0002,0.49757770979520827,H2,1
356866,357154,short,A,mss,5.0,0.5146471504587214,2.157654110152054,True,False,False,False,False,False,False,True,BTC,1h>5m,2026-02-25 22:40:00+00:00,0.0002,0.49757770979520827,H2,1
356871,357158,short,A,retest,2.0,0.8212152373145712,1.888511340317856,True,False,False,False,False,False,False,False,BTC,1h>5m,2026-02-25 23:05:00+00:00,0.0002,0.8017027692784787,H2,1
356871,357158,short,A,retest,3.0,0.8212152373145712,1.888511340317856,True,False,False,False,False,False,False,False,BTC,1h>5m,2026-02-25 23:05:00+00:00,0.0002,0.8017027692784787,H2,1
356871,357158,short,A,retest,5.0,0.8212152373145712,1.888511340317856,True,False,False,False,False,False,False,False,BTC,1h>5m,2026-02-25 23:05:00+00:00,0.0002,0.8017027692784787,H2,1
357022,357068,short,A,mss,2.0,2.0,0.9723313367096073,False,False,False,True,False,False,False,True,BTC,1h>5m,2026-02-26 11:40:00+00:00,0.0002,1.958397631053296,H2,0
357022,357309,short,A,mss,3.0,3.0,0.9723313367096073,False,False,False,True,False,False,False,True,BTC,1h>5m,2026-02-26 11:40:00+00:00,0.0002,2.958597631053296,H2,0
357022,357310,short,A,mss,5.0,3.2112645707187073,0.9723313367096073,False,False,False,True,False,False,False,True,BTC,1h>5m,2026-02-26 11:40:00+00:00,0.0002,3.169904454686147,H2,0
357026,357065,short,A,retest,2.0,2.0,0.8744517853929434,False,True,False,True,False,False,False,False,BTC,1h>5m,2026-02-26 12:00:00+00:00,0.0002,1.9536514290138067,H2,1
357026,357305,short,A,retest,3.0,3.0,0.8744517853929434,False,True,False,True,False,False,False,False,BTC,1h>5m,2026-02-26 12:00:00+00:00,0.0002,2.9538514290138065,H2,1
357026,357313,short,A,retest,5.0,3.4692893100065576,0.8744517853929434,False,True,False,True,False,False,False,False,BTC,1h>5m,2026-02-26 12:00:00+00:00,0.0002,3.4232345968823656,H2,1
357444,357533,long,V,mss,2.0,-1.0,1.257182765700434,True,False,False,False,False,False,False,False,BTC,1h>5m,2026-02-27 22:50:00+00:00,0.0002,-1.0362365843276065,H2,1
357444,357533,long,V,mss,3.0,-1.0,1.257182765700434,True,False,False,False,False,False,False,False,BTC,1h>5m,2026-02-27 22:50:00+00:00,0.0002,-1.0362365843276065,H2,1
357444,357533,long,V,mss,5.0,-1.0,1.257182765700434,True,False,False,False,False,False,False,False,BTC,1h>5m,2026-02-27 22:50:00+00:00,0.0002,-1.0362365843276065,H2,1
357445,357533,long,V,retest,2.0,-1.0,1.2517202262304248,True,False,False,False,False,False,False,False,BTC,1h>5m,2026-02-27 22:55:00+00:00,0.0002,-1.0363938489144755,H2,1
357445,357533,long,V,retest,3.0,-1.0,1.2517202262304248,True,False,False,False,False,False,False,False,BTC,1h>5m,2026-02-27 22:55:00+00:00,0.0002,-1.0363938489144755,H2,1
357445,357533,long,V,retest,5.0,-1.0,1.2517202262304248,True,False,False,False,False,False,False,False,BTC,1h>5m,2026-02-27 22:55:00+00:00,0.0002,-1.0363938489144755,H2,1
358178,358185,long,V,mss,2.0,-1.0,0.5584087836371151,False,True,False,True,False,False,False,False,BTC,1h>5m,2026-03-02 12:00:00+00:00,0.0002,-1.0670187267196185,H2,1
358178,358185,long,V,mss,3.0,-1.0,0.5584087836371151,False,True,False,True,False,False,False,False,BTC,1h>5m,2026-03-02 12:00:00+00:00,0.0002,-1.0670187267196185,H2,1
358178,358185,long,V,mss,5.0,-1.0,0.5584087836371151,False,True,False,True,False,False,False,False,BTC,1h>5m,2026-03-02 12:00:00+00:00,0.0002,-1.0670187267196185,H2,1
358179,358185,long,V,retest,2.0,-1.0,0.5560763620685849,False,True,False,True,False,False,False,False,BTC,1h>5m,2026-03-02 12:05:00+00:00,0.0002,-1.0672989929744237,H2,1
358179,358185,long,V,retest,3.0,-1.0,0.5560763620685849,False,True,False,True,False,False,False,False,BTC,1h>5m,2026-03-02 12:05:00+00:00,0.0002,-1.0672989929744237,H2,1
358179,358185,long,V,retest,5.0,-1.0,0.5560763620685849,False,True,False,True,False,False,False,False,BTC,1h>5m,2026-03-02 12:05:00+00:00,0.0002,-1.0672989929744237,H2,1
358611,358630,short,A,mss,2.0,-1.0,0.8428556131709485,False,False,False,False,False,False,False,False,BTC,1h>5m,2026-03-04 00:05:00+00:00,0.0002,-1.0399643475676568,H2,0
358611,358630,short,A,mss,3.0,-1.0,0.8428556131709485,False,False,False,False,False,False,False,False,BTC,1h>5m,2026-03-04 00:05:00+00:00,0.0002,-1.0399643475676568,H2,0
358611,358630,short,A,mss,5.0,-1.0,0.8428556131709485,False,False,False,False,False,False,False,False,BTC,1h>5m,2026-03-04 00:05:00+00:00,0.0002,-1.0399643475676568,H2,0
358612,358630,short,A,retest,2.0,-1.0,0.8301379024641912,False,False,False,False,False,False,False,False,BTC,1h>5m,2026-03-04 00:10:00+00:00,0.0002,-1.0405796652776116,H2,0
358612,358630,short,A,retest,3.0,-1.0,0.8301379024641912,False,False,False,False,False,False,False,False,BTC,1h>5m,2026-03-04 00:10:00+00:00,0.0002,-1.0405796652776116,H2,0
358612,358630,short,A,retest,5.0,-1.0,0.8301379024641912,False,False,False,False,False,False,False,False,BTC,1h>5m,2026-03-04 00:10:00+00:00,0.0002,-1.0405796652776116,H2,0
361378,361417,short,A,mss,2.0,2.0,1.6312174817898173,True,True,False,False,False,False,False,False,BTC,1h>5m,2026-03-13 14:40:00+00:00,0.0002,1.9711201791330626,H2,2
361378,361666,short,A,mss,3.0,2.3517435943014418,1.6312174817898173,True,True,False,False,False,False,False,False,BTC,1h>5m,2026-03-13 14:40:00+00:00,0.0002,2.322934122153365,H2,2
361378,361666,short,A,mss,5.0,2.3517435943014418,1.6312174817898173,True,True,False,False,False,False,False,False,BTC,1h>5m,2026-03-13 14:40:00+00:00,0.0002,2.322934122153365,H2,2
359206,359242,long,V,mss,2.0,-1.0,1.258605637490756,False,False,False,False,False,False,False,False,BTC,1h>5m,2026-03-06 01:40:00+00:00,0.0002,-1.0339174265170334,H2,0
359206,359242,long,V,mss,3.0,-1.0,1.258605637490756,False,False,False,False,False,False,False,False,BTC,1h>5m,2026-03-06 01:40:00+00:00,0.0002,-1.0339174265170334,H2,0
359206,359242,long,V,mss,5.0,-1.0,1.258605637490756,False,False,False,False,False,False,False,False,BTC,1h>5m,2026-03-06 01:40:00+00:00,0.0002,-1.0339174265170334,H2,0
359225,359242,long,V,retest,2.0,-1.0,1.0456119745225738,False,False,False,False,False,False,False,True,BTC,1h>5m,2026-03-06 03:15:00+00:00,0.0002,-1.040785747036223,H2,0
359225,359242,long,V,retest,3.0,-1.0,1.0456119745225738,False,False,False,False,False,False,False,True,BTC,1h>5m,2026-03-06 03:15:00+00:00,0.0002,-1.040785747036223,H2,0
359225,359242,long,V,retest,5.0,-1.0,1.0456119745225738,False,False,False,False,False,False,False,True,BTC,1h>5m,2026-03-06 03:15:00+00:00,0.0002,-1.040785747036223,H2,0
360478,360517,short,A,mss,2.0,-1.0,1.0911559881834547,True,False,False,True,False,False,False,True,BTC,1h>5m,2026-03-10 11:40:00+00:00,0.0002,-1.0391876213572122,H2,1
360478,360517,short,A,mss,3.0,-1.0,1.0911559881834547,True,False,False,True,False,False,False,True,BTC,1h>5m,2026-03-10 11:40:00+00:00,0.0002,-1.0391876213572122,H2,1
360478,360517,short,A,mss,5.0,-1.0,1.0911559881834547,True,False,False,True,False,False,False,True,BTC,1h>5m,2026-03-10 11:40:00+00:00,0.0002,-1.0391876213572122,H2,1
360479,360517,short,A,retest,2.0,-1.0,1.057391641241709,True,False,False,True,False,False,False,False,BTC,1h>5m,2026-03-10 11:45:00+00:00,0.0002,-1.040445336342696,H2,1
360479,360517,short,A,retest,3.0,-1.0,1.057391641241709,True,False,False,True,False,False,False,False,BTC,1h>5m,2026-03-10 11:45:00+00:00,0.0002,-1.040445336342696,H2,1
360479,360517,short,A,retest,5.0,-1.0,1.057391641241709,True,False,False,True,False,False,False,False,BTC,1h>5m,2026-03-10 11:45:00+00:00,0.0002,-1.040445336342696,H2,1
361058,361090,short,A,mss,2.0,2.0,1.009962948529847,True,True,False,True,False,False,True,False,BTC,1h>5m,2026-03-12 12:00:00+00:00,0.0002,1.9410291652856693,H2,3
361058,361204,short,A,mss,3.0,-1.0,1.009962948529847,True,True,False,True,False,False,True,False,BTC,1h>5m,2026-03-12 12:00:00+00:00,0.0002,-1.059570834714331,H2,3
361058,361204,short,A,mss,5.0,-1.0,1.009962948529847,True,True,False,True,False,False,True,False,BTC,1h>5m,2026-03-12 12:00:00+00:00,0.0002,-1.059570834714331,H2,3
361060,361090,short,A,retest,2.0,2.0,0.9131024288958915,True,True,False,True,False,False,False,False,BTC,1h>5m,2026-03-12 12:10:00+00:00,0.0002,1.934688765866969,H2,2
361060,361204,short,A,retest,3.0,-1.0,0.9131024288958915,True,True,False,True,False,False,False,False,BTC,1h>5m,2026-03-12 12:10:00+00:00,0.0002,-1.065911234133031,H2,2
361060,361204,short,A,retest,5.0,-1.0,0.9131024288958915,True,True,False,True,False,False,False,False,BTC,1h>5m,2026-03-12 12:10:00+00:00,0.0002,-1.065911234133031,H2,2
362660,362780,long,V,mss,2.0,-1.0,1.0613572292775901,False,False,False,False,False,False,False,False,BTC,1h>5m,2026-03-18 01:30:00+00:00,0.0002,-1.0461691118228895,H2,0
362660,362780,long,V,mss,3.0,-1.0,1.0613572292775901,False,False,False,False,False,False,False,False,BTC,1h>5m,2026-03-18 01:30:00+00:00,0.0002,-1.0461691118228895,H2,0
362660,362780,long,V,mss,5.0,-1.0,1.0613572292775901,False,False,False,False,False,False,False,False,BTC,1h>5m,2026-03-18 01:30:00+00:00,0.0002,-1.0461691118228895,H2,0
362664,362780,long,V,retest,2.0,-1.0,0.8968838023370629,False,False,False,False,False,False,False,False,BTC,1h>5m,2026-03-18 01:50:00+00:00,0.0002,-1.0545990749186904,H2,0
362664,362780,long,V,retest,3.0,-1.0,0.8968838023370629,False,False,False,False,False,False,False,False,BTC,1h>5m,2026-03-18 01:50:00+00:00,0.0002,-1.0545990749186904,H2,0
362664,362780,long,V,retest,5.0,-1.0,0.8968838023370629,False,False,False,False,False,False,False,False,BTC,1h>5m,2026-03-18 01:50:00+00:00,0.0002,-1.0545990749186904,H2,0
362979,363084,short,A,mss,2.0,2.0,1.4320295464457096,False,False,True,False,False,False,False,False,BTC,1h>5m,2026-03-19 04:05:00+00:00,0.0002,1.9644440034539883,H2,0
362979,363267,short,A,mss,3.0,-0.09708472993353938,1.4320295464457096,False,False,True,False,False,False,False,False,BTC,1h>5m,2026-03-19 04:05:00+00:00,0.0002,-0.1330601434255378,H2,0
362979,363267,short,A,mss,5.0,-0.09708472993353938,1.4320295464457096,False,False,True,False,False,False,False,False,BTC,1h>5m,2026-03-19 04:05:00+00:00,0.0002,-0.1330601434255378,H2,0
363684,363791,short,A,mss,2.0,2.0,2.0669119733295327,True,True,False,False,False,False,False,True,BTC,1h>5m,2026-03-21 14:50:00+00:00,0.0002,1.9324705706120504,H2,2
363684,363792,short,A,mss,3.0,3.0,2.0669119733295327,True,True,False,False,False,False,False,True,BTC,1h>5m,2026-03-21 14:50:00+00:00,0.0002,2.9326705706120504,H2,2
363684,363793,short,A,mss,5.0,5.0,2.0669119733295327,True,True,False,False,False,False,False,True,BTC,1h>5m,2026-03-21 14:50:00+00:00,0.0002,4.933070570612051,H2,2
363692,363791,short,A,retest,2.0,2.0,1.9682525890197247,True,True,False,False,False,False,False,False,BTC,1h>5m,2026-03-21 15:30:00+00:00,0.0002,1.9290455328545677,H2,2
363692,363792,short,A,retest,3.0,3.0,1.9682525890197247,True,True,False,False,False,False,False,False,BTC,1h>5m,2026-03-21 15:30:00+00:00,0.0002,2.929245532854568,H2,2
363692,363793,short,A,retest,5.0,5.0,1.9682525890197247,True,True,False,False,False,False,False,False,BTC,1h>5m,2026-03-21 15:30:00+00:00,0.0002,4.929645532854567,H2,2
364448,364465,long,V,mss,2.0,2.0,0.7615881229825325,False,False,False,False,False,False,False,True,BTC,1h>5m,2026-03-24 06:30:00+00:00,0.0002,1.9186528877420292,H2,0
364448,364536,long,V,mss,3.0,-1.0,0.7615881229825325,False,False,False,False,False,False,False,True,BTC,1h>5m,2026-03-24 06:30:00+00:00,0.0002,-1.0807471122579706,H2,0
364448,364536,long,V,mss,5.0,-1.0,0.7615881229825325,False,False,False,False,False,False,False,True,BTC,1h>5m,2026-03-24 06:30:00+00:00,0.0002,-1.0807471122579706,H2,0
365112,365127,long,V,mss,2.0,-1.0,1.5716602817880008,True,True,False,True,False,False,False,True,BTC,1h>5m,2026-03-26 13:50:00+00:00,0.0002,-1.0452737831680796,H2,2
365112,365127,long,V,mss,3.0,-1.0,1.5716602817880008,True,True,False,True,False,False,False,True,BTC,1h>5m,2026-03-26 13:50:00+00:00,0.0002,-1.0452737831680796,H2,2
365112,365127,long,V,mss,5.0,-1.0,1.5716602817880008,True,True,False,True,False,False,False,True,BTC,1h>5m,2026-03-26 13:50:00+00:00,0.0002,-1.0452737831680796,H2,2
365113,365127,long,V,retest,2.0,-1.0,1.25052800965502,True,True,False,True,False,False,False,False,BTC,1h>5m,2026-03-26 13:55:00+00:00,0.0002,-1.0568486109933177,H2,2
365113,365127,long,V,retest,3.0,-1.0,1.25052800965502,True,True,False,True,False,False,False,False,BTC,1h>5m,2026-03-26 13:55:00+00:00,0.0002,-1.0568486109933177,H2,2
365113,365127,long,V,retest,5.0,-1.0,1.25052800965502,True,True,False,True,False,False,False,False,BTC,1h>5m,2026-03-26 13:55:00+00:00,0.0002,-1.0568486109933177,H2,2
364857,365007,long,V,mss,2.0,-1.0,2.4256212468424923,False,True,False,False,False,False,False,True,BTC,1h>5m,2026-03-25 16:35:00+00:00,0.0002,-1.0253044510668738,H2,1
364857,365007,long,V,mss,3.0,-1.0,2.4256212468424923,False,True,False,False,False,False,False,True,BTC,1h>5m,2026-03-25 16:35:00+00:00,0.0002,-1.0253044510668738,H2,1
364857,365007,long,V,mss,5.0,-1.0,2.4256212468424923,False,True,False,False,False,False,False,True,BTC,1h>5m,2026-03-25 16:35:00+00:00,0.0002,-1.0253044510668738,H2,1
364858,365007,long,V,retest,2.0,-1.0,2.2541765491461176,False,True,False,False,False,False,False,False,BTC,1h>5m,2026-03-25 16:40:00+00:00,0.0002,-1.0272138068472025,H2,1
364858,365007,long,V,retest,3.0,-1.0,2.2541765491461176,False,True,False,False,False,False,False,False,BTC,1h>5m,2026-03-25 16:40:00+00:00,0.0002,-1.0272138068472025,H2,1
364858,365007,long,V,retest,5.0,-1.0,2.2541765491461176,False,True,False,False,False,False,False,False,BTC,1h>5m,2026-03-25 16:40:00+00:00,0.0002,-1.0272138068472025,H2,1
366054,366082,long,V,mss,2.0,-1.0,2.119738367235478,True,False,True,False,False,False,False,True,BTC,1h>5m,2026-03-29 20:20:00+00:00,0.0002,-1.046553137914059,H2,1
366054,366082,long,V,mss,3.0,-1.0,2.119738367235478,True,False,True,False,False,False,False,True,BTC,1h>5m,2026-03-29 20:20:00+00:00,0.0002,-1.046553137914059,H2,1
366054,366082,long,V,mss,5.0,-1.0,2.119738367235478,True,False,True,False,False,False,False,True,BTC,1h>5m,2026-03-29 20:20:00+00:00,0.0002,-1.046553137914059,H2,1
366057,366082,long,V,retest,2.0,-1.0,1.9100449051369481,True,False,True,False,False,False,False,False,BTC,1h>5m,2026-03-29 20:35:00+00:00,0.0002,-1.051641997313222,H2,1
366057,366082,long,V,retest,3.0,-1.0,1.9100449051369481,True,False,True,False,False,False,False,False,BTC,1h>5m,2026-03-29 20:35:00+00:00,0.0002,-1.051641997313222,H2,1
366057,366082,long,V,retest,5.0,-1.0,1.9100449051369481,True,False,True,False,False,False,False,False,BTC,1h>5m,2026-03-29 20:35:00+00:00,0.0002,-1.051641997313222,H2,1
366393,366404,long,V,mss,2.0,2.0,1.127118450024775,False,False,False,False,False,False,False,False,BTC,1h>5m,2026-03-31 00:35:00+00:00,0.0002,1.9474539873795602,H2,0
366393,366499,long,V,mss,3.0,-1.0,1.127118450024775,False,False,False,False,False,False,False,False,BTC,1h>5m,2026-03-31 00:35:00+00:00,0.0002,-1.0519460126204399,H2,0
366393,366499,long,V,mss,5.0,-1.0,1.127118450024775,False,False,False,False,False,False,False,False,BTC,1h>5m,2026-03-31 00:35:00+00:00,0.0002,-1.0519460126204399,H2,0
366394,366403,long,V,retest,2.0,2.0,1.0625894711089054,False,False,False,False,False,False,False,False,BTC,1h>5m,2026-03-31 00:40:00+00:00,0.0002,1.944311553308686,H2,0
366394,366404,long,V,retest,3.0,3.0,1.0625894711089054,False,False,False,False,False,False,False,False,BTC,1h>5m,2026-03-31 00:40:00+00:00,0.0002,2.944111553308686,H2,0
366394,366499,long,V,retest,5.0,-1.0,1.0625894711089054,False,False,False,False,False,False,False,False,BTC,1h>5m,2026-03-31 00:40:00+00:00,0.0002,-1.055088446691314,H2,0
366882,366978,short,A,mss,2.0,2.0,1.1931582148949091,True,True,True,False,False,False,False,False,BTC,1h>5m,2026-04-01 17:20:00+00:00,0.0002,1.9558035448424191,H2,2
366882,366994,short,A,mss,3.0,3.0,1.1931582148949091,True,True,True,False,False,False,False,False,BTC,1h>5m,2026-04-01 17:20:00+00:00,0.0002,2.956003544842419,H2,2
366882,367170,short,A,mss,5.0,1.9764296547831657,1.1931582148949091,True,True,True,False,False,False,False,False,BTC,1h>5m,2026-04-01 17:20:00+00:00,0.0002,1.9322284855565415,H2,2
366970,366975,long,V,mss,2.0,-1.0,1.236553762479679,False,False,False,False,False,False,False,False,BTC,1h>5m,2026-04-02 00:40:00+00:00,0.0002,-1.0507003773233536,H2,0
366970,366975,long,V,mss,3.0,-1.0,1.236553762479679,False,False,False,False,False,False,False,False,BTC,1h>5m,2026-04-02 00:40:00+00:00,0.0002,-1.0507003773233536,H2,0
366970,366975,long,V,mss,5.0,-1.0,1.236553762479679,False,False,False,False,False,False,False,False,BTC,1h>5m,2026-04-02 00:40:00+00:00,0.0002,-1.0507003773233536,H2,0
366971,366975,long,V,retest,2.0,-1.0,1.1153349811625997,False,False,True,False,False,False,False,False,BTC,1h>5m,2026-04-02 00:45:00+00:00,0.0002,-1.056188947392956,H2,0
366971,366975,long,V,retest,3.0,-1.0,1.1153349811625997,False,False,True,False,False,False,False,False,BTC,1h>5m,2026-04-02 00:45:00+00:00,0.0002,-1.056188947392956,H2,0
366971,366975,long,V,retest,5.0,-1.0,1.1153349811625997,False,False,True,False,False,False,False,False,BTC,1h>5m,2026-04-02 00:45:00+00:00,0.0002,-1.056188947392956,H2,0
384878,385056,long,V,mss,2.0,-1.0,2.0934788929566417,False,False,False,False,False,False,False,True,BTC,1h>5m,2026-06-03 05:00:00+00:00,0.0002,-1.0164521605586068,H2,0
384878,385056,long,V,mss,3.0,-1.0,2.0934788929566417,False,False,False,False,False,False,False,True,BTC,1h>5m,2026-06-03 05:00:00+00:00,0.0002,-1.0164521605586068,H2,0
384878,385056,long,V,mss,5.0,-1.0,2.0934788929566417,False,False,False,False,False,False,False,True,BTC,1h>5m,2026-06-03 05:00:00+00:00,0.0002,-1.0164521605586068,H2,0
384884,385056,long,V,retest,2.0,-1.0,1.8785542629790084,False,False,True,False,False,False,False,False,BTC,1h>5m,2026-06-03 05:30:00+00:00,0.0002,-1.018311563644923,H2,0
384884,385056,long,V,retest,3.0,-1.0,1.8785542629790084,False,False,True,False,False,False,False,False,BTC,1h>5m,2026-06-03 05:30:00+00:00,0.0002,-1.018311563644923,H2,0
384884,385056,long,V,retest,5.0,-1.0,1.8785542629790084,False,False,True,False,False,False,False,False,BTC,1h>5m,2026-06-03 05:30:00+00:00,0.0002,-1.018311563644923,H2,0
384771,384804,long,V,mss,2.0,-1.0,1.6257784471519063,True,False,False,False,False,False,False,False,BTC,1h>5m,2026-06-02 20:05:00+00:00,0.0002,-1.0259095995568854,H2,1
384771,384804,long,V,mss,3.0,-1.0,1.6257784471519063,True,False,False,False,False,False,False,False,BTC,1h>5m,2026-06-02 20:05:00+00:00,0.0002,-1.0259095995568854,H2,1
384771,384804,long,V,mss,5.0,-1.0,1.6257784471519063,True,False,False,False,False,False,False,False,BTC,1h>5m,2026-06-02 20:05:00+00:00,0.0002,-1.0259095995568854,H2,1
384772,384804,long,V,retest,2.0,-1.0,1.598792429078814,True,False,False,False,False,False,False,False,BTC,1h>5m,2026-06-02 20:10:00+00:00,0.0002,-1.026343551898462,H2,1
384772,384804,long,V,retest,3.0,-1.0,1.598792429078814,True,False,False,False,False,False,False,False,BTC,1h>5m,2026-06-02 20:10:00+00:00,0.0002,-1.026343551898462,H2,1
384772,384804,long,V,retest,5.0,-1.0,1.598792429078814,True,False,False,False,False,False,False,False,BTC,1h>5m,2026-06-02 20:10:00+00:00,0.0002,-1.026343551898462,H2,1
368373,368390,short,A,mss,2.0,2.0,1.0304151083240973,True,False,False,False,False,False,False,False,BTC,1h>5m,2026-04-06 21:35:00+00:00,0.0002,1.938982813930762,H2,1
368373,368534,short,A,mss,3.0,3.0,1.0304151083240973,True,False,False,False,False,False,False,False,BTC,1h>5m,2026-04-06 21:35:00+00:00,0.0002,2.939182813930762,H2,1
368373,368656,short,A,mss,5.0,-1.0,1.0304151083240973,True,False,False,False,False,False,False,False,BTC,1h>5m,2026-04-06 21:35:00+00:00,0.0002,-1.061617186069238,H2,1
369112,369162,short,A,mss,2.0,-1.0,1.0444810119282035,True,False,False,True,False,False,False,True,BTC,1h>5m,2026-04-09 11:10:00+00:00,0.0002,-1.0735776783259214,H2,1
369112,369162,short,A,mss,3.0,-1.0,1.0444810119282035,True,False,False,True,False,False,False,True,BTC,1h>5m,2026-04-09 11:10:00+00:00,0.0002,-1.0735776783259214,H2,1
369112,369162,short,A,mss,5.0,-1.0,1.0444810119282035,True,False,False,True,False,False,False,True,BTC,1h>5m,2026-04-09 11:10:00+00:00,0.0002,-1.0735776783259214,H2,1
369113,369162,short,A,retest,2.0,-1.0,1.0278487874739313,True,False,True,True,False,False,False,False,BTC,1h>5m,2026-04-09 11:15:00+00:00,0.0002,-1.0747715182375757,H2,1
369113,369162,short,A,retest,3.0,-1.0,1.0278487874739313,True,False,True,True,False,False,False,False,BTC,1h>5m,2026-04-09 11:15:00+00:00,0.0002,-1.0747715182375757,H2,1
369113,369162,short,A,retest,5.0,-1.0,1.0278487874739313,True,False,True,True,False,False,False,False,BTC,1h>5m,2026-04-09 11:15:00+00:00,0.0002,-1.0747715182375757,H2,1
369710,369754,short,A,mss,2.0,-1.0,0.9025060272699269,False,True,True,False,False,True,False,False,BTC,1h>5m,2026-04-11 13:00:00+00:00,0.0002,-1.1654847393854502,H2,2
369710,369754,short,A,mss,3.0,-1.0,0.9025060272699269,False,True,True,False,False,True,False,False,BTC,1h>5m,2026-04-11 13:00:00+00:00,0.0002,-1.1654847393854502,H2,2
369710,369754,short,A,mss,5.0,-1.0,0.9025060272699269,False,True,True,False,False,True,False,False,BTC,1h>5m,2026-04-11 13:00:00+00:00,0.0002,-1.1654847393854502,H2,2
369711,369754,short,A,retest,2.0,-1.0,0.8844260465864643,False,True,True,False,False,True,False,False,BTC,1h>5m,2026-04-11 13:05:00+00:00,0.0002,-1.168871768633622,H2,2
369711,369754,short,A,retest,3.0,-1.0,0.8844260465864643,False,True,True,False,False,True,False,False,BTC,1h>5m,2026-04-11 13:05:00+00:00,0.0002,-1.168871768633622,H2,2
369711,369754,short,A,retest,5.0,-1.0,0.8844260465864643,False,True,True,False,False,True,False,False,BTC,1h>5m,2026-04-11 13:05:00+00:00,0.0002,-1.168871768633622,H2,2
370281,370284,short,A,mss,2.0,-1.0,0.7985228609445392,False,True,False,False,False,True,False,False,BTC,1h>5m,2026-04-13 12:35:00+00:00,0.0002,-1.10659035314384,H2,2
370281,370284,short,A,mss,3.0,-1.0,0.7985228609445392,False,True,False,False,False,True,False,False,BTC,1h>5m,2026-04-13 12:35:00+00:00,0.0002,-1.10659035314384,H2,2
370281,370284,short,A,mss,5.0,-1.0,0.7985228609445392,False,True,False,False,False,True,False,False,BTC,1h>5m,2026-04-13 12:35:00+00:00,0.0002,-1.10659035314384,H2,2
370282,370284,short,A,retest,2.0,-1.0,0.7887738288841508,False,True,False,False,False,True,False,False,BTC,1h>5m,2026-04-13 12:40:00+00:00,0.0002,-1.1079102531435805,H2,2
370282,370284,short,A,retest,3.0,-1.0,0.7887738288841508,False,True,False,False,False,True,False,False,BTC,1h>5m,2026-04-13 12:40:00+00:00,0.0002,-1.1079102531435805,H2,2
370282,370284,short,A,retest,5.0,-1.0,0.7887738288841508,False,True,False,False,False,True,False,False,BTC,1h>5m,2026-04-13 12:40:00+00:00,0.0002,-1.1079102531435805,H2,2
370925,371160,long,V,mss,2.0,-1.0,1.6669871218735683,True,False,False,False,False,False,False,True,BTC,1h>5m,2026-04-15 18:15:00+00:00,0.0002,-1.0398654432230974,H2,1
370925,371160,long,V,mss,3.0,-1.0,1.6669871218735683,True,False,False,False,False,False,False,True,BTC,1h>5m,2026-04-15 18:15:00+00:00,0.0002,-1.0398654432230974,H2,1
370925,371160,long,V,mss,5.0,-1.0,1.6669871218735683,True,False,False,False,False,False,False,True,BTC,1h>5m,2026-04-15 18:15:00+00:00,0.0002,-1.0398654432230974,H2,1
370926,371160,long,V,retest,2.0,-1.0,1.64045086282165,True,False,False,False,False,False,False,False,BTC,1h>5m,2026-04-15 18:20:00+00:00,0.0002,-1.0405070793126825,H2,1
370926,371160,long,V,retest,3.0,-1.0,1.64045086282165,True,False,False,False,False,False,False,False,BTC,1h>5m,2026-04-15 18:20:00+00:00,0.0002,-1.0405070793126825,H2,1
370926,371160,long,V,retest,5.0,-1.0,1.64045086282165,True,False,False,False,False,False,False,False,BTC,1h>5m,2026-04-15 18:20:00+00:00,0.0002,-1.0405070793126825,H2,1
372087,372106,long,V,mss,2.0,-1.0,0.7957917380260966,True,False,True,False,False,False,False,False,BTC,1h>5m,2026-04-19 19:05:00+00:00,0.0002,-1.0870598027799774,H2,1
372087,372106,long,V,mss,3.0,-1.0,0.7957917380260966,True,False,True,False,False,False,False,False,BTC,1h>5m,2026-04-19 19:05:00+00:00,0.0002,-1.0870598027799774,H2,1
372087,372106,long,V,mss,5.0,-1.0,0.7957917380260966,True,False,True,False,False,False,False,False,BTC,1h>5m,2026-04-19 19:05:00+00:00,0.0002,-1.0870598027799774,H2,1
372090,372106,long,V,retest,2.0,-1.0,0.7272204985645259,True,False,False,False,False,False,False,False,BTC,1h>5m,2026-04-19 19:20:00+00:00,0.0002,-1.0952500069171922,H2,1
372090,372106,long,V,retest,3.0,-1.0,0.7272204985645259,True,False,False,False,False,False,False,False,BTC,1h>5m,2026-04-19 19:20:00+00:00,0.0002,-1.0952500069171922,H2,1
372090,372106,long,V,retest,5.0,-1.0,0.7272204985645259,True,False,False,False,False,False,False,False,BTC,1h>5m,2026-04-19 19:20:00+00:00,0.0002,-1.0952500069171922,H2,1
373464,373752,short,A,mss,2.0,0.6416027397819597,1.1692804473654883,False,True,False,False,False,False,False,False,BTC,1h>5m,2026-04-24 13:50:00+00:00,0.0002,0.5780382861432148,H2,1
373464,373752,short,A,mss,3.0,0.6416027397819597,1.1692804473654883,False,True,False,False,False,False,False,False,BTC,1h>5m,2026-04-24 13:50:00+00:00,0.0002,0.5780382861432148,H2,1
373464,373752,short,A,mss,5.0,0.6416027397819597,1.1692804473654883,False,True,False,False,False,False,False,False,BTC,1h>5m,2026-04-24 13:50:00+00:00,0.0002,0.5780382861432148,H2,1
373465,373752,short,A,retest,2.0,0.681276651918698,1.1416883615067788,False,True,False,False,False,False,False,False,BTC,1h>5m,2026-04-24 13:55:00+00:00,0.0002,0.6161711522827671,H2,1
373465,373752,short,A,retest,3.0,0.681276651918698,1.1416883615067788,False,True,False,False,False,False,False,False,BTC,1h>5m,2026-04-24 13:55:00+00:00,0.0002,0.6161711522827671,H2,1
373465,373752,short,A,retest,5.0,0.681276651918698,1.1416883615067788,False,True,False,False,False,False,False,False,BTC,1h>5m,2026-04-24 13:55:00+00:00,0.0002,0.6161711522827671,H2,1
374026,374046,short,A,mss,2.0,-1.0,1.0522471951661754,False,True,False,True,False,False,False,False,BTC,1h>5m,2026-04-26 12:40:00+00:00,0.0002,-1.1536044385092472,H2,1
374026,374046,short,A,mss,3.0,-1.0,1.0522471951661754,False,True,False,True,False,False,False,False,BTC,1h>5m,2026-04-26 12:40:00+00:00,0.0002,-1.1536044385092472,H2,1
374026,374046,short,A,mss,5.0,-1.0,1.0522471951661754,False,True,False,True,False,False,False,False,BTC,1h>5m,2026-04-26 12:40:00+00:00,0.0002,-1.1536044385092472,H2,1
374037,374046,short,A,retest,2.0,-1.0,0.9369032563437306,False,True,False,True,False,False,False,False,BTC,1h>5m,2026-04-26 13:35:00+00:00,0.0002,-1.1725395949684776,H2,1
374037,374046,short,A,retest,3.0,-1.0,0.9369032563437306,False,True,False,True,False,False,False,False,BTC,1h>5m,2026-04-26 13:35:00+00:00,0.0002,-1.1725395949684776,H2,1
374037,374046,short,A,retest,5.0,-1.0,0.9369032563437306,False,True,False,True,False,False,False,False,BTC,1h>5m,2026-04-26 13:35:00+00:00,0.0002,-1.1725395949684776,H2,1
374144,374173,long,V,retest,2.0,2.0,2.0299029281989283,False,False,False,False,False,False,False,False,BTC,1h>5m,2026-04-26 22:30:00+00:00,0.0002,1.9302977176384843,H2,0
374144,374226,long,V,retest,3.0,-1.0,2.0299029281989283,False,False,False,False,False,False,False,False,BTC,1h>5m,2026-04-26 22:30:00+00:00,0.0002,-1.0691022823615157,H2,0
374144,374226,long,V,retest,5.0,-1.0,2.0299029281989283,False,False,False,False,False,False,False,False,BTC,1h>5m,2026-04-26 22:30:00+00:00,0.0002,-1.0691022823615157,H2,0
374333,374342,long,V,mss,2.0,-1.0,0.7958673979150599,False,True,True,False,False,False,False,False,BTC,1h>5m,2026-04-27 14:15:00+00:00,0.0002,-1.0915322436626806,H2,1
374333,374342,long,V,mss,3.0,-1.0,0.7958673979150599,False,True,True,False,False,False,False,False,BTC,1h>5m,2026-04-27 14:15:00+00:00,0.0002,-1.0915322436626806,H2,1
374333,374342,long,V,mss,5.0,-1.0,0.7958673979150599,False,True,True,False,False,False,False,False,BTC,1h>5m,2026-04-27 14:15:00+00:00,0.0002,-1.0915322436626806,H2,1
374334,374342,long,V,retest,2.0,-1.0,0.7245690080784689,False,True,True,False,False,False,False,False,BTC,1h>5m,2026-04-27 14:20:00+00:00,0.0002,-1.1005194372090643,H2,1
374334,374342,long,V,retest,3.0,-1.0,0.7245690080784689,False,True,True,False,False,False,False,False,BTC,1h>5m,2026-04-27 14:20:00+00:00,0.0002,-1.1005194372090643,H2,1
374334,374342,long,V,retest,5.0,-1.0,0.7245690080784689,False,True,True,False,False,False,False,False,BTC,1h>5m,2026-04-27 14:20:00+00:00,0.0002,-1.1005194372090643,H2,1
374754,374759,short,A,mss,2.0,-1.0,1.0578823215133608,False,False,False,False,False,False,False,False,BTC,1h>5m,2026-04-29 01:20:00+00:00,0.0002,-1.0964724711450504,H2,0
374754,374759,short,A,mss,3.0,-1.0,1.0578823215133608,False,False,False,False,False,False,False,False,BTC,1h>5m,2026-04-29 01:20:00+00:00,0.0002,-1.0964724711450504,H2,0
374754,374759,short,A,mss,5.0,-1.0,1.0578823215133608,False,False,False,False,False,False,False,False,BTC,1h>5m,2026-04-29 01:20:00+00:00,0.0002,-1.0964724711450504,H2,0
374757,374759,short,A,retest,2.0,-1.0,0.9254159103756738,False,False,False,False,False,False,False,False,BTC,1h>5m,2026-04-29 01:35:00+00:00,0.0002,-1.110310417051122,H2,0
374757,374759,short,A,retest,3.0,-1.0,0.9254159103756738,False,False,False,False,False,False,False,False,BTC,1h>5m,2026-04-29 01:35:00+00:00,0.0002,-1.110310417051122,H2,0
374757,374759,short,A,retest,5.0,-1.0,0.9254159103756738,False,False,False,False,False,False,False,False,BTC,1h>5m,2026-04-29 01:35:00+00:00,0.0002,-1.110310417051122,H2,0
375149,375174,short,A,mss,2.0,-1.0,0.8062311407467755,False,False,False,True,False,False,False,False,BTC,1h>5m,2026-04-30 10:15:00+00:00,0.0002,-1.0920298661774768,H2,0
375149,375174,short,A,mss,3.0,-1.0,0.8062311407467755,False,False,False,True,False,False,False,False,BTC,1h>5m,2026-04-30 10:15:00+00:00,0.0002,-1.0920298661774768,H2,0
375149,375174,short,A,mss,5.0,-1.0,0.8062311407467755,False,False,False,True,False,False,False,False,BTC,1h>5m,2026-04-30 10:15:00+00:00,0.0002,-1.0920298661774768,H2,0
375150,375174,short,A,retest,2.0,-1.0,0.7998761702519941,False,False,False,True,False,False,False,False,BTC,1h>5m,2026-04-30 10:20:00+00:00,0.0002,-1.0927626271973616,H2,0
375150,375174,short,A,retest,3.0,-1.0,0.7998761702519941,False,False,False,True,False,False,False,False,BTC,1h>5m,2026-04-30 10:20:00+00:00,0.0002,-1.0927626271973616,H2,0
375150,375174,short,A,retest,5.0,-1.0,0.7998761702519941,False,False,False,True,False,False,False,False,BTC,1h>5m,2026-04-30 10:20:00+00:00,0.0002,-1.0927626271973616,H2,0
375818,375861,short,A,mss,2.0,-1.0,1.4715337018398322,True,False,False,False,False,False,False,True,BTC,1h>5m,2026-05-02 18:00:00+00:00,0.0002,-1.1231872048601548,H2,1
375818,375861,short,A,mss,3.0,-1.0,1.4715337018398322,True,False,False,False,False,False,False,True,BTC,1h>5m,2026-05-02 18:00:00+00:00,0.0002,-1.1231872048601548,H2,1
375818,375861,short,A,mss,5.0,-1.0,1.4715337018398322,True,False,False,False,False,False,False,True,BTC,1h>5m,2026-05-02 18:00:00+00:00,0.0002,-1.1231872048601548,H2,1
375821,375861,short,A,retest,2.0,-1.0,1.3497368203943414,True,False,False,False,False,False,False,False,BTC,1h>5m,2026-05-02 18:15:00+00:00,0.0002,-1.1343213582263287,H2,1
375821,375861,short,A,retest,3.0,-1.0,1.3497368203943414,True,False,False,False,False,False,False,False,BTC,1h>5m,2026-05-02 18:15:00+00:00,0.0002,-1.1343213582263287,H2,1
375821,375861,short,A,retest,5.0,-1.0,1.3497368203943414,True,False,False,False,False,False,False,False,BTC,1h>5m,2026-05-02 18:15:00+00:00,0.0002,-1.1343213582263287,H2,1
376448,376490,short,A,mss,2.0,-1.0,0.3791949405396134,False,False,False,False,False,False,False,False,BTC,1h>5m,2026-05-04 22:30:00+00:00,0.0002,-1.12633309870376,H2,0
376448,376490,short,A,mss,3.0,-1.0,0.3791949405396134,False,False,False,False,False,False,False,False,BTC,1h>5m,2026-05-04 22:30:00+00:00,0.0002,-1.12633309870376,H2,0
376448,376490,short,A,mss,5.0,-1.0,0.3791949405396134,False,False,False,False,False,False,False,False,BTC,1h>5m,2026-05-04 22:30:00+00:00,0.0002,-1.12633309870376,H2,0
376480,376490,short,A,retest,2.0,-1.0,0.2539253441882412,False,False,False,False,False,False,True,True,BTC,1h>5m,2026-05-05 01:10:00+00:00,0.0002,-1.188755974413078,H2,1
376480,376490,short,A,retest,3.0,-1.0,0.2539253441882412,False,False,False,False,False,False,True,True,BTC,1h>5m,2026-05-05 01:10:00+00:00,0.0002,-1.188755974413078,H2,1
376480,376490,short,A,retest,5.0,-1.0,0.2539253441882412,False,False,False,False,False,False,True,True,BTC,1h>5m,2026-05-05 01:10:00+00:00,0.0002,-1.188755974413078,H2,1
377188,377207,long,V,mss,2.0,-1.0,1.4198916642771031,True,True,False,True,False,False,False,True,BTC,1h>5m,2026-05-07 12:10:00+00:00,0.0002,-1.0626049583566863,H2,2
377188,377207,long,V,mss,3.0,-1.0,1.4198916642771031,True,True,False,True,False,False,False,True,BTC,1h>5m,2026-05-07 12:10:00+00:00,0.0002,-1.0626049583566863,H2,2
377188,377207,long,V,mss,5.0,-1.0,1.4198916642771031,True,True,False,True,False,False,False,True,BTC,1h>5m,2026-05-07 12:10:00+00:00,0.0002,-1.0626049583566863,H2,2
377189,377207,long,V,retest,2.0,-1.0,1.1916992367791426,True,True,False,True,False,False,False,False,BTC,1h>5m,2026-05-07 12:15:00+00:00,0.0002,-1.0745545665261178,H2,2
377189,377207,long,V,retest,3.0,-1.0,1.1916992367791426,True,True,False,True,False,False,False,False,BTC,1h>5m,2026-05-07 12:15:00+00:00,0.0002,-1.0745545665261178,H2,2
377189,377207,long,V,retest,5.0,-1.0,1.1916992367791426,True,True,False,True,False,False,False,False,BTC,1h>5m,2026-05-07 12:15:00+00:00,0.0002,-1.0745545665261178,H2,2
378134,378155,short,A,mss,2.0,2.0,1.7566882966396429,True,False,True,False,False,False,False,False,BTC,1h>5m,2026-05-10 19:00:00+00:00,0.0002,1.914690425864532,H2,1
378134,378175,short,A,mss,3.0,-1.0,1.7566882966396429,True,False,True,False,False,False,False,False,BTC,1h>5m,2026-05-10 19:00:00+00:00,0.0002,-1.0859095741354678,H2,1
378134,378175,short,A,mss,5.0,-1.0,1.7566882966396429,True,False,True,False,False,False,False,False,BTC,1h>5m,2026-05-10 19:00:00+00:00,0.0002,-1.0859095741354678,H2,1
378135,378155,short,A,retest,2.0,2.0,1.7149733487833272,True,False,True,False,False,False,False,False,BTC,1h>5m,2026-05-10 19:05:00+00:00,0.0002,1.9125958997906787,H2,1
378135,378175,short,A,retest,3.0,-1.0,1.7149733487833272,True,False,True,False,False,False,False,False,BTC,1h>5m,2026-05-10 19:05:00+00:00,0.0002,-1.0880041002093215,H2,1
378135,378175,short,A,retest,5.0,-1.0,1.7149733487833272,True,False,True,False,False,False,False,False,BTC,1h>5m,2026-05-10 19:05:00+00:00,0.0002,-1.0880041002093215,H2,1
378006,378094,long,V,mss,2.0,2.0,1.0699415772396534,False,False,True,True,False,True,False,True,BTC,1h>5m,2026-05-10 08:20:00+00:00,0.0002,1.8145981366898858,H2,1
378006,378095,long,V,mss,3.0,3.0,1.0699415772396534,False,False,True,True,False,True,False,True,BTC,1h>5m,2026-05-10 08:20:00+00:00,0.0002,2.814398136689886,H2,1
378006,378155,long,V,mss,5.0,-1.0,1.0699415772396534,False,False,True,True,False,True,False,True,BTC,1h>5m,2026-05-10 08:20:00+00:00,0.0002,-1.184801863310114,H2,1
378010,378094,long,V,retest,2.0,2.0,0.9874762766860288,False,False,False,True,False,True,False,False,BTC,1h>5m,2026-05-10 08:40:00+00:00,0.0002,1.7991818188501127,H2,1
378010,378095,long,V,retest,3.0,3.0,0.9874762766860288,False,False,False,True,False,True,False,False,BTC,1h>5m,2026-05-10 08:40:00+00:00,0.0002,2.7989818188501125,H2,1
378010,378155,long,V,retest,5.0,-1.0,0.9874762766860288,False,False,False,True,False,True,False,False,BTC,1h>5m,2026-05-10 08:40:00+00:00,0.0002,-1.2002181811498873,H2,1
378038,378096,long,V,mss,2.0,2.0,1.6109415440361052,False,False,False,True,False,False,False,True,BTC,1h>5m,2026-05-10 11:00:00+00:00,0.0002,1.8695684814098847,H2,0
378038,378155,long,V,mss,3.0,-1.0,1.6109415440361052,False,False,False,True,False,False,False,True,BTC,1h>5m,2026-05-10 11:00:00+00:00,0.0002,-1.1298315185901153,H2,0
378038,378155,long,V,mss,5.0,-1.0,1.6109415440361052,False,False,False,True,False,False,False,True,BTC,1h>5m,2026-05-10 11:00:00+00:00,0.0002,-1.1298315185901153,H2,0
378039,378096,long,V,retest,2.0,2.0,1.4773265917326586,False,False,False,True,False,False,False,False,BTC,1h>5m,2026-05-10 11:05:00+00:00,0.0002,1.8578441211564574,H2,0
378039,378155,long,V,retest,3.0,-1.0,1.4773265917326586,False,False,False,True,False,False,False,False,BTC,1h>5m,2026-05-10 11:05:00+00:00,0.0002,-1.1415558788435425,H2,0
378039,378155,long,V,retest,5.0,-1.0,1.4773265917326586,False,False,False,True,False,False,False,False,BTC,1h>5m,2026-05-10 11:05:00+00:00,0.0002,-1.1415558788435425,H2,0
411582,411755,short,A,mss,2.0,2.0,1.581669370685523,True,False,False,False,False,False,False,False,BTC,1h>5m,2026-09-03 22:20:00+00:00,0.0002,1.9689993908220453,H2,1
411582,411870,short,A,mss,3.0,1.5572826289777981,1.581669370685523,True,False,False,False,False,False,False,False,BTC,1h>5m,2026-09-03 22:20:00+00:00,0.0002,1.5261934763256388,H2,1
411582,411870,short,A,mss,5.0,1.5572826289777981,1.581669370685523,True,False,False,False,False,False,False,False,BTC,1h>5m,2026-09-03 22:20:00+00:00,0.0002,1.5261934763256388,H2,1
411596,411755,short,A,retest,2.0,2.0,1.5786143930905103,True,False,True,False,False,False,False,True,BTC,1h>5m,2026-09-03 23:30:00+00:00,0.0002,1.9689378494165117,H2,1
411596,411883,short,A,retest,3.0,1.5017073196860697,1.5786143930905103,True,False,True,False,False,False,False,True,BTC,1h>5m,2026-09-03 23:30:00+00:00,0.0002,1.4705455105665186,H2,1
411596,411883,short,A,retest,5.0,1.5017073196860697,1.5786143930905103,True,False,True,False,False,False,False,True,BTC,1h>5m,2026-09-03 23:30:00+00:00,0.0002,1.4705455105665186,H2,1
380666,380669,long,V,mss,2.0,-1.0,1.1326696996150578,False,True,False,False,False,False,False,False,BTC,1h>5m,2026-05-19 14:00:00+00:00,0.0002,-1.07300098936786,H2,1
380666,380669,long,V,mss,3.0,-1.0,1.1326696996150578,False,True,False,False,False,False,False,False,BTC,1h>5m,2026-05-19 14:00:00+00:00,0.0002,-1.07300098936786,H2,1
380666,380669,long,V,mss,5.0,-1.0,1.1326696996150578,False,True,False,False,False,False,False,False,BTC,1h>5m,2026-05-19 14:00:00+00:00,0.0002,-1.07300098936786,H2,1
380667,380669,long,V,retest,2.0,-1.0,1.0866370806782149,False,True,False,False,False,False,False,False,BTC,1h>5m,2026-05-19 14:05:00+00:00,0.0002,-1.07608501830575,H2,1
380667,380669,long,V,retest,3.0,-1.0,1.0866370806782149,False,True,False,False,False,False,False,False,BTC,1h>5m,2026-05-19 14:05:00+00:00,0.0002,-1.07608501830575,H2,1
380667,380669,long,V,retest,5.0,-1.0,1.0866370806782149,False,True,False,False,False,False,False,False,BTC,1h>5m,2026-05-19 14:05:00+00:00,0.0002,-1.07608501830575,H2,1
381543,381546,long,V,mss,2.0,-1.0,0.8615178210802393,True,True,False,False,False,False,False,False,BTC,1h>5m,2026-05-22 15:05:00+00:00,0.0002,-1.1409525229019442,H2,2
381543,381546,long,V,mss,3.0,-1.0,0.8615178210802393,True,True,False,False,False,False,False,False,BTC,1h>5m,2026-05-22 15:05:00+00:00,0.0002,-1.1409525229019442,H2,2
381543,381546,long,V,mss,5.0,-1.0,0.8615178210802393,True,True,False,False,False,False,False,False,BTC,1h>5m,2026-05-22 15:05:00+00:00,0.0002,-1.1409525229019442,H2,2
381544,381546,long,V,retest,2.0,-1.0,0.779901538496291,True,True,False,False,False,False,False,False,BTC,1h>5m,2026-05-22 15:10:00+00:00,0.0002,-1.1556821998118243,H2,2
381544,381546,long,V,retest,3.0,-1.0,0.779901538496291,True,True,False,False,False,False,False,False,BTC,1h>5m,2026-05-22 15:10:00+00:00,0.0002,-1.1556821998118243,H2,2
381544,381546,long,V,retest,5.0,-1.0,0.779901538496291,True,True,False,False,False,False,False,False,BTC,1h>5m,2026-05-22 15:10:00+00:00,0.0002,-1.1556821998118243,H2,2
381199,381487,short,A,mss,2.0,0.04370185645458276,2.615483818381865,True,False,False,True,False,False,False,True,BTC,1h>5m,2026-05-21 10:25:00+00:00,0.0002,0.006197631006881636,H2,1
381199,381487,short,A,mss,3.0,0.04370185645458276,2.615483818381865,True,False,False,True,False,False,False,True,BTC,1h>5m,2026-05-21 10:25:00+00:00,0.0002,0.006197631006881636,H2,1
381199,381487,short,A,mss,5.0,0.04370185645458276,2.615483818381865,True,False,False,True,False,False,False,True,BTC,1h>5m,2026-05-21 10:25:00+00:00,0.0002,0.006197631006881636,H2,1
382420,382524,short,A,mss,2.0,2.0,1.368792925406022,True,True,False,False,False,False,False,False,BTC,1h>5m,2026-05-25 16:10:00+00:00,0.0002,1.9231667056509836,H2,2
382420,382687,short,A,mss,3.0,-1.0,1.368792925406022,True,True,False,False,False,False,False,False,BTC,1h>5m,2026-05-25 16:10:00+00:00,0.0002,-1.0774332943490164,H2,2
382420,382687,short,A,mss,5.0,-1.0,1.368792925406022,True,True,False,False,False,False,False,False,BTC,1h>5m,2026-05-25 16:10:00+00:00,0.0002,-1.0774332943490164,H2,2
382421,382524,short,A,retest,2.0,2.0,1.2559666923204211,True,True,False,False,False,False,False,False,BTC,1h>5m,2026-05-25 16:15:00+00:00,0.0002,1.9161927371397307,H2,2
382421,382687,short,A,retest,3.0,-1.0,1.2559666923204211,True,True,False,False,False,False,False,False,BTC,1h>5m,2026-05-25 16:15:00+00:00,0.0002,-1.0844072628602692,H2,2
382421,382687,short,A,retest,5.0,-1.0,1.2559666923204211,True,True,False,False,False,False,False,False,BTC,1h>5m,2026-05-25 16:15:00+00:00,0.0002,-1.0844072628602692,H2,2
382274,382293,short,A,mss,2.0,-1.0,1.2682939151730268,False,False,True,False,False,False,True,True,BTC,1h>5m,2026-05-25 04:00:00+00:00,0.0002,-1.0657778976467427,H2,1
382274,382293,short,A,mss,3.0,-1.0,1.2682939151730268,False,False,True,False,False,False,True,True,BTC,1h>5m,2026-05-25 04:00:00+00:00,0.0002,-1.0657778976467427,H2,1
382274,382293,short,A,mss,5.0,-1.0,1.2682939151730268,False,False,True,False,False,False,True,True,BTC,1h>5m,2026-05-25 04:00:00+00:00,0.0002,-1.0657778976467427,H2,1
382275,382293,short,A,retest,2.0,-1.0,1.2681589324797284,False,False,True,False,False,False,True,False,BTC,1h>5m,2026-05-25 04:05:00+00:00,0.0002,-1.0657849203267036,H2,1
382275,382293,short,A,retest,3.0,-1.0,1.2681589324797284,False,False,True,False,False,False,True,False,BTC,1h>5m,2026-05-25 04:05:00+00:00,0.0002,-1.0657849203267036,H2,1
382275,382293,short,A,retest,5.0,-1.0,1.2681589324797284,False,False,True,False,False,False,True,False,BTC,1h>5m,2026-05-25 04:05:00+00:00,0.0002,-1.0657849203267036,H2,1
382689,382977,short,A,mss,2.0,1.5725167651881298,2.984556758051541,True,True,True,False,False,False,False,False,BTC,1h>5m,2026-05-26 14:35:00+00:00,0.0002,1.5466366780534144,H2,2
382689,382977,short,A,mss,3.0,1.5725167651881298,2.984556758051541,True,True,True,False,False,False,False,False,BTC,1h>5m,2026-05-26 14:35:00+00:00,0.0002,1.5466366780534144,H2,2
382689,382977,short,A,mss,5.0,1.5725167651881298,2.984556758051541,True,True,True,False,False,False,False,False,BTC,1h>5m,2026-05-26 14:35:00+00:00,0.0002,1.5466366780534144,H2,2
382692,382963,short,A,retest,2.0,2.0,2.4472188953973637,True,True,False,False,False,False,False,False,BTC,1h>5m,2026-05-26 14:50:00+00:00,0.0002,1.9683660134378997,H2,2
382692,382979,short,A,retest,3.0,2.220737064620039,2.4472188953973637,True,True,False,False,False,False,False,False,BTC,1h>5m,2026-05-26 14:50:00+00:00,0.0002,2.1891472254708626,H2,2
382692,382979,short,A,retest,5.0,2.220737064620039,2.4472188953973637,True,True,False,False,False,False,False,False,BTC,1h>5m,2026-05-26 14:50:00+00:00,0.0002,2.1891472254708626,H2,2
382950,382963,short,A,mss,2.0,2.0,1.2687317051118356,True,True,False,False,False,False,False,False,BTC,1h>5m,2026-05-27 12:20:00+00:00,0.0002,1.905788493447944,H2,2
382950,382965,short,A,mss,3.0,3.0,1.2687317051118356,True,True,False,False,False,False,False,False,BTC,1h>5m,2026-05-27 12:20:00+00:00,0.0002,2.905988493447944,H2,2
382950,383083,short,A,mss,5.0,5.0,1.2687317051118356,True,True,False,False,False,False,False,False,BTC,1h>5m,2026-05-27 12:20:00+00:00,0.0002,4.9063884934479445,H2,2
382951,382963,short,A,retest,2.0,2.0,1.182854511137963,True,True,False,False,False,False,False,False,BTC,1h>5m,2026-05-27 12:25:00+00:00,0.0002,1.8988905009213135,H2,2
382951,382965,short,A,retest,3.0,3.0,1.182854511137963,True,True,False,False,False,False,False,False,BTC,1h>5m,2026-05-27 12:25:00+00:00,0.0002,2.8990905009213135,H2,2
382951,383063,short,A,retest,5.0,5.0,1.182854511137963,True,True,False,False,False,False,False,False,BTC,1h>5m,2026-05-27 12:25:00+00:00,0.0002,4.899490500921313,H2,2
382950,382963,short,A,mss,2.0,2.0,1.2687317051118356,True,True,False,False,False,False,False,False,BTC,1h>5m,2026-05-27 12:20:00+00:00,0.0002,1.905788493447944,H2,2
382950,382965,short,A,mss,3.0,3.0,1.2687317051118356,True,True,False,False,False,False,False,False,BTC,1h>5m,2026-05-27 12:20:00+00:00,0.0002,2.905988493447944,H2,2
382950,383083,short,A,mss,5.0,5.0,1.2687317051118356,True,True,False,False,False,False,False,False,BTC,1h>5m,2026-05-27 12:20:00+00:00,0.0002,4.9063884934479445,H2,2
382951,382963,short,A,retest,2.0,2.0,1.182854511137963,True,True,False,False,False,False,False,False,BTC,1h>5m,2026-05-27 12:25:00+00:00,0.0002,1.8988905009213135,H2,2
382951,382965,short,A,retest,3.0,3.0,1.182854511137963,True,True,False,False,False,False,False,False,BTC,1h>5m,2026-05-27 12:25:00+00:00,0.0002,2.8990905009213135,H2,2
382951,383063,short,A,retest,5.0,5.0,1.182854511137963,True,True,False,False,False,False,False,False,BTC,1h>5m,2026-05-27 12:25:00+00:00,0.0002,4.899490500921313,H2,2
384237,384386,short,A,mss,2.0,2.0,2.901818641798965,False,False,True,False,False,False,False,False,BTC,1h>5m,2026-05-31 23:35:00+00:00,0.0002,1.9549382040046157,H2,0
384237,384406,short,A,mss,3.0,3.0,2.901818641798965,False,False,True,False,False,False,False,False,BTC,1h>5m,2026-05-31 23:35:00+00:00,0.0002,2.9551382040046157,H2,0
384237,384525,short,A,mss,5.0,3.1703734734825253,2.901818641798965,False,False,True,False,False,False,False,False,BTC,1h>5m,2026-05-31 23:35:00+00:00,0.0002,3.1255457521818375,H2,0
384240,384344,short,A,retest,2.0,2.0,2.3458823567086875,False,False,False,False,False,False,False,False,BTC,1h>5m,2026-05-31 23:50:00+00:00,0.0002,1.9440696979943595,H2,0
384240,384387,short,A,retest,3.0,3.0,2.3458823567086875,False,False,False,False,False,False,False,False,BTC,1h>5m,2026-05-31 23:50:00+00:00,0.0002,2.9442696979943594,H2,0
384240,384427,short,A,retest,5.0,5.0,2.3458823567086875,False,False,False,False,False,False,False,False,BTC,1h>5m,2026-05-31 23:50:00+00:00,0.0002,4.944669697994359,H2,0
385453,385465,long,V,mss,2.0,-1.0,2.00199826066115,False,False,False,False,False,False,False,True,BTC,1h>5m,2026-06-05 04:55:00+00:00,0.0002,-1.0193642476699016,H2,0
385453,385465,long,V,mss,3.0,-1.0,2.00199826066115,False,False,False,False,False,False,False,True,BTC,1h>5m,2026-06-05 04:55:00+00:00,0.0002,-1.0193642476699016,H2,0
385453,385465,long,V,mss,5.0,-1.0,2.00199826066115,False,False,False,False,False,False,False,True,BTC,1h>5m,2026-06-05 04:55:00+00:00,0.0002,-1.0193642476699016,H2,0
385454,385465,long,V,retest,2.0,-1.0,1.74151302690038,False,False,False,False,False,False,False,False,BTC,1h>5m,2026-06-05 05:00:00+00:00,0.0002,-1.0222307226586236,H2,0
385454,385465,long,V,retest,3.0,-1.0,1.74151302690038,False,False,False,False,False,False,False,False,BTC,1h>5m,2026-06-05 05:00:00+00:00,0.0002,-1.0222307226586236,H2,0
385454,385465,long,V,retest,5.0,-1.0,1.74151302690038,False,False,False,False,False,False,False,False,BTC,1h>5m,2026-06-05 05:00:00+00:00,0.0002,-1.0222307226586236,H2,0
389229,389316,long,V,mss,2.0,-1.0,1.48574149735365,False,False,False,False,False,False,False,True,BTC,1h>5m,2026-06-18 07:35:00+00:00,0.0002,-1.0335036439079721,H2,0
389229,389316,long,V,mss,3.0,-1.0,1.48574149735365,False,False,False,False,False,False,False,True,BTC,1h>5m,2026-06-18 07:35:00+00:00,0.0002,-1.0335036439079721,H2,0
389229,389316,long,V,mss,5.0,-1.0,1.48574149735365,False,False,False,False,False,False,False,True,BTC,1h>5m,2026-06-18 07:35:00+00:00,0.0002,-1.0335036439079721,H2,0
389234,389316,long,V,retest,2.0,-1.0,1.3953869631869953,False,False,False,False,False,False,False,False,BTC,1h>5m,2026-06-18 08:00:00+00:00,0.0002,-1.035660131900725,H2,0
389234,389316,long,V,retest,3.0,-1.0,1.3953869631869953,False,False,False,False,False,False,False,False,BTC,1h>5m,2026-06-18 08:00:00+00:00,0.0002,-1.035660131900725,H2,0
389234,389316,long,V,retest,5.0,-1.0,1.3953869631869953,False,False,False,False,False,False,False,False,BTC,1h>5m,2026-06-18 08:00:00+00:00,0.0002,-1.035660131900725,H2,0
389037,389082,long,V,mss,2.0,-1.0,1.8074952741697687,True,True,False,False,False,False,False,True,BTC,1h>5m,2026-06-17 15:35:00+00:00,0.0002,-1.036113428402811,H2,2
389037,389082,long,V,mss,3.0,-1.0,1.8074952741697687,True,True,False,False,False,False,False,True,BTC,1h>5m,2026-06-17 15:35:00+00:00,0.0002,-1.036113428402811,H2,2
389037,389082,long,V,mss,5.0,-1.0,1.8074952741697687,True,True,False,False,False,False,False,True,BTC,1h>5m,2026-06-17 15:35:00+00:00,0.0002,-1.036113428402811,H2,2
389038,389082,long,V,retest,2.0,-1.0,1.770830707872087,True,True,False,False,False,False,False,False,BTC,1h>5m,2026-06-17 15:40:00+00:00,0.0002,-1.0368570061320646,H2,2
389038,389082,long,V,retest,3.0,-1.0,1.770830707872087,True,True,False,False,False,False,False,False,BTC,1h>5m,2026-06-17 15:40:00+00:00,0.0002,-1.0368570061320646,H2,2
389038,389082,long,V,retest,5.0,-1.0,1.770830707872087,True,True,False,False,False,False,False,False,BTC,1h>5m,2026-06-17 15:40:00+00:00,0.0002,-1.0368570061320646,H2,2
389290,389303,long,V,mss,2.0,-1.0,1.1087955035725372,False,True,False,True,False,True,False,False,BTC,1h>5m,2026-06-18 12:40:00+00:00,0.0002,-1.0660326253603913,H2,2
389290,389303,long,V,mss,3.0,-1.0,1.1087955035725372,False,True,False,True,False,True,False,False,BTC,1h>5m,2026-06-18 12:40:00+00:00,0.0002,-1.0660326253603913,H2,2
389290,389303,long,V,mss,5.0,-1.0,1.1087955035725372,False,True,False,True,False,True,False,False,BTC,1h>5m,2026-06-18 12:40:00+00:00,0.0002,-1.0660326253603913,H2,2
389300,389303,long,V,retest,2.0,-1.0,1.013364789821816,False,True,False,True,False,True,True,False,BTC,1h>5m,2026-06-18 13:30:00+00:00,0.0002,-1.0722322234610226,H2,3
389300,389303,long,V,retest,3.0,-1.0,1.013364789821816,False,True,False,True,False,True,True,False,BTC,1h>5m,2026-06-18 13:30:00+00:00,0.0002,-1.0722322234610226,H2,3
389300,389303,long,V,retest,5.0,-1.0,1.013364789821816,False,True,False,True,False,True,True,False,BTC,1h>5m,2026-06-18 13:30:00+00:00,0.0002,-1.0722322234610226,H2,3
397107,397293,short,A,mss,2.0,2.0,1.1952833902645623,True,True,True,False,False,False,False,False,BTC,1h>5m,2026-07-15 16:05:00+00:00,0.0002,1.9396792969627206,H2,2
397107,397301,short,A,mss,3.0,3.0,1.1952833902645623,True,True,True,False,False,False,False,False,BTC,1h>5m,2026-07-15 16:05:00+00:00,0.0002,2.9398792969627205,H2,2
397107,397395,short,A,mss,5.0,1.3740033900955304,1.1952833902645623,True,True,True,False,False,False,False,False,BTC,1h>5m,2026-07-15 16:05:00+00:00,0.0002,1.3135574877362701,H2,2
391023,391059,short,A,mss,2.0,2.0,2.9862699194137905,True,True,True,True,False,False,False,False,BTC,1h>5m,2026-06-24 13:05:00+00:00,0.0002,1.9757383318670747,H2,2
391023,391079,short,A,mss,3.0,3.0,2.9862699194137905,True,True,True,True,False,False,False,False,BTC,1h>5m,2026-06-24 13:05:00+00:00,0.0002,2.975938331867075,H2,2
391023,391311,short,A,mss,5.0,1.0076727044822238,2.9862699194137905,True,True,True,True,False,False,False,False,BTC,1h>5m,2026-06-24 13:05:00+00:00,0.0002,0.983212570890195,H2,2
391609,391897,long,V,mss,2.0,0.24220578508857754,2.5921192644907496,False,True,False,False,False,False,False,False,BTC,1h>5m,2026-06-26 13:55:00+00:00,0.0002,0.22803854390618658,H2,1
391609,391897,long,V,mss,3.0,0.24220578508857754,2.5921192644907496,False,True,False,False,False,False,False,False,BTC,1h>5m,2026-06-26 13:55:00+00:00,0.0002,0.22803854390618658,H2,1
391609,391897,long,V,mss,5.0,0.24220578508857754,2.5921192644907496,False,True,False,False,False,False,False,False,BTC,1h>5m,2026-06-26 13:55:00+00:00,0.0002,0.22803854390618658,H2,1
391610,391897,long,V,retest,2.0,0.3775682943290833,2.337412641714556,False,True,False,False,False,False,False,False,BTC,1h>5m,2026-06-26 14:00:00+00:00,0.0002,0.36187905024160927,H2,1
391610,391897,long,V,retest,3.0,0.3775682943290833,2.337412641714556,False,True,False,False,False,False,False,False,BTC,1h>5m,2026-06-26 14:00:00+00:00,0.0002,0.36187905024160927,H2,1
391610,391897,long,V,retest,5.0,0.3775682943290833,2.337412641714556,False,True,False,False,False,False,False,False,BTC,1h>5m,2026-06-26 14:00:00+00:00,0.0002,0.36187905024160927,H2,1
391890,391964,long,V,mss,2.0,-1.0,1.0812434651848482,False,True,False,True,False,False,False,True,BTC,1h>5m,2026-06-27 13:20:00+00:00,0.0002,-1.0917640631803522,H2,1
391890,391964,long,V,mss,3.0,-1.0,1.0812434651848482,False,True,False,True,False,False,False,True,BTC,1h>5m,2026-06-27 13:20:00+00:00,0.0002,-1.0917640631803522,H2,1
391890,391964,long,V,mss,5.0,-1.0,1.0812434651848482,False,True,False,True,False,False,False,True,BTC,1h>5m,2026-06-27 13:20:00+00:00,0.0002,-1.0917640631803522,H2,1
391934,391964,long,V,retest,2.0,-1.0,1.0412768294545598,False,True,False,True,False,False,False,True,BTC,1h>5m,2026-06-27 17:00:00+00:00,0.0002,-1.0952785056951553,H2,1
391934,391964,long,V,retest,3.0,-1.0,1.0412768294545598,False,True,False,True,False,False,False,True,BTC,1h>5m,2026-06-27 17:00:00+00:00,0.0002,-1.0952785056951553,H2,1
391934,391964,long,V,retest,5.0,-1.0,1.0412768294545598,False,True,False,True,False,False,False,True,BTC,1h>5m,2026-06-27 17:00:00+00:00,0.0002,-1.0952785056951553,H2,1
394289,394302,long,V,mss,2.0,2.0,1.2724383459015687,False,False,False,False,False,False,False,False,BTC,1h>5m,2026-07-05 21:15:00+00:00,0.0002,1.9146036849277004,H2,0
394289,394304,long,V,mss,3.0,3.0,1.2724383459015687,False,False,False,False,False,False,False,False,BTC,1h>5m,2026-07-05 21:15:00+00:00,0.0002,2.9144036849277004,H2,0
394289,394465,long,V,mss,5.0,-1.0,1.2724383459015687,False,False,False,False,False,False,False,False,BTC,1h>5m,2026-07-05 21:15:00+00:00,0.0002,-1.0847963150722995,H2,0
395550,395573,short,A,mss,2.0,-1.0,0.8075024878841935,False,False,False,False,False,False,False,False,BTC,1h>5m,2026-07-10 06:20:00+00:00,0.0002,-1.0898642723670315,H2,0
395550,395573,short,A,mss,3.0,-1.0,0.8075024878841935,False,False,False,False,False,False,False,False,BTC,1h>5m,2026-07-10 06:20:00+00:00,0.0002,-1.0898642723670315,H2,0
395550,395573,short,A,mss,5.0,-1.0,0.8075024878841935,False,False,False,False,False,False,False,False,BTC,1h>5m,2026-07-10 06:20:00+00:00,0.0002,-1.0898642723670315,H2,0
395552,395573,short,A,retest,2.0,-1.0,0.7450060275568454,False,False,False,False,False,False,False,False,BTC,1h>5m,2026-07-10 06:30:00+00:00,0.0002,-1.0974195108707472,H2,0
395552,395573,short,A,retest,3.0,-1.0,0.7450060275568454,False,False,False,False,False,False,False,False,BTC,1h>5m,2026-07-10 06:30:00+00:00,0.0002,-1.0974195108707472,H2,0
395552,395573,short,A,retest,5.0,-1.0,0.7450060275568454,False,False,False,False,False,False,False,False,BTC,1h>5m,2026-07-10 06:30:00+00:00,0.0002,-1.0974195108707472,H2,0
395949,396237,short,A,mss,2.0,-0.07965258478898404,2.772668216492565,True,True,False,False,False,False,False,False,BTC,1h>5m,2026-07-11 15:35:00+00:00,0.0002,-0.14483338490455194,H2,2
395949,396237,short,A,mss,3.0,-0.07965258478898404,2.772668216492565,True,True,False,False,False,False,False,False,BTC,1h>5m,2026-07-11 15:35:00+00:00,0.0002,-0.14483338490455194,H2,2
395949,396237,short,A,mss,5.0,-0.07965258478898404,2.772668216492565,True,True,False,False,False,False,False,False,BTC,1h>5m,2026-07-11 15:35:00+00:00,0.0002,-0.14483338490455194,H2,2
395950,396237,short,A,retest,2.0,0.025420786608741478,2.4885569510698238,True,True,False,False,False,False,False,False,BTC,1h>5m,2026-07-11 15:40:00+00:00,0.0002,-0.04722434814751038,H2,2
395950,396237,short,A,retest,3.0,0.025420786608741478,2.4885569510698238,True,True,False,False,False,False,False,False,BTC,1h>5m,2026-07-11 15:40:00+00:00,0.0002,-0.04722434814751038,H2,2
395950,396237,short,A,retest,5.0,0.025420786608741478,2.4885569510698238,True,True,False,False,False,False,False,False,BTC,1h>5m,2026-07-11 15:40:00+00:00,0.0002,-0.04722434814751038,H2,2
396623,396765,long,V,mss,2.0,2.0,0.9328512786184016,True,False,False,False,False,True,False,False,BTC,1h>5m,2026-07-13 23:45:00+00:00,0.0002,1.9277486519646767,H2,2
396623,396776,long,V,mss,3.0,3.0,0.9328512786184016,True,False,False,False,False,True,False,False,BTC,1h>5m,2026-07-13 23:45:00+00:00,0.0002,2.9275486519646767,H2,2
396623,396781,long,V,mss,5.0,5.0,0.9328512786184016,True,False,False,False,False,True,False,False,BTC,1h>5m,2026-07-13 23:45:00+00:00,0.0002,4.927148651964677,H2,2
398103,398356,short,A,mss,2.0,-1.0,1.4488106235082747,False,False,False,False,False,False,False,False,BTC,1h>5m,2026-07-19 03:05:00+00:00,0.0002,-1.104772609946751,H2,0
398103,398356,short,A,mss,3.0,-1.0,1.4488106235082747,False,False,False,False,False,False,False,False,BTC,1h>5m,2026-07-19 03:05:00+00:00,0.0002,-1.104772609946751,H2,0
398103,398356,short,A,mss,5.0,-1.0,1.4488106235082747,False,False,False,False,False,False,False,False,BTC,1h>5m,2026-07-19 03:05:00+00:00,0.0002,-1.104772609946751,H2,0
398121,398212,short,A,retest,2.0,2.0,1.188698519914875,False,False,False,False,False,False,False,True,BTC,1h>5m,2026-07-19 04:35:00+00:00,0.0002,1.8728571869819992,H2,0
398121,398356,short,A,retest,3.0,-1.0,1.188698519914875,False,False,False,False,False,False,False,True,BTC,1h>5m,2026-07-19 04:35:00+00:00,0.0002,-1.1277428130180007,H2,0
398121,398356,short,A,retest,5.0,-1.0,1.188698519914875,False,False,False,False,False,False,False,True,BTC,1h>5m,2026-07-19 04:35:00+00:00,0.0002,-1.1277428130180007,H2,0
397936,397980,short,A,mss,2.0,-1.0,2.830238338054795,True,True,False,False,False,False,True,False,BTC,1h>5m,2026-07-18 13:10:00+00:00,0.0002,-1.0958809461987196,H2,3
397936,397980,short,A,mss,3.0,-1.0,2.830238338054795,True,True,False,False,False,False,True,False,BTC,1h>5m,2026-07-18 13:10:00+00:00,0.0002,-1.0958809461987196,H2,3
397936,397980,short,A,mss,5.0,-1.0,2.830238338054795,True,True,False,False,False,False,True,False,BTC,1h>5m,2026-07-18 13:10:00+00:00,0.0002,-1.0958809461987196,H2,3
397939,397980,short,A,retest,2.0,-1.0,2.3592883852691604,True,True,False,False,False,False,False,False,BTC,1h>5m,2026-07-18 13:25:00+00:00,0.0002,-1.1150601687805846,H2,2
397939,397980,short,A,retest,3.0,-1.0,2.3592883852691604,True,True,False,False,False,False,False,False,BTC,1h>5m,2026-07-18 13:25:00+00:00,0.0002,-1.1150601687805846,H2,2
397939,397980,short,A,retest,5.0,-1.0,2.3592883852691604,True,True,False,False,False,False,False,False,BTC,1h>5m,2026-07-18 13:25:00+00:00,0.0002,-1.1150601687805846,H2,2
398923,398968,long,V,mss,2.0,-1.0,0.7122575590535102,False,False,True,False,False,False,False,True,BTC,1h>5m,2026-07-21 23:25:00+00:00,0.0002,-1.1330257758690818,H2,0
398923,398968,long,V,mss,3.0,-1.0,0.7122575590535102,False,False,True,False,False,False,False,True,BTC,1h>5m,2026-07-21 23:25:00+00:00,0.0002,-1.1330257758690818,H2,0
398923,398968,long,V,mss,5.0,-1.0,0.7122575590535102,False,False,True,False,False,False,False,True,BTC,1h>5m,2026-07-21 23:25:00+00:00,0.0002,-1.1330257758690818,H2,0
398924,398968,long,V,retest,2.0,-1.0,0.7035398930197336,False,False,True,False,False,False,False,False,BTC,1h>5m,2026-07-21 23:30:00+00:00,0.0002,-1.1346716395453174,H2,0
398924,398968,long,V,retest,3.0,-1.0,0.7035398930197336,False,False,True,False,False,False,False,False,BTC,1h>5m,2026-07-21 23:30:00+00:00,0.0002,-1.1346716395453174,H2,0
398924,398968,long,V,retest,5.0,-1.0,0.7035398930197336,False,False,True,False,False,False,False,False,BTC,1h>5m,2026-07-21 23:30:00+00:00,0.0002,-1.1346716395453174,H2,0
399216,399236,long,V,mss,2.0,-1.0,0.7065431560105302,True,False,False,False,False,False,False,False,BTC,1h>5m,2026-07-22 23:50:00+00:00,0.0002,-1.1169600326564924,H2,1
399216,399236,long,V,mss,3.0,-1.0,0.7065431560105302,True,False,False,False,False,False,False,False,BTC,1h>5m,2026-07-22 23:50:00+00:00,0.0002,-1.1169600326564924,H2,1
399216,399236,long,V,mss,5.0,-1.0,0.7065431560105302,True,False,False,False,False,False,False,False,BTC,1h>5m,2026-07-22 23:50:00+00:00,0.0002,-1.1169600326564924,H2,1
399231,399236,long,V,retest,2.0,-1.0,0.60006891536611,True,False,True,False,False,False,False,False,BTC,1h>5m,2026-07-23 01:05:00+00:00,0.0002,-1.137677546089317,H2,1
399231,399236,long,V,retest,3.0,-1.0,0.60006891536611,True,False,True,False,False,False,False,False,BTC,1h>5m,2026-07-23 01:05:00+00:00,0.0002,-1.137677546089317,H2,1
399231,399236,long,V,retest,5.0,-1.0,0.60006891536611,True,False,True,False,False,False,False,False,BTC,1h>5m,2026-07-23 01:05:00+00:00,0.0002,-1.137677546089317,H2,1
399357,399369,short,A,mss,2.0,2.0,0.8583629913983807,False,False,True,True,False,False,False,False,BTC,1h>5m,2026-07-23 11:35:00+00:00,0.0002,1.8756807746143536,H2,0
399357,399379,short,A,mss,3.0,3.0,0.8583629913983807,False,False,True,True,False,False,False,False,BTC,1h>5m,2026-07-23 11:35:00+00:00,0.0002,2.8758807746143535,H2,0
399357,399593,short,A,mss,5.0,-1.0,0.8583629913983807,False,False,True,True,False,False,False,False,BTC,1h>5m,2026-07-23 11:35:00+00:00,0.0002,-1.1249192253856464,H2,0
399360,399369,short,A,retest,2.0,2.0,0.8413464032855154,False,False,False,True,False,False,False,False,BTC,1h>5m,2026-07-23 11:50:00+00:00,0.0002,1.8731501851745294,H2,0
399360,399379,short,A,retest,3.0,3.0,0.8413464032855154,False,False,False,True,False,False,False,False,BTC,1h>5m,2026-07-23 11:50:00+00:00,0.0002,2.8733501851745293,H2,0
399360,399593,short,A,retest,5.0,-1.0,0.8413464032855154,False,False,False,True,False,False,False,False,BTC,1h>5m,2026-07-23 11:50:00+00:00,0.0002,-1.1274498148254706,H2,0
399598,399663,short,A,mss,2.0,2.0,1.7665252722569673,True,False,False,True,False,False,False,False,BTC,1h>5m,2026-07-24 07:40:00+00:00,0.0002,1.942071395829669,H2,1
399598,399672,short,A,mss,3.0,3.0,1.7665252722569673,True,False,False,True,False,False,False,False,BTC,1h>5m,2026-07-24 07:40:00+00:00,0.0002,2.942271395829669,H2,1
399598,399886,short,A,mss,5.0,2.985730292392264,1.7665252722569673,True,False,False,True,False,False,False,False,BTC,1h>5m,2026-07-24 07:40:00+00:00,0.0002,2.9279988342804115,H2,1
399599,399663,short,A,retest,2.0,2.0,1.5224017721682852,True,False,False,True,False,False,False,False,BTC,1h>5m,2026-07-24 07:45:00+00:00,0.0002,1.9326540181915937,H2,1
399599,399669,short,A,retest,3.0,3.0,1.5224017721682852,True,False,False,True,False,False,False,False,BTC,1h>5m,2026-07-24 07:45:00+00:00,0.0002,2.9328540181915934,H2,1
399599,399886,short,A,retest,5.0,3.6248588372851622,1.5224017721682852,True,False,False,True,False,False,False,False,BTC,1h>5m,2026-07-24 07:45:00+00:00,0.0002,3.557837827244213,H2,1
400928,400947,short,A,mss,2.0,-1.0,0.5938772430643591,True,False,False,False,False,False,False,True,BTC,1h>5m,2026-07-28 22:30:00+00:00,0.0002,-1.1247014169886875,H2,1
400928,400947,short,A,mss,3.0,-1.0,0.5938772430643591,True,False,False,False,False,False,False,True,BTC,1h>5m,2026-07-28 22:30:00+00:00,0.0002,-1.1247014169886875,H2,1
400928,400947,short,A,mss,5.0,-1.0,0.5938772430643591,True,False,False,False,False,False,False,True,BTC,1h>5m,2026-07-28 22:30:00+00:00,0.0002,-1.1247014169886875,H2,1
400929,400947,short,A,retest,2.0,-1.0,0.5404550518946091,True,False,False,False,False,False,False,False,BTC,1h>5m,2026-07-28 22:35:00+00:00,0.0002,-1.137047508217461,H2,1
400929,400947,short,A,retest,3.0,-1.0,0.5404550518946091,True,False,False,False,False,False,False,False,BTC,1h>5m,2026-07-28 22:35:00+00:00,0.0002,-1.137047508217461,H2,1
400929,400947,short,A,retest,5.0,-1.0,0.5404550518946091,True,False,False,False,False,False,False,False,BTC,1h>5m,2026-07-28 22:35:00+00:00,0.0002,-1.137047508217461,H2,1
401122,401376,short,A,mss,2.0,-1.0,1.961930951204798,True,True,False,False,False,False,False,False,BTC,1h>5m,2026-07-29 14:40:00+00:00,0.0002,-1.040369620209252,H2,2
401122,401376,short,A,mss,3.0,-1.0,1.961930951204798,True,True,False,False,False,False,False,False,BTC,1h>5m,2026-07-29 14:40:00+00:00,0.0002,-1.040369620209252,H2,2
401122,401376,short,A,mss,5.0,-1.0,1.961930951204798,True,True,False,False,False,False,False,False,BTC,1h>5m,2026-07-29 14:40:00+00:00,0.0002,-1.040369620209252,H2,2
401123,401376,short,A,retest,2.0,-1.0,1.839935232449645,True,True,False,False,False,False,False,False,BTC,1h>5m,2026-07-29 14:45:00+00:00,0.0002,-1.0430595627081856,H2,2
401123,401376,short,A,retest,3.0,-1.0,1.839935232449645,True,True,False,False,False,False,False,False,BTC,1h>5m,2026-07-29 14:45:00+00:00,0.0002,-1.0430595627081856,H2,2
401123,401376,short,A,retest,5.0,-1.0,1.839935232449645,True,True,False,False,False,False,False,False,BTC,1h>5m,2026-07-29 14:45:00+00:00,0.0002,-1.0430595627081856,H2,2
401930,402024,short,A,mss,2.0,2.0,1.3296241988505748,True,False,True,True,False,False,False,False,BTC,1h>5m,2026-08-01 10:00:00+00:00,0.0002,1.8435376206188108,H2,1
401930,402030,short,A,mss,3.0,3.0,1.3296241988505748,True,False,True,True,False,False,False,False,BTC,1h>5m,2026-08-01 10:00:00+00:00,0.0002,2.843737620618811,H2,1
401930,402123,short,A,mss,5.0,-1.0,1.3296241988505748,True,False,True,True,False,False,False,False,BTC,1h>5m,2026-08-01 10:00:00+00:00,0.0002,-1.1570623793811892,H2,1
401933,402020,short,A,retest,2.0,2.0,0.9820495234491314,True,False,False,True,False,False,False,False,BTC,1h>5m,2026-08-01 10:15:00+00:00,0.0002,1.787878084962912,H2,1
401933,402024,short,A,retest,3.0,3.0,0.9820495234491314,True,False,False,True,False,False,False,False,BTC,1h>5m,2026-08-01 10:15:00+00:00,0.0002,2.788078084962912,H2,1
401933,402032,short,A,retest,5.0,5.0,0.9820495234491314,True,False,False,True,False,False,False,False,BTC,1h>5m,2026-08-01 10:15:00+00:00,0.0002,4.788478084962912,H2,1
403143,403431,long,V,mss,2.0,0.2832007385484194,2.9847156887447026,True,True,False,False,False,False,False,True,BTC,1h>5m,2026-08-05 15:05:00+00:00,0.0002,0.25161843683662743,H2,2
403143,403431,long,V,mss,3.0,0.2832007385484194,2.9847156887447026,True,True,False,False,False,False,False,True,BTC,1h>5m,2026-08-05 15:05:00+00:00,0.0002,0.25161843683662743,H2,2
403143,403431,long,V,mss,5.0,0.2832007385484194,2.9847156887447026,True,True,False,False,False,False,False,True,BTC,1h>5m,2026-08-05 15:05:00+00:00,0.0002,0.25161843683662743,H2,2
403145,403432,long,V,retest,2.0,0.37907167719077334,2.598807739562522,True,True,False,False,False,False,False,False,BTC,1h>5m,2026-08-05 15:15:00+00:00,0.0002,0.3428482202042043,H2,2
403145,403432,long,V,retest,3.0,0.37907167719077334,2.598807739562522,True,True,False,False,False,False,False,False,BTC,1h>5m,2026-08-05 15:15:00+00:00,0.0002,0.3428482202042043,H2,2
403145,403432,long,V,retest,5.0,0.37907167719077334,2.598807739562522,True,True,False,False,False,False,False,False,BTC,1h>5m,2026-08-05 15:15:00+00:00,0.0002,0.3428482202042043,H2,2
404781,404868,long,V,mss,2.0,-1.0,1.588225688625351,True,False,False,True,False,False,False,True,BTC,1h>5m,2026-08-11 07:35:00+00:00,0.0002,-1.1076882214934967,H2,1
404781,404868,long,V,mss,3.0,-1.0,1.588225688625351,True,False,False,True,False,False,False,True,BTC,1h>5m,2026-08-11 07:35:00+00:00,0.0002,-1.1076882214934967,H2,1
404781,404868,long,V,mss,5.0,-1.0,1.588225688625351,True,False,False,True,False,False,False,True,BTC,1h>5m,2026-08-11 07:35:00+00:00,0.0002,-1.1076882214934967,H2,1
404785,404835,long,V,retest,2.0,2.0,1.357743304733123,True,False,False,True,False,False,False,False,BTC,1h>5m,2026-08-11 07:55:00+00:00,0.0002,1.8734652208222977,H2,1
404785,404868,long,V,retest,3.0,-1.0,1.357743304733123,True,False,False,True,False,False,False,False,BTC,1h>5m,2026-08-11 07:55:00+00:00,0.0002,-1.1259347791777023,H2,1
404785,404868,long,V,retest,5.0,-1.0,1.357743304733123,True,False,False,True,False,False,False,False,BTC,1h>5m,2026-08-11 07:55:00+00:00,0.0002,-1.1259347791777023,H2,1
404749,404802,short,A,mss,2.0,-1.0,0.7084980068430627,False,False,False,False,False,False,False,False,BTC,1h>5m,2026-08-11 04:55:00+00:00,0.0002,-1.1663658137420203,H2,0
404749,404802,short,A,mss,3.0,-1.0,0.7084980068430627,False,False,False,False,False,False,False,False,BTC,1h>5m,2026-08-11 04:55:00+00:00,0.0002,-1.1663658137420203,H2,0
404749,404802,short,A,mss,5.0,-1.0,0.7084980068430627,False,False,False,False,False,False,False,False,BTC,1h>5m,2026-08-11 04:55:00+00:00,0.0002,-1.1663658137420203,H2,0
404750,404802,short,A,retest,2.0,-1.0,0.669376966067102,False,False,False,False,False,False,False,False,BTC,1h>5m,2026-08-11 05:00:00+00:00,0.0002,-1.17610057953411,H2,0
404750,404802,short,A,retest,3.0,-1.0,0.669376966067102,False,False,False,False,False,False,False,False,BTC,1h>5m,2026-08-11 05:00:00+00:00,0.0002,-1.17610057953411,H2,0
404750,404802,short,A,retest,5.0,-1.0,0.669376966067102,False,False,False,False,False,False,False,False,BTC,1h>5m,2026-08-11 05:00:00+00:00,0.0002,-1.17610057953411,H2,0
405267,405405,long,V,mss,2.0,-1.0,0.979480372913124,True,False,False,False,False,False,False,False,BTC,1h>5m,2026-08-13 00:05:00+00:00,0.0002,-1.1101076709121969,H2,1
405267,405405,long,V,mss,3.0,-1.0,0.979480372913124,True,False,False,False,False,False,False,False,BTC,1h>5m,2026-08-13 00:05:00+00:00,0.0002,-1.1101076709121969,H2,1
405267,405405,long,V,mss,5.0,-1.0,0.979480372913124,True,False,False,False,False,False,False,False,BTC,1h>5m,2026-08-13 00:05:00+00:00,0.0002,-1.1101076709121969,H2,1
405272,405329,long,V,retest,2.0,2.0,0.912457944123701,True,False,False,False,False,False,False,False,BTC,1h>5m,2026-08-13 00:30:00+00:00,0.0002,1.8812193224417835,H2,1
405272,405405,long,V,retest,3.0,-1.0,0.912457944123701,True,False,False,False,False,False,False,False,BTC,1h>5m,2026-08-13 00:30:00+00:00,0.0002,-1.1181806775582166,H2,1
405272,405405,long,V,retest,5.0,-1.0,0.912457944123701,True,False,False,False,False,False,False,False,BTC,1h>5m,2026-08-13 00:30:00+00:00,0.0002,-1.1181806775582166,H2,1
414980,414995,long,V,mss,2.0,-1.0,2.9111473799126686,True,True,True,False,False,False,False,True,BTC,1h>5m,2026-09-15 17:30:00+00:00,0.0002,-1.0228782817591318,H2,2
414980,414995,long,V,mss,3.0,-1.0,2.9111473799126686,True,True,True,False,False,False,False,True,BTC,1h>5m,2026-09-15 17:30:00+00:00,0.0002,-1.0228782817591318,H2,2
414980,414995,long,V,mss,5.0,-1.0,2.9111473799126686,True,True,True,False,False,False,False,True,BTC,1h>5m,2026-09-15 17:30:00+00:00,0.0002,-1.0228782817591318,H2,2
414989,414995,long,V,retest,2.0,-1.0,2.4089639737991315,True,False,False,False,False,False,False,False,BTC,1h>5m,2026-09-15 18:15:00+00:00,0.0002,-1.0276058978224978,H2,1
414989,414995,long,V,retest,3.0,-1.0,2.4089639737991315,True,False,False,False,False,False,False,False,BTC,1h>5m,2026-09-15 18:15:00+00:00,0.0002,-1.0276058978224978,H2,1
414989,414995,long,V,retest,5.0,-1.0,2.4089639737991315,True,False,False,False,False,False,False,False,BTC,1h>5m,2026-09-15 18:15:00+00:00,0.0002,-1.0276058978224978,H2,1
410219,410241,short,A,mss,2.0,-1.0,1.111546701839602,False,False,False,False,False,True,False,True,BTC,1h>5m,2026-08-30 04:45:00+00:00,0.0002,-1.1373382473477607,H2,1
410219,410241,short,A,mss,3.0,-1.0,1.111546701839602,False,False,False,False,False,True,False,True,BTC,1h>5m,2026-08-30 04:45:00+00:00,0.0002,-1.1373382473477607,H2,1
410219,410241,short,A,mss,5.0,-1.0,1.111546701839602,False,False,False,False,False,True,False,True,BTC,1h>5m,2026-08-30 04:45:00+00:00,0.0002,-1.1373382473477607,H2,1
410220,410241,short,A,retest,2.0,-1.0,1.0883423359294324,False,False,False,False,False,True,False,False,BTC,1h>5m,2026-08-30 04:50:00+00:00,0.0002,-1.1402706774414366,H2,1
410220,410241,short,A,retest,3.0,-1.0,1.0883423359294324,False,False,False,False,False,True,False,False,BTC,1h>5m,2026-08-30 04:50:00+00:00,0.0002,-1.1402706774414366,H2,1
410220,410241,short,A,retest,5.0,-1.0,1.0883423359294324,False,False,False,False,False,True,False,False,BTC,1h>5m,2026-08-30 04:50:00+00:00,0.0002,-1.1402706774414366,H2,1
412210,412222,short,A,mss,2.0,-1.0,0.9768356587267931,False,False,False,False,False,False,False,True,BTC,1h>5m,2026-09-06 02:40:00+00:00,0.0002,-1.1634378466710351,H2,0
412210,412222,short,A,mss,3.0,-1.0,0.9768356587267931,False,False,False,False,False,False,False,True,BTC,1h>5m,2026-09-06 02:40:00+00:00,0.0002,-1.1634378466710351,H2,0
412210,412222,short,A,mss,5.0,-1.0,0.9768356587267931,False,False,False,False,False,False,False,True,BTC,1h>5m,2026-09-06 02:40:00+00:00,0.0002,-1.1634378466710351,H2,0
412213,412222,short,A,retest,2.0,-1.0,0.8672914453562114,False,False,False,False,False,False,False,False,BTC,1h>5m,2026-09-06 02:55:00+00:00,0.0002,-1.184106307414208,H2,0
412213,412222,short,A,retest,3.0,-1.0,0.8672914453562114,False,False,False,False,False,False,False,False,BTC,1h>5m,2026-09-06 02:55:00+00:00,0.0002,-1.184106307414208,H2,0
412213,412222,short,A,retest,5.0,-1.0,0.8672914453562114,False,False,False,False,False,False,False,False,BTC,1h>5m,2026-09-06 02:55:00+00:00,0.0002,-1.184106307414208,H2,0
412525,412554,long,V,mss,2.0,-1.0,0.5450312957946543,False,False,False,False,False,False,False,False,BTC,1h>5m,2026-09-07 04:55:00+00:00,0.0002,-1.1667520785506649,H2,0
412525,412554,long,V,mss,3.0,-1.0,0.5450312957946543,False,False,False,False,False,False,False,False,BTC,1h>5m,2026-09-07 04:55:00+00:00,0.0002,-1.1667520785506649,H2,0
412525,412554,long,V,mss,5.0,-1.0,0.5450312957946543,False,False,False,False,False,False,False,False,BTC,1h>5m,2026-09-07 04:55:00+00:00,0.0002,-1.1667520785506649,H2,0
412528,412554,long,V,retest,2.0,-1.0,0.45908658265410257,False,False,False,False,False,False,False,False,BTC,1h>5m,2026-09-07 05:10:00+00:00,0.0002,-1.1979319717447654,H2,0
412528,412554,long,V,retest,3.0,-1.0,0.45908658265410257,False,False,False,False,False,False,False,False,BTC,1h>5m,2026-09-07 05:10:00+00:00,0.0002,-1.1979319717447654,H2,0
412528,412554,long,V,retest,5.0,-1.0,0.45908658265410257,False,False,False,False,False,False,False,False,BTC,1h>5m,2026-09-07 05:10:00+00:00,0.0002,-1.1979319717447654,H2,0
412761,412794,long,V,mss,2.0,-1.0,1.6910900638079756,True,False,False,False,False,False,True,True,BTC,1h>5m,2026-09-08 00:35:00+00:00,0.0002,-1.0696969754965089,H2,2
412761,412794,long,V,mss,3.0,-1.0,1.6910900638079756,True,False,False,False,False,False,True,True,BTC,1h>5m,2026-09-08 00:35:00+00:00,0.0002,-1.0696969754965089,H2,2
412761,412794,long,V,mss,5.0,-1.0,1.6910900638079756,True,False,False,False,False,False,True,True,BTC,1h>5m,2026-09-08 00:35:00+00:00,0.0002,-1.0696969754965089,H2,2
412762,412794,long,V,retest,2.0,-1.0,1.6619222315469626,True,False,False,False,False,False,False,False,BTC,1h>5m,2026-09-08 00:40:00+00:00,0.0002,-1.0709166932940395,H2,1
412762,412794,long,V,retest,3.0,-1.0,1.6619222315469626,True,False,False,False,False,False,False,False,BTC,1h>5m,2026-09-08 00:40:00+00:00,0.0002,-1.0709166932940395,H2,1
412762,412794,long,V,retest,5.0,-1.0,1.6619222315469626,True,False,False,False,False,False,False,False,BTC,1h>5m,2026-09-08 00:40:00+00:00,0.0002,-1.0709166932940395,H2,1
414276,414306,short,A,mss,2.0,2.0,1.7758116041304768,False,False,True,False,False,False,False,False,BTC,1h>5m,2026-09-13 06:50:00+00:00,0.0002,1.8446869390825993,H2,0
414276,414326,short,A,mss,3.0,3.0,1.7758116041304768,False,False,True,False,False,False,False,False,BTC,1h>5m,2026-09-13 06:50:00+00:00,0.0002,2.844886939082599,H2,0
414276,414394,short,A,mss,5.0,-1.0,1.7758116041304768,False,False,True,False,False,False,False,False,BTC,1h>5m,2026-09-13 06:50:00+00:00,0.0002,-1.1559130609174009,H2,0
414644,414832,long,V,mss,2.0,-1.0,1.7200939145540577,False,True,False,False,False,False,False,False,BTC,1h>5m,2026-09-14 13:30:00+00:00,0.0002,-1.0429843898775002,H2,1
414644,414832,long,V,mss,3.0,-1.0,1.7200939145540577,False,True,False,False,False,False,False,False,BTC,1h>5m,2026-09-14 13:30:00+00:00,0.0002,-1.0429843898775002,H2,1
414644,414832,long,V,mss,5.0,-1.0,1.7200939145540577,False,True,False,False,False,False,False,False,BTC,1h>5m,2026-09-14 13:30:00+00:00,0.0002,-1.0429843898775002,H2,1
414645,414707,long,V,retest,2.0,2.0,1.4639494327126672,False,True,False,False,False,False,False,False,BTC,1h>5m,2026-09-14 13:35:00+00:00,0.0002,1.9489297058069626,H2,1
414645,414832,long,V,retest,3.0,-1.0,1.4639494327126672,False,True,False,False,False,False,False,False,BTC,1h>5m,2026-09-14 13:35:00+00:00,0.0002,-1.0504702941930375,H2,1
414645,414832,long,V,retest,5.0,-1.0,1.4639494327126672,False,True,False,False,False,False,False,False,BTC,1h>5m,2026-09-14 13:35:00+00:00,0.0002,-1.0504702941930375,H2,1
415174,415274,long,V,mss,2.0,-1.0,1.353300502529422,True,False,False,True,False,False,False,False,BTC,1h>5m,2026-09-16 09:40:00+00:00,0.0002,-1.052511938848434,H2,1
415174,415274,long,V,mss,3.0,-1.0,1.353300502529422,True,False,False,True,False,False,False,False,BTC,1h>5m,2026-09-16 09:40:00+00:00,0.0002,-1.052511938848434,H2,1
415174,415274,long,V,mss,5.0,-1.0,1.353300502529422,True,False,False,True,False,False,False,False,BTC,1h>5m,2026-09-16 09:40:00+00:00,0.0002,-1.052511938848434,H2,1
415175,415274,long,V,retest,2.0,-1.0,1.336857135666162,True,False,True,True,False,False,False,False,BTC,1h>5m,2026-09-16 09:45:00+00:00,0.0002,-1.053155376639103,H2,1
415175,415274,long,V,retest,3.0,-1.0,1.336857135666162,True,False,True,True,False,False,False,False,BTC,1h>5m,2026-09-16 09:45:00+00:00,0.0002,-1.053155376639103,H2,1
415175,415274,long,V,retest,5.0,-1.0,1.336857135666162,True,False,True,True,False,False,False,False,BTC,1h>5m,2026-09-16 09:45:00+00:00,0.0002,-1.053155376639103,H2,1
415280,415363,short,A,mss,2.0,-1.0,2.838887779162066,True,False,False,False,False,False,False,False,BTC,1h>5m,2026-09-16 18:30:00+00:00,0.0002,-1.0309139653531418,H2,1
415280,415363,short,A,mss,3.0,-1.0,2.838887779162066,True,False,False,False,False,False,False,False,BTC,1h>5m,2026-09-16 18:30:00+00:00,0.0002,-1.0309139653531418,H2,1
415280,415363,short,A,mss,5.0,-1.0,2.838887779162066,True,False,False,False,False,False,False,False,BTC,1h>5m,2026-09-16 18:30:00+00:00,0.0002,-1.0309139653531418,H2,1
415281,415363,short,A,retest,2.0,-1.0,2.6286016412516178,True,False,False,False,False,False,False,False,BTC,1h>5m,2026-09-16 18:35:00+00:00,0.0002,-1.0334030589862404,H2,1
415281,415363,short,A,retest,3.0,-1.0,2.6286016412516178,True,False,False,False,False,False,False,False,BTC,1h>5m,2026-09-16 18:35:00+00:00,0.0002,-1.0334030589862404,H2,1
415281,415363,short,A,retest,5.0,-1.0,2.6286016412516178,True,False,False,False,False,False,False,False,BTC,1h>5m,2026-09-16 18:35:00+00:00,0.0002,-1.0334030589862404,H2,1
416522,416598,short,A,retest,2.0,-1.0,2.665352130615087,False,False,False,False,False,False,False,False,BTC,1h>5m,2026-09-21 02:00:00+00:00,0.0002,-1.0341370929580362,H2,0
416522,416598,short,A,retest,3.0,-1.0,2.665352130615087,False,False,False,False,False,False,False,False,BTC,1h>5m,2026-09-21 02:00:00+00:00,0.0002,-1.0341370929580362,H2,0
416522,416598,short,A,retest,5.0,-1.0,2.665352130615087,False,False,False,False,False,False,False,False,BTC,1h>5m,2026-09-21 02:00:00+00:00,0.0002,-1.0341370929580362,H2,0
417143,417244,short,A,mss,2.0,2.0,1.587030705180328,False,False,False,False,False,True,True,False,BTC,1h>5m,2026-09-23 05:45:00+00:00,0.0002,1.951193183608649,H2,2
417143,417245,short,A,mss,3.0,3.0,1.587030705180328,False,False,False,False,False,True,True,False,BTC,1h>5m,2026-09-23 05:45:00+00:00,0.0002,2.9513931836086487,H2,2
417143,417431,short,A,mss,5.0,3.4577351850572193,1.587030705180328,False,False,False,False,False,True,True,False,BTC,1h>5m,2026-09-23 05:45:00+00:00,0.0002,3.4092199157028795,H2,2
417539,417783,short,A,mss,2.0,-1.0,2.1567922059579883,True,True,False,False,False,False,False,False,BTC,1h>5m,2026-09-24 14:45:00+00:00,0.0002,-1.029195201146585,H2,2
417539,417783,short,A,mss,3.0,-1.0,2.1567922059579883,True,True,False,False,False,False,False,False,BTC,1h>5m,2026-09-24 14:45:00+00:00,0.0002,-1.029195201146585,H2,2
417539,417783,short,A,mss,5.0,-1.0,2.1567922059579883,True,True,False,False,False,False,False,False,BTC,1h>5m,2026-09-24 14:45:00+00:00,0.0002,-1.029195201146585,H2,2
417540,417783,short,A,retest,2.0,-1.0,2.0760217555248173,True,True,False,False,False,False,False,False,BTC,1h>5m,2026-09-24 14:50:00+00:00,0.0002,-1.0303388614337978,H2,2
417540,417783,short,A,retest,3.0,-1.0,2.0760217555248173,True,True,False,False,False,False,False,False,BTC,1h>5m,2026-09-24 14:50:00+00:00,0.0002,-1.0303388614337978,H2,2
417540,417783,short,A,retest,5.0,-1.0,2.0760217555248173,True,True,False,False,False,False,False,False,BTC,1h>5m,2026-09-24 14:50:00+00:00,0.0002,-1.0303388614337978,H2,2
418124,418187,long,V,mss,2.0,-1.0,1.6578795012217926,False,True,False,False,False,False,False,True,BTC,1h>5m,2026-09-26 15:30:00+00:00,0.0002,-1.1153571769341641,H2,1
418124,418187,long,V,mss,3.0,-1.0,1.6578795012217926,False,True,False,False,False,False,False,True,BTC,1h>5m,2026-09-26 15:30:00+00:00,0.0002,-1.1153571769341641,H2,1
418124,418187,long,V,mss,5.0,-1.0,1.6578795012217926,False,True,False,False,False,False,False,True,BTC,1h>5m,2026-09-26 15:30:00+00:00,0.0002,-1.1153571769341641,H2,1
418125,418187,long,V,retest,2.0,-1.0,1.5468293753887816,False,True,False,False,False,False,False,False,BTC,1h>5m,2026-09-26 15:35:00+00:00,0.0002,-1.123624552245613,H2,1
418125,418187,long,V,retest,3.0,-1.0,1.5468293753887816,False,True,False,False,False,False,False,False,BTC,1h>5m,2026-09-26 15:35:00+00:00,0.0002,-1.123624552245613,H2,1
418125,418187,long,V,retest,5.0,-1.0,1.5468293753887816,False,True,False,False,False,False,False,False,BTC,1h>5m,2026-09-26 15:35:00+00:00,0.0002,-1.123624552245613,H2,1
418190,418319,long,V,mss,2.0,2.0,1.599742410756324,False,False,False,False,False,False,False,False,BTC,1h>5m,2026-09-26 21:00:00+00:00,0.0002,1.8788306071859642,H2,0
418190,418344,long,V,mss,3.0,3.0,1.599742410756324,False,False,False,False,False,False,False,False,BTC,1h>5m,2026-09-26 21:00:00+00:00,0.0002,2.878630607185964,H2,0
418190,418478,long,V,mss,5.0,1.8363675709382685,1.599742410756324,False,False,False,False,False,False,False,False,BTC,1h>5m,2026-09-26 21:00:00+00:00,0.0002,1.715230904610045,H2,0
418521,418623,short,A,mss,2.0,2.0,2.403301386076469,False,False,False,False,False,False,False,False,BTC,1h>5m,2026-09-28 00:35:00+00:00,0.0002,1.9576209399159827,H2,0
418521,418809,short,A,mss,3.0,0.8803556460423602,2.403301386076469,False,False,False,False,False,False,False,False,BTC,1h>5m,2026-09-28 00:35:00+00:00,0.0002,0.8377526570875513,H2,0
418521,418809,short,A,mss,5.0,0.8803556460423602,2.403301386076469,False,False,False,False,False,False,False,False,BTC,1h>5m,2026-09-28 00:35:00+00:00,0.0002,0.8377526570875513,H2,0
418523,418580,short,A,retest,2.0,2.0,2.057617099375091,False,False,True,False,False,False,False,False,BTC,1h>5m,2026-09-28 00:45:00+00:00,0.0002,1.950366760997022,H2,0
418523,418810,short,A,retest,3.0,1.1992405830840382,2.057617099375091,False,False,True,False,False,False,False,False,BTC,1h>5m,2026-09-28 00:45:00+00:00,0.0002,1.1494471921976772,H2,0
418523,418810,short,A,retest,5.0,1.1992405830840382,2.057617099375091,False,False,True,False,False,False,False,False,BTC,1h>5m,2026-09-28 00:45:00+00:00,0.0002,1.1494471921976772,H2,0
418709,418997,long,V,mss,2.0,-0.5004117921500296,2.363798709404099,True,True,False,False,False,False,False,True,BTC,1h>5m,2026-09-28 16:15:00+00:00,0.0002,-0.5302991142708308,H2,2
418709,418997,long,V,mss,3.0,-0.5004117921500296,2.363798709404099,True,True,False,False,False,False,False,True,BTC,1h>5m,2026-09-28 16:15:00+00:00,0.0002,-0.5302991142708308,H2,2
418709,418997,long,V,mss,5.0,-0.5004117921500296,2.363798709404099,True,True,False,False,False,False,False,True,BTC,1h>5m,2026-09-28 16:15:00+00:00,0.0002,-0.5302991142708308,H2,2
418715,419002,long,V,retest,2.0,-0.5309358427203204,2.255748749877076,True,True,False,False,False,False,False,False,BTC,1h>5m,2026-09-28 16:45:00+00:00,0.0002,-0.5622342913856363,H2,2
418715,419002,long,V,retest,3.0,-0.5309358427203204,2.255748749877076,True,True,False,False,False,False,False,False,BTC,1h>5m,2026-09-28 16:45:00+00:00,0.0002,-0.5622342913856363,H2,2
418715,419002,long,V,retest,5.0,-0.5309358427203204,2.255748749877076,True,True,False,False,False,False,False,False,BTC,1h>5m,2026-09-28 16:45:00+00:00,0.0002,-0.5622342913856363,H2,2
419690,419718,long,V,mss,2.0,2.0,1.0391133843333558,False,False,False,False,False,False,False,True,BTC,1h>5m,2026-10-02 02:00:00+00:00,0.0002,1.932028927355167,H2,0
419690,419719,long,V,mss,3.0,3.0,1.0391133843333558,False,False,False,False,False,False,False,True,BTC,1h>5m,2026-10-02 02:00:00+00:00,0.0002,2.931828927355167,H2,0
419690,419874,long,V,mss,5.0,-1.0,1.0391133843333558,False,False,False,False,False,False,False,True,BTC,1h>5m,2026-10-02 02:00:00+00:00,0.0002,-1.0673710726448329,H2,0
419693,419717,long,V,retest,2.0,2.0,0.9244975584000196,False,False,True,False,False,False,False,False,BTC,1h>5m,2026-10-02 02:15:00+00:00,0.0002,1.9237013034473878,H2,0
419693,419718,long,V,retest,3.0,3.0,0.9244975584000196,False,False,True,False,False,False,False,False,BTC,1h>5m,2026-10-02 02:15:00+00:00,0.0002,2.9235013034473876,H2,0
419693,419816,long,V,retest,5.0,5.0,0.9244975584000196,False,False,True,False,False,False,False,False,BTC,1h>5m,2026-10-02 02:15:00+00:00,0.0002,4.923101303447388,H2,0
8892,9017,long,RBS,mss,2.0,-1.0,1.4548916641932474,False,True,False,False,False,False,False,False,BTC,1h>5m,2022-11-05 15:30:00+00:00,0.0002,-1.0623255764027943,H1,1
8892,9017,long,RBS,mss,3.0,-1.0,1.4548916641932474,False,True,False,False,False,False,False,False,BTC,1h>5m,2022-11-05 15:30:00+00:00,0.0002,-1.0623255764027943,H1,1
8892,9017,long,RBS,mss,5.0,-1.0,1.4548916641932474,False,True,False,False,False,False,False,False,BTC,1h>5m,2022-11-05 15:30:00+00:00,0.0002,-1.0623255764027943,H1,1
8893,9017,long,RBS,retest,2.0,-1.0,1.3200027397885827,False,True,False,False,False,False,False,False,BTC,1h>5m,2022-11-05 15:35:00+00:00,0.0002,-1.0686740876038658,H1,1
8893,9017,long,RBS,retest,3.0,-1.0,1.3200027397885827,False,True,False,False,False,False,False,False,BTC,1h>5m,2022-11-05 15:35:00+00:00,0.0002,-1.0686740876038658,H1,1
8893,9017,long,RBS,retest,5.0,-1.0,1.3200027397885827,False,True,False,False,False,False,False,False,BTC,1h>5m,2022-11-05 15:35:00+00:00,0.0002,-1.0686740876038658,H1,1
30560,30624,short,SBR,mss,2.0,-1.0,1.4011172767598217,True,False,False,False,False,False,False,False,BTC,1h>5m,2023-01-19 21:10:00+00:00,0.0002,-1.0484140144960605,H1,1
30560,30624,short,SBR,mss,3.0,-1.0,1.4011172767598217,True,False,False,False,False,False,False,False,BTC,1h>5m,2023-01-19 21:10:00+00:00,0.0002,-1.0484140144960605,H1,1
30560,30624,short,SBR,mss,5.0,-1.0,1.4011172767598217,True,False,False,False,False,False,False,False,BTC,1h>5m,2023-01-19 21:10:00+00:00,0.0002,-1.0484140144960605,H1,1
30561,30624,short,SBR,retest,2.0,-1.0,1.2505632291421565,True,False,False,False,False,False,False,False,BTC,1h>5m,2023-01-19 21:15:00+00:00,0.0002,-1.0542666067383146,H1,1
30561,30624,short,SBR,retest,3.0,-1.0,1.2505632291421565,True,False,False,False,False,False,False,False,BTC,1h>5m,2023-01-19 21:15:00+00:00,0.0002,-1.0542666067383146,H1,1
30561,30624,short,SBR,retest,5.0,-1.0,1.2505632291421565,True,False,False,False,False,False,False,False,BTC,1h>5m,2023-01-19 21:15:00+00:00,0.0002,-1.0542666067383146,H1,1
36536,36585,short,SBR,mss,2.0,2.0,1.0913655609916681,False,True,False,False,False,True,False,False,BTC,1h>5m,2023-02-09 15:10:00+00:00,0.0002,1.9423603565860017,H1,2
36536,36586,short,SBR,mss,3.0,3.0,1.0913655609916681,False,True,False,False,False,True,False,False,BTC,1h>5m,2023-02-09 15:10:00+00:00,0.0002,2.942560356586002,H1,2
36536,36588,short,SBR,mss,5.0,5.0,1.0913655609916681,False,True,False,False,False,True,False,False,BTC,1h>5m,2023-02-09 15:10:00+00:00,0.0002,4.942960356586002,H1,2
36537,36585,short,SBR,retest,2.0,2.0,1.0660203180872818,False,True,False,False,False,True,False,False,BTC,1h>5m,2023-02-09 15:15:00+00:00,0.0002,1.9409709206320687,H1,2
36537,36586,short,SBR,retest,3.0,3.0,1.0660203180872818,False,True,False,False,False,True,False,False,BTC,1h>5m,2023-02-09 15:15:00+00:00,0.0002,2.941170920632069,H1,2
36537,36588,short,SBR,retest,5.0,5.0,1.0660203180872818,False,True,False,False,False,True,False,False,BTC,1h>5m,2023-02-09 15:15:00+00:00,0.0002,4.941570920632069,H1,2
50135,50216,short,SBR,mss,2.0,-1.0,1.433053707932092,True,False,True,False,False,False,False,True,BTC,1h>5m,2023-03-28 21:45:00+00:00,0.0002,-1.0294611776731721,H1,1
50135,50216,short,SBR,mss,3.0,-1.0,1.433053707932092,True,False,True,False,False,False,False,True,BTC,1h>5m,2023-03-28 21:45:00+00:00,0.0002,-1.0294611776731721,H1,1
50135,50216,short,SBR,mss,5.0,-1.0,1.433053707932092,True,False,True,False,False,False,False,True,BTC,1h>5m,2023-03-28 21:45:00+00:00,0.0002,-1.0294611776731721,H1,1
50136,50216,short,SBR,retest,2.0,-1.0,1.415526103886069,True,False,True,False,False,False,False,False,BTC,1h>5m,2023-03-28 21:50:00+00:00,0.0002,-1.0298284541058473,H1,1
50136,50216,short,SBR,retest,3.0,-1.0,1.415526103886069,True,False,True,False,False,False,False,False,BTC,1h>5m,2023-03-28 21:50:00+00:00,0.0002,-1.0298284541058473,H1,1
50136,50216,short,SBR,retest,5.0,-1.0,1.415526103886069,True,False,True,False,False,False,False,False,BTC,1h>5m,2023-03-28 21:50:00+00:00,0.0002,-1.0298284541058473,H1,1
67701,67706,long,RBS,mss,2.0,2.0,1.467125153436111,False,False,False,False,False,False,False,True,BTC,1h>5m,2023-05-28 21:35:00+00:00,0.0002,1.9404198928613172,H1,0
67701,67721,long,RBS,mss,3.0,3.0,1.467125153436111,False,False,False,False,False,False,False,True,BTC,1h>5m,2023-05-28 21:35:00+00:00,0.0002,2.9402198928613172,H1,0
67701,67989,long,RBS,mss,5.0,-0.0036369999029640027,1.467125153436111,False,False,False,False,False,False,False,True,BTC,1h>5m,2023-05-28 21:35:00+00:00,0.0002,-0.06281637964166623,H1,0
71733,71791,short,SBR,mss,2.0,2.0,1.6459750950546985,True,False,False,False,False,True,False,True,BTC,1h>5m,2023-06-11 21:35:00+00:00,0.0002,1.9459373685912233,H1,2
71733,72021,short,SBR,mss,3.0,0.6260225354955569,1.6459750950546985,True,False,False,False,False,True,False,True,BTC,1h>5m,2023-06-11 21:35:00+00:00,0.0002,0.5716851085938794,H1,2
71733,72021,short,SBR,mss,5.0,0.6260225354955569,1.6459750950546985,True,False,False,False,False,True,False,True,BTC,1h>5m,2023-06-11 21:35:00+00:00,0.0002,0.5716851085938794,H1,2
71734,71791,short,SBR,retest,2.0,2.0,1.5675072906028118,True,False,False,False,False,True,False,False,BTC,1h>5m,2023-06-11 21:40:00+00:00,0.0002,1.943191001630822,H1,2
71734,72021,short,SBR,retest,3.0,0.7074195529860207,1.5675072906028118,True,False,False,False,False,True,False,False,BTC,1h>5m,2023-06-11 21:40:00+00:00,0.0002,0.65035203852744,H1,2
71734,72021,short,SBR,retest,5.0,0.7074195529860207,1.5675072906028118,True,False,False,False,False,True,False,False,BTC,1h>5m,2023-06-11 21:40:00+00:00,0.0002,0.65035203852744,H1,2
83059,83210,short,SBR,mss,2.0,-1.0,1.138112545045729,False,False,True,False,False,False,False,True,BTC,1h>5m,2023-07-21 05:25:00+00:00,0.0002,-1.0905923120015382,H1,0
83059,83210,short,SBR,mss,3.0,-1.0,1.138112545045729,False,False,True,False,False,False,False,True,BTC,1h>5m,2023-07-21 05:25:00+00:00,0.0002,-1.0905923120015382,H1,0
83059,83210,short,SBR,mss,5.0,-1.0,1.138112545045729,False,False,True,False,False,False,False,True,BTC,1h>5m,2023-07-21 05:25:00+00:00,0.0002,-1.0905923120015382,H1,0
83060,83210,short,SBR,retest,2.0,-1.0,1.1232790217759374,False,False,True,False,False,False,False,False,BTC,1h>5m,2023-07-21 05:30:00+00:00,0.0002,-1.0917912749009466,H1,0
83060,83210,short,SBR,retest,3.0,-1.0,1.1232790217759374,False,False,True,False,False,False,False,False,BTC,1h>5m,2023-07-21 05:30:00+00:00,0.0002,-1.0917912749009466,H1,0
83060,83210,short,SBR,retest,5.0,-1.0,1.1232790217759374,False,False,True,False,False,False,False,False,BTC,1h>5m,2023-07-21 05:30:00+00:00,0.0002,-1.0917912749009466,H1,0
107365,107436,short,SBR,mss,2.0,-1.0,2.5023454892176136,True,True,False,False,False,True,False,True,BTC,1h>5m,2023-10-13 14:55:00+00:00,0.0002,-1.050503437352391,H1,3
107365,107436,short,SBR,mss,3.0,-1.0,2.5023454892176136,True,True,False,False,False,True,False,True,BTC,1h>5m,2023-10-13 14:55:00+00:00,0.0002,-1.050503437352391,H1,3
107365,107436,short,SBR,mss,5.0,-1.0,2.5023454892176136,True,True,False,False,False,True,False,True,BTC,1h>5m,2023-10-13 14:55:00+00:00,0.0002,-1.050503437352391,H1,3
107366,107436,short,SBR,retest,2.0,-1.0,2.412608684694638,True,True,False,False,False,True,False,False,BTC,1h>5m,2023-10-13 15:00:00+00:00,0.0002,-1.052389348016312,H1,3
107366,107436,short,SBR,retest,3.0,-1.0,2.412608684694638,True,True,False,False,False,True,False,False,BTC,1h>5m,2023-10-13 15:00:00+00:00,0.0002,-1.052389348016312,H1,3
107366,107436,short,SBR,retest,5.0,-1.0,2.412608684694638,True,True,False,False,False,True,False,False,BTC,1h>5m,2023-10-13 15:00:00+00:00,0.0002,-1.052389348016312,H1,3
110074,110082,long,RBS,mss,2.0,2.0,1.144766675454805,False,False,False,False,False,False,False,False,BTC,1h>5m,2023-10-23 00:40:00+00:00,0.0002,1.9074479691086512,H1,0
110074,110083,long,RBS,mss,3.0,3.0,1.144766675454805,False,False,False,False,False,False,False,False,BTC,1h>5m,2023-10-23 00:40:00+00:00,0.0002,2.9072479691086515,H1,0
110074,110111,long,RBS,mss,5.0,5.0,1.144766675454805,False,False,False,False,False,False,False,False,BTC,1h>5m,2023-10-23 00:40:00+00:00,0.0002,4.906847969108651,H1,0
110075,110082,long,RBS,retest,2.0,2.0,1.124378240618706,False,False,True,False,False,False,False,False,BTC,1h>5m,2023-10-23 00:45:00+00:00,0.0002,1.9057842226616561,H1,0
110075,110083,long,RBS,retest,3.0,3.0,1.124378240618706,False,False,True,False,False,False,False,False,BTC,1h>5m,2023-10-23 00:45:00+00:00,0.0002,2.9055842226616564,H1,0
110075,110111,long,RBS,retest,5.0,5.0,1.124378240618706,False,False,True,False,False,False,False,False,BTC,1h>5m,2023-10-23 00:45:00+00:00,0.0002,4.905184222661656,H1,0
125227,125251,short,SBR,mss,2.0,-1.0,1.3514707467314535,False,True,False,False,False,False,False,True,BTC,1h>5m,2023-12-14 15:25:00+00:00,0.0002,-1.036551903114505,H1,1
125227,125251,short,SBR,mss,3.0,-1.0,1.3514707467314535,False,True,False,False,False,False,False,True,BTC,1h>5m,2023-12-14 15:25:00+00:00,0.0002,-1.036551903114505,H1,1
125227,125251,short,SBR,mss,5.0,-1.0,1.3514707467314535,False,True,False,False,False,False,False,True,BTC,1h>5m,2023-12-14 15:25:00+00:00,0.0002,-1.036551903114505,H1,1
125228,125251,short,SBR,retest,2.0,-1.0,1.2852829985325864,False,True,False,False,False,False,False,False,BTC,1h>5m,2023-12-14 15:30:00+00:00,0.0002,-1.0384445024190543,H1,1
125228,125251,short,SBR,retest,3.0,-1.0,1.2852829985325864,False,True,False,False,False,False,False,False,BTC,1h>5m,2023-12-14 15:30:00+00:00,0.0002,-1.0384445024190543,H1,1
125228,125251,short,SBR,retest,5.0,-1.0,1.2852829985325864,False,True,False,False,False,False,False,False,BTC,1h>5m,2023-12-14 15:30:00+00:00,0.0002,-1.0384445024190543,H1,1
137597,137643,long,RBS,mss,2.0,2.0,1.3637909054471675,False,True,True,False,False,False,False,False,BTC,1h>5m,2024-01-26 14:15:00+00:00,0.0002,1.9557654688372208,H1,1
137597,137885,long,RBS,mss,3.0,1.2912743004150182,1.3637909054471675,False,True,True,False,False,False,False,False,BTC,1h>5m,2024-01-26 14:15:00+00:00,0.0002,1.247181514392156,H1,1
137597,137885,long,RBS,mss,5.0,1.2912743004150182,1.3637909054471675,False,True,True,False,False,False,False,False,BTC,1h>5m,2024-01-26 14:15:00+00:00,0.0002,1.247181514392156,H1,1
137598,137624,long,RBS,retest,2.0,2.0,1.1724613733628215,False,True,True,False,False,False,False,False,BTC,1h>5m,2024-01-26 14:20:00+00:00,0.0002,1.9486775521582755,H1,1
137598,137668,long,RBS,retest,3.0,3.0,1.1724613733628215,False,True,True,False,False,False,False,False,BTC,1h>5m,2024-01-26 14:20:00+00:00,0.0002,2.9484775521582756,H1,1
137598,137885,long,RBS,retest,5.0,1.665178677765991,1.1724613733628215,False,True,True,False,False,False,False,False,BTC,1h>5m,2024-01-26 14:20:00+00:00,0.0002,1.6139231941887133,H1,1
144788,144796,long,RBS,mss,2.0,-1.0,1.8454967435787122,False,True,False,False,False,False,False,False,BTC,1h>5m,2024-02-20 13:30:00+00:00,0.0002,-1.0421703223065752,H1,1
144788,144796,long,RBS,mss,3.0,-1.0,1.8454967435787122,False,True,False,False,False,False,False,False,BTC,1h>5m,2024-02-20 13:30:00+00:00,0.0002,-1.0421703223065752,H1,1
144788,144796,long,RBS,mss,5.0,-1.0,1.8454967435787122,False,True,False,False,False,False,False,False,BTC,1h>5m,2024-02-20 13:30:00+00:00,0.0002,-1.0421703223065752,H1,1
144795,144796,long,RBS,retest,2.0,-1.0,1.0364339665705877,False,True,False,False,False,False,False,False,BTC,1h>5m,2024-02-20 14:05:00+00:00,0.0002,-1.0749332639049112,H1,1
144795,144796,long,RBS,retest,3.0,-1.0,1.0364339665705877,False,True,False,False,False,False,False,False,BTC,1h>5m,2024-02-20 14:05:00+00:00,0.0002,-1.0749332639049112,H1,1
144795,144796,long,RBS,retest,5.0,-1.0,1.0364339665705877,False,True,False,False,False,False,False,False,BTC,1h>5m,2024-02-20 14:05:00+00:00,0.0002,-1.0749332639049112,H1,1
180847,180863,long,RBS,mss,2.0,-1.0,1.0703761523367727,True,False,False,False,False,False,False,False,BTC,1h>5m,2024-06-24 18:25:00+00:00,0.0002,-1.032314106501148,H1,1
180847,180863,long,RBS,mss,3.0,-1.0,1.0703761523367727,True,False,False,False,False,False,False,False,BTC,1h>5m,2024-06-24 18:25:00+00:00,0.0002,-1.032314106501148,H1,1
180847,180863,long,RBS,mss,5.0,-1.0,1.0703761523367727,True,False,False,False,False,False,False,False,BTC,1h>5m,2024-06-24 18:25:00+00:00,0.0002,-1.032314106501148,H1,1
180848,180863,long,RBS,retest,2.0,-1.0,1.0574469441736372,True,False,False,False,False,False,False,False,BTC,1h>5m,2024-06-24 18:30:00+00:00,0.0002,-1.0327067597403619,H1,1
180848,180863,long,RBS,retest,3.0,-1.0,1.0574469441736372,True,False,False,False,False,False,False,False,BTC,1h>5m,2024-06-24 18:30:00+00:00,0.0002,-1.0327067597403619,H1,1
180848,180863,long,RBS,retest,5.0,-1.0,1.0574469441736372,True,False,False,False,False,False,False,False,BTC,1h>5m,2024-06-24 18:30:00+00:00,0.0002,-1.0327067597403619,H1,1
180137,180145,short,SBR,mss,2.0,-1.0,0.7572625624642785,True,False,False,True,False,False,False,False,BTC,1h>5m,2024-06-22 07:15:00+00:00,0.0002,-1.1396742323343432,H1,1
180137,180145,short,SBR,mss,3.0,-1.0,0.7572625624642785,True,False,False,True,False,False,False,False,BTC,1h>5m,2024-06-22 07:15:00+00:00,0.0002,-1.1396742323343432,H1,1
180137,180145,short,SBR,mss,5.0,-1.0,0.7572625624642785,True,False,False,True,False,False,False,False,BTC,1h>5m,2024-06-22 07:15:00+00:00,0.0002,-1.1396742323343432,H1,1
180138,180145,short,SBR,retest,2.0,-1.0,0.7117577924647325,True,False,False,True,False,False,False,False,BTC,1h>5m,2024-06-22 07:20:00+00:00,0.0002,-1.1486168035834703,H1,1
180138,180145,short,SBR,retest,3.0,-1.0,0.7117577924647325,True,False,False,True,False,False,False,False,BTC,1h>5m,2024-06-22 07:20:00+00:00,0.0002,-1.1486168035834703,H1,1
180138,180145,short,SBR,retest,5.0,-1.0,0.7117577924647325,True,False,False,True,False,False,False,False,BTC,1h>5m,2024-06-22 07:20:00+00:00,0.0002,-1.1486168035834703,H1,1
181639,181660,long,RBS,mss,2.0,2.0,1.508191205232282,False,True,False,True,False,False,False,True,BTC,1h>5m,2024-06-27 12:25:00+00:00,0.0002,1.9395753025824083,H1,1
181639,181927,long,RBS,mss,3.0,0.721927463885322,1.508191205232282,False,True,False,True,False,False,False,True,BTC,1h>5m,2024-06-27 12:25:00+00:00,0.0002,0.6617583809749533,H1,1
181639,181927,long,RBS,mss,5.0,0.721927463885322,1.508191205232282,False,True,False,True,False,False,False,True,BTC,1h>5m,2024-06-27 12:25:00+00:00,0.0002,0.6617583809749533,H1,1
181640,181658,long,RBS,retest,2.0,2.0,1.3572637799415332,False,True,False,True,False,False,False,False,BTC,1h>5m,2024-06-27 12:30:00+00:00,0.0002,1.932945049717807,H1,1
181640,181927,long,RBS,retest,3.0,0.9134054083367942,1.3572637799415332,False,True,False,True,False,False,False,False,BTC,1h>5m,2024-06-27 12:30:00+00:00,0.0002,0.8465677769729338,H1,1
181640,181927,long,RBS,retest,5.0,0.9134054083367942,1.3572637799415332,False,True,False,True,False,False,False,False,BTC,1h>5m,2024-06-27 12:30:00+00:00,0.0002,0.8465677769729338,H1,1
350918,350970,long,RBS,mss,2.0,-1.0,1.244478472111313,False,False,True,False,False,True,False,True,BTC,1h>5m,2026-02-05 07:00:00+00:00,0.0002,-1.019882521146045,H2,1
350918,350970,long,RBS,mss,3.0,-1.0,1.244478472111313,False,False,True,False,False,True,False,True,BTC,1h>5m,2026-02-05 07:00:00+00:00,0.0002,-1.019882521146045,H2,1
350918,350970,long,RBS,mss,5.0,-1.0,1.244478472111313,False,False,True,False,False,True,False,True,BTC,1h>5m,2026-02-05 07:00:00+00:00,0.0002,-1.019882521146045,H2,1
350919,350970,long,RBS,retest,2.0,-1.0,1.1240725190649177,False,False,True,False,False,True,False,False,BTC,1h>5m,2026-02-05 07:05:00+00:00,0.0002,-1.0219908305982828,H2,1
350919,350970,long,RBS,retest,3.0,-1.0,1.1240725190649177,False,False,True,False,False,True,False,False,BTC,1h>5m,2026-02-05 07:05:00+00:00,0.0002,-1.0219908305982828,H2,1
350919,350970,long,RBS,retest,5.0,-1.0,1.1240725190649177,False,False,True,False,False,True,False,False,BTC,1h>5m,2026-02-05 07:05:00+00:00,0.0002,-1.0219908305982828,H2,1
225720,225752,long,RBS,mss,2.0,2.0,1.9054994947760795,False,True,False,False,False,False,False,True,BTC,1h>5m,2024-11-27 13:50:00+00:00,0.0002,1.9656239638665678,H2,1
225720,226008,long,RBS,mss,3.0,1.5246066935518148,1.9054994947760795,False,True,False,False,False,False,False,True,BTC,1h>5m,2024-11-27 13:50:00+00:00,0.0002,1.4903257360796722,H2,1
225720,226008,long,RBS,mss,5.0,1.5246066935518148,1.9054994947760795,False,True,False,False,False,False,False,True,BTC,1h>5m,2024-11-27 13:50:00+00:00,0.0002,1.4903257360796722,H2,1
253576,253665,short,SBR,mss,2.0,-1.0,0.722141114730013,False,False,False,False,False,False,False,True,BTC,1h>5m,2025-03-04 07:10:00+00:00,0.0002,-1.029340268017559,H2,0
253576,253665,short,SBR,mss,3.0,-1.0,0.722141114730013,False,False,False,False,False,False,False,True,BTC,1h>5m,2025-03-04 07:10:00+00:00,0.0002,-1.029340268017559,H2,0
253576,253665,short,SBR,mss,5.0,-1.0,0.722141114730013,False,False,False,False,False,False,False,True,BTC,1h>5m,2025-03-04 07:10:00+00:00,0.0002,-1.029340268017559,H2,0
253577,253665,short,SBR,retest,2.0,-1.0,0.7115326569589857,False,False,False,False,False,False,False,False,BTC,1h>5m,2025-03-04 07:15:00+00:00,0.0002,-1.0297806928986157,H2,0
253577,253665,short,SBR,retest,3.0,-1.0,0.7115326569589857,False,False,False,False,False,False,False,False,BTC,1h>5m,2025-03-04 07:15:00+00:00,0.0002,-1.0297806928986157,H2,0
253577,253665,short,SBR,retest,5.0,-1.0,0.7115326569589857,False,False,False,False,False,False,False,False,BTC,1h>5m,2025-03-04 07:15:00+00:00,0.0002,-1.0297806928986157,H2,0
257908,257949,long,RBS,mss,2.0,2.0,0.7200199424760302,False,False,False,True,False,False,False,True,BTC,1h>5m,2025-03-19 08:10:00+00:00,0.0002,1.897313255962546,H2,0
257908,257969,long,RBS,mss,3.0,3.0,0.7200199424760302,False,False,False,True,False,False,False,True,BTC,1h>5m,2025-03-19 08:10:00+00:00,0.0002,2.897113255962546,H2,0
257908,258036,long,RBS,mss,5.0,5.0,0.7200199424760302,False,False,False,True,False,False,False,True,BTC,1h>5m,2025-03-19 08:10:00+00:00,0.0002,4.896713255962546,H2,0
257909,257948,long,RBS,retest,2.0,2.0,0.6437494379345442,False,False,True,True,False,False,False,False,BTC,1h>5m,2025-03-19 08:15:00+00:00,0.0002,1.885241861541203,H2,0
257909,257969,long,RBS,retest,3.0,3.0,0.6437494379345442,False,False,True,True,False,False,False,False,BTC,1h>5m,2025-03-19 08:15:00+00:00,0.0002,2.885041861541203,H2,0
257909,257999,long,RBS,retest,5.0,5.0,0.6437494379345442,False,False,True,True,False,False,False,False,BTC,1h>5m,2025-03-19 08:15:00+00:00,0.0002,4.884641861541203,H2,0
289458,289648,long,RBS,mss,2.0,-1.0,2.2811074500593134,False,False,False,False,False,False,False,True,BTC,1h>5m,2025-07-06 21:20:00+00:00,0.0002,-1.0580023439569237,H2,0
289458,289648,long,RBS,mss,3.0,-1.0,2.2811074500593134,False,False,False,False,False,False,False,True,BTC,1h>5m,2025-07-06 21:20:00+00:00,0.0002,-1.0580023439569237,H2,0
289458,289648,long,RBS,mss,5.0,-1.0,2.2811074500593134,False,False,False,False,False,False,False,True,BTC,1h>5m,2025-07-06 21:20:00+00:00,0.0002,-1.0580023439569237,H2,0
289497,289648,long,RBS,retest,2.0,-1.0,2.1520064376515826,False,False,False,False,False,False,False,True,BTC,1h>5m,2025-07-07 00:35:00+00:00,0.0002,-1.0614699642176335,H2,0
289497,289648,long,RBS,retest,3.0,-1.0,2.1520064376515826,False,False,False,False,False,False,False,True,BTC,1h>5m,2025-07-07 00:35:00+00:00,0.0002,-1.0614699642176335,H2,0
289497,289648,long,RBS,retest,5.0,-1.0,2.1520064376515826,False,False,False,False,False,False,False,True,BTC,1h>5m,2025-07-07 00:35:00+00:00,0.0002,-1.0614699642176335,H2,0
289658,289665,long,RBS,mss,2.0,-1.0,1.7815580509200075,True,True,False,False,False,False,False,False,BTC,1h>5m,2025-07-07 14:00:00+00:00,0.0002,-1.0702362223941724,H2,2
289658,289665,long,RBS,mss,3.0,-1.0,1.7815580509200075,True,True,False,False,False,False,False,False,BTC,1h>5m,2025-07-07 14:00:00+00:00,0.0002,-1.0702362223941724,H2,2
289658,289665,long,RBS,mss,5.0,-1.0,1.7815580509200075,True,True,False,False,False,False,False,False,BTC,1h>5m,2025-07-07 14:00:00+00:00,0.0002,-1.0702362223941724,H2,2
289659,289665,long,RBS,retest,2.0,-1.0,1.5816038504624368,True,True,False,False,False,False,False,False,BTC,1h>5m,2025-07-07 14:05:00+00:00,0.0002,-1.0790905488728293,H2,2
289659,289665,long,RBS,retest,3.0,-1.0,1.5816038504624368,True,True,False,False,False,False,False,False,BTC,1h>5m,2025-07-07 14:05:00+00:00,0.0002,-1.0790905488728293,H2,2
289659,289665,long,RBS,retest,5.0,-1.0,1.5816038504624368,True,True,False,False,False,False,False,False,BTC,1h>5m,2025-07-07 14:05:00+00:00,0.0002,-1.0790905488728293,H2,2
302891,302907,long,RBS,mss,2.0,2.0,2.236793224373428,True,True,True,False,False,False,False,False,BTC,1h>5m,2025-08-22 12:45:00+00:00,0.0002,1.9547182608991323,H2,2
302891,302909,long,RBS,mss,3.0,3.0,2.236793224373428,True,True,True,False,False,False,False,False,BTC,1h>5m,2025-08-22 12:45:00+00:00,0.0002,2.9545182608991323,H2,2
302891,303179,long,RBS,mss,5.0,2.637069330814813,2.236793224373428,True,True,True,False,False,False,False,False,BTC,1h>5m,2025-08-22 12:45:00+00:00,0.0002,2.5916601778477824,H2,2
302892,302906,long,RBS,retest,2.0,2.0,1.6048766245338257,True,True,True,False,False,False,False,False,BTC,1h>5m,2025-08-22 12:50:00+00:00,0.0002,1.9372036751061357,H2,2
302892,302907,long,RBS,retest,3.0,3.0,1.6048766245338257,True,True,True,False,False,False,False,False,BTC,1h>5m,2025-08-22 12:50:00+00:00,0.0002,2.9370036751061357,H2,2
302892,302914,long,RBS,retest,5.0,5.0,1.6048766245338257,True,True,True,False,False,False,False,False,BTC,1h>5m,2025-08-22 12:50:00+00:00,0.0002,4.936603675106135,H2,2
291866,291951,short,SBR,mss,2.0,-1.0,1.0372329921754835,False,False,False,False,False,False,False,False,BTC,1h>5m,2025-07-15 06:00:00+00:00,0.0002,-1.055413887905687,H2,0
291866,291951,short,SBR,mss,3.0,-1.0,1.0372329921754835,False,False,False,False,False,False,False,False,BTC,1h>5m,2025-07-15 06:00:00+00:00,0.0002,-1.055413887905687,H2,0
291866,291951,short,SBR,mss,5.0,-1.0,1.0372329921754835,False,False,False,False,False,False,False,False,BTC,1h>5m,2025-07-15 06:00:00+00:00,0.0002,-1.055413887905687,H2,0
291867,291951,short,SBR,retest,2.0,-1.0,1.0255281562347136,False,False,False,False,False,False,False,False,BTC,1h>5m,2025-07-15 06:05:00+00:00,0.0002,-1.0560486354062866,H2,0
291867,291951,short,SBR,retest,3.0,-1.0,1.0255281562347136,False,False,False,False,False,False,False,False,BTC,1h>5m,2025-07-15 06:05:00+00:00,0.0002,-1.0560486354062866,H2,0
291867,291951,short,SBR,retest,5.0,-1.0,1.0255281562347136,False,False,False,False,False,False,False,False,BTC,1h>5m,2025-07-15 06:05:00+00:00,0.0002,-1.0560486354062866,H2,0
299387,299593,long,RBS,mss,2.0,2.0,1.7725252940526248,False,False,False,True,False,True,False,False,BTC,1h>5m,2025-08-10 08:45:00+00:00,0.0002,1.9414143296851287,H2,1
299387,299594,long,RBS,mss,3.0,3.0,1.7725252940526248,False,False,False,True,False,True,False,False,BTC,1h>5m,2025-08-10 08:45:00+00:00,0.0002,2.9412143296851285,H2,1
299387,299632,long,RBS,mss,5.0,5.0,1.7725252940526248,False,False,False,True,False,True,False,False,BTC,1h>5m,2025-08-10 08:45:00+00:00,0.0002,4.940814329685129,H2,1
299396,299593,long,RBS,retest,2.0,2.0,1.71634189679311,False,False,False,True,False,True,False,True,BTC,1h>5m,2025-08-10 09:30:00+00:00,0.0002,1.9395227512780095,H2,1
299396,299594,long,RBS,retest,3.0,3.0,1.71634189679311,False,False,False,True,False,True,False,True,BTC,1h>5m,2025-08-10 09:30:00+00:00,0.0002,2.9393227512780093,H2,1
299396,299629,long,RBS,retest,5.0,5.0,1.71634189679311,False,False,False,True,False,True,False,True,BTC,1h>5m,2025-08-10 09:30:00+00:00,0.0002,4.938922751278009,H2,1
304289,304352,long,RBS,mss,2.0,2.0,1.3498427592975693,True,False,False,True,False,True,False,False,BTC,1h>5m,2025-08-27 09:15:00+00:00,0.0002,1.930718954031622,H2,2
304289,304523,long,RBS,mss,3.0,3.0,1.3498427592975693,True,False,False,True,False,True,False,False,BTC,1h>5m,2025-08-27 09:15:00+00:00,0.0002,2.9305189540316223,H2,2
304289,304577,long,RBS,mss,5.0,3.1469980856483217,1.3498427592975693,True,False,False,True,False,True,False,False,BTC,1h>5m,2025-08-27 09:15:00+00:00,0.0002,3.0774876400628144,H2,2
304294,304351,long,RBS,retest,2.0,2.0,1.2270394163991245,True,False,False,True,False,True,False,False,BTC,1h>5m,2025-08-27 09:40:00+00:00,0.0002,1.9238653018524787,H2,2
304294,304521,long,RBS,retest,3.0,3.0,1.2270394163991245,True,False,False,True,False,True,False,False,BTC,1h>5m,2025-08-27 09:40:00+00:00,0.0002,2.9236653018524787,H2,2
304294,304581,long,RBS,retest,5.0,3.4419810094571783,1.2270394163991245,True,False,False,True,False,True,False,False,BTC,1h>5m,2025-08-27 09:40:00+00:00,0.0002,3.3655579151077655,H2,2
306920,306941,long,RBS,mss,2.0,-1.0,1.5624463705640699,False,True,False,False,False,False,False,False,BTC,1h>5m,2025-09-05 12:30:00+00:00,0.0002,-1.0514663457098659,H2,1
306920,306941,long,RBS,mss,3.0,-1.0,1.5624463705640699,False,True,False,False,False,False,False,False,BTC,1h>5m,2025-09-05 12:30:00+00:00,0.0002,-1.0514663457098659,H2,1
306920,306941,long,RBS,mss,5.0,-1.0,1.5624463705640699,False,True,False,False,False,False,False,False,BTC,1h>5m,2025-09-05 12:30:00+00:00,0.0002,-1.0514663457098659,H2,1
306940,306941,long,RBS,retest,2.0,-1.0,0.6402167139967637,False,True,False,False,False,False,False,True,BTC,1h>5m,2025-09-05 14:10:00+00:00,0.0002,-1.1253153149164234,H2,1
306940,306941,long,RBS,retest,3.0,-1.0,0.6402167139967637,False,True,False,False,False,False,False,True,BTC,1h>5m,2025-09-05 14:10:00+00:00,0.0002,-1.1253153149164234,H2,1
306940,306941,long,RBS,retest,5.0,-1.0,0.6402167139967637,False,True,False,False,False,False,False,True,BTC,1h>5m,2025-09-05 14:10:00+00:00,0.0002,-1.1253153149164234,H2,1
316442,316594,long,RBS,mss,2.0,-1.0,2.1042087614682865,False,True,False,False,False,False,False,False,BTC,1h>5m,2025-10-08 14:00:00+00:00,0.0002,-1.0334307585939375,H2,1
316442,316594,long,RBS,mss,3.0,-1.0,2.1042087614682865,False,True,False,False,False,False,False,False,BTC,1h>5m,2025-10-08 14:00:00+00:00,0.0002,-1.0334307585939375,H2,1
316442,316594,long,RBS,mss,5.0,-1.0,2.1042087614682865,False,True,False,False,False,False,False,False,BTC,1h>5m,2025-10-08 14:00:00+00:00,0.0002,-1.0334307585939375,H2,1
316444,316594,long,RBS,retest,2.0,-1.0,1.6635644851292635,False,True,False,False,False,False,False,False,BTC,1h>5m,2025-10-08 14:10:00+00:00,0.0002,-1.042232908257336,H2,1
316444,316594,long,RBS,retest,3.0,-1.0,1.6635644851292635,False,True,False,False,False,False,False,False,BTC,1h>5m,2025-10-08 14:10:00+00:00,0.0002,-1.042232908257336,H2,1
316444,316594,long,RBS,retest,5.0,-1.0,1.6635644851292635,False,True,False,False,False,False,False,False,BTC,1h>5m,2025-10-08 14:10:00+00:00,0.0002,-1.042232908257336,H2,1
325433,325461,short,SBR,mss,2.0,-1.0,0.9436333129820792,False,False,False,False,False,False,False,False,BTC,1h>5m,2025-11-08 19:15:00+00:00,0.0002,-1.0903644959217147,H2,0
325433,325461,short,SBR,mss,3.0,-1.0,0.9436333129820792,False,False,False,False,False,False,False,False,BTC,1h>5m,2025-11-08 19:15:00+00:00,0.0002,-1.0903644959217147,H2,0
325433,325461,short,SBR,mss,5.0,-1.0,0.9436333129820792,False,False,False,False,False,False,False,False,BTC,1h>5m,2025-11-08 19:15:00+00:00,0.0002,-1.0903644959217147,H2,0
325436,325461,short,SBR,retest,2.0,-1.0,0.8493805801155693,False,False,False,False,False,False,False,False,BTC,1h>5m,2025-11-08 19:30:00+00:00,0.0002,-1.1004141149513116,H2,0
325436,325461,short,SBR,retest,3.0,-1.0,0.8493805801155693,False,False,False,False,False,False,False,False,BTC,1h>5m,2025-11-08 19:30:00+00:00,0.0002,-1.1004141149513116,H2,0
325436,325461,short,SBR,retest,5.0,-1.0,0.8493805801155693,False,False,False,False,False,False,False,False,BTC,1h>5m,2025-11-08 19:30:00+00:00,0.0002,-1.1004141149513116,H2,0
336336,336624,long,RBS,mss,2.0,-0.15826513092659372,2.7155263801595355,False,True,True,False,False,False,False,True,BTC,1h>5m,2025-12-16 15:50:00+00:00,0.0002,-0.17703025633788924,H2,1
336336,336624,long,RBS,mss,3.0,-0.15826513092659372,2.7155263801595355,False,True,True,False,False,False,False,True,BTC,1h>5m,2025-12-16 15:50:00+00:00,0.0002,-0.17703025633788924,H2,1
336336,336624,long,RBS,mss,5.0,-0.15826513092659372,2.7155263801595355,False,True,True,False,False,False,False,True,BTC,1h>5m,2025-12-16 15:50:00+00:00,0.0002,-0.17703025633788924,H2,1
336338,336625,long,RBS,retest,2.0,-0.32236970289968075,2.491149918741,False,True,True,False,False,False,False,False,BTC,1h>5m,2025-12-16 16:00:00+00:00,0.0002,-0.34275899480478583,H2,1
336338,336625,long,RBS,retest,3.0,-0.32236970289968075,2.491149918741,False,True,True,False,False,False,False,False,BTC,1h>5m,2025-12-16 16:00:00+00:00,0.0002,-0.34275899480478583,H2,1
336338,336625,long,RBS,retest,5.0,-0.32236970289968075,2.491149918741,False,True,True,False,False,False,False,False,BTC,1h>5m,2025-12-16 16:00:00+00:00,0.0002,-0.34275899480478583,H2,1
348069,348130,short,SBR,mss,2.0,-1.0,1.2314931757288878,True,False,False,True,False,False,False,False,BTC,1h>5m,2026-01-26 09:35:00+00:00,0.0002,-1.046301736205434,H2,1
348069,348130,short,SBR,mss,3.0,-1.0,1.2314931757288878,True,False,False,True,False,False,False,False,BTC,1h>5m,2026-01-26 09:35:00+00:00,0.0002,-1.046301736205434,H2,1
348069,348130,short,SBR,mss,5.0,-1.0,1.2314931757288878,True,False,False,True,False,False,False,False,BTC,1h>5m,2026-01-26 09:35:00+00:00,0.0002,-1.046301736205434,H2,1
348070,348130,short,SBR,retest,2.0,-1.0,1.1855000283308703,True,False,False,True,False,False,False,False,BTC,1h>5m,2026-01-26 09:40:00+00:00,0.0002,-1.048105836716989,H2,1
348070,348130,short,SBR,retest,3.0,-1.0,1.1855000283308703,True,False,False,True,False,False,False,False,BTC,1h>5m,2026-01-26 09:40:00+00:00,0.0002,-1.048105836716989,H2,1
348070,348130,short,SBR,retest,5.0,-1.0,1.1855000283308703,True,False,False,True,False,False,False,False,BTC,1h>5m,2026-01-26 09:40:00+00:00,0.0002,-1.048105836716989,H2,1
355219,355224,long,RBS,mss,2.0,2.0,0.6696878061450904,False,False,True,False,False,False,False,True,BTC,1h>5m,2026-02-20 05:25:00+00:00,0.0002,1.909222792381308,H2,0
355219,355275,long,RBS,mss,3.0,3.0,0.6696878061450904,False,False,True,False,False,False,False,True,BTC,1h>5m,2026-02-20 05:25:00+00:00,0.0002,2.9090227923813083,H2,0
355219,355310,long,RBS,mss,5.0,-1.0,0.6696878061450904,False,False,True,False,False,False,False,True,BTC,1h>5m,2026-02-20 05:25:00+00:00,0.0002,-1.0901772076186917,H2,0
369455,369512,short,SBR,mss,2.0,-1.0,1.7867441820435275,True,True,True,False,False,False,False,False,BTC,1h>5m,2026-04-10 15:45:00+00:00,0.0002,-1.0393503603615664,H2,2
369455,369512,short,SBR,mss,3.0,-1.0,1.7867441820435275,True,True,True,False,False,False,False,False,BTC,1h>5m,2026-04-10 15:45:00+00:00,0.0002,-1.0393503603615664,H2,2
369455,369512,short,SBR,mss,5.0,-1.0,1.7867441820435275,True,True,True,False,False,False,False,False,BTC,1h>5m,2026-04-10 15:45:00+00:00,0.0002,-1.0393503603615664,H2,2
369460,369512,short,SBR,retest,2.0,-1.0,1.4639267763701442,True,True,False,False,False,False,False,False,BTC,1h>5m,2026-04-10 16:10:00+00:00,0.0002,-1.0480717970696414,H2,2
369460,369512,short,SBR,retest,3.0,-1.0,1.4639267763701442,True,True,False,False,False,False,False,False,BTC,1h>5m,2026-04-10 16:10:00+00:00,0.0002,-1.0480717970696414,H2,2
369460,369512,short,SBR,retest,5.0,-1.0,1.4639267763701442,True,True,False,False,False,False,False,False,BTC,1h>5m,2026-04-10 16:10:00+00:00,0.0002,-1.0480717970696414,H2,2
384771,384804,long,RBS,mss,2.0,-1.0,1.6257784471519063,True,False,False,False,False,False,False,False,BTC,1h>5m,2026-06-02 20:05:00+00:00,0.0002,-1.0259095995568854,H2,1
384771,384804,long,RBS,mss,3.0,-1.0,1.6257784471519063,True,False,False,False,False,False,False,False,BTC,1h>5m,2026-06-02 20:05:00+00:00,0.0002,-1.0259095995568854,H2,1
384771,384804,long,RBS,mss,5.0,-1.0,1.6257784471519063,True,False,False,False,False,False,False,False,BTC,1h>5m,2026-06-02 20:05:00+00:00,0.0002,-1.0259095995568854,H2,1
384772,384804,long,RBS,retest,2.0,-1.0,1.598792429078814,True,False,False,False,False,False,False,False,BTC,1h>5m,2026-06-02 20:10:00+00:00,0.0002,-1.026343551898462,H2,1
384772,384804,long,RBS,retest,3.0,-1.0,1.598792429078814,True,False,False,False,False,False,False,False,BTC,1h>5m,2026-06-02 20:10:00+00:00,0.0002,-1.026343551898462,H2,1
384772,384804,long,RBS,retest,5.0,-1.0,1.598792429078814,True,False,False,False,False,False,False,False,BTC,1h>5m,2026-06-02 20:10:00+00:00,0.0002,-1.026343551898462,H2,1
385668,385673,long,RBS,mss,2.0,-1.0,0.7055332461620434,True,False,False,False,False,False,False,False,BTC,1h>5m,2026-06-05 22:50:00+00:00,0.0002,-1.0315584606188835,H2,1
385668,385673,long,RBS,mss,3.0,-1.0,0.7055332461620434,True,False,False,False,False,False,False,False,BTC,1h>5m,2026-06-05 22:50:00+00:00,0.0002,-1.0315584606188835,H2,1
385668,385673,long,RBS,mss,5.0,-1.0,0.7055332461620434,True,False,False,False,False,False,False,False,BTC,1h>5m,2026-06-05 22:50:00+00:00,0.0002,-1.0315584606188835,H2,1
385669,385673,long,RBS,retest,2.0,-1.0,0.6869922352979158,True,False,False,False,False,False,False,False,BTC,1h>5m,2026-06-05 22:55:00+00:00,0.0002,-1.0324047839528945,H2,1
385669,385673,long,RBS,retest,3.0,-1.0,0.6869922352979158,True,False,False,False,False,False,False,False,BTC,1h>5m,2026-06-05 22:55:00+00:00,0.0002,-1.0324047839528945,H2,1
385669,385673,long,RBS,retest,5.0,-1.0,0.6869922352979158,True,False,False,False,False,False,False,False,BTC,1h>5m,2026-06-05 22:55:00+00:00,0.0002,-1.0324047839528945,H2,1
409465,409480,long,RBS,mss,2.0,2.0,1.3169225828615532,False,True,False,False,False,False,False,False,BTC,1h>5m,2026-08-27 13:55:00+00:00,0.0002,1.9490836607719577,H2,1
409465,409604,long,RBS,mss,3.0,3.0,1.3169225828615532,False,True,False,False,False,False,False,False,BTC,1h>5m,2026-08-27 13:55:00+00:00,0.0002,2.948883660771958,H2,1
409465,409753,long,RBS,mss,5.0,-0.32139136510233324,1.3169225828615532,False,True,False,False,False,False,False,False,BTC,1h>5m,2026-08-27 13:55:00+00:00,0.0002,-0.371843426057355,H2,1
409466,409480,long,RBS,retest,2.0,2.0,1.2183251430192978,False,True,False,False,False,False,False,False,BTC,1h>5m,2026-08-27 14:00:00+00:00,0.0002,1.945027811830102,H2,1
409466,409604,long,RBS,retest,3.0,3.0,1.2183251430192978,False,True,False,False,False,False,False,False,BTC,1h>5m,2026-08-27 14:00:00+00:00,0.0002,2.944827811830102,H2,1
409466,409753,long,RBS,retest,5.0,-0.2664724672702314,1.2183251430192978,False,True,False,False,False,False,False,False,BTC,1h>5m,2026-08-27 14:00:00+00:00,0.0002,-0.32099136094667524,H2,1
410934,411222,short,SBR,mss,2.0,-0.046264484555642034,2.1607492546485845,False,True,False,False,False,False,False,True,BTC,1h>5m,2026-09-01 16:20:00+00:00,0.0002,-0.07963788005564325,H2,1
410934,411222,short,SBR,mss,3.0,-0.046264484555642034,2.1607492546485845,False,True,False,False,False,False,False,True,BTC,1h>5m,2026-09-01 16:20:00+00:00,0.0002,-0.07963788005564325,H2,1
410934,411222,short,SBR,mss,5.0,-0.046264484555642034,2.1607492546485845,False,True,False,False,False,False,False,True,BTC,1h>5m,2026-09-01 16:20:00+00:00,0.0002,-0.07963788005564325,H2,1
410935,411222,short,SBR,retest,2.0,-0.04294804819641845,2.153261691013426,False,True,False,False,False,False,False,False,BTC,1h>5m,2026-09-01 16:25:00+00:00,0.0002,-0.07643818888178369,H2,1
410935,411222,short,SBR,retest,3.0,-0.04294804819641845,2.153261691013426,False,True,False,False,False,False,False,False,BTC,1h>5m,2026-09-01 16:25:00+00:00,0.0002,-0.07643818888178369,H2,1
410935,411222,short,SBR,retest,5.0,-0.04294804819641845,2.153261691013426,False,True,False,False,False,False,False,False,BTC,1h>5m,2026-09-01 16:25:00+00:00,0.0002,-0.07643818888178369,H2,1
412733,412770,short,SBR,mss,2.0,-1.0,1.4558871547431729,False,False,False,False,False,False,False,True,BTC,1h>5m,2026-09-07 22:15:00+00:00,0.0002,-1.0887069691892468,H2,0
412733,412770,short,SBR,mss,3.0,-1.0,1.4558871547431729,False,False,False,False,False,False,False,True,BTC,1h>5m,2026-09-07 22:15:00+00:00,0.0002,-1.0887069691892468,H2,0
412733,412770,short,SBR,mss,5.0,-1.0,1.4558871547431729,False,False,False,False,False,False,False,True,BTC,1h>5m,2026-09-07 22:15:00+00:00,0.0002,-1.0887069691892468,H2,0
412734,412770,short,SBR,retest,2.0,-1.0,1.3389152583805843,False,False,False,False,False,False,False,False,BTC,1h>5m,2026-09-07 22:20:00+00:00,0.0002,-1.096474164850677,H2,0
412734,412770,short,SBR,retest,3.0,-1.0,1.3389152583805843,False,False,False,False,False,False,False,False,BTC,1h>5m,2026-09-07 22:20:00+00:00,0.0002,-1.096474164850677,H2,0
412734,412770,short,SBR,retest,5.0,-1.0,1.3389152583805843,False,False,False,False,False,False,False,False,BTC,1h>5m,2026-09-07 22:20:00+00:00,0.0002,-1.096474164850677,H2,0
