time,side,entry,sl,tp,fvg_lo,fvg_hi,fvg_size_pct,risk_pct,rr_planned,wait_bars,trend_align,hour_utc,dow,killzone,result_R,outcome,bars_to_exit
2025-10-05 07:45:00+00:00,long,124796.24,124597.67548,125708.42,124173.0,124876.72,0.56389519427829,0.15911097962566814,4.593872057304061,17,1.5106982017512327,7,6,1,-1.6284921394819178,loss,3
2025-10-05 10:20:00+00:00,long,123044.24,122495.735952,125392.08,122410.0,123344.98,0.7598730342842508,0.44577791532541666,4.280442429843263,10,-0.06518665922177096,10,6,0,-1.224326949725628,loss,78
2025-10-05 12:00:00+00:00,short,123123.61,123513.75230800001,122520.24,123130.0,124558.0,1.1598100478048037,0.31687042639507523,1.5465382441936562,12,0.0015298286879841085,12,6,1,1.8621246532431381,win,58
2025-10-06 01:10:00+00:00,long,123486.87,123059.3832,124358.46,122801.44,123219.62,0.3386432905781749,0.3461799622907268,2.038869972125487,4,0.30374384472521754,1,0,0,1.7500028772818557,win,123
2025-10-07 03:10:00+00:00,long,124484.91,124134.388156,125279.08,124142.85,124178.0,0.02823635410909979,0.28157777838294024,2.2656790542274803,10,-0.04878915062737854,3,1,0,-1.3551416612997138,loss,4
2025-10-07 20:35:00+00:00,short,122072.8,122172.040704,120574.94,122084.14,122568.0,0.3963700349299767,0.08129632809274154,15.093202079663383,6,0.9387095339316489,20,1,0,0.23006785602815438,loss,2
2025-10-08 11:15:00+00:00,short,122967.56,123175.36,121311.91,122865.36,123288.0,0.3437004035861161,0.1689876582083949,7.9675168431182435,8,-0.5058677249249591,11,2,0,-0.4082408084696907,loss,33
2025-10-08 18:00:00+00:00,short,123880.85,124172.41055,121649.68,124000.0,124340.0,0.2744572708372601,0.23535562599061494,7.652509916036492,6,-1.0715708830271857,18,2,0,8.077398845625911,win,104
2025-10-08 19:25:00+00:00,long,123638.22,123136.18783600001,124197.25,123129.23,123415.58,0.2316031401940321,0.40604933005343274,1.1135342316433947,5,0.7836807283492043,19,2,0,-1.246275495607494,loss,18
2025-10-08 21:20:00+00:00,long,123245.99,122769.84112,124197.25,122622.55,122958.05,0.272219810153661,0.3863402614559775,1.9978205136174614,5,0.3853008582496287,21,2,0,-1.258839189120844,loss,44
2025-10-09 04:40:00+00:00,short,122028.99,122239.5472,121475.98,122120.28,122339.41,0.17957208364996272,0.17254686775658443,2.6264122053295766,4,0.5335551674704845,4,3,0,3.2059648874511213,win,44
2025-10-09 23:30:00+00:00,short,121436.45,121743.65639799999,120496.09,121734.27,122277.76,0.44755096184052706,0.25297709048641887,3.06100395734602,9,0.25039948855435434,23,3,0,-0.6047072886808755,loss,4
2025-10-12 02:35:00+00:00,short,110172.26,110686.748222,109565.06,110318.01,110644.0,0.29589117986687874,0.4669852665271639,1.1802019444480056,4,1.6446486850907283,2,6,0,-0.7858604817585114,loss,6
2025-10-12 05:05:00+00:00,short,111269.92,111934.748572,109565.06,111368.29,111836.45,0.42074264095813446,0.5974917318175464,2.5643603055014372,5,0.46582746232018185,5,6,0,-0.8326336672546013,loss,16
2025-10-12 21:05:00+00:00,short,114863.97,115445.55627,113372.33,115112.69,115952.47,0.7311082839988892,0.5063261090488164,2.5647785667292315,8,-1.8898613877455168,21,6,0,-0.802498827903898,loss,1
2025-10-14 14:30:00+00:00,short,111495.59,112177.56,109866.0,112194.0,112390.0,0.17579170620111523,0.611656478969259,2.3895332639265563,3,1.2055018748272055,14,1,1,-0.8365095385427515,loss,14
2025-10-15 05:45:00+00:00,short,112386.68,112636.4682,111746.76,112465.5,112673.9,0.1854312272593106,0.2222578334016184,2.5618503996584816,9,0.2989386560937672,5,2,0,-0.5500721010840564,loss,18
2025-10-16 11:50:00+00:00,long,111288.0,110979.23971200001,111728.7,110893.91,111021.02,0.11421716627129663,0.2774425706275523,1.4273208606412844,4,-0.025886426576850204,11,3,0,1.0668859072964958,win,2
2025-10-17 02:35:00+00:00,long,108649.99,108368.531958,109115.08,108420.73,108506.79,0.07920847484661311,0.259050223566517,1.6524310220277847,5,-0.7602349759946305,2,4,0,1.2664054914444354,win,16
2025-10-17 12:25:00+00:00,short,105600.74,106629.889756,103528.23,105716.15,106639.79,0.8746529617121995,0.9745668032250521,2.0138079885042615,15,2.062184496581769,12,4,1,-0.897390307499621,loss,41
2025-10-17 16:25:00+00:00,short,106792.6,107554.08488000001,104533.21,106901.85,108299.12,1.3083959000904457,0.7130502300721244,2.967084520443779,5,0.3979701596124066,16,4,0,0.10993337123123498,timeout,288
2025-10-17 17:50:00+00:00,long,106481.67,106050.205716,107575.6,105989.01,106239.75,0.23547714832046232,0.40520052324498806,2.5353894645889246,6,-0.6118366908478887,17,4,0,0.6680699670612711,timeout,288
2025-10-19 19:15:00+00:00,long,109131.19,108856.93425800001,109450.07,108988.27,109037.5,0.045110843197069435,0.25130830333655657,1.1627103872997917,2,1.2890334877758483,19,6,0,-1.3979176122409223,loss,4
2025-10-20 09:40:00+00:00,long,110840.03,110669.82160800001,111445.67,110535.13,111001.91,0.4211294421338562,0.15356220311379012,3.5582264357450106,16,1.4471925155037453,9,0,1,-1.65120191018554,loss,14
2025-10-20 17:45:00+00:00,long,110396.42,109833.858834,111705.56,108970.51,109951.96,0.8890233940557235,0.5095827980653717,2.3271069514243727,2,0.31981432496366297,17,0,0,-1.1962389632845722,loss,98
2025-10-21 14:25:00+00:00,short,109679.8,110575.850406,107580.0,110489.41,110521.85,0.029577005063833386,0.8169694018406259,2.3433949540557597,1,-0.5515252918469272,14,1,1,-0.8775963949510217,loss,4
2025-10-21 18:45:00+00:00,long,112007.86,111302.025142,114000.0,108913.68,111716.91,2.5027082920787973,0.6301654705303735,2.8223882363146107,2,1.7062922850329842,18,1,0,-1.1586884789416276,loss,17
2025-10-23 19:30:00+00:00,short,110356.99,111271.351278,108723.13,111111.0,111562.94,0.40952548633303815,0.8285485840090389,1.7868866927236682,21,-0.9469095034130188,19,3,0,-0.8793070171985122,loss,108
2025-10-23 22:45:00+00:00,short,109901.13,110136.338326,109341.28,109727.22,110106.0,0.344655236938873,0.21401811428143885,2.380230366505067,8,-0.41855129655642076,22,3,0,-0.5327498313133547,loss,15
2025-10-24 08:10:00+00:00,long,111088.59,110746.076354,111522.3,110630.81,110941.02,0.2792456002907287,0.30832477574878947,1.2662561187416643,6,0.8275091286797475,8,4,1,-1.324333325977916,loss,4
2025-10-24 16:25:00+00:00,long,110353.05,109678.06999799999,112104.98,109727.22,109839.0,0.10129307708305192,0.6116550489542529,2.595528748716861,24,-0.11574476863723356,16,4,0,1.1288437401734908,timeout,288
2025-10-28 10:00:00+00:00,short,114466.13,114611.533108,113483.3,114626.99,114790.81,0.1431165708144343,0.12702718961495302,6.759346574627629,12,-0.08463016185619532,10,1,0,-0.21276696506376536,loss,19
2025-10-28 23:00:00+00:00,short,113027.21,113266.362196,112211.0,113225.53,113566.44,0.30161763702740557,0.21158816182403817,3.412931236475127,6,1.088571772413382,23,1,0,3.8855474695286683,win,28
2025-10-29 01:30:00+00:00,long,112558.64,112077.58,113289.02,111850.0,112189.33,0.3014695273503675,0.4273861162501587,1.5182721490042992,2,-1.2471917587747674,1,2,0,1.284291689186396,win,50
2025-10-29 10:20:00+00:00,long,113081.48,112746.076274,113624.12,112666.75,112807.34,0.12432628225240465,0.2966035870772027,1.6178711145266655,10,-0.3236422987924521,10,2,0,-1.3371503392302908,loss,6
2025-10-30 01:55:00+00:00,short,110460.76,110703.494872,109703.43,110583.86,110949.68,0.33117642862496366,0.2197476026780921,3.1199884621439926,9,1.2967529200307442,1,3,0,-0.5449324644215126,loss,4
2025-10-31 02:20:00+00:00,long,109333.34,108992.777084,110042.16,108334.53,109180.0,0.7732956845551423,0.3114904529578949,2.0813188010171277,2,0.3504500363426365,2,4,0,-1.3210371266612055,loss,3
2025-10-31 07:10:00+00:00,long,109757.33,109418.851852,110215.0,109324.4,109691.92,0.33484779558686795,0.3083877386594542,1.3521404637324044,13,0.5599309860792266,7,4,1,-1.3242671074884331,loss,7
2025-10-31 09:25:00+00:00,short,109998.84,110427.91,109214.13,110231.92,110681.22,0.4084588528388144,0.39006774980536796,1.8288624233807516,5,-0.68042651856084,9,4,1,-0.7436342787890129,loss,30
2025-11-01 05:15:00+00:00,long,110167.07,110027.99,110564.49,109872.29,110109.58,0.21539104198741796,0.12624462101061754,2.8574920908828965,2,0.42103192179919513,5,5,0,-1.7921129565717475,loss,12
2025-11-01 18:45:00+00:00,long,110276.63,110169.96160000001,110529.99,109993.98,110208.49,0.19451990870596,0.0967280193455268,2.375211402814821,10,0.25312405295951684,18,5,0,-2.0338266065676915,loss,35
2025-11-02 00:00:00+00:00,short,110041.59,110122.461102,109858.44,110098.59,110298.17,0.18136779012371754,0.0734913972071874,2.2647150276248706,1,0.018740269488013404,0,6,0,0.36070348095409566,loss,5
2025-11-02 13:45:00+00:00,long,110491.27,110151.805232,111250.01,110086.82,110274.65,0.16999533085282412,0.3072322075762232,2.2351067666615076,5,0.09383028746521464,13,6,1,-1.3254867085352382,loss,26
2025-11-05 04:50:00+00:00,short,101874.39,102251.77555399999,98966.8,102257.7,103185.89,0.9111122039601929,0.3704420257142086,7.704560943527927,13,0.7314350682521372,4,2,0,-0.7300522266413996,loss,4
2025-11-05 08:30:00+00:00,long,101679.8,101156.234706,102370.0,101015.01,101461.98,0.43958583710825666,0.5149157394094008,1.3182691975759515,2,-0.7255025884643038,8,2,1,1.1240626656204549,win,46
2025-11-07 16:10:00+00:00,short,100566.65,101233.73920200001,99260.86,101250.03,101438.39,0.18729867207468937,0.6633304400614094,1.9574443658885061,11,0.746658006733679,16,4,0,-0.8492455736077147,loss,2
2025-11-08 02:40:00+00:00,short,103142.21,103312.663334,102539.49,103240.32,103329.79,0.08674431156748202,0.16526050198070286,3.535982464268103,5,-0.7791866618932791,2,5,0,4.141087730205615,win,20
2025-11-08 06:30:00+00:00,long,102376.29,102071.841548,103333.33,101628.43,102282.2,0.6385951278367327,0.2973817980706245,3.1435206640499453,7,-0.03897018647947696,6,5,0,-1.3362680589356422,loss,10
2025-11-08 13:40:00+00:00,short,101975.72,102166.55260200001,101715.76,102108.0,102310.0,0.19808636800995372,0.18713533182213324,1.3622410283961515,4,0.3595332886548786,13,5,1,1.8966136614329054,win,4
2025-11-09 04:45:00+00:00,short,101781.15,102110.183878,101400.0,102100.0,102276.82,0.17372568496230098,0.32327585019426686,1.1583913556767302,5,0.2777230448299898,4,6,0,-0.6906666553041101,loss,53
2025-11-09 22:45:00+00:00,long,104437.5,104037.778282,105061.08,103964.81,104153.84,0.18099820466786243,0.3827377311789354,1.5600353243753462,8,1.2674545248407192,22,6,0,1.2987598036892276,win,3
2025-11-10 02:10:00+00:00,long,105838.0,105535.56866399999,106670.11,105495.62,105698.94,0.19210491505887015,0.2857492923146778,2.751401395786502,2,2.0142128818187808,2,0,0,-1.3499571221680446,loss,151
2025-11-11 21:10:00+00:00,long,102967.65,102637.828328,103730.0,102425.19,102769.99,0.33486245437280826,0.3203158195802186,2.311400568001568,12,-1.4707391793796396,21,1,0,-1.3121918865295268,loss,5
2025-11-12 09:25:00+00:00,short,104754.84,105058.294138,103051.59,104706.09,105145.47,0.41943646708830323,0.28968030307716663,5.61287452273923,3,-0.9289756152005942,9,2,1,-0.6547918552357995,loss,20
2025-11-13 10:05:00+00:00,long,103029.78,102533.11927400001,104085.01,102406.39,102914.39,0.49306132654073415,0.48205550472881464,2.1246495741642812,12,0.20024358756137695,10,3,0,-1.2074449913319754,loss,40
2025-11-13 23:50:00+00:00,short,99795.29,100481.209738,98000.4,99922.0,100550.0,0.6292882159067827,0.6873267646198649,2.616763887322294,14,1.3358292059663766,23,3,0,2.76225509346688,win,56
2025-11-14 18:10:00+00:00,long,96319.98,95580.88,97411.11,95695.83,95868.4,0.1791632431817287,0.7673381991981221,1.4762954945203863,4,-1.5225192615314433,18,4,0,-1.1303206332025453,loss,5
2025-11-16 00:05:00+00:00,short,95411.38,95685.669038,95119.94,95672.0,95920.94,0.26091227272889495,0.2874804221466958,1.0625287912527333,10,0.5913897728461992,0,6,0,1.4103785656939714,win,11
2025-11-16 12:40:00+00:00,long,95818.26,95417.37270800001,96635.11,95493.97,95630.22,0.14219627866337795,0.41838298044650873,2.037605123187683,15,-0.10567419377181865,12,6,1,-1.2390154587389706,loss,9
2025-11-17 03:00:00+00:00,long,95019.99,94688.87843600001,95487.8,94540.0,94722.21,0.19175964973265772,0.34846516401442645,1.4128470608172703,12,0.06368028730587823,3,0,0,1.1258743291732545,win,4
2025-11-17 08:40:00+00:00,short,95623.12,96007.504658,94849.37,95900.0,96375.05,0.49679408076206144,0.4019787871385183,2.0129575514951483,4,-0.5424421634591058,8,0,1,2.2617268975391247,win,54
2025-11-17 23:15:00+00:00,short,91870.0,92381.00010399999,91292.0,92234.53,92413.31,0.19460106672471847,0.5562208599107342,1.131115229675197,27,2.1530977620966802,23,0,0,1.3108999288971006,win,18
2025-11-18 09:00:00+00:00,short,91067.95,91421.712,89253.78,90927.69,91624.5,0.7651539317619401,0.3884593866448102,5.128221798836465,9,1.1544997615100991,9,1,1,-0.7425728314516558,loss,3
2025-11-18 22:05:00+00:00,long,92836.04,92444.22745600001,93766.0,92450.23,92579.23,0.13895465597196952,0.42204788571333485,2.3734819475306033,4,0.4674913737635485,22,1,0,-1.236939938298666,loss,26
2025-11-19 08:05:00+00:00,short,91743.57,92010.514216,90025.06,91976.12,92280.0,0.3312275726789405,0.290967765915354,6.437712064906027,4,0.36654620609505856,8,2,1,-0.6563193187897962,loss,84
2025-11-19 09:30:00+00:00,long,91366.65,91054.19551800001,92028.92,91104.0,91287.34,0.20066402784823184,0.34197870010554887,2.1195727318772555,6,-0.7085400484547691,9,2,1,-1.2924158725942165,loss,59
2025-11-20 07:45:00+00:00,long,92348.31,91668.73258600001,93160.0,91594.0,91820.01,0.2447364764985897,0.7358850573442923,1.1944040270885465,13,0.8249444649892043,7,3,1,-1.1358907875652295,loss,24
2025-11-20 22:35:00+00:00,short,87803.59,88232.35,86100.0,88158.49,89835.34,1.909773848654698,0.4883171633415095,3.9732950834965,1,2.1643290517264715,22,3,0,4.178080021457126,win,49
2025-11-21 05:25:00+00:00,short,86208.42,86332.73,85360.0,86135.58,86834.81,0.8110924663739295,0.1441970517496988,6.825034188721858,5,2.448689384728689,5,4,0,-0.3065045450888777,loss,3
2025-11-21 11:30:00+00:00,short,82795.18,83324.051856,81648.0,82911.99,83521.07,0.7356466886115856,0.6387713101173432,2.16910767132968,6,4.537244497989796,11,4,0,2.325658221450082,win,10
2025-11-21 15:25:00+00:00,short,83623.77,85478.9008,80600.0,84709.89,85550.0,1.0046306211738607,2.218425215701228,1.6299497587986818,11,2.5065565156627985,15,4,0,-0.9549229790158192,loss,20
2025-11-23 07:10:00+00:00,long,85866.88,85585.19953600001,86860.0,85325.94,85689.36,0.42323652612042995,0.32804320361935824,3.5256971175680487,1,0.7770791535730669,7,6,1,-1.3048378960352858,loss,3
2025-11-24 12:00:00+00:00,short,86149.59,86416.643214,85696.56,86190.0,86724.78,0.6207574522409206,0.30998779448631103,1.6964034741031035,12,0.6014635816444078,12,0,1,-0.6774066534919136,loss,14
2025-11-25 05:05:00+00:00,short,88217.52,88502.28600200001,87457.53,88300.01,88598.0,0.3377900444265552,0.32279982706383487,2.6688228042053797,6,-0.654994963475312,5,1,0,2.9786123134179254,win,33
2025-11-25 13:00:00+00:00,short,87422.23,87774.64156,86666.0,87606.57,87802.09,0.22365020887706652,0.4031143566115938,2.1458717188504806,10,0.16684909021562244,13,1,1,2.393940283911167,win,20
2025-11-25 16:35:00+00:00,short,87053.49,87282.54000000001,86116.0,87298.35,87361.71,0.07278283731071618,0.2631140922667235,4.0929491377428215,10,0.4192441764625086,16,1,0,-0.6199367387033446,loss,7
2025-11-27 00:30:00+00:00,long,90321.12,90071.892018,90656.08,90114.67,90127.88,0.014625593659607413,0.27593544234172107,1.3439903389339758,4,1.9562109354342518,0,3,0,0.9815867304980611,win,6
2025-11-28 21:50:00+00:00,short,90977.68,91228.910568,90180.63,91208.43,91976.59,0.8443389631390947,0.2761452787101337,3.1725836801831586,16,0.33283337056642637,21,4,0,3.5347119065540635,win,244
2025-11-29 08:50:00+00:00,short,90561.99,90720.022366,90311.92,90666.0,90733.22,0.07422540074483916,0.17450186993461544,1.582397367891131,8,0.43794269440403644,8,5,1,-0.42694023830535877,loss,39
2025-11-29 19:30:00+00:00,short,90695.06,90832.659834,90155.47,90719.16,90862.22,0.15773736739354677,0.15171701082727973,3.921443684299545,5,0.11187579900571007,19,5,0,-0.34087812925708305,loss,15
2025-11-30 12:05:00+00:00,long,91161.5,90980.140332,91632.0,91037.72,91138.65,0.11071559814175175,0.1989432688141426,2.594292353909625,6,0.2307705017760437,12,6,1,2.091636493291278,win,14
2025-12-01 09:10:00+00:00,short,86642.43,86920.62239799999,85604.0,86800.0,86941.4,0.16319948551765479,0.32108102000370864,3.7327763356063954,6,2.36867393382653,9,0,1,4.04422420629911,win,42
2025-12-01 14:40:00+00:00,short,86054.68,86656.6652,84756.0,86231.52,86552.0,0.3724143765336132,0.6995380146669654,2.1573287848272202,8,2.0077333670113227,14,0,1,2.300280272671105,win,10
2025-12-01 18:35:00+00:00,short,84916.66,85537.889,83822.76,85463.12,85868.0,0.4767968970988787,0.7315749347654418,1.7608643511491298,5,2.450997920356559,18,0,0,-0.8633086027857665,loss,18
2025-12-02 00:05:00+00:00,long,86471.98,86232.55004,86860.0,85833.01,86300.0,0.5400477703875929,0.27688733390861875,1.6205991931837342,3,-0.1677431164973645,0,1,0,-1.3611577264599726,loss,3
2025-12-02 05:10:00+00:00,long,87000.56,86800.77637200001,87350.0,86857.79,86900.79,0.049424969218588945,0.22963487591343107,1.7490922729665295,1,0.4041592800892939,5,1,0,-1.4354739218170784,loss,36
2025-12-02 15:25:00+00:00,short,90174.52,90890.83819600001,86985.51,90417.0,91049.22,0.7011071420175023,0.7943687374216213,4.451946101338429,3,-3.35281829592235,15,1,0,-0.8741138777382125,loss,5
2025-12-05 11:20:00+00:00,short,91330.34,91545.38726,90956.25,91488.0,91892.86,0.4432919005885673,0.23546092131049406,1.7395711063697576,3,0.9631886368724076,11,4,0,2.1642700306899147,win,24
2025-12-05 18:20:00+00:00,short,89346.61,89777.630882,88056.0,89540.71,90258.24,0.8030858697380895,0.4824143658052578,2.9943096817290846,3,2.1847539853456563,18,4,0,-0.7927093239997578,loss,19
2025-12-07 00:10:00+00:00,short,89184.0,89365.583308,88908.01,89329.38,89390.01,0.0679830462863183,0.2036052520631516,1.5199084268252427,1,0.5459291119419997,0,6,0,-0.5088535340484079,loss,3
2025-12-07 22:30:00+00:00,long,90038.15,88977.53093400001,91760.0,89106.0,89115.85,0.010939807181739985,1.1779663020619424,1.623438664452625,5,0.12317577294106404,22,6,0,1.5385465925614705,win,109
2025-12-08 00:10:00+00:00,short,90069.21,90453.56566800001,88995.33,90241.8,91308.82,1.1846667690323962,0.4267336951217888,2.793974668275203,3,-0.149905529270301,0,0,0,-0.7656618140466732,loss,5
2025-12-08 09:15:00+00:00,short,92001.01,92268.69257,91037.43,92112.04,92203.34,0.0992380409736838,0.290956121025198,3.5997114044443967,2,-1.441704084277099,9,0,1,3.9434058407313706,win,64
2025-12-08 18:50:00+00:00,short,90085.05,90509.19454000001,89612.0,90499.99,90790.0,0.32192911032407123,0.47082677980420545,1.1153037594212425,6,0.8165402598302383,18,0,0,-0.7876076631801079,loss,17
2025-12-09 22:00:00+00:00,long,92675.54,92236.469016,94225.0,90644.02,92693.5,2.211457305778845,0.47377224238455035,3.5289510271989157,4,1.031882550125735,22,1,0,-1.2110718844495585,loss,33
2025-12-11 05:10:00+00:00,short,90113.0,90462.043972,89389.63,90074.01,90658.24,0.6483304295717716,0.3873403082796039,2.072432295149324,12,1.733284083390619,5,3,0,-0.7418290896597975,loss,50
2025-12-11 19:50:00+00:00,short,90965.67,91519.95234799999,89333.0,91407.04,91942.56,0.5887056072911946,0.6093313532456732,2.945556548735732,3,-0.33637964754154875,19,3,0,-0.8358856811366451,loss,10
2025-12-12 01:20:00+00:00,long,92168.98,91430.020338,93555.0,91538.26,91706.06,0.1820569132912211,0.8017444285485138,1.8756368869293107,5,0.9906409706011229,1,4,0,-1.1247280260881152,loss,169
2025-12-12 18:40:00+00:00,short,90438.09,90647.8668,89480.0,90441.17,91903.34,1.6167634676937541,0.2319562476385856,4.567187601297975,17,1.243391008367046,18,4,0,1.8520546123307675,timeout,288
2025-12-15 02:35:00+00:00,short,89558.37,90034.629472,87577.36,89853.7,90001.1,0.16458539832737995,0.5317866682924279,4.15951832239879,4,-0.41126985680312633,2,0,0,4.347563653285141,win,149
2025-12-15 04:00:00+00:00,long,89478.58,89208.064818,90052.64,88692.3,89235.72,0.607318533664703,0.3023239550739438,2.122099010324647,5,0.301354240497748,4,0,0,-1.3307710101091446,loss,126
2025-12-15 20:05:00+00:00,short,85900.01,86543.08791999999,85146.64,86496.89,86621.91,0.14554131018145874,0.7486354425337042,1.1715065570903134,13,2.8464974752667582,20,0,0,-0.866423636501156,loss,129
2025-12-16 11:35:00+00:00,short,87104.0,87310.23445999999,85850.0,87220.0,87840.0,0.711792799412197,0.23676807035267314,6.0804581348822415,11,-0.33894832648132167,11,1,0,-0.5776457532848622,loss,4
2025-12-16 14:05:00+00:00,long,86841.57,86090.208514,87786.88,86426.07,86820.0,0.45361915957990273,0.86520946823049,1.2581294325218932,6,-0.02678771425709179,14,1,1,1.142550484681068,win,21
2025-12-17 07:10:00+00:00,short,86662.31,86987.868946,86209.11,86756.74,87150.01,0.4537958888933258,0.37566382202367404,1.3920674138071163,14,0.6248863995147018,7,2,1,-0.7338045504054471,loss,4
2025-12-19 04:20:00+00:00,short,87092.61,87551.476202,85110.24,86889.04,87852.0,1.1056736042242923,0.5268715703892727,4.320148207385244,11,-0.8620532265103206,4,4,0,-0.8102004252647068,loss,32
2025-12-19 05:45:00+00:00,long,87019.88,86630.180498,87568.99,85929.06,86846.15,1.05388561786111,0.4478281307673639,1.4090600505822464,6,0.6994879109437258,5,4,0,1.1857600988158228,win,15
2025-12-21 03:40:00+00:00,short,88049.24,88132.37,87869.35,88149.99,88306.0,0.17718494787688654,0.0944130806807533,2.163960062552879,4,0.11384463513382706,3,6,0,0.0591752676531998,loss,5
2025-12-21 14:05:00+00:00,long,88052.39,87582.519992,89081.77,87466.09,87614.79,0.1688767334992237,0.5336255018177224,2.190776134832613,4,-0.2696744061763008,14,6,1,2.003378794077039,win,121
2025-12-22 01:10:00+00:00,long,88970.33,88498.2968,89627.24,88494.99,88613.87,0.13361757790489268,0.5305512523107482,1.3916605865858505,2,0.683153206758799,1,0,0,-1.1884832041475029,loss,10
2025-12-22 17:35:00+00:00,long,89464.98,89074.271582,90454.74,89008.0,89093.44,0.09550105527325031,0.43671659905361265,2.533244625407643,5,0.25768587975249585,17,0,0,-1.2289814497930813,loss,17
2025-12-22 21:45:00+00:00,short,88343.36,88601.406174,87911.79,88486.12,89140.0,0.7401574945757153,0.29209458865952437,1.6724526208243735,8,0.8151942648249857,21,0,0,-0.6576451468720514,loss,13
2025-12-23 04:30:00+00:00,short,88170.08,88350.42638,87800.0,88355.56,88430.0,0.08442773330817249,0.2045437409152886,2.0520511695327417,4,0.7120021982109576,4,1,0,2.5409441542436,win,12
2025-12-23 12:00:00+00:00,short,87744.65,87872.422,87297.69,87780.0,87930.99,0.17207886748651371,0.14561799494329483,3.4981060013144565,9,0.5785722290876449,12,1,1,-0.3132716870676524,loss,1
2025-12-24 04:15:00+00:00,short,87351.63,87441.04829199999,86863.88,87392.61,87500.0,0.12293989247825074,0.10236591120278758,5.454700476722009,3,0.4397406901271408,4,2,0,6.431588181085812,win,17
2025-12-24 13:45:00+00:00,long,87242.01,87021.03231200001,87478.59,86903.17,87077.66,0.20000685449590772,0.25329275196660933,1.0706058251456516,3,-0.17360962298407817,13,2,1,-1.3948000849751225,loss,9
2025-12-25 00:45:00+00:00,long,87627.05,87493.64777,88049.89,87500.67,87516.77,0.018373321936554776,0.15223864092196068,3.1696621563220826,2,0.1760948769955141,0,3,0,-1.6568634572300285,loss,91
2025-12-25 14:15:00+00:00,short,87628.14,87712.833924,87251.6,87603.78,87755.94,0.17364285034465354,0.09665151399996225,4.445891537626296,7,-0.06566616402847054,14,3,1,0.03464494099946602,loss,6
2025-12-26 04:15:00+00:00,long,88771.64,88499.026654,89440.0,87500.0,88714.36,1.3679594068556136,0.3070950880258586,2.4516774758342343,3,1.0034448226332138,4,4,0,2.1260454357946372,win,37
2025-12-26 10:15:00+00:00,short,88750.69,88900.806282,88347.45,88886.0,88996.58,0.12459621440689841,0.16914379144545544,2.6861843007808974,6,-0.5351337009997982,10,4,0,-0.40878704949541433,loss,40
2025-12-26 20:00:00+00:00,short,87437.5,87562.773942,86655.08,87381.0,88618.14,1.4148849177984268,0.14327255696926355,6.245672384125978,30,0.6517647860717198,20,4,0,-0.3020296271989259,loss,4
2025-12-26 22:30:00+00:00,long,87479.78,87381.95011399999,87792.7,87380.0,87399.71,0.022530920859661973,0.11183142664511365,3.1986135606861126,2,-0.506718016607622,22,4,0,-1.8942030250346393,loss,2
2025-12-29 06:15:00+00:00,long,90121.19,89862.024,90406.08,89383.74,89952.81,0.6314497178743339,0.28757498652647334,1.0992568469629591,5,1.9079670491911591,6,0,0,-1.3477353896730315,loss,6
2025-12-31 13:10:00+00:00,long,88816.22,88659.58453600001,89046.6,88715.27,88802.97,0.09874322505505986,0.17635907495274147,1.4708035722996726,6,0.3919967473383879,13,2,1,0.9037785976744839,win,10
2026-01-01 03:20:00+00:00,short,87935.45,88070.48238,87619.67,88053.49,88278.35,0.2557102965868721,0.15355852503171838,2.338550205513589,13,0.13158504682821193,3,3,0,2.9897677134920255,win,11
2026-01-01 08:40:00+00:00,short,87700.17,87793.56777400001,87550.43,87749.34,87832.09,0.09435557536547536,0.10649668524019035,1.6032502016588344,7,0.2546896293417152,8,3,1,-0.06100363805256348,loss,5
2026-01-01 18:10:00+00:00,short,88170.38,88482.3,87810.66,88487.68,88741.54,0.28791982069261873,0.35376959926904955,1.1532444216465862,8,-0.24019636133471747,18,3,0,-0.7173301487560897,loss,47
2026-01-01 19:25:00+00:00,long,88166.75,88044.707536,88500.0,88048.7,88105.08,0.06394700950188667,0.13842232360838785,2.7306069467755476,3,0.21399364711681537,19,3,0,2.008180119994983,win,32
2026-01-02 11:40:00+00:00,long,89528.0,89342.128,89942.44,89200.0,89451.34,0.2807389866857257,0.20761326065588756,2.2297064646638307,5,0.9253920004615261,11,4,0,-1.4816648015838778,loss,27
2026-01-04 14:15:00+00:00,short,91285.36,91400.936156,91014.1,91360.0,91422.67,0.0686528486057329,0.1266097389548505,2.3470238965207084,1,-0.3687503659833039,14,6,1,-0.21017134364631818,loss,21
2026-01-05 06:40:00+00:00,long,92427.86,92136.569,93204.7,91590.0,92280.69,0.7472746853600227,0.3151549759996579,2.6668863782265957,3,0.6984204430881888,6,0,0,2.3495821704069213,win,67
2026-01-05 08:30:00+00:00,short,92652.01,92755.725144,92155.0,92720.73,92871.26,0.1624681428929592,0.1119405223912591,4.792067781345288,2,-0.8165836097887452,8,0,1,-0.1066684533552924,loss,15
2026-01-06 09:35:00+00:00,short,93392.22,93550.896078,93137.98,93420.11,93538.83,0.12711979648840252,0.16990288698566547,1.6022579030469781,6,0.058412038116526586,9,1,1,-0.41142848262232934,loss,3
2026-01-06 09:45:00+00:00,long,93500.5,93119.352404,94000.0,93020.0,93170.95,0.16144298693589562,0.4076423077951404,1.310515939867049,23,0.05698228375622631,9,1,1,1.0652028354915954,win,53
2026-01-06 18:05:00+00:00,long,91852.2,91244.687412,94444.44,91401.98,91514.81,0.12283864730512906,0.6614023267815009,4.266973312493756,1,-1.7133310063338312,18,1,0,-1.1511939041500163,loss,254
2026-01-06 19:50:00+00:00,short,92034.56,92343.347636,91262.94,92221.52,92336.0,0.12438805596505914,0.33551269870797257,2.4988694819373367,8,1.3109674377764584,19,1,0,-0.7019486881268862,loss,2
2026-01-07 02:35:00+00:00,long,92919.5,92217.622786,93792.17,92361.82,92372.4,0.01138619988268038,0.7553605152847279,1.2433371287645294,15,-0.2360927293957005,2,2,0,-1.132387115789744,loss,80
2026-01-07 03:25:00+00:00,short,93002.08,93090.068262,92236.07,92902.52,93333.32,0.46321544636421347,0.09460891842418895,8.705820328625244,10,0.13590908538500987,3,2,0,9.762803133899897,win,70
2026-01-07 11:45:00+00:00,short,92132.24,92234.70936800001,91600.0,92000.0,92698.09,0.7577043606016705,0.11121988133579025,5.19413762754911,9,0.7071996821211689,11,2,0,-0.10088017718626818,loss,20
2026-01-08 05:25:00+00:00,short,91008.7,91169.7624,90616.36,91142.51,91300.0,0.17304938978361986,0.17697472878967596,2.4359502900737393,12,0.6382571308744877,5,3,0,3.0010027169591855,win,8
2026-01-09 11:05:00+00:00,short,90464.73,90572.82181200001,89694.66,90481.2,90738.34,0.2842433730803148,0.11948503245409932,7.124221398008368,11,0.4450142560263406,11,4,0,-0.1630750902761361,loss,1
2026-01-10 11:00:00+00:00,short,90772.19,90813.8336,90503.65,90820.3,91012.0,0.21118803016650484,0.04587704670339647,6.448529906156896,3,-0.09564508310387286,11,5,0,8.628269169813477,win,121
2026-01-11 21:25:00+00:00,short,90636.15,90752.29591,90370.85,90743.72,90793.43,0.054845665884960745,0.12814523785488083,2.2841958016427215,2,0.159784563277783,21,6,0,-0.21963545681466623,loss,4
2026-01-13 14:15:00+00:00,long,92125.2,91769.25247800001,92606.42,91650.81,91806.19,0.1686617776677876,0.3863736762579486,1.351940862788245,3,0.4235658178926586,14,1,1,1.0931240588886995,win,4
2026-01-14 06:55:00+00:00,long,95028.87,94540.36814400001,95799.22,94507.99,95055.01,0.5756355936885176,0.5140562610078264,1.5769643258019161,19,1.047091841553983,6,2,0,1.3824330894661379,win,89
2026-01-14 09:40:00+00:00,short,95012.68,95296.08696999999,94559.28,95270.25,95285.5,0.01605048926101232,0.2982833133430153,1.5998195104375874,20,-0.8059518184803726,9,2,1,-0.6647482593670819,loss,53
2026-01-15 04:20:00+00:00,long,96358.64,95757.8446,97371.33,95241.7,96188.25,0.9823198002794591,0.6234992523763335,1.6855821466009855,21,0.2705270349932542,4,3,0,-1.1603851161310481,loss,125
2026-01-15 11:20:00+00:00,long,96816.68,96706.80477,97193.34,96662.0,96750.0,0.09089342869431177,0.11348791344630961,3.428070184699826,3,0.5193426725549286,11,3,0,-1.881151102027348,loss,3
2026-01-15 22:10:00+00:00,short,95562.76,95713.243522,95134.48,95660.0,95745.25,0.08920839038135776,0.15747088300924916,2.846025892455997,1,0.6461877676639953,22,3,0,-0.3649619657360629,loss,3
2026-01-16 12:45:00+00:00,short,95410.46,95549.88620000001,95261.43,95470.0,95601.5,0.1378255591682505,0.14613303405098527,1.0688808846544737,9,0.3376864880918123,12,4,1,-0.3156920291882096,loss,7
2026-01-17 08:40:00+00:00,short,95215.31,95241.59787,95021.67,95240.08,95275.05,0.036727286819736416,0.0276088687838123,7.3661350272958055,2,0.14479712570675837,8,5,1,2.6220245307055916,loss,1
2026-01-18 00:40:00+00:00,short,95140.68,95230.95,95050.0,95208.96,95283.99,0.07886216495404368,0.09488054951888517,1.004541929766134,6,0.185268753146145,0,6,0,2.0584987260439194,win,5
2026-01-18 20:15:00+00:00,long,95349.99,95266.14296,95521.71,95280.24,95333.99,0.05637126967711271,0.08793607634359252,2.048015052171014,2,0.15033222006340596,20,6,0,0.9108253553136045,win,23
2026-01-19 09:10:00+00:00,short,93041.56,93349.766312,92385.07,92875.68,93615.4,0.7950425594755733,0.3312566040380335,2.1300342479681946,11,0.8755759245139694,9,0,1,-0.6981192260592081,loss,92
2026-01-19 10:15:00+00:00,long,93034.19,92881.42,93368.44,92861.41,92950.0,0.09522305724379017,0.1642084485284432,2.187929567323369,2,-0.8051947229633036,10,0,0,-1.6089820645414514,loss,37
2026-01-19 14:45:00+00:00,long,92879.57,92681.46,93317.29,92629.26,92702.56,0.07891940068198303,0.213297714448937,2.209479582050302,2,-0.7178954764042873,14,0,1,1.740651304830577,win,25
2026-01-20 00:15:00+00:00,short,92595.53,92851.426,92158.48,92750.0,93000.03,0.27002383376389644,0.27635891278985925,1.7079204051645567,3,0.6935441498690527,0,1,0,-0.638151710069727,loss,14
2026-01-20 12:05:00+00:00,long,91283.69,91167.51285,91442.88,91116.0,91214.36,0.1077519981937634,0.12727043571529936,1.3702350247014838,1,-0.9951810421739429,12,1,1,-1.7857284328286371,loss,2
2026-01-21 00:10:00+00:00,short,88419.03,88593.387778,87895.98,88534.21,89428.0,1.0108570519264841,0.19719485499898048,2.99986617172873,2,2.4826233448999213,0,2,0,-0.4928873778146138,loss,3
2026-01-21 09:00:00+00:00,long,89272.71,88982.2,90120.44,88982.0,89000.0,0.020162936691403226,0.3254185965677633,2.9180751092904504,4,-0.7742933461909329,9,2,1,-1.3072965130288017,loss,34
2026-01-21 09:45:00+00:00,short,89321.24,89475.561308,89000.0,89385.4,89491.96,0.11929973206822053,0.1727711214040453,2.0816308788674083,5,0.6796311347680928,9,2,1,2.6604313125703207,win,25
2026-01-21 13:40:00+00:00,short,88715.45,89002.51593600001,88196.72,88849.39,89080.0,0.25994344840723976,0.32358054431332267,1.8070064572202371,8,1.0704959133637877,13,2,1,-0.6909579337898322,loss,5
2026-01-22 00:00:00+00:00,long,89597.92,89327.11100399999,90450.0,88657.23,89392.0,0.8200748410230998,0.302249199534997,3.1464242790515704,3,0.05663294442390098,0,3,0,-1.3308528199705658,loss,175
2026-01-22 18:50:00+00:00,short,89415.81,89779.5405,88515.37,89742.67,89873.09,0.14585787457497534,0.40678544431908087,2.4755691370396202,6,0.26712294361741334,18,3,0,-0.7541701616993935,loss,9
2026-01-23 13:25:00+00:00,short,89257.43,89409.034616,88860.44,89388.71,89447.52,0.06588807228708879,0.16985097599159135,2.6185878139750094,3,0.26749517679310364,13,4,1,-0.4112485994490217,loss,4
2026-01-24 07:05:00+00:00,long,89657.77,89584.299556,89957.39,89588.72,89670.88,0.09163734498415864,0.08194542871187399,4.078102481590707,10,-0.024992706215892384,7,5,1,-2.2203243252482965,loss,2
2026-01-25 13:25:00+00:00,short,88697.45,88829.72050200001,88238.5,88831.36,88870.45,0.04407116551828323,0.1491254844417894,3.469783459353233,4,0.3458901465644326,13,6,1,-0.32942380456081843,loss,3
2026-01-26 08:10:00+00:00,short,87920.02,88163.96368,87244.27,88108.24,88340.75,0.2644562637724545,0.27746090139651547,2.770106608213868,2,-0.11621004397544783,8,0,1,-0.6395888591989708,loss,2
2026-01-28 03:50:00+00:00,long,89177.55,88967.20300000001,89515.78,88549.32,89008.75,0.5151857165844913,0.23587438766819036,1.6079620817031148,7,0.5868832705926916,3,2,0,-1.4239544657161853,loss,4
2026-01-29 05:20:00+00:00,short,88214.96,88390.398384,87704.0,88265.39,88548.87,0.32135138983228684,0.19887600017048546,2.9124755275905003,6,0.8862194602252229,5,3,0,-0.4971741189772747,loss,29
2026-01-30 04:35:00+00:00,short,82910.0,83315.53356,81118.0,82535.89,84100.0,1.8865154987335673,0.4891250271378557,4.41886979711375,10,2.8271303918782085,4,4,0,-0.795553295268582,loss,10
2026-02-01 00:20:00+00:00,short,78988.05,79408.1152,77092.34,79143.64,80098.01,1.2082460574732448,0.5318085457230521,4.51289466492349,12,2.353371222640635,0,6,0,4.700932260039678,win,181
2026-02-03 21:15:00+00:00,short,76446.54,76944.60800000001,72945.5,76525.44,77055.54,0.6934257587066613,0.6515245817534894,7.029240987174234,9,1.05928954730873,21,1,0,-0.8465138495145283,loss,77
2026-02-03 23:20:00+00:00,long,75843.75,75391.708642,76960.0,75291.1,76124.05,1.098244746600738,0.5960166236506004,2.469353700154123,15,-1.5914338582085976,23,1,0,2.3015731449952748,win,52
2026-02-05 10:30:00+00:00,short,71562.19,71964.184284,70140.0,71884.47,71995.09,0.15457883555547328,0.561741170861317,3.537836373812721,15,1.7772656191673268,10,3,0,3.7158543030427795,win,10
2026-02-06 04:10:00+00:00,long,64487.44,63757.415966,66010.0,63861.87,64201.28,0.5263195437747199,1.1320406485355936,2.085629964341686,5,-4.103591339402462,4,4,0,1.997293913750782,win,20
2026-02-06 18:30:00+00:00,long,69855.4,69327.041818,71500.0,69192.0,69593.43,0.5746585088625833,0.7563598261551668,3.1126611757476623,2,3.59585879053032,18,4,0,2.980448971262485,win,52
2026-02-07 07:40:00+00:00,long,68476.92,67334.860334,71690.07,67690.7,67772.0,0.11872613429459576,1.6678023281420966,2.813469467189822,5,-1.1632892706449163,7,5,1,-1.0599591440260179,loss,1
2026-02-07 15:00:00+00:00,long,68997.83,68345.07825,69999.99,68157.21,68821.64,0.962972313766959,0.9460467814712372,1.5352850451952216,5,0.0727586899606613,15,5,0,1.4295820271642465,win,208
2026-02-09 12:20:00+00:00,short,69078.05,69249.05741800001,68420.58,69022.89,69478.63,0.65974647518279,0.2475568114618295,3.8446870181968897,4,1.637727894320547,12,0,1,-0.5960523186193207,loss,10
2026-02-10 19:50:00+00:00,short,69060.93,69979.65127,67800.0,69906.5,69982.27,0.10971471134258413,1.3303053839558912,1.372483734919929,28,0.48250729258808733,19,1,0,1.4476544447479482,win,102
2026-02-11 12:35:00+00:00,short,67160.74,67410.75515200001,66369.49,67254.6,67397.86,0.21330914459845848,0.372263843429967,3.1648081873052925,6,1.3203966525578215,12,2,1,-0.7313733209257731,loss,11
2026-02-11 14:20:00+00:00,short,67968.0,68820.573132,66369.49,68325.0,68603.4,0.4096045197740027,1.2543743114406853,1.8749242029831938,2,-0.014261977612678748,14,2,1,1.9546452233261145,win,8
2026-02-11 14:20:00+00:00,short,67968.0,68820.573132,66369.49,68751.91,68914.73,0.23955390772126944,1.2543743114406853,1.8749242029831938,2,-0.014261977612678748,14,2,1,1.9546452233261145,win,8
2026-02-12 06:50:00+00:00,short,67133.11,67342.458814,66670.45,67209.99,67306.61,0.1439230209951473,0.3118413760363511,2.209995801552569,8,0.47846854016251894,6,3,0,-0.6793241446306886,loss,15
2026-02-12 23:35:00+00:00,short,66231.47,66475.60222,65215.06,66265.06,67014.98,1.1322714111584693,0.3686045621514961,4.163358691450091,10,0.8040155116146449,23,3,0,-0.7287065590932645,loss,5
2026-02-13 15:40:00+00:00,short,68730.01,69295.93804000001,66832.16,69303.99,69309.35,0.0077986311947293215,0.8234074751335165,3.353518231752479,1,-2.6956642559015274,15,4,0,-0.8785534464770497,loss,10
2026-02-14 14:30:00+00:00,long,69581.49,69050.78708000001,70560.01,68936.98,69218.71,0.4048921631313306,0.7627070360235115,1.8438187602208722,15,0.8655501995653255,14,5,1,1.7127068190994619,win,201
2026-02-15 19:20:00+00:00,long,68523.26,67986.40000000001,69255.6,68028.45,68540.83,0.7477460938081532,0.7834711891990925,1.3641172745222778,19,-1.4452042302801056,19,6,0,1.236480162426011,win,205
2026-02-16 13:20:00+00:00,short,69291.63,70112.644666,68338.9,69620.06,70267.6,0.9345140242768255,1.1848684552520818,1.1604299404805323,6,-0.5211186001381547,13,0,1,1.2448274949573497,win,3
2026-02-16 17:45:00+00:00,short,67960.22,68060.50517599999,67294.11,67974.86,68260.39,0.4201428423863237,0.14756452524725538,6.642158159048999,8,1.026972763137168,17,0,0,-0.322330351197603,loss,4
2026-02-17 04:20:00+00:00,long,68682.71,68373.52256,69042.74,68130.0,68427.18,0.43268531483395595,0.45016779332092277,1.1644392799396657,28,0.08474350932235303,4,1,0,-1.2221393922081636,loss,2
2026-02-18 02:20:00+00:00,short,67220.0,67386.52,66892.03,67378.26,67394.0,0.023415650104143468,0.2477238916989052,1.969553206821962,3,0.8744493902604483,2,2,0,-0.5963247657939086,loss,3
2026-02-19 02:00:00+00:00,short,66800.0,66870.78316800001,66106.16,66619.0,67057.13,0.6558832335329411,0.10596282634731889,9.802330407137301,11,0.3841951523631606,2,3,0,-0.05627281333336931,loss,3
2026-02-21 01:35:00+00:00,long,67985.99,67773.632562,68233.99,67840.0,67914.0,0.10884595487982156,0.31235470425598916,1.167842305575341,14,0.6063335516899504,1,5,0,-1.320148852050089,loss,17
2026-02-21 12:35:00+00:00,long,68026.57,67901.417,68314.54,67884.74,67978.9,0.13841650402186811,0.18397664324396437,2.3009436449783345,5,0.30841479592814636,12,5,1,1.7573963868223421,win,21
2026-02-21 22:05:00+00:00,short,68338.43,68423.872488,68183.1,68390.93,68526.81,0.19883395038487814,0.1250284620234919,1.8179479979560769,1,-0.28858195842874634,22,5,0,2.61776588247273,win,6
2026-02-22 16:00:00+00:00,short,67633.15,67799.63736,67303.5,67682.47,67871.59,0.2796261892282045,0.24616236268752706,1.9800301956857014,5,0.5071235759683285,16,6,0,2.386266140564642,win,18
2026-02-22 19:10:00+00:00,short,67411.89,67470.5032,67190.0,67461.41,67513.83,0.07776076297519363,0.08694786631854863,3.7856660274472764,2,0.6594390996403356,19,6,0,0.15011447933216204,loss,5
2026-02-23 03:15:00+00:00,short,64791.01,65066.774042000005,64290.71,64916.85,66715.01,2.7753233048844215,0.4256208415334203,1.8142321833243158,2,3.7567122675107463,3,0,0,-0.7650490994761405,loss,23
2026-02-24 17:15:00+00:00,short,64253.89,64507.096000000005,62510.28,64500.0,64656.01,0.24280242021144874,0.3940710827002156,6.886132240152137,2,-0.4433391929567497,17,1,0,-0.7462386752288707,loss,21
2026-02-25 04:10:00+00:00,long,65439.57,65103.626670000005,66310.0,64319.29,65866.66,2.364578495855035,0.5133642076193267,2.5910024765189243,14,1.4841246391617473,4,2,0,-1.1947934790073107,loss,16
2026-02-25 10:20:00+00:00,short,65389.17,65679.481476,64755.26,65650.0,65866.66,0.3313392722372887,0.4439748600571052,2.183551297159161,14,-0.9141877646530995,10,2,0,-0.7747620214641484,loss,23
2026-02-25 10:45:00+00:00,long,65484.24,65331.931000000004,65692.62,65193.25,65396.47,0.3103342117126215,0.232588787775492,1.3681397684969754,5,1.0256879204866551,10,2,0,-1.4299433388703402,loss,3
2026-02-25 15:05:00+00:00,short,66826.97,67235.75016,65200.8,66740.47,67469.58,1.091041536074433,0.6116993782599971,3.9781040254008877,7,-2.4583950929072005,15,2,0,-0.8365210043461971,loss,5
2026-02-25 23:55:00+00:00,long,67988.04,67586.48,69988.83,67578.0,68016.53,0.6450105047887819,0.5906332937381306,4.982543081980326,4,1.5121421054551276,23,2,0,-1.1693097918119344,loss,178
2026-02-26 01:30:00+00:00,short,68325.08,68686.26,67600.0,68696.97,68773.83,0.11249163557510738,0.5286199445357298,2.007530871033877,5,-1.7520685508531597,1,3,0,-0.8108281743175112,loss,33
2026-02-26 20:50:00+00:00,short,67333.05,67889.539376,66500.0,67743.36,67848.69,0.15643135132004526,0.8264728480293075,1.4969737715172595,22,0.40793905660135266,20,3,0,-0.8790038895549368,loss,86
2026-02-26 22:30:00+00:00,long,67457.77,67136.709972,67903.12,67044.1,67285.99,0.3585798937616814,0.47594224949921576,1.3871237811017114,23,-0.18821261783851506,22,3,0,-1.2101095250636387,loss,25
2026-02-27 06:30:00+00:00,long,67657.54,67511.95490800001,68216.8,67546.15,67578.67,0.04806559623658217,0.21517940498572571,3.841464756570602,1,0.15355987186231465,6,4,0,-1.4647284901946527,loss,11
2026-02-27 12:55:00+00:00,long,65928.01,65721.56305800001,68149.93,65485.91,66025.39,0.8182864915837683,0.3131399567497646,10.762668502012533,15,-2.130897138828876,12,4,1,-1.319346023541517,loss,8
2026-02-27 18:05:00+00:00,short,65538.68,65774.91238600001,65113.72,65765.06,65845.18,0.12224841879634339,0.3604472748001911,1.7989066071574102,1,1.9531486384356782,18,4,0,2.0763396937452714,win,53
2026-02-28 14:45:00+00:00,short,64749.02,65347.437898000004,63452.64,64327.22,65500.0,1.8112706570694026,0.9242115139348935,2.166345632930889,12,0.4760312268829895,14,5,1,-0.8917996600429233,loss,38
2026-02-28 20:30:00+00:00,short,66723.8,67031.591,64754.33,66778.68,67284.22,0.7576606847931444,0.46129117346433723,6.39872510892137,2,-2.2705844288840016,20,5,0,-0.7832171830885225,loss,3
2026-02-28 22:55:00+00:00,short,67103.64,67746.448,65445.88,67416.78,67655.86,0.35628469632944165,0.9579331314963012,2.5789349230252117,4,-2.3673856068641985,22,5,0,-0.895608579855883,loss,37
2026-03-01 01:30:00+00:00,long,66534.48,66029.51145600001,67760.0,66157.61,66190.61,0.04959834359568152,0.7589576772824985,2.426923448126765,4,1.1662705641246522,1,6,0,2.2951637953908484,win,6
2026-03-01 04:40:00+00:00,long,67397.42,67065.944128,68199.99,67121.8,67339.36,0.3228016740106634,0.49182279084272873,2.4212018665419426,6,1.8230556954393486,4,6,0,-1.2033252664616292,loss,18
2026-03-02 05:15:00+00:00,long,66759.14,66534.500438,67079.0,66609.94,66633.13,0.034736816561750684,0.3364925941226874,1.4238809813918945,3,0.6315050273932783,5,0,0,-1.2971833607830887,loss,9
2026-03-02 09:45:00+00:00,short,66344.86,66707.495832,65542.6,66209.46,66547.81,0.5099867570750639,0.5465922032241833,2.2123020650645326,11,-0.07471812069124896,9,0,1,2.3952538148519062,win,47
2026-03-02 17:50:00+00:00,long,69182.05,68780.121224,70096.0,67220.81,68933.69,2.4759023475019957,0.5809726309064283,2.2739103407714096,2,3.358563959966764,17,0,0,-1.1721251478645058,loss,2
2026-03-03 09:05:00+00:00,long,67156.54,66865.054314,68617.42,66157.28,66975.29,1.2180645399539567,0.43403916580574287,5.011841301874441,2,-1.2697145797137954,9,1,1,-1.230393954919625,loss,4
2026-03-03 13:00:00+00:00,short,67150.38,67959.60536,66340.14,67184.71,67951.24,1.1415125275538258,1.2050942377392304,1.001253841080819,12,0.8556128013699584,13,1,1,1.0842349033648782,win,21
2026-03-04 12:35:00+00:00,long,70918.53,70573.8824,71893.0,69668.0,70724.26,1.489399173953542,0.48597679619134326,2.827438809961279,4,2.696264509525344,12,2,1,2.6216676686563614,win,20
2026-03-04 22:10:00+00:00,short,73244.25,73508.605338,72878.0,73322.93,73516.0,0.26359748376153347,0.36092299122455884,1.3854458274642762,2,-2.8249363126471816,22,2,0,1.6625132419304887,win,6
2026-03-06 06:50:00+00:00,short,70595.84,70839.199326,70143.19,70658.01,71000.0,0.4844336436821281,0.3447219071265463,1.8600067950549157,2,1.0080952402119385,6,4,0,-0.7099110966472743,loss,7
2026-03-07 22:10:00+00:00,short,67332.35,67469.55339,66915.26,67437.5,67480.0,0.06311973367927898,0.20377038674573977,3.039939465052765,14,1.0234604470093231,22,5,0,-0.5092515571225871,loss,26
2026-03-08 12:00:00+00:00,long,67633.25,67398.277648,68200.0,67465.11,67474.0,0.013144422307074431,0.34742135266307184,2.411985900366725,11,0.0752253440761699,12,6,1,-1.2878349279152674,loss,1
2026-03-09 03:20:00+00:00,short,67145.76,67655.106272,65821.97,67650.94,67680.99,0.04475338427922018,0.7585680346756218,2.5989981134091193,1,-0.25273730160474067,3,0,0,-0.8681726682000752,loss,26
2026-03-09 07:25:00+00:00,long,67205.06,66840.109304,68069.29,66707.58,67093.09,0.573632402084002,0.5430405032002052,2.3680733027016783,2,0.16510014496894596,7,0,1,2.1839249759918147,win,25
2026-03-09 17:50:00+00:00,long,68612.92,68256.685932,69480.0,68348.26,68696.28,0.5072222549339164,0.5191938602817154,2.434017624614132,16,1.079514511025835,17,0,0,-1.1926062837987719,loss,3
2026-03-10 11:20:00+00:00,long,70731.36,70549.217334,71300.0,70546.74,70653.24,0.15056970486641286,0.2575133095136298,3.1219483742485696,4,1.806484804322206,11,1,0,-1.388329442811604,loss,4
2026-03-10 12:45:00+00:00,long,70503.52,70276.82182400001,71300.0,70185.24,70369.0,0.26063946878112576,0.3215416421761506,3.513393949848226,7,1.3218112681988008,12,1,1,-1.3110017082801888,loss,9
2026-03-10 21:10:00+00:00,short,70097.6,70403.21654000001,69739.0,70290.0,70512.64,0.3176142977790957,0.43598716646504687,1.173365813250823,8,-0.052114051730900716,21,1,0,1.4027303626956906,win,6
2026-03-11 00:00:00+00:00,short,69766.74,69967.80364,69452.42,69869.9,70007.52,0.19725731774196398,0.28819411656613597,1.5632861316945117,6,0.3368362246796562,0,2,0,-0.6530116534247443,loss,1
2026-03-11 15:50:00+00:00,long,70242.34,69688.30955,71091.18,69777.66,69906.77,0.18380651897416939,0.788741448533735,1.5321179548885988,4,0.5057536106471858,15,2,0,1.405333696008963,win,18
2026-03-12 09:30:00+00:00,long,69781.08,69566.084,70116.37,69561.84,69698.33,0.19559743128080737,0.30810070580736093,1.5595173863699552,4,-0.1852103673902446,9,3,1,1.2349481850824882,win,2
2026-03-13 03:50:00+00:00,long,71471.72,70950.23711399999,72000.0,70734.25,71283.99,0.7691713589654835,0.7296352823186745,1.0130342033889606,15,1.3813213978210777,3,4,0,0.8759794276354984,win,57
2026-03-13 17:20:00+00:00,short,71880.01,72235.54000200001,71154.54,72100.0,72350.0,0.34780184365583705,0.4946159606822733,2.0405310266894787,2,-0.35147553734327286,17,4,0,2.2427080851533017,win,4
2026-03-14 06:45:00+00:00,long,70636.41,70302.9366,71307.92,70305.26,70386.01,0.11431781428303052,0.4720984546071956,2.013683850046179,1,-0.7909495448006469,6,5,0,1.8018636269039452,win,231
2026-03-15 01:15:00+00:00,long,70988.15,70878.961372,71253.17,70805.15,70967.59,0.22882692393026488,0.15381247151811814,2.4271758410594817,1,0.17894038604865506,1,6,0,-1.6501423389989585,loss,3
2026-03-15 11:40:00+00:00,long,71754.99,71645.378058,71940.49,71658.44,71713.9,0.07729079190170865,0.1527586332323413,1.6923338517257054,7,0.6624635158564091,11,6,0,-1.6546274857533125,loss,12
2026-03-16 01:20:00+00:00,long,72608.57,72255.955918,73199.0,72222.0,72420.44,0.2733010717605405,0.48563700125205606,1.6744368138989778,4,1.2109547318993301,1,0,0,1.4685216967596686,win,26
2026-03-16 08:00:00+00:00,long,73676.64,73370.502964,74451.03,72852.28,73573.31,0.9786412626851589,0.41551438284916375,2.5295534644165016,5,1.6289809273530547,8,0,1,-1.2406655560616324,loss,5
2026-03-18 02:50:00+00:00,short,74357.24,74461.1048,73535.36,74398.74,74450.01,0.06895091856554858,0.13968350627322335,7.9129791806274925,4,-0.22211654979957504,2,2,0,-0.28409586308351764,loss,6
2026-03-18 17:05:00+00:00,short,71261.75,71551.466844,70857.21,71531.54,71980.0,0.6293137622918415,0.40655308633312404,1.396328892772284,13,2.8365752650248512,17,2,0,-0.7540296621483242,loss,6
2026-03-19 22:50:00+00:00,long,70166.51,69940.05919,70695.6,69931.1,70201.0,0.3846564408005959,0.32273346643576095,2.3364456060016883,4,-0.40258090593748574,22,3,0,-1.3098532082972085,loss,9
2026-03-22 03:45:00+00:00,short,69327.21,69574.872242,68228.5,69155.86,70265.55,1.600655788686725,0.35723670691492015,4.436324209646965,16,1.090207520481871,3,6,0,4.716250650755426,win,97
2026-03-22 16:05:00+00:00,short,68776.01,68991.90885800001,68110.55,68990.67,69059.87,0.100616479496262,0.3139159395841879,3.0822766093554117,10,0.7234190642684302,16,6,0,3.4008332271953967,win,57
2026-03-24 13:30:00+00:00,long,70731.83,70554.066364,71368.61,70572.83,70850.11,0.3920158717793656,0.25132056670950453,3.5821724528631207,5,0.23557411462340705,13,1,1,-1.3978981955567036,loss,1
2026-03-24 17:55:00+00:00,long,69238.43,68909.285386,71327.26,68714.28,69671.95,1.3831480580943247,0.4753785058384337,6.34623782724291,38,-1.5423194504656168,17,1,0,6.135879136700879,win,135
2026-03-24 18:45:00+00:00,short,69459.56,69732.45072,68923.07,69512.73,69770.85,0.3716119134644819,0.3928771215941993,1.9659517919847145,3,1.1358859342492413,18,1,0,-0.7454674896969707,loss,19
2026-03-24 22:25:00+00:00,short,70238.88,70572.742628,69201.5,70462.91,70860.18,0.5655984263985837,0.4753245325096337,3.1072061171219096,4,-0.11106861964417321,22,1,0,-0.7896174231276959,loss,9
2026-03-25 07:10:00+00:00,long,71142.98,70944.538254,71345.0,70977.49,70984.67,0.010092352049342064,0.2789336994317595,1.0180317603132123,2,0.8948233994483152,7,2,1,-1.3585081336665983,loss,7
2026-03-26 06:15:00+00:00,long,70134.18,69841.758854,71289.49,69700.0,69901.39,0.28714957528554474,0.4169452697671711,3.950842870987308,3,-1.1499740440273922,6,3,0,-1.2398396318438667,loss,15
2026-03-26 17:35:00+00:00,short,69011.12,69148.1676,68632.4,69142.94,69259.25,0.16853805589591603,0.19858770586538133,2.763419425075568,1,1.4623989852977086,17,3,0,3.2669752699061037,win,4
2026-03-26 23:00:00+00:00,long,68958.18,68589.519352,69478.42,68681.54,68879.05,0.28641997222085813,0.5346148172703951,1.4111622784323303,11,-0.8886178039670228,23,3,0,-1.1870505582141815,loss,19
2026-03-27 05:20:00+00:00,short,68685.52,68852.106824,68304.14,68791.4,68862.0,0.10278731237676561,0.24253557955155342,2.2893767396634495,2,0.820756804958331,5,4,0,-0.5876893601140942,loss,22
2026-03-28 14:50:00+00:00,short,66709.24,67150.55720200001,66124.4,66848.05,67548.67,1.0502593044081978,0.6615533350402517,1.3252146015373396,14,-0.1840527822762052,14,5,1,-0.8488406078492287,loss,6
2026-03-28 22:25:00+00:00,long,66778.8,66574.902356,67010.0,66527.01,66666.66,0.20912325468563187,0.30533289606880765,1.13390226323557,7,0.07788959377241576,22,5,0,-1.32751138605604,loss,8
2026-03-29 01:30:00+00:00,short,66493.46,66606.676,66281.4,66500.0,66588.22,0.13267470214364113,0.17026636905343823,1.8730568117581576,6,0.2719899250148088,1,6,0,-0.4126849561899395,loss,7
2026-03-29 05:50:00+00:00,long,66788.5,66583.78058,67130.5,66620.0,66760.48,0.21033561166966755,0.30651896658855043,1.6705791761231545,13,0.1328139324077091,5,6,0,-1.3262440856856763,loss,14
2026-03-30 22:05:00+00:00,short,66739.33,66980.771166,66233.13,66929.18,67222.0,0.4387517824946804,0.3617674405781481,2.0965770186844956,9,0.47787175255662145,22,0,0,-0.7235793253251649,loss,32
2026-03-31 05:20:00+00:00,long,67624.06,67386.52,68408.37,67303.33,67775.18,0.6977546157388232,0.3512655111213281,3.301801801801881,21,0.5798626471026651,5,1,0,-1.2846849372737301,loss,13
2026-03-31 15:05:00+00:00,long,66935.6,66414.244494,67767.87,66471.08,66520.71,0.0741458954577305,0.7788912118514021,1.5963579369965992,3,-0.20447961669721737,15,1,0,1.4679703027821844,win,19
2026-04-01 21:40:00+00:00,short,68343.3,68520.2932,67939.28,68330.31,68610.0,0.40924274947215356,0.2589766663301262,2.2826865664896197,7,-0.11661797461647286,21,2,0,-0.6138648264453035,loss,36
2026-04-02 17:30:00+00:00,short,67028.64,67417.503802,65712.12,67359.27,68050.0,1.0304997982951705,0.580145743670179,3.3855555421432104,3,0.006862939848659664,17,3,0,0.5450202330737887,timeout,288
2026-04-02 18:45:00+00:00,long,66860.65,66583.48064000001,67430.99,66285.81,66646.36,0.5392559001445587,0.41454780951125264,2.0577310565642657,8,-0.21850324515036604,18,3,0,-1.2412266998055035,loss,82
2026-04-04 12:50:00+00:00,long,67115.83,67047.14788799999,67232.72,66994.52,67083.43,0.13247247333451578,0.10233369981420108,1.7018987418439204,2,0.26005228191164487,12,5,1,0.7247035443521673,win,9
2026-04-04 17:10:00+00:00,long,67375.36,67278.5416,67562.93,67223.51,67331.06,0.15962808955677996,0.14370001139883148,1.937338357171624,2,0.49260892739173445,17,5,0,-1.6958941688769635,loss,19
2026-04-05 10:05:00+00:00,short,67000.83,67035.230272,66611.66,66940.0,67073.56,0.19934081413617963,0.05134305351142508,11.312991943784926,14,0.11071654176119336,10,6,0,0.9476831462263453,loss,6
2026-04-05 14:10:00+00:00,short,66872.11,66950.40724,66680.57,66918.03,66973.67,0.08320359563949667,0.11708504487147164,2.4463186697257004,2,0.23379332994600738,14,6,1,-0.1459199583535753,loss,6
2026-04-06 02:10:00+00:00,long,69112.58,68762.854678,69588.0,68374.75,69034.18,0.9541388847008648,0.5060226691001818,1.359409714118443,14,2.1237518556390262,2,0,0,1.161790109095961,win,84
2026-04-06 11:30:00+00:00,long,69697.9,69557.715674,70283.32,69347.85,69708.13,0.516916578548276,0.20113134829024662,4.176073151003086,6,1.6200909307900186,11,0,0,-1.4971875386411322,loss,7
2026-04-07 00:55:00+00:00,short,68775.7,69114.37436,68300.0,68912.97,69423.09,0.7417154605478321,0.49243317043665796,1.4045940767408278,11,0.5496067427306361,0,1,0,1.6076673179510543,win,14
2026-04-07 11:35:00+00:00,long,68448.06,68058.345608,69247.9,67682.42,68266.13,0.852778004226864,0.5693578342468646,2.052374806830352,9,-0.641462891591262,11,1,0,-1.175636469694455,loss,30
2026-04-07 12:30:00+00:00,short,68358.0,68455.91607800001,68071.96,68455.96,68930.04,0.6935252640510067,0.14324011527547514,2.9212771369372703,5,0.7162501398599748,12,1,1,-0.3018715475920766,loss,5
2026-04-08 15:00:00+00:00,long,70998.09,70693.088554,72857.0,70216.68,71194.9,1.3778117129629843,0.4295910580129617,6.094757990098301,6,0.06476744542571694,15,2,0,-1.2327795193469386,loss,117
2026-04-08 20:40:00+00:00,short,71303.81,71467.40366,71019.0,71372.22,71490.55,0.16595186147837226,0.22943186345862673,1.7409598880543418,8,-0.24872383197069436,20,2,0,-0.5641407497087565,loss,6
2026-04-09 09:00:00+00:00,short,71128.4,71365.724,70689.38,71204.0,71330.86,0.1783535128022008,0.3336557549445901,1.8498761187236652,4,-0.09887530610549404,9,3,1,-0.7002898990409834,loss,3
2026-04-10 00:30:00+00:00,long,71884.06,71559.03533000001,73145.0,71250.39,71729.66,0.6667263924714382,0.45215124187474154,3.879520899136866,15,0.34524227561369264,0,4,0,-1.2211649349571019,loss,88
2026-04-10 10:20:00+00:00,short,71738.43,71858.6254,71426.15,71837.59,72010.4,0.24088901861944526,0.16754673889575147,2.5981027560120364,13,0.046926799705378996,10,4,0,-0.40315161811522593,loss,6
2026-04-11 20:45:00+00:00,long,73412.56,73211.634744,73790.0,73169.04,73472.38,0.4131990493180065,0.27369329716877094,1.8785094891206613,6,0.6848358492428948,20,5,0,-1.3653724845820236,loss,3
2026-04-11 23:15:00+00:00,long,73123.64,72892.81852,73790.0,72896.03,72942.06,0.06294817927553777,0.31565917670400256,2.8869063659066927,1,0.1795109200912289,23,5,0,-1.316797379515981,loss,9
2026-04-12 19:35:00+00:00,short,71118.12,71208.33548400001,70604.07,71146.03,71412.57,0.3747849352598299,0.12685302142409677,5.698024077550854,21,0.7432294081823816,19,6,0,-0.2116861003595758,loss,13
2026-04-13 15:05:00+00:00,short,71986.11,72449.787144,70709.63,71982.46,72873.25,1.2374470574948329,0.6441202948735543,2.75295001385704,5,-1.1464158739874142,15,0,0,-0.8447494966454507,loss,29
2026-04-14 00:40:00+00:00,long,74422.87,74150.386956,74900.0,73368.08,74405.64,1.3941413439175319,0.3661281055137933,1.7510447365672284,7,2.815143668061853,0,1,0,-1.2731284446455384,loss,2
2026-04-14 15:30:00+00:00,long,75090.5,74549.427132,76038.0,74485.06,75013.61,0.7038839799974735,0.720561013710127,1.7511504568733889,6,1.5058036059969353,15,1,0,-1.1387807529096055,loss,17
2026-04-15 04:30:00+00:00,short,74297.33,74419.623098,74126.32,74372.84,74500.0,0.17115016111615786,0.1645995865531031,1.3983618274189296,6,-0.06934563080226203,4,2,0,-0.3924650596389073,loss,6
2026-04-15 09:00:00+00:00,short,74047.37,74167.06362,73514.0,74048.95,74261.47,0.28700546690585244,0.16164466070841607,4.456127235519913,6,0.14848808863451257,9,2,1,-0.3813590899832705,loss,13
2026-04-16 00:30:00+00:00,long,74849.99,74436.599702,75425.0,74399.75,74512.06,0.15004678023336765,0.5522917210810562,1.390961526629725,2,0.636742998029307,0,3,0,-1.1810637316892239,loss,115
2026-04-16 11:30:00+00:00,long,74436.76,74262.484532,75082.86,74242.0,74355.46,0.15242468909179607,0.23412554227238339,3.707349103202715,15,-0.22211308017249495,11,3,0,-1.4271212744641901,loss,28
2026-04-17 01:55:00+00:00,long,74750.0,74555.076002,75177.76,74438.31,74717.97,0.374127090301008,0.26076789030100117,2.194496339029524,7,0.042465701457218154,1,4,0,-1.3834827972284902,loss,7
2026-04-17 03:45:00+00:00,short,74759.05,74824.34213799999,74529.4,74802.98,74886.82,0.11214695745867698,0.08733676792306723,3.5172688019504683,2,-0.05883986467064979,3,4,0,0.14499313837772765,loss,10
2026-04-17 11:50:00+00:00,long,75567.99,75080.91081399999,76370.25,75089.51,75518.78,0.5680579832810215,0.6445575514182886,1.647083314292897,17,0.8134896388993406,11,4,0,1.49193813015851,win,14
2026-04-17 20:20:00+00:00,short,77438.8,77596.157664,77000.0,77565.63,77705.2,0.18023264823317564,0.20320261161071138,2.7885518178511806,3,-1.6643145495236316,20,4,0,3.280671477177098,win,35
2026-04-17 21:10:00+00:00,long,77381.04,76984.6,78333.0,76265.82,77015.39,0.9686739800860683,0.5123218814324385,2.4012713147009275,25,1.490074898286374,21,4,0,-1.1951897891232024,loss,25
2026-04-18 12:00:00+00:00,long,76225.88,75748.607248,77136.01,75609.77,76061.57,0.5927120815135265,0.6261295402558873,1.9069389488214104,12,-0.5747632384168864,12,5,1,-1.1597113593444766,loss,51
2026-04-18 12:35:00+00:00,short,76060.96,76284.74,75763.76,76189.56,76409.37,0.2889918823007199,0.2942113799247325,1.328090088479816,7,0.7620789231096431,12,5,1,-0.6601083206720868,loss,25
2026-04-19 07:40:00+00:00,long,75181.27,74852.74645600001,75782.63,74801.13,74930.0,0.17141237438526288,0.4369752519477205,1.8304928550265727,4,-0.8858837791016052,7,6,1,1.6016469431487899,win,67
2026-04-19 07:40:00+00:00,long,75181.27,74852.74645600001,75782.63,74950.0,74993.24,0.05751432504399731,0.4369752519477205,1.8304928550265727,4,-0.8858837791016052,7,6,1,1.6016469431487899,win,67
2026-04-20 00:35:00+00:00,short,74155.88,74265.144,73762.9,74054.22,74368.6,0.4239448038375442,0.14734367659044106,3.596610045394882,7,1.3076328696266502,0,0,0,-0.3213146141455282,loss,3
2026-04-20 05:50:00+00:00,long,74297.2,74080.36096399999,74746.93,74054.22,74214.67,0.2159569943416402,0.29185357725460026,2.0740269293578018,6,-0.7832641491834084,5,0,0,1.7313893610926563,win,10
2026-04-20 07:45:00+00:00,short,74856.62,75556.88560000001,74095.18,75382.87,75401.44,0.024807425181643233,0.9354758470259723,1.0873588535549765,5,-0.002254638739198588,7,0,1,-0.8931025313823804,loss,55
2026-04-20 09:05:00+00:00,long,74949.99,74604.486118,75572.0,74567.63,74670.86,0.1377318395906336,0.4609792236129778,1.8002981512085778,13,0.1352405374737814,9,0,1,1.5833686349144627,win,39
2026-04-21 09:00:00+00:00,short,76400.95,76912.18448600001,75689.91,76738.63,76890.0,0.1981258086450435,0.6691467658452097,1.3908294911074752,3,-0.8843117725384226,9,1,1,1.540273537024201,win,71
2026-04-21 19:10:00+00:00,short,75607.58,75780.630842,75052.64,75668.24,75760.0,0.12136349291961832,0.22888028158022902,3.2068032353174694,2,0.326210062632736,19,1,0,-0.5630903662404523,loss,2
2026-04-22 01:55:00+00:00,long,76297.99,76117.72341,76500.0,75650.04,76220.4,0.7475426285803866,0.23626649928785706,1.1206180801444992,8,0.5769913552216084,1,2,0,0.6973672159660603,win,3
2026-04-22 07:40:00+00:00,long,78062.69,77809.435,78452.18,77700.0,77900.0,0.2562043403833509,0.32442515111893355,1.5379360723380922,4,1.9287189673426846,7,2,1,1.2296985646877059,win,54
2026-04-23 05:20:00+00:00,short,77938.01,78034.64994799999,77453.43,78025.99,78057.5,0.04042956703666768,0.12399591418872045,5.014282499407181,4,0.1547012696676072,5,3,0,-0.1935218135671708,loss,6
2026-04-23 13:10:00+00:00,short,77661.49,77888.789126,77174.01,77860.8,77981.88,0.15590738730354226,0.292679326652113,2.14466288796911,13,0.3296178811976341,13,3,1,-0.6583291305748327,loss,15
2026-04-24 06:25:00+00:00,short,77840.4,78042.03847,77457.0,77854.57,78067.17,0.27312295414719256,0.2590408965010526,1.9014228782830183,7,0.15112711813567128,6,4,0,2.2874623081596583,win,32
2026-04-25 21:30:00+00:00,short,77466.33,77514.494,77193.79,77454.31,77638.0,0.23712237303613365,0.0621741084158812,5.658583174154634,7,0.10392384778311213,21,5,0,0.6083865542727571,loss,4
2026-04-26 04:05:00+00:00,long,77445.46,77311.044698,77650.0,77343.81,77415.2,0.0921810006680823,0.17356124167899387,1.5217017479154318,7,-0.11501855162606865,4,6,0,0.9455362455681239,win,8
2026-04-27 08:00:00+00:00,long,77702.91,77449.55699000001,79375.0,77541.96,77719.77,0.22883312864344163,0.3260534386678589,6.599842646432548,30,-0.69940639113098,8,0,1,-1.3066981915865241,loss,84
2026-04-27 11:00:00+00:00,short,77800.01,77964.404,77465.05,77871.9,78872.42,1.2860152588669385,0.21130331474250486,2.037543949292501,18,0.4457129615581262,11,0,0,-0.5267466574205878,loss,32
2026-04-27 17:50:00+00:00,short,76763.71,76975.03191399999,76546.0,76868.01,77680.0,1.0577784737084817,0.2752888233254822,1.0302291697018289,5,1.338824831929654,17,0,0,1.393484018888957,win,20
2026-04-28 21:05:00+00:00,short,76414.18,76466.00374,75881.28,76421.94,76484.7,0.08213135310749231,0.0678195329715075,10.282932107947463,13,0.20194396139773466,21,1,0,0.4745014543525714,loss,45
2026-04-28 21:35:00+00:00,long,76367.09,76273.052338,76481.3,76280.91,76323.71,0.056045084341963154,0.1231389882736169,1.2145133935805785,2,-0.25175409630909984,21,1,0,-1.8120904792379675,loss,3
2026-04-29 20:10:00+00:00,short,75528.81,75701.396692,74937.52,75591.83,75803.55,0.2803168751103071,0.2285044501561684,3.4260463141619484,2,1.2666988384389777,20,2,0,-0.5623717615492552,loss,4
2026-05-01 05:15:00+00:00,short,77062.7,77438.24925200001,76290.85,77240.0,77485.81,0.3189740302377125,0.4873294758683665,2.0552563901790633,24,-0.7760025420416826,5,4,0,-0.794800017335682,loss,37
2026-05-01 10:55:00+00:00,long,77304.34,77131.050704,77500.0,77140.36,77200.15,0.07734365237448972,0.2241650287681166,1.1290945518065958,9,0.7222315515869138,10,4,0,0.68299463805313,win,5
2026-05-01 21:05:00+00:00,long,77956.71,77736.4496,78623.37,77600.0,77896.0,0.37969791182824414,0.28254193898126173,3.0266902266589515,3,0.45307527124916636,21,4,0,2.1752130205883318,timeout,288
2026-05-03 08:50:00+00:00,short,78419.81,78490.218816,78084.08,78309.09,78490.61,0.231472124199235,0.08978447665200358,4.768294924885785,24,-0.13385422880127285,8,6,1,0.11377828026542769,loss,7
2026-05-03 10:00:00+00:00,short,78477.3,78588.949066,78084.08,78542.33,78631.9,0.11413491544687755,0.14226924983402606,3.5219282533004597,5,-0.18759021894534492,10,6,0,-0.2971074204955614,loss,19
2026-05-04 06:45:00+00:00,long,79865.1,79484.1,80635.51,78572.57,79540.05,1.2113927109588492,0.4770544330377098,2.0220734908136193,4,0.9355347620617783,6,0,0,-1.2096196850393701,loss,39
2026-05-05 10:50:00+00:00,short,80724.94,80815.703626,80527.76,80815.24,80826.0,0.013329213995073592,0.1124356685802429,2.1724561775441598,4,-0.5308401597901027,10,1,0,-0.11060252264491877,loss,1
2026-05-05 22:50:00+00:00,long,81212.0,80801.556456,81791.48,80831.87,80932.54,0.12395951337240588,0.5053976555188817,1.4118385061015943,3,0.265717889637855,22,1,0,-1.1978639966133835,loss,9
2026-05-06 12:45:00+00:00,long,82393.81,82167.77315800001,82850.0,82060.0,82261.6,0.2446785747618733,0.27433716440590233,2.0182108189249477,7,1.0917908403587817,12,2,1,-1.3645149581412257,loss,2
2026-05-07 08:50:00+00:00,long,81279.88,81183.570038,81708.32,81172.27,81390.3,0.2682459668985717,0.1184917620449235,4.448553307496946,7,-0.06417935988824247,8,3,1,-1.8439405261108974,loss,2
2026-05-07 11:45:00+00:00,short,80864.54,81024.94176999999,80572.4,80997.0,81194.74,0.24453239949179859,0.19835860069196803,1.8213015978564657,8,0.4747928522103203,11,3,0,-0.4958625456564374,loss,5
2026-05-07 14:10:00+00:00,long,80666.64,80244.92780399999,81180.0,80183.33,80300.0,0.14463227921728022,0.522783886870716,1.2173231053530906,5,-0.6361564083554766,14,3,1,-1.1912836307916468,loss,4
2026-05-07 15:05:00+00:00,long,80268.7,80029.9908,81180.0,80067.22,80080.76,0.016868343451424527,0.2973876492331351,3.8176157433396467,6,-1.0510988051965802,15,3,0,-1.3362614427931594,loss,2
2026-05-08 10:20:00+00:00,long,79886.29,79772.052398,80061.17,79727.0,79794.88,0.08497077533579875,0.1430002594938303,1.5308444587274703,3,-0.19357277266034062,10,4,0,0.8315450284050067,win,3
2026-05-09 03:50:00+00:00,long,80387.43,80291.698448,80550.67,80240.87,80327.75,0.10807659854283769,0.11908771309145905,1.7051849321319847,2,0.27472643619291476,3,5,0,0.8654677404583124,win,3
2026-05-09 16:35:00+00:00,short,80614.44,80760.8446,80234.0,80685.7,80846.87,0.19992696097621995,0.18161088757795052,2.598552231282466,3,-0.3892719737750629,16,5,0,-0.4493722191788845,loss,6
2026-05-11 01:15:00+00:00,long,81672.56,81263.744,82479.32,80944.44,82044.49,1.3469028030956822,0.5005548987321955,1.9734061289186966,14,0.6430320527538642,1,0,0,-1.1997782865641307,loss,12
2026-05-11 05:35:00+00:00,short,80864.29,80965.60364,80525.0,80879.12,81117.64,0.2949633268282008,0.125288480242648,3.348907412663963,7,0.2911262726267143,5,0,0,-0.20184202245626603,loss,7
2026-05-11 16:40:00+00:00,short,81579.64,81893.96793000001,80462.97,81744.85,82044.49,0.36729752668680493,0.3853019331784426,3.552563719043193,6,-0.6034873676134869,16,0,0,-0.7404632798619062,loss,12
2026-05-12 01:20:00+00:00,long,81409.77,81242.568236,81969.99,81252.72,81344.72,0.11300854921958384,0.20538292148472798,3.350562736886012,1,-0.02888039955627496,1,1,0,-1.486895401414552,loss,2
2026-05-12 21:05:00+00:00,long,80728.82,80626.72143,80896.25,80593.06,80679.11,0.10659142546615064,0.12647102980076003,1.6398858475685787,6,-0.1655778571407731,21,1,0,-1.7906949137485322,loss,5
2026-05-13 07:50:00+00:00,long,80966.32,80872.942176,81299.99,80768.95,80934.69,0.2047023997138628,0.11532921837130566,3.5733323577979497,6,0.05999262869256804,7,2,1,2.7062493981437257,win,14
2026-05-13 19:30:00+00:00,long,79516.92,79384.12,79800.0,79222.22,79514.97,0.3681606380126394,0.16700848071077565,2.131626506024063,5,-0.9811871716327571,19,2,0,-1.598771987951794,loss,20
2026-05-14 00:20:00+00:00,short,79489.32,79574.072002,79228.0,79470.0,79622.7,0.1921012785113737,0.10662061519710296,3.083348992747405,16,0.6665621619026548,0,3,0,-0.06209507593689867,loss,2
2026-05-14 15:35:00+00:00,short,80866.64,81138.769,79230.31,80843.87,81137.77,0.3634378774733422,0.33651577461361176,6.013067332037368,9,-1.2446193321776187,15,3,0,-0.7028371103410523,loss,3
2026-05-15 00:05:00+00:00,long,81301.15,81043.718014,81590.19,81020.0,81080.25,0.07410719282568574,0.31664003030706944,1.1227819995919726,4,0.7888545176588425,0,4,0,0.8069659610986003,win,5
2026-05-15 02:40:00+00:00,long,81088.0,80733.85,81664.45,80059.71,80816.08,0.932776736385156,0.4367477308602928,1.6277001270648215,2,0.37653997639044284,2,4,0,-1.2289651277707225,loss,27
2026-05-15 07:35:00+00:00,short,80796.76,80987.169326,80314.0,80882.45,80930.82,0.05986626196398209,0.2356645563510321,2.53538001599761,3,-0.012792446765827956,7,4,1,2.959711962847716,win,65
2026-05-15 18:15:00+00:00,short,79217.31,79546.027612,78659.0,79353.32,80340.83,1.246583606537504,0.414956796690026,1.6984486976620672,35,1.2558329112372697,18,4,0,1.9394376410838092,win,150
2026-05-16 11:45:00+00:00,short,78118.42,78178.24122400001,77640.0,78101.43,78334.21,0.29798349736209895,0.07657761639318089,7.9974960057635585,7,1.1840390415354576,11,5,0,0.30586462089077027,loss,35
2026-05-17 13:25:00+00:00,long,78292.62,78157.51537,78599.99,78200.91,78249.03,0.061461731642133505,0.17256368480196685,2.275051565590359,2,-0.011098616831474018,13,6,1,-1.579496202313711,loss,7
2026-05-17 14:50:00+00:00,long,78078.88,77834.43000000001,78599.99,77938.0,78003.35,0.08369740959399752,0.3130808228806523,2.131765187154865,7,-0.2580251741316061,14,6,1,-1.3194063407649865,loss,96
2026-05-17 16:10:00+00:00,short,78062.83,78111.594556,77850.0,78119.42,78173.15,0.06882917260365264,0.06246834248770462,4.36444043497546,2,0.24888313103288345,16,6,0,0.6008108430231294,loss,3
2026-05-17 18:15:00+00:00,short,78054.91,78229.50097,77850.0,78217.33,78333.8,0.14921546895640667,0.22367711397013995,1.1736574921372795,3,0.22003798463316399,18,6,0,-0.5529269927304694,loss,8
2026-05-18 13:00:00+00:00,short,77521.38,77784.44,76668.58,77477.99,77830.0,0.45408118379728885,0.33933864438429456,3.241845966699652,12,-0.13306013039375217,13,0,1,3.5365368357029237,win,15
2026-05-18 20:35:00+00:00,short,77079.71,77166.703572,76144.24,76954.25,77275.96,0.4173731323068112,0.1128618309539464,10.753323245539175,10,-0.038288264986092696,20,0,0,-0.11396085678598211,loss,11
2026-05-18 21:10:00+00:00,long,76917.76,76784.64,77182.14,76706.38,76874.73,0.218870128303257,0.173067962457559,1.9860276442308737,2,-0.1640166917104236,21,0,0,1.408219951923161,win,13
2026-05-20 13:55:00+00:00,long,77204.61,76952.65639,77748.05,76836.82,77179.93,0.4444164668404983,0.3263452920751712,2.156904995328343,4,0.09239283971150615,13,2,1,-1.3064239087505076,loss,3
2026-05-21 06:00:00+00:00,long,77846.34,77699.397012,78180.01,77559.34,77800.0,0.30914748207816,0.18876030395262672,2.270744623758495,3,0.3467302478152604,6,3,0,-1.5297724039748157,loss,8
2026-05-21 15:50:00+00:00,short,77168.01,77386.639576,76719.47,77372.0,77633.02,0.33824897130301024,0.2833163327653605,2.051597996055117,1,0.3913795667686637,15,3,0,-0.6470376450805647,loss,16
2026-05-23 09:55:00+00:00,short,74656.91,74737.49951,74289.6,74746.67,75394.54,0.8677964303639077,0.10794648479288882,4.557789220954937,3,1.6827858177020008,9,5,1,-0.07361503997221686,loss,3
2026-05-23 21:25:00+00:00,short,76752.13,77388.69916399999,75371.72,77290.0,77395.45,0.13739032389068173,0.8293830594668655,2.1685153445479086,6,-1.3345358066314215,21,5,0,-0.8794284512342453,loss,156
2026-05-23 23:30:00+00:00,long,76728.49,76380.780788,77404.18,76012.22,76538.04,0.6852995543115633,0.4531683237869031,1.943261716057108,12,1.1105774946269453,23,5,0,1.7225931592516597,win,131
2026-05-24 12:40:00+00:00,long,77127.09,77029.321054,77543.15,77046.67,77190.73,0.18678262073675758,0.12676343162953055,4.2555434728734065,6,0.7030402967687917,12,6,1,-1.7888710388675229,loss,6
2026-05-24 23:25:00+00:00,short,76861.13,77001.626594,76108.0,76840.01,77044.73,0.266350494716902,0.18279277705128266,5.360485820745399,16,-0.2858448917744463,23,6,0,-0.45293243194207333,loss,2
2026-05-25 06:30:00+00:00,long,77360.59,77206.77555600001,77650.0,77169.88,77324.0,0.19922288596815946,0.1988279096630322,1.881552814376943,4,0.6005276708463049,6,0,0,-1.502947499520953,loss,9
2026-05-25 16:20:00+00:00,long,77585.68,77493.378224,77905.52,77450.0,77557.0,0.13791204768715054,0.11896754143289456,3.465155426695532,2,0.46645618689845614,16,0,0,-1.8405654079722789,loss,32
2026-05-26 05:45:00+00:00,short,76893.01,76973.832154,76475.59,76888.01,77072.36,0.2397487105785114,0.10510988450056591,5.164673042492209,4,0.2742133592678639,5,1,0,-0.04861469047222111,loss,10
2026-05-26 11:10:00+00:00,short,77267.73,77606.22565000001,76586.94,77500.0,77543.38,0.05614245429496202,0.43808152510758586,2.011222300788711,6,-0.313308730421137,11,1,0,-0.7717319853298046,loss,37
2026-05-26 11:10:00+00:00,short,77267.73,77606.22565000001,76586.94,77543.39,77550.39,0.009059409406747163,0.43808152510758586,2.011222300788711,6,-0.313308730421137,11,1,0,-0.7717319853298046,loss,37
2026-05-26 12:30:00+00:00,long,77043.36,76862.564412,77621.75,76804.0,77174.94,0.4814691363408895,0.2346673198053584,3.199137801969039,5,0.005285190648484547,12,1,1,-1.4261351775907427,loss,10
2026-05-26 19:35:00+00:00,long,75964.13,75764.14414,77092.12,75522.0,75780.9,0.34081875221896724,0.26326354293796383,5.640348772658161,8,-1.0960499162399826,19,1,0,-1.3798475052186177,loss,31
2026-05-27 15:40:00+00:00,short,75202.01,75487.189542,74758.33,75274.11,75575.75,0.40110630021724075,0.3792179783492463,1.5557918246463698,4,0.9111158714854011,15,2,0,1.8194924024388697,win,27
2026-05-28 08:20:00+00:00,short,73310.01,73497.437572,72728.85,73260.01,74127.57,1.183412742680041,0.25566436561664707,3.100717753522344,13,1.575414986068772,8,3,1,-0.6088621902438143,loss,17
2026-05-28 19:20:00+00:00,long,73512.82,73414.80410200001,73749.69,73440.67,73514.57,0.10052668364512302,0.13333170731308883,2.4166487767117184,4,-0.3629667643348109,19,3,0,-1.750009146475418,loss,6
2026-05-28 20:10:00+00:00,long,73443.82,73226.831704,73749.69,73180.01,73316.31,0.18558402871746443,0.2954479982114362,1.4096151987846415,1,-0.42631934781698944,20,3,0,1.0711461598831309,win,14
2026-05-29 19:30:00+00:00,long,73564.01,73172.61255,74514.1,73198.17,73565.73,0.49964649833525615,0.5320501832349671,2.427430224698798,8,-0.08799077978864867,19,4,0,0.9064085368977526,timeout,288
2026-05-29 20:50:00+00:00,short,73663.01,73745.248,73187.25,73727.95,73925.33,0.2679499520858633,0.1116408357464786,5.785160144944244,6,-0.041091498454335844,20,4,0,-0.10427041027275519,loss,3
2026-05-30 05:25:00+00:00,short,73520.01,73613.2744,73216.0,73575.0,73613.85,0.052842756686248854,0.12685580429055984,3.259657489888904,4,0.08696582337034459,5,5,0,-0.21170339379227254,loss,4
2026-06-02 04:05:00+00:00,short,70794.45,71026.831792,70111.0,70880.63,71100.0,0.30986892334073557,0.32824860140872647,2.9410651932660743,13,1.4334646460307208,4,1,0,-0.6953528527742829,loss,4
2026-06-03 00:55:00+00:00,short,66938.01,67190.70917,66193.0,66868.62,67412.0,0.8117659906531502,0.37751222362303144,2.948209129456079,11,2.510219409636175,0,2,0,3.2131012143806084,win,30
2026-06-03 07:10:00+00:00,long,67072.0,66858.635598,67516.0,66623.44,66962.95,0.506187380725183,0.31811247912691815,2.080946942592544,2,-1.2001860706403131,7,2,1,-1.3143542192197457,loss,26
2026-06-04 05:05:00+00:00,short,63828.17,64751.367136,61383.56,64428.0,64778.15,0.5485822325785017,1.4463788261515291,2.647982651453973,19,2.565358737752187,5,3,0,0.5299281712676371,timeout,288
2026-06-04 18:15:00+00:00,long,63388.01,62932.321018,64494.92,62833.82,63068.41,0.37008576227586854,0.718888291334591,2.429090989081665,9,-1.219648871634829,18,3,0,-1.139103670494276,loss,97
2026-06-05 04:15:00+00:00,short,62698.01,62967.404,62339.0,62888.0,63052.0,0.26157130026933867,0.4296691394192579,1.3326577429341475,2,1.585460277372746,4,4,0,-0.767262782393075,loss,2
2026-06-05 17:10:00+00:00,short,61061.06,61534.930552,59786.0,61227.98,61620.47,0.6427828144483538,0.7760601470069474,2.690734831735222,10,2.2907350735551817,17,4,0,2.8195908236137806,win,18
2026-06-07 21:25:00+00:00,short,61781.85,62005.306458,61184.0,61962.47,62022.0,0.09635515932267946,0.36168625251590975,2.675465302506482,3,0.012596204486952856,21,6,0,-0.7235172769094915,loss,9
2026-06-08 05:50:00+00:00,long,62735.01,62395.5184,64234.68,62017.71,62803.42,1.2524266753125552,0.5411517428625598,4.417399429028562,53,0.5611239588766738,5,0,0,1.6384646630431916,timeout,288
2026-06-09 03:20:00+00:00,short,62793.99,62967.344012,62423.07,62879.1,62978.66,0.15855020520276694,0.27606784025032244,2.1396678145527486,4,0.5048993137598409,3,1,0,-0.6377701947850001,loss,10
2026-06-09 17:45:00+00:00,short,61630.0,61876.6222,60780.0,61706.86,62140.0,0.702807074476715,0.40016582833035536,3.446567259557359,6,1.4794353094593042,17,1,0,-0.7501035997570352,loss,6
2026-06-09 23:50:00+00:00,long,61702.21,61543.6888,62272.0,61484.67,61602.0,0.19015526348246156,0.2569133261191059,3.594408823551782,3,-0.9177745225948941,23,1,0,-1.3892363292733194,loss,9
2026-06-11 07:35:00+00:00,short,62644.12,62984.930494,61944.19,62944.43,63012.0,0.10786327591480206,0.544042272443124,2.053721972539981,15,-0.9044581754193753,7,3,1,-0.8161907537976208,loss,14
2026-06-11 20:50:00+00:00,long,63400.0,63257.346000000005,63933.02,62842.0,63324.35,0.7608044164037833,0.22500630914825706,3.736453236502415,3,1.0174268656096286,20,3,0,-1.444431982278816,loss,113
2026-06-12 17:35:00+00:00,long,63841.67,63497.457968,64394.44,63532.59,63551.9,0.030246702506380157,0.5391651440195656,1.6058997031225533,19,0.5981669889650203,17,4,0,-1.1854719302781396,loss,38
2026-06-13 16:55:00+00:00,long,64029.17,63907.26599000001,64350.0,63908.48,63921.33,0.020068977936147765,0.19038824023486656,2.631824826763493,1,0.3350921258808146,16,5,0,2.1065823019277254,win,57
2026-06-13 23:55:00+00:00,long,64458.01,64369.543516,64762.77,64296.6,64383.61,0.1349871024563154,0.13724668819283145,3.4449204514557232,2,0.6637447774231506,23,5,0,-1.728615031202065,loss,58
2026-06-15 23:40:00+00:00,long,66269.52,66063.344688,66920.0,65973.15,66106.0,0.2004692353287089,0.3111163503221491,3.15498491885379,15,0.261196613435431,23,0,0,-1.3214231585593423,loss,30
2026-06-16 09:15:00+00:00,short,66620.69,66978.6016,65806.02,66933.86,67088.83,0.23261542322662998,0.5372379061219452,2.2761765754449312,5,-0.6467871687975859,9,1,1,2.4623138506827313,win,60
2026-06-17 10:30:00+00:00,long,64948.43,64797.018004000005,66048.19,64092.4,64946.12,1.3144582555729232,0.23312649127930465,7.263361087981671,22,-1.1864012789412666,10,2,0,-1.4289516796278283,loss,5
2026-06-17 13:20:00+00:00,short,64901.26,65094.9784,64565.0,65076.76,65251.0,0.2684693640770579,0.2984817243917883,1.7358185902836574,7,0.9750007605611041,13,2,1,-0.6649711127079271,loss,3
2026-06-17 17:35:00+00:00,short,65940.03,66432.640814,64590.53,66265.8,66368.0,0.15498931377495143,0.7470588260272246,2.7394851303447045,14,-0.5993137833174461,17,2,0,2.873343397613681,win,21
2026-06-17 20:20:00+00:00,long,64360.0,63985.55033,66445.93,63861.86,64007.24,0.22588564325667712,0.58180495649472,5.570655196464676,6,-1.6799991898690465,20,2,0,-1.1718789069836801,loss,20
2026-06-17 23:30:00+00:00,short,64457.84,64516.29416,63915.77,64488.96,64800.0,0.4825479724421434,0.09068588087965893,9.27342040326966,2,1.1230425454419912,23,2,0,0.10270748908202165,loss,6
2026-06-18 09:10:00+00:00,long,64390.31,64296.29816800001,64646.75,64134.33,64378.25,0.37881476265605535,0.14600307406500954,2.727741759144016,2,-0.48702497469506195,9,3,1,-1.6849170857558375,loss,3
2026-06-18 18:35:00+00:00,short,62720.0,62947.15805,62272.07,62814.0,63587.3,1.2329400510204127,0.36217801339285427,1.971886974729726,4,2.0765235155633435,18,3,0,-0.7238926817693649,loss,13
2026-06-19 17:15:00+00:00,long,63083.17,62868.263832,63419.27,62872.99,63010.0,0.21718946590667848,0.34067116157923155,1.5639383602986976,5,0.07564423613313917,17,4,0,-1.293538201286059,loss,2
2026-06-20 01:25:00+00:00,long,63511.19,63391.3192,63777.0,63369.48,63470.0,0.15827132195129204,0.1887396535949086,2.2174708102389262,4,0.5781499821089874,1,5,0,-1.5298303673621745,loss,14
2026-06-20 19:00:00+00:00,long,63862.01,63717.463958,64388.0,63655.1,63836.0,0.2832670002087336,0.2263412034791917,3.638909739223379,17,0.4222335190227978,19,5,0,3.197098887010634,win,100
2026-06-22 00:50:00+00:00,short,63803.12,64081.1812,63270.0,63969.59,64168.73,0.312116398069572,0.43581128947925496,1.917275765191294,3,0.2785685293284184,0,0,0,-0.7705428876808386,loss,5
2026-06-22 16:50:00+00:00,long,64752.52,64506.0962,65622.83,64272.0,64579.08,0.4742363694880165,0.3805624862167478,3.5317611367084516,2,0.513240883023789,16,0,0,-1.262768937091307,loss,8
2026-06-23 00:30:00+00:00,long,64009.99,63791.829082,64659.43,63801.6,63850.8,0.07686300216576251,0.34082323399832026,2.9768851632719944,23,-0.5358081622011565,0,1,0,-1.2934072270451282,loss,52
2026-06-23 10:20:00+00:00,short,62380.32,62573.4828,61938.0,62528.13,62872.0,0.5512475729524995,0.3096534291584241,2.2898819027266315,4,2.1560744067427513,10,1,0,-0.6770583155762881,loss,12
2026-06-24 01:40:00+00:00,short,62943.99,63106.82611,62480.39,63095.0,63342.34,0.3929525281126864,0.2587000125031855,2.8470343586566127,2,-0.0844980803687211,1,2,0,3.233582465216015,win,19
2026-06-24 21:00:00+00:00,short,60761.04,61196.238304000006,59102.7,61150.13,61255.74,0.17381203481704818,0.7162456468816285,3.8105387469524348,3,1.405529545531428,21,2,0,-0.8603830956105948,loss,12
2026-06-25 06:20:00+00:00,short,61668.1,61794.678592000004,60684.94,61456.0,62585.2,1.831092574605018,0.20525781076440705,7.767190205433436,16,-0.5790395354873263,6,3,0,-0.5128078214047647,loss,6
2026-06-25 11:10:00+00:00,long,61358.01,61053.7868,61962.4,60910.63,61280.0,0.6019914922273434,0.49581660161403596,1.9866663686398627,3,-0.12171579188300038,11,3,0,-1.201687478141049,loss,28
2026-06-26 05:55:00+00:00,long,59953.3,59724.052800000005,60238.77,59456.0,59836.17,0.6341102157846161,0.38237628287349984,1.2452496693525434,7,-0.15008852143655319,5,4,0,-1.2615224962398692,loss,1
2026-06-26 08:00:00+00:00,short,60374.0,60747.838002,58728.18,60485.51,61080.0,0.9846788352602079,0.6192036340146367,4.402495174902026,10,-0.47487727350040254,8,4,1,4.563992935100307,win,63
2026-06-26 09:10:00+00:00,long,60175.68,60068.163964,60759.99,60047.68,60283.08,0.39118793505948163,0.1786702468505564,5.434631165159333,13,0.12722069339444558,9,4,1,-1.5596902772717502,loss,4
2026-06-27 18:30:00+00:00,long,60528.91,60401.067370000004,60941.17,60430.01,60510.0,0.13215172716640355,0.21120920565065385,3.224745923953515,18,0.2862832538303199,18,5,0,-1.4734642114293204,loss,10
2026-06-28 07:25:00+00:00,short,60108.42,60173.9628,59753.48,60140.0,60150.45,0.01738525151717029,0.10904096297990014,5.415392689967157,5,0.18010648065070334,7,6,1,-0.0829134550248487,loss,2
2026-06-28 10:45:00+00:00,long,60150.56,60055.9864,60545.01,60030.0,60140.14,0.18310718969199857,0.15722812888191912,4.170825684969386,4,-0.12699066627753952,10,6,0,-1.6360185083363907,loss,27
2026-06-29 19:15:00+00:00,long,60281.99,60141.31933,60683.84,60030.0,60193.87,0.27183906835192834,0.23335438992641006,2.856672254422332,3,0.565529491665735,19,0,0,-1.428532756686239,loss,61
2026-07-02 16:10:00+00:00,long,61698.0,61382.211102,62200.0,61388.0,61506.0,0.1912541735550585,0.511830039871631,1.5896695646342887,19,1.644386870990546,16,3,0,-1.195377356172921,loss,3
2026-07-02 22:25:00+00:00,short,61522.35,61641.099314,61342.0,61596.0,61664.39,0.11116285382466602,0.19301816981958686,1.518745615658863,17,-0.7618075703697782,22,3,0,2.0368315559279555,win,24
2026-07-03 09:40:00+00:00,long,61657.94,61497.707998000005,61896.99,61524.01,61612.0,0.1427066814103714,0.25987245438299916,1.4918992274714267,10,0.44578802730258865,9,4,1,1.1070950733050127,win,12
2026-07-04 02:50:00+00:00,long,62561.98,62391.76915,62979.86,62317.64,62518.72,0.3214092648602262,0.2720675560460252,2.455072634911286,21,0.6728953160494506,2,5,0,-1.367555769799627,loss,42
2026-07-06 05:50:00+00:00,long,63158.0,62937.41,63920.0,62836.01,63005.04,0.267630387282686,0.34926691788846465,3.4543723650211344,5,0.09388368794482062,5,0,0,-1.286313976154862,loss,14
2026-07-07 00:15:00+00:00,long,64098.36,63984.7005,64700.0,63892.65,64151.01,0.4030680348139961,0.17732044938435487,5.293354273069925,11,1.1443376248235952,0,1,0,-1.5639507476277752,loss,9
2026-07-07 05:30:00+00:00,long,63125.02,62787.44,64340.76,62411.41,63386.01,1.5439203029163375,0.5347800285845367,3.6013389418805177,32,-0.44543324559856884,5,1,0,-1.1869927720836573,loss,109
2026-07-07 09:20:00+00:00,short,63182.01,63433.010859999995,62800.0,63414.0,63767.04,0.5587666489242759,0.397266342112245,1.521946976596068,28,0.25552670687417267,9,1,1,-0.7482797070894426,loss,8
2026-07-08 12:20:00+00:00,short,62259.18,62438.589784,61743.83,62190.01,62550.0,0.5782119199128514,0.28816599254921627,2.8724743350674204,18,1.0355849718769747,12,2,1,3.2194965465204977,win,17
2026-07-08 21:20:00+00:00,long,62074.52,61943.6088,62394.32,61922.0,62032.0,0.177206364221584,0.21089361625348857,2.4428773091990226,2,-0.6200886326921262,21,2,0,1.968704587537298,win,45
2026-07-09 09:55:00+00:00,long,62953.4,62774.262636,63283.26,62624.61,62788.06,0.2596364930249948,0.28455550295933496,1.841380227075335,3,0.7508369878881026,9,3,1,-1.3514252894778518,loss,11
2026-07-10 20:30:00+00:00,long,63829.52,63643.2688,64220.0,63255.49,63692.76,0.6850592014478631,0.2917947683140948,2.096523404949905,2,-0.009615506238358256,20,4,0,1.753816780777817,win,38
2026-07-12 16:00:00+00:00,short,64140.75,64277.251978,63826.01,64246.0,64338.09,0.143574872448477,0.21281631100353557,2.305754133467556,14,-0.14153368725676982,16,6,0,2.7756429287786384,win,72
2026-07-13 09:15:00+00:00,short,63115.63,63290.219423999995,62500.76,62911.94,63237.26,0.5154349247563554,0.2766183653716171,3.521805536170407,23,0.6605785678867341,9,0,1,3.8833144326084907,win,48
2026-07-13 10:15:00+00:00,long,63122.41,63055.496378,63302.88,63070.01,63086.12,0.025521839232691818,0.10600612682563931,2.6970592026836298,2,-0.5966593983647033,10,0,0,-1.9433417010365988,loss,5
2026-07-14 00:40:00+00:00,short,62309.35,62471.5032,61882.88,62370.0,62559.58,0.3042561028160328,0.2602389529019331,2.630043687081103,6,0.5711529925087641,0,1,0,-0.6157377714408365,loss,3
2026-07-14 06:20:00+00:00,long,62702.71,62635.460402,62872.0,62604.0,62697.69,0.14941937916240355,0.10725150156987179,2.517338467956276,4,0.09574249842184498,6,1,0,-1.9323878783631985,loss,4
2026-07-14 14:10:00+00:00,long,63872.21,63568.273801999996,64181.99,62923.06,63699.03,1.2148788964715658,0.47585044888849637,1.0192270681756561,2,1.6383405424787136,14,1,1,0.8090770089846171,win,9
2026-07-15 16:45:00+00:00,long,65033.28,64771.873034000004,65600.0,64767.37,64888.0,0.18548964468653187,0.4019587601916973,2.167960589083965,2,0.551825841636226,16,2,0,-1.2487817405753496,loss,31
2026-07-16 13:40:00+00:00,short,64157.22,64467.104,63838.28,64380.0,64630.01,0.3896833435114583,0.48300721259430845,1.0292238385976824,1,0.5388041193472652,13,3,1,-0.7929637541789819,loss,4
2026-07-17 09:45:00+00:00,short,62968.27,63056.446188,62666.0,62998.52,63320.0,0.5105428495971117,0.1400327307706007,3.428022994144178,2,1.1809049297106804,9,4,1,-0.28588124040929863,loss,3
2026-07-17 23:15:00+00:00,long,63918.41,63871.57313,64216.61,63706.75,63894.0,0.2929515925067598,0.07327602485732429,6.366778992702885,1,0.31769425564048265,23,4,0,5.002076142149653,win,154
2026-07-19 04:15:00+00:00,long,64661.59,64597.967822,64967.25,64597.9,64614.36,0.025455606643757334,0.09839253566143025,4.80429953215393,1,0.37582418723846256,4,6,0,-2.01633725899799,loss,60
2026-07-19 12:50:00+00:00,long,64437.39,64272.382952,64743.0,64314.0,64462.0,0.2296803144882187,0.25607345052305736,1.8521027053341474,11,-0.12327436575066039,12,6,1,1.4615897497905745,win,53
2026-07-19 18:35:00+00:00,long,64441.99,64267.144,64752.0,64163.99,64280.22,0.1803637659234347,0.27132309228811485,1.7730459947611388,6,-0.1254638250135633,18,6,0,1.4044817153380988,win,44
2026-07-21 18:35:00+00:00,long,66268.0,66039.41947400001,66956.15,65991.05,66129.19,0.20845657029033532,0.34493349127782735,3.0105364268871373,10,0.44666998012135534,18,1,0,-1.2899109611813682,loss,132
2026-07-21 19:10:00+00:00,short,66297.99,66362.67481,66052.63,66358.0,66462.32,0.15735017004287305,0.09756677389464077,3.7931625678429386,2,-0.4664268310469428,19,1,0,0.024939085389733107,loss,1
2026-07-22 08:25:00+00:00,short,66019.96,66151.33708600001,65701.0,66026.93,66198.0,0.25911860594887814,0.19899600969162612,2.427820632282769,4,0.20330284917251643,8,2,1,2.930343271580737,win,52
2026-07-23 23:40:00+00:00,short,65172.07,65222.382914,64686.56,65221.29,65540.93,0.4904554972705212,0.07720011655299872,9.649808794616499,12,0.21602744212518496,23,3,0,0.29533483192799226,loss,41
2026-07-24 05:55:00+00:00,long,65325.0,65234.9504,65469.86,65187.57,65272.26,0.1296440872560311,0.13784860313815303,1.6086690001954818,11,0.08665901387298676,5,4,0,0.8832354613457687,win,4
2026-07-24 15:45:00+00:00,short,64134.01,64320.463334,63739.75,64198.3,64766.0,0.8851777707334955,0.29072458435079607,2.1145237338582867,3,1.3408241644760046,15,4,0,0.022225454010932788,timeout,288
2026-07-25 12:30:00+00:00,long,64065.38,64030.1914,64113.0,64024.72,64047.09,0.034917454637739355,0.054926077079374296,1.353279187009733,4,-0.2569733561657156,12,5,1,-0.4673496530126282,win,3
2026-07-25 16:30:00+00:00,long,64182.49,64110.1754,64272.0,64123.8,64126.0,0.003427726160198973,0.11267029372029332,1.2377860072517122,1,-0.048684765832544795,16,5,0,0.3502406153114693,win,11
2026-07-25 21:30:00+00:00,long,64357.99,64250.177394,64475.28,64241.71,64267.41,0.0399328816826075,0.16752015717084937,1.087906176760085,4,0.15853741018194978,21,5,0,0.4909630883052869,win,35
2026-07-26 02:10:00+00:00,long,64474.0,64414.704482,64541.66,64429.38,64456.67,0.04232713962217464,0.09196810807457113,1.1410643212528246,2,0.25237643328524706,2,6,0,0.05373087389174258,win,10
2026-07-26 07:05:00+00:00,short,64423.01,64447.108,64293.81,64457.55,64491.73,0.05305557750251082,0.037405889603727205,5.361440783468103,1,-0.08784845409103026,7,6,1,1.6733757988216857,loss,20
2026-07-26 11:45:00+00:00,long,64515.2,64482.270966,64573.73,64493.99,64497.62,0.005626581022773946,0.05104073768662375,1.7774587617725104,2,0.17471284897870612,11,6,0,-0.1817605703220373,win,4
2026-07-26 15:45:00+00:00,short,64766.07,64814.0346,64414.0,64802.0,64857.14,0.08513717136148514,0.07405822215243156,7.340205067904342,2,-0.4709807053635606,15,6,0,0.35028896311031255,loss,8
2026-07-26 18:35:00+00:00,long,64721.05,64655.976218,64940.51,64571.42,64673.42,0.1575994208993828,0.10054500351894705,3.3724795648115378,11,0.31392039926739035,18,6,0,-1.9945795066898144,loss,20
2026-07-27 00:25:00+00:00,long,65199.99,65094.9784,65577.0,64924.0,65273.76,0.5364418000677639,0.16106076089888666,3.590174799736498,4,0.7519154591126611,0,0,0,-1.6208836928491828,loss,6
2026-07-27 02:50:00+00:00,short,65166.0,65268.583672,64892.03,65225.75,65273.76,0.07367338796305134,0.1574190099131459,2.670697925494414,6,-0.5751390256956849,2,0,0,-0.3647527064541073,loss,2
2026-07-27 09:50:00+00:00,short,65266.01,65335.100366,65100.0,65258.0,65404.9,0.22507887336762497,0.10585964424667099,2.402795203024542,4,-0.3686777764948164,9,0,1,-0.055352956155955146,loss,6
2026-07-27 12:40:00+00:00,long,65046.79,64823.0328,65432.0,64703.36,64858.03,0.23778267920676524,0.34399422323530493,1.7215535410704061,2,-0.024361246660456554,12,0,1,1.4308509849068503,win,11
2026-07-28 04:25:00+00:00,short,63295.11,63362.714922,63059.39,63305.94,63469.3,0.25809260778597365,0.10680907577220204,3.48672837755816,14,1.7050811059940596,4,1,0,-0.06374997370751656,loss,7
2026-07-28 05:55:00+00:00,short,63451.61,63610.7753,63108.0,63529.89,63605.56,0.11925623321456817,0.25084517161975967,2.15882481922881,8,1.2805061327411322,5,1,0,-0.6013477183783162,loss,11
2026-07-28 17:05:00+00:00,short,63858.48,64087.18,62742.47,63940.27,64790.28,1.3310839844606417,0.35813567751690467,4.8797988631395555,20,-0.0683980392863959,17,1,0,-0.7207762133799702,loss,84
2026-07-28 18:00:00+00:00,long,63794.01,63491.2992,64100.0,63550.0,63773.65,0.3505815044390554,0.4745128892195376,1.0108327816516531,9,-0.017736653824421373,18,1,0,0.8000903502616934,win,73
2026-07-31 02:45:00+00:00,long,64320.28,64190.739284,65409.56,64144.06,64283.8,0.2172565169181559,0.20139949017634234,8.408784771577405,1,-0.46515513873252096,2,4,0,-1.4965255865962794,loss,5
2026-07-31 06:35:00+00:00,short,64365.65,64483.740672,64172.0,64439.81,64480.44,0.0631237313691459,0.18346846804156947,1.6398416294896179,2,0.2802801775013613,6,4,0,2.184894417401612,win,5
2026-08-01 20:35:00+00:00,short,62564.88,62627.472,62275.0,62624.0,62666.0,0.0671303133643028,0.10004334700235051,4.631262781185742,3,0.7235313938123846,20,5,0,-0.0004332822086560162,loss,2
2026-08-01 22:20:00+00:00,short,62826.09,62854.046676000005,62275.0,62734.0,62874.0,0.22283735944732516,0.04449851327690277,19.712286253194815,16,0.2520076396316585,22,5,0,1.2472660912899673,loss,1
2026-08-02 01:45:00+00:00,short,62990.39,63075.3824,62743.16,63027.65,63069.31,0.06613707265504502,0.1349291534788129,2.9088483205555757,6,-0.04995468378844266,1,6,0,-0.2588703225229796,loss,4
2026-08-02 03:50:00+00:00,short,63446.0,63537.29,62769.97,63310.0,63627.66,0.5006777417016101,0.1438861393941318,7.405301785518593,21,-0.6581120753846582,3,6,0,-0.3050060247562779,loss,2
2026-08-02 09:05:00+00:00,long,63247.99,63081.3812,63634.0,63088.0,63380.0,0.46167475045452044,0.26342149371070056,2.3168644153250892,7,0.10998117584929999,9,6,1,-1.3796197439751205,loss,33
2026-08-02 18:25:00+00:00,short,63290.0,63329.331600000005,63010.0,63320.0,63480.0,0.2528045504819087,0.062145046610846875,7.118957784579435,13,-0.17713391864907654,18,6,0,0.6091387078072588,loss,2
2026-08-03 22:15:00+00:00,long,63620.0,63379.331598000004,64080.0,63390.0,63646.59,0.4033165671172533,0.37829047783715136,1.9113435589272256,6,0.3773660325958559,22,0,0,-1.264347124389022,loss,28
2026-08-04 03:25:00+00:00,long,63774.0,63636.2702,63972.0,63585.09,63686.44,0.15892056323894663,0.21596544046163166,1.437597382701482,2,0.4848964790400674,3,1,0,0.9745603348004501,win,14
2026-08-06 10:15:00+00:00,long,64667.32,64568.293758,64999.0,64583.63,64730.26,0.22674513185331424,0.1531318168125723,3.3494151984481104,10,0.07679929025587487,10,3,0,-1.6530321528307623,loss,9
2026-08-06 20:35:00+00:00,short,64467.93,64523.412736,64365.0,64474.71,64548.81,0.11494087060031016,0.08606253683032496,1.8551716699768337,7,0.17957014050861667,20,3,0,3.0171174327092665,win,21
2026-08-07 16:05:00+00:00,long,65023.99,64775.0424,65390.99,64672.1,64802.0,0.19977242245516072,0.38285500474517103,1.4742058168064311,23,0.4921960589502379,16,4,0,-1.2611954885285102,loss,11
2026-08-07 17:35:00+00:00,long,64678.65,64512.095,65338.0,64436.13,64599.99,0.2533448054342516,0.25751155906933787,3.9587523640839204,2,-0.059934636500162196,17,4,0,2.3576677373840464,timeout,288
2026-08-07 18:35:00+00:00,short,64758.56,64868.153774,64525.0,64828.82,64894.83,0.1019324703946506,0.16923442090126903,2.13114296073056,7,-0.05529745438090048,18,4,0,-0.40910365948343475,loss,7
2026-08-07 22:10:00+00:00,long,64932.08,64887.879828000005,65102.0,64881.13,64948.0,0.10298453399306264,0.06807139398583428,3.8443289315708853,4,0.23664285309313482,22,4,0,-2.469045867061428,loss,4
2026-08-08 06:40:00+00:00,long,64990.02,64946.818038,65074.18,64957.47,64971.18,0.021095546670087388,0.06647476335597248,1.9480596737714153,3,0.18679876773639795,6,5,0,-2.5043302894438275,loss,65
2026-08-08 16:55:00+00:00,long,65086.45,65025.9922,65192.54,65018.0,65061.31,0.06654226801430663,0.0928884583503886,1.7547777127187878,5,0.19035583252808785,16,5,0,-2.0765600137617275,loss,18
2026-08-09 00:45:00+00:00,short,64966.48,64978.931614,64936.01,64975.99,65000.53,0.0377733255672785,0.019166213099428796,2.447072323315401,2,0.03943149967268168,0,6,0,4.217514773587708,loss,2
2026-08-09 12:50:00+00:00,long,64944.99,64901.74705400001,65000.0,64877.86,64950.0,0.11107862207692915,0.06658395974807481,1.2721149942007473,10,0.04115110825744721,12,6,1,-0.22974822298184727,win,2
2026-08-10 08:55:00+00:00,long,65245.58,65178.9616,65379.13,65159.25,65196.53,0.057137970112303135,0.10210408122665073,2.0047014038163162,3,0.2290326269025496,8,0,1,-1.9793927803729991,loss,5
2026-08-10 12:10:00+00:00,short,65126.0,65224.752440000004,64958.87,65074.61,65192.0,0.1802505911617471,0.15163289623192558,1.6924138785835658,10,-0.05311316180113827,12,0,1,2.3519013808670284,win,5
2026-08-10 19:35:00+00:00,short,63959.4,64088.519732,63806.27,64027.12,64203.15,0.2752214686191534,0.20187764738255706,1.1859535148354057,1,1.185483091757031,19,0,0,-0.504650458846984,loss,7
2026-08-11 12:15:00+00:00,short,64394.56,64502.526914,63911.09,64354.0,64544.01,0.29507150914611735,0.16766465055433902,4.477945901093204,15,-0.1933669052951913,12,1,1,5.0743745440383705,win,28
2026-08-11 13:45:00+00:00,long,64178.01,64037.19,64515.43,64108.0,64121.51,0.021050824106266363,0.21942095119496494,2.3961085073142945,3,-0.14404275270648279,13,1,1,-1.4557449936088633,loss,7
2026-08-11 20:15:00+00:00,short,63621.61,63703.036844,63238.0,63660.0,63714.75,0.0860556656771182,0.12798614181565263,4.711099941439383,3,0.5788372864590487,20,1,0,-0.21866540719668714,loss,3
2026-08-12 00:10:00+00:00,long,63607.57,63521.303198,63768.58,63536.0,63622.0,0.1352040331048647,0.1356234831797509,1.8664190194509036,14,-0.4549014882017301,0,2,0,1.1290835842043152,win,10
2026-08-12 03:50:00+00:00,short,63788.84,63895.22839800001,63534.01,63868.0,64050.0,0.28531636568402874,0.16678214872697178,2.395279981563125,21,0.11916857329065372,3,2,0,-0.4004154475566596,loss,65
2026-08-12 13:45:00+00:00,long,63997.53,63855.2264,64500.0,63867.2,64059.99,0.3012460012128607,0.2223579566273875,3.530971809567739,14,0.11714757171649313,13,2,1,-1.449725305614196,loss,2
2026-08-12 16:40:00+00:00,short,63520.39,63565.284400000004,63316.0,63570.01,63840.0,0.4250446195308278,0.07067714792054124,4.552683630920073,3,0.5105943452292097,16,2,0,5.967568115399058,win,33
2026-08-13 05:55:00+00:00,short,63878.0,63997.198000000004,63380.0,63926.13,63976.37,0.0786499264222506,0.18660258617991163,4.177922448363089,8,-0.3453474359555458,5,3,0,4.713820701689469,win,68
2026-08-13 09:20:00+00:00,long,63709.1,63575.272402,64010.0,63582.0,63591.56,0.015005705621328308,0.21006041209183027,2.2484151587328793,1,0.019350201957678462,9,3,1,-1.4760535267172754,loss,24
2026-08-13 22:45:00+00:00,short,63538.3,63627.272000000004,63105.44,63568.97,63686.0,0.18418811960659764,0.14002892743432163,4.865126107089791,8,0.029677333415254192,22,3,0,5.579264262914083,win,97
2026-08-14 16:50:00+00:00,short,63114.18,63202.936884,62535.24,63110.0,63286.67,0.2799212474914485,0.14062906941039585,6.522761659816585,6,0.02937778979751409,16,4,0,-0.28890946644771287,loss,5
2026-08-14 19:25:00+00:00,long,62929.1,62817.434,63247.05,62797.88,62966.86,0.2685244187506308,0.17744731769562483,2.847330431823578,17,-0.2908929897225525,19,4,0,-1.563547543567437,loss,34
2026-08-16 12:30:00+00:00,short,63004.95,63012.814916,62968.45,63013.62,63061.02,0.07523218413790374,0.012483012842651103,4.640863297201469,7,0.09239392026428767,12,6,1,7.010886575260651,loss,5
2026-08-16 19:00:00+00:00,long,63148.1,63107.376000000004,63390.0,63102.86,63137.35,0.05461763695186072,0.06448966793932787,5.939986248895809,16,0.07942954480274157,19,6,0,-2.550635988606429,loss,10
2026-08-16 20:10:00+00:00,long,63135.97,63088.269822,63390.0,63070.05,63102.86,0.05196720664939126,0.07555150891005419,5.325556646769817,4,0.05106303179022658,20,6,0,-2.323600301868918,loss,6
2026-08-16 21:15:00+00:00,long,63068.51,63014.99448,63322.01,63025.42,63060.0,0.05482926423979533,0.08485299557576488,4.736943600660071,7,-0.05256220667540458,21,6,0,-2.1785087765193913,loss,4
2026-08-17 09:50:00+00:00,long,63323.97,63282.341,63717.17,63246.91,63339.78,0.14665852441025942,0.06573971909847222,9.445338586081563,6,0.12502256922588087,9,0,1,7.924188186120028,win,23
2026-08-17 21:55:00+00:00,long,64382.02,64253.1468,64610.01,64216.42,64280.49,0.09951536158697678,0.2001695504428015,1.769103273605489,23,0.9456731176008404,21,0,0,-1.4995764829305296,loss,45
2026-08-18 06:00:00+00:00,short,64196.61,64263.1448,64047.73,64272.0,64367.27,0.14840347488753192,0.10364223282195316,2.237626024275936,11,-0.2902735726703016,6,1,0,-0.03514236159124573,loss,2
2026-08-18 20:30:00+00:00,long,64638.0,64579.081600000005,64891.81,64284.0,64652.0,0.5693245459327331,0.0911513351279356,4.307822344123722,7,0.398451129311577,20,1,0,-2.097076634803482,loss,4
2026-08-19 09:40:00+00:00,short,64365.09,64498.04781,64166.0,64414.65,64488.0,0.11395929066517042,0.20656820335371223,1.4973922930890384,13,0.05999178128208224,9,2,1,-0.5158983891205785,loss,16
2026-08-19 17:35:00+00:00,long,68034.02,67811.464994,69500.0,65970.0,68416.36,3.5957892830675013,0.3271231157588653,6.587045721181993,7,4.046413532622304,17,2,0,6.2813504181520665,win,39
2026-08-19 22:35:00+00:00,long,69386.58,68966.204,70000.0,68483.52,68984.78,0.7224163519804474,0.6058462601846119,1.4592174624621592,1,4.171122540000171,22,2,0,-1.1650583763107298,loss,55
2026-08-22 00:55:00+00:00,long,77953.3,77667.83332599999,78760.68,77548.99,78081.8,0.6834989666890274,0.36620216719498755,2.8282811043644314,10,1.7799884267942625,0,5,0,2.5552078979277417,win,30
2026-08-22 09:20:00+00:00,short,77244.85,77653.746144,76500.0,77572.16,78207.61,0.8226438396863959,0.5293506868095393,1.8216117000115526,28,-0.11810491032489144,9,5,1,2.010522383405036,win,235
2026-08-23 05:20:00+00:00,long,76280.51,75530.560866,77400.0,75500.0,75620.0,0.157314102907807,0.9831464603474662,1.4927545739388943,1,-1.0587215195047752,5,6,0,1.3910403288765079,win,78
2026-08-23 05:20:00+00:00,long,76280.51,75530.560866,77400.0,75753.0,76235.76,0.6328746359981007,0.9831464603474662,1.4927545739388943,3,-1.0587215195047752,5,6,0,1.3910403288765079,win,78
2026-08-24 05:00:00+00:00,long,76956.0,76654.67599799999,77717.28,76640.21,76744.94,0.13609075315764324,0.3915536176516561,2.526449917520933,2,-0.36190317764557445,5,0,0,2.2710570530653564,win,26
2026-08-25 09:10:00+00:00,long,79844.01,79353.296166,80923.69,79017.76,79478.0,0.5764239546585965,0.6145906674777416,2.2002232771779147,16,0.5665253139314547,9,1,1,-1.1627099227041577,loss,8
2026-08-25 16:05:00+00:00,short,79336.01,79547.797258,78120.74,79484.01,79622.0,0.1739311064420876,0.26694972182242493,5.738163907858541,2,-0.060151205559121394,16,1,0,6.112766283606736,win,59
2026-08-25 23:15:00+00:00,short,78806.18,78984.2,77851.0,78976.0,79048.44,0.09192172492056122,0.22589598937545774,5.365576901471583,12,0.3714151382960324,23,1,0,-0.557318391192011,loss,37
2026-08-27 01:20:00+00:00,long,78791.09,78530.42077400001,79174.12,78521.7,78554.0,0.04099448300563289,0.33083591812219326,1.4694101251523375,1,0.182017812807368,1,3,0,1.167145484216146,win,80
2026-08-27 12:10:00+00:00,long,79498.01,79156.81547,80520.0,79095.99,79683.09,0.7385090519875798,0.42918625258669163,2.9953293799874956,21,0.5996609348411619,12,3,1,-1.2329990753368805,loss,16
2026-08-27 20:05:00+00:00,long,80023.97,79733.75006,80848.74,79568.0,80094.0,0.6573030555719742,0.3626662611215057,2.8418791624035795,23,0.6103063206286198,20,3,0,2.566143559949795,win,61
2026-08-29 01:15:00+00:00,long,77701.8,77615.753744,77963.92,77537.33,77640.74,0.13308572002193447,0.11073907682962486,3.046268509346774,1,-1.0836291686264703,1,5,0,-1.903023601631182,loss,13
2026-08-29 16:25:00+00:00,short,77946.0,78134.37,77506.63,78131.86,78312.64,0.23192979755215,0.24166730813639614,2.332483941179626,20,-0.01975633888216056,16,5,0,-0.5862079949036368,loss,19
2026-08-30 21:25:00+00:00,long,78644.0,78214.17403600001,79400.0,78242.0,78590.14,0.44267839886068794,0.5465464167641381,1.7588514034020053,9,0.16878245824479643,21,6,0,-1.182967076414216,loss,22
2026-08-31 10:10:00+00:00,long,78519.99,78301.246618,78802.0,78322.56,78396.35,0.0939760690239621,0.27858304872428097,1.289227575351258,1,0.3812904810254149,10,0,0,-1.3589593855689759,loss,22
2026-08-31 13:00:00+00:00,long,78000.01,77659.504992,78802.0,77769.11,77864.16,0.12185895873603467,0.4365448260839875,2.3552957552977376,4,-0.31459271116908594,13,0,1,2.126224205195891,win,47
2026-09-01 03:10:00+00:00,short,78430.86,78484.3,78189.93,78457.55,78562.0,0.1331746202961399,0.06813644527167283,4.50842065868258,2,0.11712777872320819,3,1,0,0.4676433383232892,loss,1
2026-09-01 12:00:00+00:00,short,78028.73,78186.87949600001,77758.69,78062.24,78500.0,0.561024125344594,0.20268110989376956,1.707498328037491,18,0.5356236472010766,12,1,1,2.2008842190680493,win,7
2026-09-02 05:00:00+00:00,short,77486.01,77776.4416,76718.48,77721.26,77727.61,0.008195027721785934,0.3748181123276457,2.6427220729423735,19,0.2314976682535744,5,2,0,2.909518144719677,win,52
2026-09-02 12:30:00+00:00,short,76912.0,77033.99012,76264.0,77049.4,77473.84,0.5518514666111951,0.15860999583940374,5.311905587108106,2,0.6084246412889233,12,2,1,-0.36952271216719346,loss,14
2026-09-04 08:10:00+00:00,long,80773.96,80486.769426,81288.0,80561.0,80613.52,0.06502095477305318,0.35554846388614286,1.7898916139217724,19,0.6184467557931528,8,4,1,1.5086360041885718,win,13
2026-09-04 13:20:00+00:00,long,79414.23,79161.934446,81423.03,79000.0,80354.65,1.7058025998615038,0.317695649759491,7.9620903664439115,10,-1.3099664995743145,13,4,1,-1.3147666644969933,loss,3
2026-09-04 17:25:00+00:00,short,79511.59,79861.094586,78660.0,79704.0,81080.01,1.7305778943673429,0.4395643276659542,2.436563164295567,11,0.8120960755053506,17,4,0,-0.7725020123198105,loss,33
2026-09-05 18:55:00+00:00,long,79999.98,79914.014,80200.0,79816.0,79973.85,0.19731254932814463,0.10745752686438215,2.3267338250006198,6,0.2592312035713718,18,5,0,-1.930600237303116,loss,5
2026-09-06 20:10:00+00:00,long,79809.56,79760.634682,79970.0,79773.88,79799.52,0.03212647707868508,0.06130257828760634,3.27928374425735,2,-0.018989071380435252,20,6,0,1.6480309846941,win,7
2026-09-07 09:20:00+00:00,short,79455.58,79534.09,79001.1,79530.47,79644.55,0.14357707790944543,0.09880992625061041,5.78881671124731,3,0.42428217758882175,9,0,1,0.01204407081907144,loss,41
2026-09-07 19:05:00+00:00,short,79158.08,79228.15120000001,78680.0,79191.96,79318.92,0.1603879224963413,0.08852059069649716,6.822774549315016,15,0.39308302223644687,19,0,0,0.1296806676636546,loss,3
2026-09-07 20:10:00+00:00,short,79236.76,79403.286166,78680.0,79396.36,79400.48,0.0051996068491383845,0.21016276536295853,3.3433784814331187,7,0.2745256842321619,20,0,0,-0.5241783204208583,loss,62
2026-09-08 10:30:00+00:00,short,78736.53,78978.7011,78179.98,78929.24,78930.0,0.0009652444678407359,0.30757146650989936,2.2981685263022187,2,0.33134211775784983,10,1,0,2.62329621494879,win,36
2026-09-09 03:40:00+00:00,long,78650.01,78532.750308,78928.65,78575.31,78633.53,0.0740241482486794,0.1490904985263096,2.376264130047498,6,-0.0403607382125081,3,2,0,1.7055305756731174,win,4
2026-09-09 11:20:00+00:00,long,78923.99,78709.544942,79760.0,78726.01,78840.59,0.145177657642501,0.2717108676335447,3.898481073879295,4,0.017143825911466425,11,2,0,-1.3680382785971945,loss,44
2026-09-11 01:10:00+00:00,short,76901.29,76984.6,76464.0,76876.31,77100.02,0.2909053931345058,0.10833368334915087,5.24894970591681,9,0.7722355005417791,1,4,0,-0.07692605929673857,loss,10
2026-09-11 10:00:00+00:00,long,77162.68,76850.206884,77500.0,76897.54,77069.06,0.22228362208259758,0.4049536848642294,1.0795168695409103,5,-0.1837954380656798,10,4,0,-1.2469418201084586,loss,13
2026-09-11 20:45:00+00:00,short,77263.04,77488.509198,76883.0,77372.01,77490.34,0.1531521410495908,0.29182025196006545,1.6855517444115946,9,0.30659448565729425,20,4,0,-0.6573233032034917,loss,217
2026-09-12 03:50:00+00:00,long,77268.09,77204.556,77378.37,77225.71,77262.29,0.047341664586231125,0.08222540507989734,1.735763528189622,15,-0.16234088253481585,3,5,0,-2.2161691377845,loss,14
2026-09-12 21:10:00+00:00,short,77165.52,77221.65258000001,77059.75,77216.01,77336.0,0.15549691105561814,0.07274308525362748,1.884288945920439,4,0.18548182045954914,21,5,0,0.3747011094090664,loss,4
2026-09-13 19:50:00+00:00,long,77271.65,77207.715368,77413.52,77216.01,77249.35,0.04314648386570115,0.08274008902358046,2.2189851659744155,6,0.16879352733381345,19,6,0,1.010381196845248,win,18
2026-09-14 05:55:00+00:00,long,77611.79,77478.841132,77869.82,77170.76,77504.01,0.4293806392044302,0.17129983472870838,1.9408213389227842,2,0.5119069960267424,5,0,0,1.3570496139916284,win,3
2026-09-14 10:15:00+00:00,short,78003.8,78358.335198,77379.41,78068.01,78509.09,0.5654596314538545,0.4545101623254223,1.7611509478390446,5,-0.788032981869256,10,0,0,-0.7799829172391496,loss,42
2026-09-15 09:55:00+00:00,short,76984.05,77044.458026,76703.59,77007.84,77191.02,0.23794539258457764,0.07846823595275912,4.6427605497331195,2,1.0334042972236213,9,1,1,0.2744010208182053,loss,3
2026-09-17 02:35:00+00:00,long,76396.01,76040.12893199999,76774.08,75986.01,76188.0,0.2643986250067317,0.46583724464144455,1.062349290240987,6,0.43138779167067504,2,3,0,0.847682040787865,win,115
2026-09-17 23:30:00+00:00,short,76406.45,76494.707998,76259.98,76458.55,76500.0,0.054249346750172386,0.11551118786437657,1.6595663092199258,6,0.08203499506707865,23,3,0,-0.13428299155393075,loss,3
2026-09-19 07:25:00+00:00,short,81103.2,81233.75,80911.12,81228.03,81264.0,0.0443509010741884,0.16096775466319813,1.4713136729222327,2,-1.063730524425522,7,5,1,-0.3787575641516798,loss,9
2026-09-20 05:20:00+00:00,short,80457.32,80652.01637,80126.04,80525.83,81027.11,0.6230384009807918,0.24198714299704555,1.7015211942576507,13,0.6198471468796958,5,6,0,-0.5867549045726743,loss,104
2026-09-20 19:25:00+00:00,long,81116.64,81014.763806,81497.33,80969.84,81068.08,0.12110955286117034,0.12559222620660415,3.736790559725999,16,0.3693668703795161,19,6,0,-1.796227625072081,loss,19
2026-09-21 22:55:00+00:00,long,86453.74,86278.520844,87395.67,86071.19,86490.11,0.48455971945227383,0.2026738877924847,5.375725014906236,6,2.251504921063119,22,0,0,-1.4934034723920073,loss,20
2026-09-23 17:40:00+00:00,long,84259.24,83483.309998,85940.32,81725.74,83700.0,2.3430783377585587,0.9208841689054021,2.1665356355172665,20,-1.5510144357778797,17,2,0,-1.1085912901715573,loss,181
2026-09-25 01:45:00+00:00,long,84551.95,84349.1268,84796.51,84368.01,84410.24,0.049945625145263337,0.23987997911343134,1.205779220523091,3,0.24702768542483092,1,4,0,0.7889040800066193,win,3
2026-09-27 20:40:00+00:00,long,84639.98,84566.263364,84843.0,84574.01,84666.0,0.10868386311055987,0.08709434477654342,2.7540594771580635,4,0.08666226775550866,20,6,0,-2.14818017468951,loss,1
2026-09-28 13:00:00+00:00,short,83395.66,83614.70371399999,82597.55,83536.48,83613.8,0.09271465685385424,0.2626560111161479,3.6436106082462407,2,0.3247772839363218,13,0,1,-0.6192738952554203,loss,6
2026-09-28 14:35:00+00:00,long,83418.0,83078.38100000001,83820.0,83111.0,83310.71,0.23940876069913736,0.40712915677670464,1.1836793583398162,4,-0.2721467198187214,14,0,1,-1.2456223002835591,loss,1
2026-09-28 16:45:00+00:00,short,83600.0,84172.06221999999,82597.55,83782.07,84140.0,0.4281459330143457,0.6842849521531011,1.7523443516336565,38,-0.007045197073717932,16,0,0,-0.8538620501804837,loss,5
2026-09-28 21:15:00+00:00,short,83530.01,83647.277198,83118.1,83613.8,83800.0,0.22291389645469586,0.14038930200056407,3.5125764666090524,3,0.11594720045405497,21,0,0,4.224881454061716,win,9
2026-09-29 04:30:00+00:00,short,83149.33,83278.950878,82775.94,83241.99,83455.0,0.2561776504994024,0.15588926332900283,2.880631621705224,2,0.34991119230742385,4,1,0,-0.35851900339697573,loss,9
2026-09-29 09:25:00+00:00,long,83849.55,83743.64792,84368.01,83434.56,83873.74,0.5237714454043075,0.12630011729341403,4.8956545518274295,9,0.3573002660829667,9,1,1,4.103889649759404,win,28
2026-09-29 19:40:00+00:00,short,83436.0,83683.26,82900.0,83290.0,83688.0,0.4770123208207488,0.29634690061843183,2.167758634635652,20,0.22273878111133064,19,1,0,-0.6625576316427979,loss,30
2026-09-29 21:40:00+00:00,long,83506.43,83367.3232,83700.0,83218.01,83398.5,0.2161390446220791,0.16658214223742307,1.3915207595891443,3,-0.12622842273548798,21,1,0,0.791216317246976,win,6
2026-09-29 23:20:00+00:00,short,83732.01,83832.2302,83384.0,83756.25,84025.26,0.3212749819334264,0.11969162092252492,3.4724536570467603,3,-0.1395434037679395,23,1,0,4.3079340292670425,win,18
2026-09-30 16:45:00+00:00,long,84371.49,83356.3254,85649.95,83339.91,83632.01,0.34620699480356604,1.2032080979013215,1.2593622748468447,27,0.698157115637333,16,2,0,-1.0831111427644342,loss,176
2026-09-30 21:40:00+00:00,short,83708.25,83802.066234,83503.18,83771.16,83792.98,0.02606672580061396,0.11207525423121148,2.185869025610335,6,0.11691691439232313,21,2,0,-0.1077423764419948,loss,9
2026-10-02 07:45:00+00:00,long,85878.01,85750.29651,86912.75,85569.0,85893.27,0.3775937518813071,0.1487150086500545,8.102041530617077,20,1.1293300200327614,7,4,1,7.429614444018758,win,57
2026-10-03 13:15:00+00:00,short,84812.12,84909.484706,84570.0,84900.0,85018.0,0.13913105815536744,0.11480046248107886,2.4867327181163215,10,-0.02432242638955101,13,5,1,-0.12892336982978825,loss,3
