htf,ltf,time,side,entry,sl,tp,fvg_lo,fvg_hi,fvg_size_pct,risk_pct,rr_planned,wait_bars,trend_align,hour_utc,dow,killzone,result_R,outcome,bars_to_exit
1D,1h,2022-10-28 13:00:00+00:00,long,20470.6,19995.99588,21020.0,19601.15,20050.41,2.194659658241568,2.3184670698465117,1.1575963563063918,5,3.510686759474573,13,4,1,1.1575963563063918,win,21
1D,1h,2022-11-07 19:00:00+00:00,long,20847.51,20567.350498,21480.65,20393.32,21080.65,3.2969404979299775,1.3438511457723183,2.2599269183452724,21,1.1540951154416699,19,0,0,-1.0,loss,3
1D,1h,2022-11-25 10:00:00+00:00,long,16477.5,16339.5145,16812.63,16315.0,16458.05,0.8681535427097512,0.837417690790476,2.4287334538773955,6,-1.6943269133087833,10,4,0,-1.0,loss,63
1D,1h,2022-12-04 05:00:00+00:00,long,17015.09,16784.446981999998,17324.0,16548.71,16855.01,1.8001667931230412,1.3555204115876112,1.3393425158874592,40,1.3689793751675825,5,6,0,1.3393425158874592,win,21
1D,1h,2022-12-16 00:00:00+00:00,long,17427.46,17272.024508,18387.95,17241.89,17660.94,2.404538584509729,0.8918998637782014,6.179348021750389,23,0.9807110315528266,0,4,0,-1.0,loss,8
1D,1h,2023-01-03 14:00:00+00:00,short,16661.23,16802.562246,16470.0,16785.19,16791.0,0.03487137504254674,0.848270181733292,1.3530528624019544,17,0.24287649660087807,14,1,1,-1.0,loss,13
1D,1h,2023-01-13 05:00:00+00:00,short,18787.71,19120.797542,17287.11,18587.76,20384.89,9.565455289654786,1.7729012317094586,4.505121959799966,12,-7.946885630529127,5,4,0,-1.0,loss,9
1D,1h,2023-01-15 02:00:00+00:00,short,20672.91,21262.134582,17892.05,21069.77,21080.65,0.052629262160000786,2.8502256431242574,4.719524753296877,26,-12.513401011744591,2,6,0,-1.0,loss,23
1D,1h,2023-01-19 18:00:00+00:00,long,20977.73,20402.954454000002,21650.0,20000.0,20551.01,2.6266426348322645,2.739932042218091,1.1696217848488701,26,6.264001956694321,18,3,0,1.1696217848488701,win,26
1D,1h,2023-01-22 23:00:00+00:00,long,22707.88,22287.828424,23371.8,21192.0,22422.0,5.416621895130677,1.849805336297363,1.5805678110346992,3,8.500758857803655,23,6,0,1.5805678110346992,win,70
1D,1h,2023-02-03 11:00:00+00:00,long,23534.13,23317.593173999998,24255.0,23320.0,23363.27,0.183860631346901,0.9200970080474747,3.329087311919813,3,2.7467309671198668,11,4,0,-1.0,loss,2
1D,1h,2023-02-17 15:00:00+00:00,long,24130.5,23334.5439,25250.0,22319.08,23505.25,4.915646173929252,3.2985478958164958,1.4064846038619476,15,5.42083222018142,15,4,0,1.4064846038619476,win,89
1D,1h,2023-02-26 12:00:00+00:00,short,23161.99,23298.602398000003,22722.0,23219.13,23608.0,1.678914462876458,0.5898128701376742,3.2207179322040593,10,2.095984073790647,12,6,1,-1.0,loss,2
1D,1h,2023-03-05 00:00:00+00:00,long,22379.25,21966.654150000002,24000.0,21894.99,22047.28,0.6804964420165879,1.8436536076946182,3.9281781433332603,47,-3.6861306245283694,0,6,0,-1.0,loss,63
1D,1h,2023-03-06 20:00:00+00:00,short,22352.17,22666.560434,21971.13,22410.0,23195.9,3.5159897226980714,1.4065320458819026,1.2119961639799646,43,2.8898230108069445,20,0,0,1.2119961639799646,win,19
1D,1h,2023-03-10 12:00:00+00:00,long,19934.75,19545.10305,22256.66,19117.04,19888.05,3.86766826772344,1.954611670575244,5.95900981645053,11,-11.93649818224675,12,4,1,5.95900981645053,win,60
1D,1h,2023-03-11 06:00:00+00:00,short,20284.61,20690.566921999998,19549.09,20367.78,21580.0,5.9760577107472175,2.0013050386475144,1.8118178558857159,5,8.759704800862696,6,5,0,-1.0,loss,35
1D,1h,2023-03-15 18:00:00+00:00,long,24409.25,23892.06815,26386.87,22150.0,23976.42,7.482491268678874,2.118794514374677,3.823838752268657,1,7.33342309342337,18,2,0,3.823838752268657,win,40
1D,1h,2023-03-28 23:00:00+00:00,long,27261.07,26502.687786,28194.4,25167.4,26578.0,5.174411716047824,2.781923871660214,1.230685507611338,32,1.239579050266657,23,1,0,1.230685507611338,win,9
1D,1h,2023-03-31 12:00:00+00:00,long,28110.36,27506.087928,29184.68,27520.0,27686.0,0.5905296125698852,2.149641882921456,1.77787465246284,5,2.663148840218501,12,4,1,-1.0,loss,80
1D,1h,2023-04-18 02:00:00+00:00,long,29465.84,29090.886832,30549.99,28530.0,29590.0,3.597385990014199,1.2725012013911703,2.8914277635867354,15,-0.0924869914483889,2,1,0,-1.0,loss,30
1D,1h,2023-05-10 05:00:00+00:00,short,27655.55,27855.47111,27262.0,27818.0,28395.23,2.0872121509064168,0.7228968868816542,1.9685264852721187,4,3.065395758607535,5,2,0,-1.0,loss,7
1D,1h,2023-07-26 23:00:00+00:00,short,29351.96,29695.870392,28861.9,29376.0,29730.0,1.2060523385831814,1.17167777552164,1.4249642098631186,20,1.4517623938888475,23,2,0,1.4249642098631186,win,123
1D,1h,2023-08-11 05:00:00+00:00,long,29461.57,29314.307686,30244.0,29276.78,29376.67,0.3390518563674625,0.4998454393299461,5.313171976911909,12,0.27186795814693876,5,4,0,-1.0,loss,11
1D,1h,2023-08-18 06:00:00+00:00,long,26502.66,25160.699468,29259.85,25759.01,26181.0,1.5922552679617878,5.063493747420074,2.0545984283835828,9,-9.544046404693013,6,4,0,0.6554216603443287,timeout,288
1D,1h,2023-08-30 02:00:00+00:00,short,27400.56,28148.330112,25864.5,26832.6,28723.08,6.899421033730708,2.729032224158916,2.0541874773406357,12,-2.818788696312175,2,2,0,2.0541874773406357,win,43
1D,1h,2023-10-04 02:00:00+00:00,long,27412.14,27155.017572,28580.0,27094.99,27281.44,0.6801730911924319,0.9379874318458856,4.542038627606637,12,1.4680291023744285,2,2,0,-1.0,loss,168
1D,1h,2023-10-14 18:00:00+00:00,short,26870.0,27135.374,26538.66,26947.04,27298.0,1.306140677335315,0.9876218831410488,1.248577479331059,29,1.1953014986669015,18,5,0,-1.0,loss,26
1D,1h,2023-11-14 04:00:00+00:00,long,36500.0,36182.869999999995,37417.99,36106.0,36324.71,0.5992054794520524,0.8688493150685058,2.894680414971729,4,1.728688811842625,4,1,0,-1.0,loss,11
1D,1h,2023-11-30 11:00:00+00:00,long,37885.15,37546.02297,38450.0,37569.23,37570.0,0.0020324586282403486,0.8951450106440209,1.6656000555307935,3,1.541571202457855,11,3,0,-1.0,loss,3
1D,1h,2023-12-12 00:00:00+00:00,long,41717.98,40213.656404,44358.02,40250.0,41414.0,2.790163857406327,3.605935848284126,1.7549681511477069,22,-0.18175884398568656,0,1,0,1.7549681511477069,win,246
1D,1h,2023-12-13 23:00:00+00:00,short,42869.03,43483.773806,40222.0,42104.12,43563.0,3.4031094242160305,1.434004468960456,4.305907557204415,7,-2.632174051350172,23,2,0,-1.0,loss,123
1D,1h,2024-01-15 21:00:00+00:00,short,42716.0,43408.9732,41718.05,43257.0,45606.06,5.4992508661859665,1.6222801760464471,1.4400989821828558,3,3.011268972991084,21,0,0,-1.0,loss,19
1D,1h,2024-01-24 23:00:00+00:00,long,40084.88,38546.983024,41881.39,38145.85,38641.61,1.236775562256896,3.8366011723123443,1.1681601745993722,33,-3.8480158053994664,23,2,0,1.1681601745993722,win,41
1D,1h,2024-01-28 00:00:00+00:00,short,41990.85,42255.21817,39484.19,42196.86,42200.69,0.00912103470161177,0.6295851834387767,9.48170121993121,28,-1.4088367332244385,0,6,0,-1.0,loss,4
1D,1h,2024-03-05 23:00:00+00:00,long,63724.01,58992.255198,69000.0,57588.15,60364.7,4.357148898821646,7.425387702374667,1.1150176247023533,4,6.152898525514719,23,1,0,1.1150176247023533,win,64
1D,1h,2024-05-01 18:00:00+00:00,long,58913.99,56541.037202,64734.0,54910.0,56691.85,3.02449384263398,4.027825645487598,2.452644656440404,10,-7.36671317568528,18,2,0,2.452644656440404,win,110
1D,1h,2024-05-08 02:00:00+00:00,long,62756.01,62098.448798,65500.0,59625.0,62541.03,4.646614722637718,1.047805942410941,4.172980388219407,3,-0.14400333464224108,2,2,0,-1.0,loss,5
1D,1h,2024-06-06 22:00:00+00:00,long,70901.01,70103.459798,71758.0,70288.0,70383.66,0.13492050395333366,1.1248784777537,1.0745279705916329,2,2.59085208534111,22,3,0,1.0745279705916329,win,14
1D,1h,2024-06-08 07:00:00+00:00,long,69582.2,68406.08356,71997.02,68460.0,68567.32,0.15423484741788415,1.6902547490593829,2.0532150711200083,13,0.37786388848827107,7,5,1,-1.0,loss,67
1D,1h,2024-06-10 19:00:00+00:00,short,69490.8,70209.83816,68420.0,69582.2,70117.64,0.7705192629815779,1.0347242512677886,1.4892116435100027,31,-0.1518008177141877,19,0,0,1.4892116435100027,win,7
1D,1h,2024-06-19 10:00:00+00:00,long,65520.0,64046.896,67298.81,63118.36,64602.77,2.265583028083022,2.248327228327227,1.2075250627246945,33,-2.331060551687865,10,2,0,-1.0,loss,46
1D,1h,2024-06-26 04:00:00+00:00,short,61712.96,62500.152592,58402.0,62420.0,63178.32,1.2287856553955598,1.2755709530056563,4.206035516147237,2,4.302938710866787,4,2,0,-1.0,loss,114
1D,1h,2024-07-01 08:00:00+00:00,short,62923.91,63830.914782,60703.53,63369.8,63943.82,0.9122446459541321,1.441431058559451,2.4480356047340153,7,-0.3389644324452369,8,0,1,-1.0,loss,10
1D,1h,2024-07-02 11:00:00+00:00,long,62832.01,62388.66359800001,63861.76,61224.0,62497.2,2.0263556744404596,0.7056059514887325,2.3226758926082596,3,0.12165452074166738,11,1,0,-1.0,loss,3
1D,1h,2024-07-07 07:00:00+00:00,short,57369.99,58486.473998,53485.93,57546.0,59400.0,3.2316547379562035,1.9461115436833845,3.478831767367602,15,4.7948524511550525,7,6,1,-1.0,loss,69
1D,1h,2024-08-04 10:00:00+00:00,long,60812.01,59837.837598,65659.78,59850.0,60632.3,1.286423520617067,1.6019408041273486,4.976295766588528,33,-6.283262933936077,10,6,0,-1.0,loss,4
1D,1h,2024-08-29 16:00:00+00:00,short,60295.0,61179.049,57860.0,60234.98,62800.0,4.254117256820627,1.4662061530806851,2.7543722123999945,5,1.3961995336362436,16,3,0,2.7543722123999945,win,24
1D,1h,2024-09-11 07:00:00+00:00,long,56712.0,56088.6576,58088.0,55318.0,56386.4,1.8839046409930904,1.0991366906474844,2.2074545225866187,3,-0.4700142842366954,7,2,1,-1.0,loss,6
1D,1h,2024-10-05 11:00:00+00:00,short,62180.0,62497.286,59828.11,62390.31,62856.3,0.7494210357028067,0.5102701833386942,7.412523716772877,16,0.6746198864889612,11,5,0,-1.0,loss,27
1D,1h,2024-10-13 16:00:00+00:00,long,62629.1,62037.47418,63480.0,61321.68,62487.23,1.8610358443598949,0.9446500428714465,1.4382401363077761,2,0.5414115326902393,16,6,0,1.4382401363077761,win,11
1D,1h,2024-10-17 22:00:00+00:00,long,67444.02,66652.511196,68424.0,66500.0,66750.49,0.3714043142742755,1.1735789236762537,1.2381163608636236,11,4.529203432224723,22,3,0,1.2381163608636236,win,16
1D,1h,2024-11-01 09:00:00+00:00,long,69534.9,68816.09302,72978.9,68332.05,69760.0,2.053573097825692,1.033735548623776,4.791272338507382,13,0.7139291396969598,9,4,1,-1.0,loss,41
1D,1h,2024-11-03 17:00:00+00:00,long,68359.98,67465.05800399999,71632.95,67454.55,67618.0,0.23910188388000858,1.3091314479612264,3.6572684710277077,3,-1.059297342328421,17,6,0,-1.0,loss,24
1D,1h,2024-12-13 04:00:00+00:00,long,100000.46,99184.999908,102540.0,98270.0,99311.64,1.0416352084780403,0.8154563409008402,3.1142419168196,3,1.73672685908326,4,4,0,3.1142419168196,win,21
1D,1h,2024-12-18 11:00:00+00:00,long,105028.33,103116.81433400001,108353.0,102650.0,103333.0,0.6503007331450477,1.820000057127436,1.739284725276226,6,3.18810203195943,11,2,0,-1.0,loss,8
1D,1h,2024-12-21 12:00:00+00:00,short,97131.99,99560.036398,92232.54,98233.0,100000.0,1.8191740949608874,2.4997391672918376,2.0178568268035333,7,3.490819580384139,12,5,1,-1.0,loss,107
1D,1h,2025-01-03 13:00:00+00:00,short,96504.79,97858.800958,92888.0,97544.58,97632.02,0.09060690148126567,1.4030505200830068,2.6711674515118347,21,-0.6637723008424457,13,4,1,-1.0,loss,3
1D,1h,2025-01-11 17:00:00+00:00,short,94151.52,95854.830304,91203.67,95382.32,96181.81,0.849152515009838,1.8091160971166462,1.7306594066139156,24,2.0268211379443577,17,5,0,-1.0,loss,31
1D,1h,2025-01-14 16:00:00+00:00,short,95745.43,97390.149086,89256.69,97268.65,97920.0,0.6802935659696822,1.7178042711803707,3.945196511205284,7,-0.37976061899192354,16,1,0,-1.0,loss,9
1D,1h,2025-01-28 16:00:00+00:00,short,102250.01,103820.450002,97777.77,103260.0,104106.09,0.8274718017142458,1.5358824923342336,2.8477624069079095,12,0.2809098553834713,16,1,0,-1.0,loss,27
1D,1h,2025-03-03 00:00:00+00:00,short,93314.89,95018.662978,83196.71,92540.69,95227.94,2.8797654908021646,1.8258318452714177,5.938690266045545,7,-3.528865277693886,0,0,0,5.938690266045545,win,25
1D,1h,2025-03-12 13:00:00+00:00,short,82686.27,84556.387254,76606.0,84123.46,85218.47,1.324294831536112,2.2617022801971802,3.251277419635001,1,3.6595533363558133,13,2,1,-1.0,loss,50
1D,1h,2025-03-20 01:00:00+00:00,short,85867.96,87470.843592,81134.66,86897.25,87836.0,1.0932482849249008,1.8666841415587352,2.9529904876585746,2,-2.049630591228231,1,3,0,-1.0,loss,103
1D,1h,2025-03-31 17:00:00+00:00,short,82680.34,83959.616068,81278.52,83534.64,83585.0,0.06090928024727593,1.547255451537822,1.09579162392334,3,2.3019003912708254,17,0,0,-1.0,loss,15
1D,1h,2025-04-02 05:00:00+00:00,short,84100.0,85596.28000000001,81278.52,84624.73,85800.0,1.3974673008323473,1.779167657550551,1.8856631111823794,14,0.4268942033628484,5,2,0,-1.0,loss,8
1D,1h,2025-05-03 13:00:00+00:00,long,96330.0,95833.02399999999,97895.68,95228.45,96350.0,1.1642790407972625,0.515909893075895,3.1504137020700447,10,2.948899677171551,13,5,1,-1.0,loss,10
1D,1h,2025-05-12 20:00:00+00:00,long,102678.51,100697.834298,105819.45,97732.0,102315.14,4.463582496473702,1.9290070551276925,1.5857921601342555,2,3.2854580021625135,20,0,0,1.5857921601342555,win,140
1D,1h,2025-06-03 02:00:00+00:00,short,105612.46,106521.122492,103659.88,106313.12,106769.43,0.4320607625274495,0.8603743270443548,2.148850664785695,2,0.38829910080182023,2,1,0,-1.0,loss,12
1D,1h,2025-06-12 14:00:00+00:00,long,107612.69,106578.477462,110420.0,106488.14,108331.03,1.7125210790660463,0.9610507255231767,2.7144420482745866,16,0.7576395053023732,14,3,1,-1.0,loss,6
1D,1h,2025-06-15 09:00:00+00:00,short,104915.15,106272.98303,102664.31,106179.53,108064.0,1.796184821734517,1.294220167440078,1.657670678404385,33,1.2558986584038823,9,6,1,-1.0,loss,19
1D,1h,2025-07-25 11:00:00+00:00,long,116543.58,114699.851284,119450.0,111999.79,115222.22,2.765000011154632,1.5820079630297936,1.5763815873658074,7,-0.6975129329776272,11,4,0,1.5763815873658074,win,53
1D,1h,2025-08-04 04:00:00+00:00,short,114383.55,115022.87671,111920.0,114063.49,115500.0,1.2558711458072378,0.5589323901907169,3.853350660103074,17,1.609862976107653,4,0,0,-1.0,loss,10
1D,1h,2025-08-31 04:00:00+00:00,short,108816.32,109501.783264,107350.1,108926.15,110862.42,1.7793930175179642,0.6299268933189349,2.139020538378583,4,3.1521112795269124,4,6,0,2.139020538378583,win,24
1D,1h,2025-09-04 12:00:00+00:00,long,110933.94,110257.49321199999,112575.27,109912.4,110528.71,0.5555648704084721,0.60977441890193,2.4263992809438304,6,-0.2678817197073822,12,3,1,-1.0,loss,1
1D,1h,2025-09-11 09:00:00+00:00,short,113895.29,114482.429058,110766.66,113667.28,114560.0,0.7838076535034953,0.5155077598028862,5.3286013890085755,20,-1.912295357491156,9,3,1,-1.0,loss,3
1D,1h,2025-09-25 00:00:00+00:00,short,113062.35,113962.61247,111042.66,113290.5,115188.0,1.678277516786092,0.796253102823342,2.2434457364417644,10,1.0707808787161666,0,3,0,2.2434457364417644,win,12
1D,1h,2025-10-13 10:00:00+00:00,short,114810.62,115986.772124,102000.0,113322.39,119651.47,5.512625922584515,1.0244279875851208,10.891975398923815,19,2.3302325249113958,10,0,0,2.7638261528148993,timeout,288
1D,1h,2025-10-19 19:00:00+00:00,short,108908.43,109471.85168600001,106071.42,109240.0,110164.0,0.8484191719594159,0.5173352384200343,5.035322690791696,2,2.8269559750567947,19,6,0,-1.0,loss,8
1D,1h,2025-10-21 17:00:00+00:00,short,111973.42,114022.394684,107402.52,113612.35,113616.5,0.0037062367122431194,1.8298759509176379,2.2308230724826235,1,-0.48120747435966515,17,1,0,2.2308230724826235,win,18
1D,1h,2025-10-29 07:00:00+00:00,long,113577.9,112077.28442,116400.0,111943.19,113830.01,1.6612562831325395,1.3212214524128356,1.8806282152555085,31,1.2597621231992184,7,2,1,-1.0,loss,8
1D,1h,2025-10-30 02:00:00+00:00,long,110985.92,109177.802816,116086.0,109163.88,109700.01,0.4830612747995332,1.6291410514054416,2.8206578893948473,8,-0.9943637325758743,2,3,0,-1.0,loss,2
1D,1h,2025-11-24 04:00:00+00:00,short,86738.37,88144.987674,82333.0,87498.94,88608.0,1.278626748462068,1.6216787034388682,3.131888701122612,12,5.955175156361383,4,0,0,-1.0,loss,13
1D,1h,2026-01-06 20:00:00+00:00,long,92505.32,91244.438936,94789.08,90741.16,91514.81,0.8363302780856217,1.363036270778806,1.8112414130124432,2,2.544866700734764,20,1,0,-1.0,loss,19
1D,1h,2026-01-09 15:00:00+00:00,long,91176.47,89292.764706,94444.44,88919.45,89314.01,0.43274322859834086,2.065999368038705,1.7348626722073661,25,0.6939263036442592,15,4,0,1.7348626722073661,win,101
1D,1h,2026-01-14 22:00:00+00:00,short,96878.34,97943.865668,90705.91,96846.68,98000.4,1.1908957151825694,1.0998595434232277,5.792849656625992,7,-5.2824436489478686,22,2,0,5.792849656625992,win,130
1D,1h,2026-01-16 20:00:00+00:00,long,95553.6,94274.34928000001,97924.49,92519.95,94559.28,2.1342262353276085,1.3387781517389155,1.8533427129906217,5,2.8005179188133593,20,4,0,-1.0,loss,51
1D,1h,2026-01-23 20:00:00+00:00,short,89503.68,91242.890736,87263.53,90574.0,91910.2,1.4928995098302071,1.9431723209593263,1.2880267776819794,3,2.480790886792709,20,4,0,1.2880267776819794,win,46
1D,1h,2026-02-22 21:00:00+00:00,long,67612.66,67176.477468,68698.7,67320.0,67534.69,0.3175292911120525,0.6451196151726705,2.4898750415800195,7,-1.6223642500974287,21,6,0,-1.0,loss,3
1D,1h,2026-02-27 23:00:00+00:00,long,65872.1,64901.285579999996,69988.83,65026.75,66500.0,2.23653109586608,1.4737869598813604,4.240491195011251,12,-2.179766088647915,23,4,0,-1.0,loss,7
1D,1h,2026-03-06 07:00:00+00:00,long,71056.44,70128.978712,74050.0,69258.08,70645.47,1.9525183079816544,1.3052459256332092,3.2276926689364727,6,3.532190463643312,7,4,1,-1.0,loss,5
1D,1h,2026-03-09 22:00:00+00:00,short,68635.88,69530.377176,65618.49,68551.04,70645.47,3.051508919241667,1.3032501018417624,3.373280632917318,9,-0.5945482111088237,22,0,0,-1.0,loss,4
1D,1h,2026-03-23 15:00:00+00:00,short,70131.48,71831.116296,67360.66,71613.79,73399.19,2.545789708131083,2.423499826326205,1.6302428975663612,1,0.4468054147609664,15,0,0,-1.0,loss,44
1D,1h,2026-03-30 06:00:00+00:00,short,67305.14,67813.461028,65000.0,67288.94,68153.0,1.283794967219439,0.7552484520498817,4.534811414490556,4,2.318835740314282,6,0,0,-1.0,loss,2
1D,1h,2026-04-05 00:00:00+00:00,short,67225.0,67576.375,66282.0,67370.42,67578.75,0.3098995909259974,0.522685013015991,2.6837424404126646,9,0.9516178207329445,0,6,0,-1.0,loss,15
1D,1h,2026-04-07 03:00:00+00:00,long,68779.21,68259.584158,70351.46,67562.93,68300.0,1.0716465048086579,0.7554984158730648,3.025734813242745,1,1.0695099403116026,3,1,0,-1.0,loss,7
1D,1h,2026-05-07 17:00:00+00:00,long,80094.52,79483.981096,82850.0,79447.0,79808.72,0.45161641520543616,0.762273004445249,4.513193151078857,2,1.4983402042029592,17,3,0,-1.0,loss,9
1D,1h,2026-05-17 04:00:00+00:00,long,78158.09,77624.368382,82048.13,76669.14,78040.0,1.7539579076203122,0.6828744382059438,7.288518712389944,19,-2.0366527337484683,4,6,0,-1.0,loss,19
1D,1h,2026-06-09 08:00:00+00:00,short,62849.75,64247.24995,59500.0,63978.0,64092.49,0.18216460686000813,2.2235568956121505,2.3969589408572114,34,6.092695553857182,8,1,1,-1.0,loss,79
1D,1h,2026-06-17 13:00:00+00:00,long,65278.0,64551.9444,67292.15,64762.77,65354.0,0.9057109592818456,1.1122516008456136,2.7740988431188947,6,0.21712552939807578,13,2,1,-1.0,loss,6
1D,1h,2026-06-20 02:00:00+00:00,short,63340.57,63789.668114,62272.07,63666.0,63915.77,0.3943286269763546,0.7090212702538047,2.3792128416731653,2,1.9559647281791506,2,5,0,-1.0,loss,3
1D,1h,2026-07-05 01:00:00+00:00,short,62887.94,63474.567588,61248.86,63239.06,63312.0,0.11598408216265683,0.932814126206067,2.7940724806144193,8,-2.284179864964273,1,6,0,-1.0,loss,21
1D,1h,2026-07-26 05:00:00+00:00,short,64417.69,64612.833538,63739.75,64475.28,64650.0,0.27122984385190024,0.3029347031847876,3.474058157129518,5,0.26093537269496825,5,6,0,-1.0,loss,7
1D,1h,2026-08-02 11:00:00+00:00,short,63031.99,63646.606398,62275.0,63150.0,63603.92,0.7201422642692993,0.9750864568927708,1.2316462796360195,9,1.5984287086125661,11,6,0,-1.0,loss,10
1D,1h,2026-08-18 01:00:00+00:00,short,64200.06,64622.850012,62716.0,64515.43,64730.08,0.3343454819201126,0.6585508050927132,3.510158608004156,7,-0.7098502528410774,1,1,0,-1.0,loss,13
1D,1h,2026-08-23 08:00:00+00:00,long,76486.49,75530.372702,79500.0,73400.0,76500.0,4.053003347388538,1.2500472933193978,3.151820395158207,4,9.584958489501632,8,6,1,3.151820395158207,win,30
1D,1h,2026-09-08 09:00:00+00:00,long,78761.99,78164.227602,80559.99,77792.0,78660.0,1.1020544300620134,0.7589478097239623,3.007884079051726,4,0.44457030566001954,9,1,1,-1.0,loss,4
1D,1h,2026-09-24 13:00:00+00:00,long,84258.43,82858.078314,87395.67,81497.33,85114.0,4.292353892660946,1.6619722038495075,2.2403229355629293,23,3.293896213557871,13,3,1,-1.0,loss,88
4h,1h,2022-10-15 08:00:00+00:00,short,19070.68,19231.494136,18190.0,19217.64,19301.0,0.43711078996659053,0.8432532872451369,5.4763842402510905,8,2.38021319516176,8,5,1,-1.0,loss,35
4h,1h,2022-10-15 10:00:00+00:00,long,19155.33,19033.558934,19951.87,19049.99,19328.72,1.4551041407274086,0.63570330555517,6.541291179958872,19,-1.8994843189627864,10,5,0,-1.0,loss,13
4h,1h,2022-10-24 14:00:00+00:00,short,19276.76,19454.755352,19070.11,19392.41,19441.96,0.25704527109327124,0.9233675783689881,1.1609853722472248,5,0.12123083774517102,14,0,1,-1.0,loss,23
4h,1h,2022-10-25 03:00:00+00:00,long,19342.02,19153.131596,19695.0,19213.14,19441.96,1.1830201809324967,0.9765702031121939,1.8687224441792487,26,0.2050764676447565,3,1,0,1.8687224441792487,win,12
4h,1h,2022-11-10 10:00:00+00:00,short,16403.74,16963.270748000003,15588.0,16900.0,16918.83,0.11479089524707015,3.4109949804130095,1.4579002189170132,4,20.197498528775434,10,3,0,-1.0,loss,3
4h,1h,2022-11-11 01:00:00+00:00,short,17269.21,18202.453842,15588.0,18015.0,18173.09,0.9154443081067412,5.404091107815585,1.8014691598682946,5,12.885360041305754,1,4,0,1.8014691598682946,win,260
4h,1h,2022-11-12 20:00:00+00:00,short,16820.32,17152.324064,15588.0,17045.09,17209.2,0.9756651478687718,1.973827275580968,3.711761793373702,21,12.021245221050467,20,5,0,-1.0,loss,41
4h,1h,2022-12-02 00:00:00+00:00,long,17037.82,16851.602435999997,17249.0,16897.0,17028.37,0.7710493478625727,1.0929659076102594,1.1340498471991485,11,1.986609238053075,0,4,0,-1.0,loss,13
4h,1h,2022-12-02 13:00:00+00:00,short,16889.18,17109.107836,16428.3,17000.0,17042.37,0.25087067578176664,1.3021818466023747,2.0955964846578277,13,-0.9979549944521067,13,4,1,-1.0,loss,11
4h,1h,2022-12-07 16:00:00+00:00,short,16810.75,16900.742150000002,16678.83,16836.69,17018.94,1.0841277158960783,0.5353250152432334,1.4659056373249837,3,0.4575959131981509,16,2,0,-1.0,loss,22
4h,1h,2022-12-11 04:00:00+00:00,long,17168.54,17054.776292,17360.0,16957.79,17154.94,1.1483212899873712,0.6626289014674644,1.6829620215965129,39,1.1061191864697915,4,6,0,-1.0,loss,20
4h,1h,2022-12-12 12:00:00+00:00,short,16961.55,17013.39231,16871.85,16948.66,17071.0,0.7212784208990343,0.3056460641863509,1.730246973948513,3,0.20157034388351142,12,0,1,-1.0,loss,2
4h,1h,2022-12-16 00:00:00+00:00,long,17427.46,17272.024508,18387.95,17208.47,17395.0,1.07032235334351,0.8918998637782014,6.179348021750389,9,0.9807110315528266,0,4,0,-1.0,loss,8
4h,1h,2023-01-13 03:00:00+00:00,long,18876.37,18710.344726,19117.04,18380.47,18762.0,2.021204288748307,0.8795402611836897,1.4495985713596982,3,8.491108662831277,3,4,0,1.4495985713596982,win,11
4h,1h,2023-01-19 21:00:00+00:00,short,20932.98,21196.186596,20407.15,21136.8,21151.0,0.0678355398992438,1.2573775735705093,1.9977842804516879,2,-5.927882479059863,21,3,0,-1.0,loss,5
4h,1h,2023-01-22 17:00:00+00:00,long,22922.34,22597.965532,23371.8,22670.0,22851.94,0.7937235029233433,1.4151018962287523,1.38562076963467,19,9.70706915051135,17,6,0,-1.0,loss,3
4h,1h,2023-01-22 23:00:00+00:00,long,22707.88,22287.828424,23371.8,21529.0,22422.0,3.9325555710176374,1.849805336297363,1.5805678110346992,3,8.500758857803655,23,6,0,1.5805678110346992,win,70
4h,1h,2023-01-28 20:00:00+00:00,short,22966.91,23057.413382,22534.88,23017.27,23042.54,0.11002786182381713,0.3940598974785854,4.773633763211233,5,-3.6362298390287764,20,5,0,-1.0,loss,4
4h,1h,2023-02-01 15:00:00+00:00,short,22979.73,23324.595946,22500.0,23301.82,23599.15,1.2938794320037779,1.5007397650015981,1.3910622535053003,17,-1.5748580016379596,15,2,0,-1.0,loss,4
4h,1h,2023-02-02 15:00:00+00:00,long,23839.5,23520.2321,24255.0,23494.77,23690.02,0.8190188552612261,1.3392390780007926,1.3014148932604919,9,4.429752683606171,15,3,0,-1.0,loss,6
4h,1h,2023-02-04 01:00:00+00:00,short,23373.87,23720.374774,22760.23,23590.11,23725.76,0.5803489109847784,1.4824450294281646,1.7709424113158043,11,-1.8631528941321431,1,5,0,1.7709424113158043,win,42
4h,1h,2023-02-04 13:00:00+00:00,long,23503.73,23199.919254,24255.0,23144.85,23320.01,0.7452434145559018,1.2926065181994484,2.4728223405238023,24,2.262241609948713,13,5,1,-1.0,loss,23
4h,1h,2023-02-17 15:00:00+00:00,long,24130.5,23334.5439,25250.0,23353.87,24278.58,3.832121174447288,3.2985478958164958,1.4064846038619476,17,5.42083222018142,15,4,0,1.4064846038619476,win,89
4h,1h,2023-02-21 14:00:00+00:00,long,24684.93,24483.063014,25192.0,24555.0,24720.0,0.6684240141657278,0.817774188543378,2.51190157463389,22,3.93342539155471,14,1,1,-1.0,loss,1
4h,1h,2023-02-25 22:00:00+00:00,long,23118.73,22717.376254,24599.59,22916.98,23296.3,1.6407475670160072,1.7360544718503166,3.689662834241986,30,-2.492537510130898,22,5,0,-1.0,loss,123
4h,1h,2023-02-26 22:00:00+00:00,short,23476.41,23694.685282000002,22722.0,23353.1,23754.03,1.7077994463378356,0.9297643123458925,3.4562319337651424,4,0.6513207593398871,22,6,0,-1.0,loss,15
4h,1h,2023-03-04 08:00:00+00:00,short,22341.21,22503.458242,21971.13,22411.36,23386.44,4.364490553555506,0.7262285346227957,2.2809492136130185,24,4.327591453721256,8,5,1,-1.0,loss,17
4h,1h,2023-03-11 06:00:00+00:00,short,20284.61,20690.566921999998,19549.09,20367.78,20766.2,1.9641491751628544,2.0013050386475144,1.8118178558857159,5,8.759704800862696,6,5,0,-1.0,loss,35
4h,1h,2023-03-20 06:00:00+00:00,long,27628.5,27118.944300000003,28390.1,27200.0,27470.0,0.9772517509093871,1.8443118518920578,1.4946354245473121,4,10.423148471616505,6,0,0,1.4946354245473121,win,2
4h,1h,2023-03-23 13:00:00+00:00,short,27369.0,27743.7438,26601.8,27437.98,28105.35,2.438415725821181,1.3692272278855646,2.047265358359499,8,-4.775278588630843,13,3,1,-1.0,loss,1
4h,1h,2023-03-30 20:00:00+00:00,long,28149.8,27680.37004,29184.68,27479.36,28040.34,1.9928383150146702,1.6676138373984812,2.2045461265403814,3,3.0728424267305163,20,3,0,-1.0,loss,11
4h,1h,2023-03-31 05:00:00+00:00,short,28034.52,28380.606904,27240.1,28301.01,28500.0,0.7098034851319074,1.2345026916815403,2.2954350217192916,5,-2.497293226105921,5,4,0,-1.0,loss,8
4h,1h,2023-04-02 03:00:00+00:00,long,28476.59,28214.574682000002,28819.71,27992.05,28262.87,0.9510267907779679,0.9201077727354221,1.3095417574021442,12,3.0141270691794833,3,6,0,-1.0,loss,10
4h,1h,2023-04-06 18:00:00+00:00,short,27963.35,28186.64267,27711.0,28130.0,28132.16,0.007724396397426826,0.7985190257962747,1.1301311413401778,3,-0.25272925770020166,18,3,0,-1.0,loss,73
4h,1h,2023-04-15 13:00:00+00:00,short,30335.19,30601.667038,29775.68,30357.8,30657.14,0.9867747655445711,0.8784419612997344,2.0996555808309325,17,-3.6131200348007075,13,5,1,2.0996555808309325,win,36
4h,1h,2023-04-15 19:00:00+00:00,long,30331.74,29959.933652,31000.0,30128.59,30134.16,0.018363601956233662,1.225799601341703,1.7973334871625026,28,3.457573480894729,19,5,0,-1.0,loss,29
4h,1h,2023-04-15 19:00:00+00:00,long,30331.74,29959.933652,31000.0,29979.74,29982.93,0.010517035949796123,1.225799601341703,1.7973334871625026,27,3.457573480894729,19,5,0,-1.0,loss,29
4h,1h,2023-04-16 11:00:00+00:00,short,30226.45,30405.44529,29966.0,30339.35,30364.7,0.0838669443484173,0.5921809871817528,1.4550662198988715,15,-2.7716262459560927,11,6,0,-1.0,loss,7
4h,1h,2023-04-23 00:00:00+00:00,short,27541.8,27888.22836,27125.0,27409.62,27962.65,2.007966073386643,1.257827592967786,1.2031347549028526,10,4.972847735163945,0,6,0,-1.0,loss,25
4h,1h,2023-04-24 00:00:00+00:00,long,27807.49,27305.688502,28374.02,27324.58,27484.63,0.5755643533450854,1.8045551684096648,1.1289922454555885,24,-3.236504825348384,0,0,0,-1.0,loss,8
4h,1h,2023-05-03 00:00:00+00:00,short,28503.72,28885.580744000003,27666.95,28713.94,29160.96,1.568286525407913,1.3396873951891242,2.1912962071848825,9,0.7015654945570052,0,2,0,-1.0,loss,21
4h,1h,2023-05-21 04:00:00+00:00,short,27129.32,27282.975864,26361.2,27118.36,27334.02,0.7949333046312987,0.5663830276615864,4.998963137521374,37,0.4499694561102596,4,6,0,-1.0,loss,47
4h,1h,2023-05-30 18:00:00+00:00,long,27765.84,27519.046832,28447.14,27280.0,27525.99,0.885944743613021,0.8888373915573962,2.7606112661919346,25,2.1526217038371604,18,1,0,-1.0,loss,10
4h,1h,2023-06-01 10:00:00+00:00,short,26860.0,26956.442,26605.05,26883.6,27005.16,0.4525688756515313,0.3590543559195797,2.643557786026867,2,1.1341791503670535,10,3,0,-1.0,loss,2
4h,1h,2023-06-14 05:00:00+00:00,short,25845.14,26061.159028000002,25602.11,25978.37,26060.77,0.3188220299832056,0.8358206920140592,1.1250397812177735,5,1.8290971702019605,5,2,0,-1.0,loss,7
4h,1h,2023-06-18 14:00:00+00:00,long,26549.99,26305.690002,26839.99,26372.4,26473.5,0.3807911038761165,0.9201509981736423,1.1870650936313039,26,1.4978441785698724,14,6,1,-1.0,loss,9
4h,1h,2023-06-22 17:00:00+00:00,long,30145.29,29519.580942,30800.0,29221.99,29763.37,1.7959024444614644,2.075644513620537,1.0463489246786624,3,9.676738369202308,17,3,0,1.0463489246786624,win,22
4h,1h,2023-06-24 18:00:00+00:00,long,30638.38,30243.872324,31431.94,30195.0,30615.33,1.3719067391944408,1.2876257687253736,2.011519796131915,21,8.085721632260936,18,5,0,-1.0,loss,31
4h,1h,2023-07-06 00:00:00+00:00,short,30413.1,30597.65262,30200.0,30452.0,30762.0,1.0192976053082388,0.6068194955463344,1.1546842304378881,8,-0.5614564875076579,0,3,0,-1.0,loss,5
4h,1h,2023-07-15 20:00:00+00:00,short,30302.01,30396.960402,29900.0,30319.03,31050.0,2.4122822215424033,0.31334687698935554,4.233894660077258,20,0.5533554943222132,20,5,0,-1.0,loss,18
4h,1h,2023-07-21 05:00:00+00:00,short,29817.99,29958.973597999997,29570.96,29872.71,30166.67,0.9858478053014273,0.4728138885283523,1.7521896412376339,8,1.3266794291462518,5,4,0,-1.0,loss,13
4h,1h,2023-07-26 01:00:00+00:00,short,29131.01,29381.826202,28861.9,29270.0,29660.0,1.3387795342488984,0.8609938412708719,1.0729370664818336,16,2.491231847707032,1,2,0,-1.0,loss,2
4h,1h,2023-08-02 03:00:00+00:00,short,29632.96,30053.426592,28585.7,29870.0,29920.37,0.1699796442879786,1.418915261924562,2.4907091786260076,2,-0.6035418309694152,3,2,0,-1.0,loss,162
4h,1h,2023-08-03 12:00:00+00:00,short,29106.0,29609.621199999998,28585.7,29577.26,29622.5,0.1554318697175895,1.7303002817288453,1.0331177480217306,24,1.0621825447526236,12,3,1,-1.0,loss,121
4h,1h,2023-08-04 04:00:00+00:00,long,29205.98,28921.658804,30047.5,28980.0,29180.0,0.6847912653504522,0.9735033578739724,2.959751196319525,37,-0.6536792694448933,4,4,0,-1.0,loss,16
4h,1h,2023-08-09 07:00:00+00:00,long,29818.0,29607.0364,30244.0,29674.7,29685.76,0.03709168958346526,0.7075041920987294,2.0193057001302677,5,1.683747673642988,7,2,1,-1.0,loss,9
4h,1h,2023-08-11 05:00:00+00:00,long,29461.57,29314.307686,30244.0,29331.24,29354.0,0.07725318100833865,0.4998454393299461,5.313171976911909,12,0.27186795814693876,5,4,0,-1.0,loss,11
4h,1h,2023-08-30 05:00:00+00:00,long,27469.04,27275.496192000002,28142.85,26046.0,27350.01,4.747199028433459,0.7045889044538817,3.481434032753984,3,3.000534949765709,5,2,0,-1.0,loss,8
4h,1h,2023-08-31 09:00:00+00:00,short,27198.27,27504.439654,25864.5,27476.03,27532.79,0.20868974386974629,1.1256953254747495,4.35631024360107,25,-1.6288061426654639,9,3,1,-1.0,loss,2
4h,1h,2023-08-31 09:00:00+00:00,short,27198.27,27343.219654,25922.0,27286.88,27310.05,0.08518924181574142,0.5329370360688381,8.804919258379192,13,-1.6288061426654639,9,3,1,-1.0,loss,2
4h,1h,2023-09-09 21:00:00+00:00,long,25891.28,25642.081744,26445.5,25762.9,25773.52,0.0410176708142625,0.9624794757153748,2.224012354243771,35,-0.6586382546663062,21,5,0,-1.0,loss,22
4h,1h,2023-09-16 10:00:00+00:00,long,26545.18,26439.690964,26888.0,26444.45,26571.42,0.4783165908085668,0.3973943141466701,3.249816407460609,6,1.532534654388491,10,5,0,-1.0,loss,14
4h,1h,2023-09-21 04:00:00+00:00,long,27093.24,26794.581352,27483.57,26874.73,26881.37,0.024507958442768076,1.1023364056864389,1.3069435712439086,9,1.968050729831033,4,3,0,-1.0,loss,5
4h,1h,2023-09-21 04:00:00+00:00,long,27093.24,26794.581352,27483.57,26840.67,26847.21,0.024138862683093173,1.1023364056864389,1.3069435712439086,9,1.968050729831033,4,3,0,-1.0,loss,5
4h,1h,2023-10-04 02:00:00+00:00,long,27412.14,27155.017572,28580.0,27155.0,27826.65,2.450191776344355,0.9379874318458856,4.542038627606637,32,1.4680291023744285,2,2,0,-1.0,loss,168
4h,1h,2023-10-07 18:00:00+00:00,short,27891.19,28300.578238,27175.94,28123.39,28187.69,0.23053874718145503,1.4678048444688074,1.747119075756155,21,-1.9985250537164874,18,5,0,1.747119075756155,win,80
4h,1h,2023-10-10 04:00:00+00:00,short,27600.05,27755.55001,27260.0,27578.81,27808.4,0.8318463191189877,0.5634048126724399,2.1868165796259422,11,-0.4441235631963004,4,1,0,2.1868165796259422,win,22
4h,1h,2023-10-12 08:00:00+00:00,short,26802.8,26952.400560000002,26538.66,26795.63,27017.0,0.8259211724148184,0.5581527303117682,1.7656351019006535,10,2.1192835456369687,8,3,1,-1.0,loss,29
4h,1h,2023-10-14 12:00:00+00:00,long,26893.08,26836.381383999997,27130.0,26807.1,26845.0,0.14092844702057725,0.21082975992338968,4.178585240951504,5,-1.1539717828942841,12,5,1,-1.0,loss,8
4h,1h,2023-10-29 06:00:00+00:00,long,34090.01,33900.971998,34493.33,33941.11,34019.33,0.22945138473119006,0.5545260972349411,2.1335392658244308,18,6.213159059435919,6,6,0,2.1335392658244308,win,7
4h,1h,2023-11-10 10:00:00+00:00,long,36750.0,35592.65,37972.24,36106.0,36415.01,0.8408435374149715,3.149251700680268,1.0560677409599513,18,4.989538516385954,10,4,0,-1.0,loss,104
4h,1h,2023-11-16 22:00:00+00:00,long,36217.58,35492.756484,37980.0,35661.04,36002.35,0.9423876471039689,2.0013030025750034,2.431516032655856,3,0.3128462248668958,22,3,0,2.431516032655856,win,180
4h,1h,2023-11-17 05:00:00+00:00,short,36355.57,36680.961114000005,35360.0,36642.31,37121.09,1.3169371295787655,0.8950241022214903,3.059610287944074,3,-0.652151501380224,5,4,0,-1.0,loss,12
4h,1h,2023-11-25 01:00:00+00:00,long,37787.92,37542.762416,38414.0,37567.99,37600.0,0.08470961090211379,0.6487723695826616,2.5537859762886246,9,2.5302924050504547,1,5,0,-1.0,loss,35
4h,1h,2023-11-29 22:00:00+00:00,long,37790.65,37562.44187,38450.0,37568.28,37670.97,0.2717338812642871,0.6038745827340865,2.8892485118737934,7,1.4262460488204136,22,2,0,-1.0,loss,10
4h,1h,2023-12-01 01:00:00+00:00,long,37946.02,37492.410796,38450.0,37262.02,37513.19,0.6619139503958664,1.1954065380242784,1.1110444751910344,11,1.5934835981058277,1,4,0,1.1110444751910344,win,8
4h,1h,2023-12-03 07:00:00+00:00,long,39478.72,39266.964256,39717.14,38869.36,39286.54,1.0567211905553175,0.5363794570847329,1.125919871151151,4,4.218417136697437,7,6,1,1.125919871151151,win,6
4h,1h,2023-12-11 12:00:00+00:00,short,42210.5,42489.5421,40400.0,42321.03,43563.0,2.9423247770104624,0.6610727188732632,6.488268257728881,3,-0.9076637371077497,12,0,1,6.488268257728881,win,7
4h,1h,2023-12-12 00:00:00+00:00,long,41717.98,40213.656404,44358.02,40250.0,40700.0,1.078671594358116,3.605935848284126,1.7549681511477069,22,-0.18175884398568656,0,1,0,1.7549681511477069,win,246
4h,1h,2023-12-13 01:00:00+00:00,short,41022.0,41563.2044,40222.0,41457.35,41545.54,0.2149822046706702,1.3193028131246705,1.4781845823869808,2,1.7637254819261257,1,2,0,-1.0,loss,14
4h,1h,2023-12-16 08:00:00+00:00,short,42179.13,42419.425826,41400.0,42192.48,42630.43,1.0383097043490397,0.5697031351760963,3.242378417342933,12,-0.4116118397816626,8,5,1,-1.0,loss,4
4h,1h,2023-12-19 19:00:00+00:00,long,42341.96,41802.631607999996,43497.0,41735.5,42567.69,1.965402640784702,1.273744512535563,2.1416265435549224,5,0.7025125548696147,19,1,0,2.1416265435549224,win,18
4h,1h,2023-12-24 01:00:00+00:00,long,43781.99,43597.423602,44398.26,43669.88,43695.03,0.05744371144390983,0.4215578095011109,3.339015154860526,5,2.168447196312245,1,6,0,-1.0,loss,4
4h,1h,2023-12-25 08:00:00+00:00,short,43114.55,43343.752909999996,42500.0,43158.59,43550.0,0.9078373774050836,0.5316138287422522,2.6812486804815108,4,-0.3802055726010916,8,0,1,-1.0,loss,4
4h,1h,2023-12-31 00:00:00+00:00,long,42367.87,42071.496426,43111.0,41988.62,42247.44,0.610887448436751,0.6995243659877278,2.5074097868117806,4,-0.8535046042355006,0,6,0,-1.0,loss,2
4h,1h,2024-01-05 01:00:00+00:00,short,43376.0,44738.2552,40750.0,43716.0,44940.93,2.8239810033198087,3.140573589081519,1.9276857963177536,11,-0.25101746345868164,1,4,0,-1.0,loss,83
4h,1h,2024-01-07 11:00:00+00:00,long,44061.1,43602.37778,44729.58,43771.1,43828.5,0.13027364273702077,1.0411047840385192,1.457265357671161,15,1.3759612741535254,11,6,0,-1.0,loss,12
4h,1h,2024-01-13 10:00:00+00:00,short,42700.12,43263.500024,41500.0,42997.29,43212.0,0.502832310541514,1.319387449028242,2.1302139743598834,5,4.573987748293718,10,5,0,-1.0,loss,56
4h,1h,2024-01-18 08:00:00+00:00,short,42742.0,42938.5484,42050.0,42925.49,43060.69,0.3163165036732122,0.4598483926816706,3.520761298489335,18,2.004227895877392,8,3,1,3.520761298489335,win,8
4h,1h,2024-02-05 05:00:00+00:00,long,42777.24,42213.444552,43380.01,42331.1,42364.0,0.07691005777839209,1.3179799538259063,1.0691288873265383,7,0.6693395403322344,5,0,0,1.0691288873265383,win,8
4h,1h,2024-03-07 01:00:00+00:00,long,66410.0,64651.638,69000.0,64146.45,66041.63,2.853756964312615,2.647736786628521,1.4729617678271019,13,8.41738974145579,1,3,0,1.4729617678271019,win,38
4h,1h,2024-03-22 00:00:00+00:00,long,65794.0,64515.851200000005,68240.47,64395.0,65656.41,1.9172112958628502,1.9426525215065134,1.914072915453983,6,-1.5432969023745573,0,4,0,-1.0,loss,11
4h,1h,2024-03-23 19:00:00+00:00,short,64872.9,66011.97458,62260.0,64674.06,65756.64,1.6687707810195038,1.755855804195578,2.2938796509707178,12,2.0748439811175037,19,5,0,-1.0,loss,23
4h,1h,2024-03-26 21:00:00+00:00,long,70000.68,69265.999864,71561.1,67344.23,69440.18,2.9941851993437743,1.0495328559665356,2.123944725790194,7,4.327214859154696,21,1,0,2.123944725790194,win,16
4h,1h,2024-03-30 23:00:00+00:00,short,69582.18,70649.956436,68359.18,70538.78,70541.9,0.00448390665540422,1.534554444830559,1.1453708461496708,34,-1.584309409702991,23,5,0,-1.0,loss,14
4h,1h,2024-04-04 20:00:00+00:00,short,67931.26,69323.496252,64493.07,67120.0,69327.66,3.2498440335127063,2.049478034118611,2.4695449461690853,7,0.024396607508070874,20,3,0,-1.0,loss,51
4h,1h,2024-04-10 08:00:00+00:00,short,69011.92,69607.95238399999,68210.0,69320.0,69576.61,0.3718343149994966,0.8636658478709055,1.3454302509845009,10,-0.23769354705366613,8,2,1,1.3454302509845009,win,4
4h,1h,2024-04-13 17:00:00+00:00,short,66730.87,67942.346174,65086.86,67440.0,69236.95,2.6928316684616838,1.815465876587568,1.3570304024815107,13,3.310304770741497,17,5,0,1.3570304024815107,win,2
4h,1h,2024-04-15 14:00:00+00:00,short,64235.24,66879.917048,60660.57,65608.09,67169.97,2.4315002170148423,4.117174697253416,1.35164707641838,15,5.5768431820905695,14,0,1,1.35164707641838,win,49
4h,1h,2024-04-18 04:00:00+00:00,short,61640.06,62242.228012,59678.16,61956.42,62541.13,0.948587655495467,0.9769101652399461,3.2580608084508946,1,7.108646837316325,4,3,0,-1.0,loss,7
4h,1h,2024-05-01 00:00:00+00:00,short,60240.57,61082.758114,59191.6,60947.55,61000.0,0.0870675692477629,1.3980414096347311,1.2455293331294925,2,6.089238747389032,0,2,0,1.2455293331294925,win,7
4h,1h,2024-05-03 09:00:00+00:00,long,59481.12,58625.723776000006,61070.71,58689.55,58943.38,0.4267404514239047,1.4380970365050227,1.8583084135756054,13,-4.4833264425346595,9,4,1,1.8583084135756054,win,4
4h,1h,2024-05-08 02:00:00+00:00,long,62756.01,62098.448798,65500.0,62179.99,62541.03,0.5753074486411753,1.047805942410941,4.172980388219407,3,-0.14400333464224108,2,2,0,-1.0,loss,5
4h,1h,2024-05-09 00:00:00+00:00,long,61400.0,60875.72,64422.41,59575.48,61533.2,3.1884690553745827,0.8538762214983694,5.7648775463492985,4,-2.2014250444383268,0,3,0,-1.0,loss,10
4h,1h,2024-05-11 21:00:00+00:00,short,60919.55,61527.18391,60187.12,61294.82,62800.0,2.4707667735562726,0.9974366356941192,1.205380390966008,6,2.2662300496109613,21,5,0,-1.0,loss,18
4h,1h,2024-05-22 04:00:00+00:00,short,69599.98,70391.689996,66060.31,70263.03,70839.63,0.8284485139219951,1.13751468894101,4.4709174039530195,5,-5.277229819314504,4,2,0,-1.0,loss,11
4h,1h,2024-05-28 10:00:00+00:00,long,68592.01,67472.931598,70687.56,67523.78,67924.39,0.5840476172078943,1.6314996484284385,1.8725676380268523,7,1.136692869989195,10,1,0,-1.0,loss,8
4h,1h,2024-06-10 19:00:00+00:00,short,69490.8,70209.83816,68420.0,69585.96,70633.21,1.507034024647867,1.0347242512677886,1.4892116435100027,31,-0.1518008177141877,19,0,0,1.4892116435100027,win,7
4h,1h,2024-06-16 02:00:00+00:00,short,66142.86,66640.74857200001,65078.0,66520.0,66746.4,0.3422894020609241,0.7527472685638492,2.1387516401962676,29,2.800536572953879,2,6,0,-1.0,loss,8
4h,1h,2024-06-26 00:00:00+00:00,short,61767.72,62432.353544,58402.0,61700.0,62160.72,0.7458912195561065,1.0760208471350352,5.06402367196805,10,4.321178528907354,0,2,0,-1.0,loss,2
4h,1h,2024-06-27 09:00:00+00:00,long,61282.78,60594.373444,62487.81,60442.71,60624.63,0.29685337381887417,1.123327884276793,1.7504627018688588,3,-4.087841372825907,9,3,1,-1.0,loss,34
4h,1h,2024-06-30 02:00:00+00:00,short,60834.27,61236.166854,60063.0,61119.58,61212.11,0.15210176763853472,0.6606421906599783,1.9190744896947745,19,3.2787988317660033,2,6,0,-1.0,loss,5
4h,1h,2024-07-01 08:00:00+00:00,short,62923.91,63830.914782,60703.53,63369.8,63918.58,0.8721327075828549,1.441431058559451,2.4480356047340153,7,-0.3389644324452369,8,0,1,-1.0,loss,10
4h,1h,2024-07-02 11:00:00+00:00,long,62832.01,62388.66359800001,63818.33,62109.81,62573.32,0.7376972342600563,0.7056059514887325,2.224716374263052,22,0.12165452074166738,11,1,0,-1.0,loss,3
4h,1h,2024-07-10 12:00:00+00:00,short,58150.44,59481.630088,54800.0,59150.0,59400.0,0.4299193608853174,2.2892175673993105,2.516875711592598,8,1.3538225811270423,12,2,1,-1.0,loss,24
4h,1h,2024-07-11 03:00:00+00:00,short,57568.0,58418.5636,56335.03,58019.89,58311.66,0.506826709282942,1.47749374652585,1.449591776558507,2,2.1627539880631192,3,3,0,-1.0,loss,7
4h,1h,2024-07-13 05:00:00+00:00,long,58076.02,57138.444795999996,59650.0,57334.32,57500.0,0.2852812572211393,1.6143930042038017,1.6787773325114537,9,-0.7087565056639039,5,5,0,1.6787773325114537,win,18
4h,1h,2024-07-18 01:00:00+00:00,long,64678.99,63841.064202,66128.63,63872.2,64111.56,0.37007380603809764,1.295514660943216,1.7300338567687978,9,5.810148196746724,1,3,0,-1.0,loss,13
4h,1h,2024-07-30 20:00:00+00:00,long,66186.01,65289.432798,70079.99,65187.82,65722.63,0.8080408533465079,1.3546325001310597,4.343161962309232,6,-0.21387550963801485,20,1,0,-1.0,loss,23
4h,1h,2024-08-02 01:00:00+00:00,short,64647.99,65672.709598,62302.0,65422.0,65963.25,0.837226339132895,1.5850757277991216,2.2893970258583756,3,1.9946323981581138,1,4,0,2.2893970258583756,win,19
4h,1h,2024-08-06 08:00:00+00:00,short,54992.0,56286.9984,49000.0,54576.71,58001.81,6.2283604887983675,2.354885074192604,4.627032743824251,17,12.92364182215931,8,1,1,-1.0,loss,6
4h,1h,2024-08-15 21:00:00+00:00,long,57622.21,56067.015558,61800.0,55566.24,56670.47,1.9163270551407232,2.698949661944587,2.686345763059254,1,-3.9496094622226017,21,3,0,2.686345763059254,win,143
4h,1h,2024-08-16 20:00:00+00:00,short,59257.06,59861.231412,57713.88,59462.61,60640.4,1.9875943895967856,1.0195770968050109,2.554208903879735,31,0.7020695174420192,20,4,0,-1.0,loss,30
4h,1h,2024-08-21 09:00:00+00:00,short,59290.51,59935.988101999996,57787.3,59597.28,60401.9,1.3570805850717131,1.0886701801013243,2.3288319082279476,13,0.4279393522957946,9,2,1,-1.0,loss,4
4h,1h,2024-08-22 22:00:00+00:00,short,60435.05,60719.96701,58783.47,60600.2,60802.38,0.3345409658798996,0.4714433263478683,5.7967055038237865,2,-1.0960922231348307,22,3,0,-1.0,loss,2
4h,1h,2024-08-28 14:00:00+00:00,short,59195.26,60246.819052000006,58034.01,59650.0,61518.74,3.156908171363717,1.7764244164144294,1.1043126848571843,10,3.80711428453244,14,2,1,1.1043126848571843,win,2
4h,1h,2024-08-31 08:00:00+00:00,short,58985.01,59955.867002,57860.0,59638.37,59990.0,0.596134509428747,1.6459385223466048,1.1587803329248745,23,2.8465513342958157,8,5,1,1.1587803329248745,win,21
4h,1h,2024-09-04 10:00:00+00:00,short,56456.45,56921.23129,55606.0,56881.0,57415.0,0.9458618102980262,0.8232563152660259,1.829785359905485,2,5.275940015148474,10,2,0,-1.0,loss,4
4h,1h,2024-09-05 03:00:00+00:00,short,57135.42,58530.427084,55606.0,58251.09,58717.0,0.8154486306392839,2.441580168658959,1.096352855509939,11,3.683171164775148,3,3,0,1.096352855509939,win,28
4h,1h,2024-09-08 14:00:00+00:00,short,54149.5,54860.8299,52550.0,54435.0,55639.0,2.2234739009593807,1.3136407538389034,2.2486050424704582,28,5.947186115073089,14,6,1,-1.0,loss,8
4h,1h,2024-09-10 07:00:00+00:00,long,57218.57,56374.956286,58088.0,55799.0,56810.0,1.7669088898936134,1.4743704954527859,1.0306020226693484,7,0.44967485867818574,7,1,1,-1.0,loss,21
4h,1h,2024-09-15 12:00:00+00:00,long,60104.39,59867.979122,60625.0,59983.39,59986.01,0.004359082589479104,0.3933337947527667,2.202140630770786,2,3.516848797337656,12,6,1,-1.0,loss,5
4h,1h,2024-09-21 07:00:00+00:00,long,63091.02,62337.381796,64133.32,62179.99,62582.14,0.6374124241453086,1.1945253127941113,1.3830243669547428,17,4.851821171717174,7,5,1,1.3830243669547428,win,44
4h,1h,2024-09-26 21:00:00+00:00,long,65052.0,64620.5096,65839.0,64500.0,64693.26,0.29708540859620314,0.6633007440201723,1.8239107984789362,1,4.357729632190823,21,3,0,1.8239107984789362,win,12
4h,1h,2024-10-02 04:00:00+00:00,short,61495.79,61895.299158,60164.0,61760.74,61814.01,0.08662381603684427,0.6496528591632057,3.3335656350586045,2,3.214230539101966,4,2,0,-1.0,loss,3
4h,1h,2024-10-09 01:00:00+00:00,long,62414.55,61847.82709,64478.19,62010.0,62065.31,0.08861715737756287,0.9079980709626265,3.641356231742925,18,-0.31501724983995355,1,2,0,-1.0,loss,11
4h,1h,2024-10-10 12:00:00+00:00,short,60962.0,61333.8724,60301.0,61122.53,61634.61,0.8399986877070991,0.6100068895377451,1.7774914190996687,6,2.287096593200881,12,3,1,1.7774914190996687,win,4
4h,1h,2024-10-13 16:00:00+00:00,long,62629.1,62037.47418,63480.0,61263.4,62123.0,1.3725249125406538,0.9446500428714465,1.4382401363077761,1,0.5414115326902393,16,6,0,1.4382401363077761,win,11
4h,1h,2024-10-15 08:00:00+00:00,long,65754.0,65187.8492,66500.0,65188.57,65459.0,0.41127535967393664,0.8610134744654364,1.31767013311647,5,4.355803314300796,8,1,1,1.31767013311647,win,5
4h,1h,2024-10-25 04:00:00+00:00,short,67744.0,68863.5488,65260.0,68328.68,68488.33,0.23566662730279986,1.6526169107227269,2.2187509825386718,8,-1.563035687828305,4,4,0,-1.0,loss,80
4h,1h,2024-10-26 22:00:00+00:00,short,67132.0,67467.9764,65596.29,67392.52,67429.87,0.055636656140128804,0.5004713102544235,4.570886526553676,2,-0.46509330323510933,22,5,0,-1.0,loss,14
4h,1h,2024-10-30 09:00:00+00:00,long,72576.01,71850.134798,73620.12,71578.95,72350.7,1.063367909037711,1.0001585951060077,1.438415304894252,13,6.043994248805906,9,2,1,-1.0,loss,3
4h,1h,2024-11-04 01:00:00+00:00,long,68970.01,67464.935998,71360.0,67266.49,67540.88,0.39783958274038156,2.1822151424945333,1.5879551416236708,10,-0.14093795041881174,1,0,0,-1.0,loss,16
4h,1h,2024-11-12 14:00:00+00:00,long,87001.51,85054.599698,89940.0,84263.51,86052.0,2.055699952793929,2.2377890935456057,1.5093093898478027,4,12.458385830460417,14,1,1,1.5093093898478027,win,24
4h,1h,2024-11-13 23:00:00+00:00,long,90375.2,87952.90496,93265.64,88083.0,89969.87,2.0878183395444716,2.6802652054988507,1.1932650450376208,3,12.864756301944237,23,2,0,-1.0,loss,16
4h,1h,2024-11-15 14:00:00+00:00,short,89107.98,90727.561596,86668.21,89775.24,90329.8,0.6223460569973617,1.8175494450665401,1.5064199334109896,2,-8.846535473033077,14,4,1,-1.0,loss,5
4h,1h,2024-11-26 01:00:00+00:00,long,94857.15,92581.21857,98871.8,92418.68,92720.0,0.3176566025861066,2.3993251220387677,1.7639591189265373,3,1.7928914842863481,1,1,0,-1.0,loss,7
4h,1h,2024-11-28 15:00:00+00:00,short,95007.14,97227.21142800001,90791.1,96500.0,97850.0,1.4209458362813574,2.3367416680472752,1.8990560154175247,21,-1.5306300234479506,15,3,0,-1.0,loss,20
4h,1h,2024-11-28 22:00:00+00:00,long,95651.79,94620.869642,97208.21,93885.6,95184.79,1.3582495424288328,1.0777847001085799,1.509738349739748,19,2.116590407278243,22,3,0,1.509738349739748,win,13
4h,1h,2024-12-08 11:00:00+00:00,long,99701.16,98637.759768,101898.99,98705.23,98762.6,0.057541958388457964,1.0665876224509323,2.066794734346082,2,2.406494974091513,11,6,0,-1.0,loss,16
4h,1h,2024-12-11 01:00:00+00:00,short,95752.02,97219.850404,94150.05,96500.0,96938.19,0.4576300322437086,1.532949805132041,1.0913863043267558,5,1.8385091724071219,1,2,0,-1.0,loss,1
4h,1h,2024-12-13 04:00:00+00:00,long,100000.46,99184.999908,102540.0,98472.57,99608.23,1.1356547759880193,0.8154563409008402,3.1142419168196,9,1.73672685908326,4,4,0,3.1142419168196,win,21
4h,1h,2024-12-13 06:00:00+00:00,short,99700.0,102559.94,94256.54,101999.0,102236.1,0.2378134403209687,2.8685456369107345,1.9033476226773995,14,-1.419416868883721,6,4,0,-1.0,loss,19
4h,1h,2024-12-18 13:00:00+00:00,short,104580.58,105370.916116,103137.82,104763.99,105321.49,0.5330817633637144,0.7557197674749856,1.8255017970101353,2,-2.7331259335945806,13,2,1,1.8255017970101353,win,6
4h,1h,2024-12-19 14:00:00+00:00,short,100942.41,102820.298482,98802.0,101310.25,102817.82,1.4934951523348876,1.8603562982100335,1.1397961170305582,9,0.8018552787108766,14,3,1,1.1397961170305582,win,3
4h,1h,2024-12-21 12:00:00+00:00,short,97131.99,99560.036398,92232.54,98500.0,99500.0,1.029526935461736,2.4997391672918376,2.0178568268035333,7,3.490819580384139,12,5,1,-1.0,loss,107
4h,1h,2024-12-22 14:00:00+00:00,short,95363.44,98076.582688,92232.54,97723.18,97800.0,0.08055497997975637,2.845055388102603,1.1539754299866802,18,4.786528486214806,14,6,1,-1.0,loss,49
4h,1h,2025-01-01 12:00:00+00:00,long,93820.76,92869.235848,96250.0,93040.1,94232.67,1.2711152627627322,1.014193609175622,2.552998780844409,19,-2.069039906452395,12,2,1,2.552998780844409,win,21
4h,1h,2025-01-03 13:00:00+00:00,short,96504.79,97858.800958,92888.0,97772.13,98468.26,0.7213424328471054,1.4030505200830068,2.6711674515118347,18,-0.6637723008424457,13,4,1,-1.0,loss,3
4h,1h,2025-01-04 13:00:00+00:00,long,97973.05,97512.98539,98976.91,97660.0,98067.99,0.41643084501299615,0.46958281894868154,2.1819978719945397,13,1.8127987556146234,13,5,1,-1.0,loss,25
4h,1h,2025-01-05 19:00:00+00:00,long,98079.63,97257.174074,98976.91,96830.0,97406.54,0.5878284818162482,0.8385593685457517,1.0909763935483983,5,1.566200623670639,19,6,0,1.0909763935483983,win,7
4h,1h,2025-01-25 11:00:00+00:00,long,104670.99,104085.155802,106850.0,104298.0,104922.41,0.5965454229486159,0.5596910834606718,3.7194994888296917,21,2.176083249623723,11,5,0,-1.0,loss,36
4h,1h,2025-01-25 11:00:00+00:00,long,104670.99,102174.765802,107199.99,102724.94,103399.98,0.6449160364299541,2.3848290705954063,1.0131301515409752,39,2.176083249623723,11,5,0,-1.0,loss,37
4h,1h,2025-01-26 09:00:00+00:00,short,104630.03,105520.926006,102195.7,105280.82,105589.0,0.29454258973259684,0.851472570542124,2.7324513563932333,15,-1.8007927556007501,9,6,1,2.7324513563932333,win,15
4h,1h,2025-01-28 16:00:00+00:00,short,102250.01,103820.450002,97777.77,103260.0,104896.0,1.5999998435207978,1.5358824923342336,2.8477624069079095,12,0.2809098553834713,16,1,0,-1.0,loss,27
4h,1h,2025-02-01 03:00:00+00:00,short,102249.19,102804.159838,101560.0,102482.94,104106.0,1.5873573179406093,0.5427620874062714,1.241851273365953,3,0.7882678606564321,3,5,0,1.241851273365953,win,6
4h,1h,2025-02-04 11:00:00+00:00,long,98967.7,97840.20646,102500.01,95950.68,98038.58,2.1096782081426655,1.1392540596578438,3.1328871294464453,3,-2.38592923488203,11,1,0,-1.0,loss,10
4h,1h,2025-02-06 14:00:00+00:00,short,97835.98,100797.497196,91231.0,99445.17,100534.03,1.112944338064586,3.027022569815318,2.230269001618856,50,2.5576936554020446,14,3,1,0.7763419382151019,timeout,288
4h,1h,2025-02-06 14:00:00+00:00,short,97835.98,100797.497196,91231.0,100764.11,100918.0,0.1572938708233918,3.027022569815318,2.230269001618856,43,2.5576936554020446,14,3,1,0.7763419382151019,timeout,288
4h,1h,2025-02-23 05:00:00+00:00,short,96208.62,96999.241724,94871.95,96202.68,97177.31,1.0130381248582556,0.8217784684989885,1.690656807704893,29,0.779123224426464,5,6,0,1.690656807704893,win,33
4h,1h,2025-02-23 07:00:00+00:00,long,96508.85,96124.68823,99475.0,96202.68,96273.85,0.07374453223721224,0.39805859255395337,7.721096245469577,23,-0.45800500984968645,7,6,1,-1.0,loss,3
4h,1h,2025-03-03 12:00:00+00:00,long,93027.34,91123.394532,95000.0,88673.09,93502.0,5.1908503457155755,2.0466515198650104,1.036090598788102,12,3.0111367100858932,12,0,1,-1.0,loss,2
4h,1h,2025-03-04 18:00:00+00:00,long,86764.24,81482.647152,95000.0,80854.46,83196.71,2.699556868129082,6.0872922392912105,1.559332617454346,17,-2.95229550967229,18,1,0,-1.0,loss,124
4h,1h,2025-03-05 01:00:00+00:00,long,87643.11,86317.001378,94416.46,84977.65,86582.27,1.8308569835096107,1.5130780069306073,5.107688682232252,1,-1.815237508833878,1,2,0,-1.0,loss,47
4h,1h,2025-03-16 01:00:00+00:00,short,83869.31,85326.48386200001,79939.9,85058.34,85809.48,0.8956077020306945,1.7374339457425017,2.6965965438103465,34,0.929289478182565,1,6,0,-1.0,loss,89
4h,1h,2025-03-18 09:00:00+00:00,short,82840.51,83468.86810200001,81981.12,83280.0,83746.12,0.5626715721571431,0.7585154919978316,1.3676755297093024,1,1.7181971872619586,9,1,1,1.3676755297093024,win,4
4h,1h,2025-03-23 02:00:00+00:00,long,84233.78,83158.403244,87453.67,83364.16,83510.21,0.17338649648632995,1.2766573647769315,2.994197133269641,38,0.009841275669330997,2,6,0,2.994197133269641,win,30
4h,1h,2025-03-25 09:00:00+00:00,long,87221.66,86292.555668,88765.43,86129.64,86532.06,0.46137622237411924,1.0652220239789092,1.6615679712490945,6,2.639360020306636,9,1,1,-1.0,loss,33
4h,1h,2025-03-27 10:00:00+00:00,short,87195.59,87773.829118,85860.0,87058.4,87837.49,0.8934970220397742,0.663151792424362,2.309753799811243,14,-1.7875229217788706,10,3,0,2.309753799811243,win,3
4h,1h,2025-03-30 13:00:00+00:00,short,82678.42,83551.175684,81644.81,82882.01,83662.86,0.9444423345293801,1.055602760672015,1.184306237070576,13,2.8800415492058384,13,6,1,1.184306237070576,win,9
4h,1h,2025-04-04 17:00:00+00:00,long,84460.0,81642.108,88500.0,82448.21,82577.63,0.1532322993132823,3.3363627752782468,1.4336958265256403,7,0.36109695801868236,17,4,0,-1.0,loss,48
4h,1h,2025-04-11 03:00:00+00:00,long,80842.99,78448.191402,83588.0,78318.46,81987.89,4.5389587891293885,2.9622835548264708,1.1462383526917301,24,-0.7683165940926394,3,4,0,1.1462383526917301,win,14
4h,1h,2025-04-24 14:00:00+00:00,long,93101.83,91641.38963399999,94696.05,91695.0,92580.18,0.9507654146003285,1.5686483992849654,1.0916022571783601,23,6.349217340960263,14,3,1,1.0916022571783601,win,22
4h,1h,2025-05-05 20:00:00+00:00,short,94242.02,94918.848404,93514.1,94808.4,95239.33,0.45725887454450526,0.7181811298187367,1.0754867787729523,13,-0.24421620668391492,20,0,0,-1.0,loss,2
4h,1h,2025-05-10 02:00:00+00:00,long,103147.96,102294.510408,104361.3,101707.02,102364.0,0.6369297075773441,0.8274032680820876,1.4216891206856306,10,6.245118897218747,2,5,0,1.4216891206856306,win,21
4h,1h,2025-05-13 00:00:00+00:00,short,102260.01,103148.372002,100718.37,103088.88,103625.0,0.5242714136249306,0.8687286476893645,1.7353736388198016,1,-2.801280442827747,0,1,0,-1.0,loss,9
4h,1h,2025-05-20 15:00:00+00:00,long,105333.68,104163.65326400001,107108.62,103425.53,104491.53,1.0120219857504267,1.1107812202136917,1.5170080694634869,2,2.51302723325786,15,1,0,1.5170080694634869,win,4
4h,1h,2025-05-26 08:00:00+00:00,short,109666.4,110250.04328,106600.64,109992.75,110407.89,0.3785480329435446,0.5321988138573016,5.252797564978345,1,-2.953613739028705,8,0,1,-1.0,loss,7
4h,1h,2025-05-29 20:00:00+00:00,long,106180.0,105618.064,110409.11,105391.27,105935.83,0.5128649463175717,0.5292296100960647,7.525963810825413,2,-1.094705847972768,20,3,0,-1.0,loss,3
4h,1h,2025-06-01 06:00:00+00:00,short,104258.93,104920.851786,103068.55,104878.05,105047.61,0.16263355091021717,0.6348825812810531,1.7983695735314245,9,2.090585179405371,6,6,0,-1.0,loss,10
4h,1h,2025-06-01 13:00:00+00:00,long,104259.2,103731.63816,106313.12,103809.51,104261.39,0.4334197845370045,0.5060098677143071,3.8932307916736706,12,-1.9846779080837758,13,6,1,-1.0,loss,24
4h,1h,2025-06-13 16:00:00+00:00,long,105783.66,102643.153268,110392.01,103468.66,103513.7,0.042577464232182546,2.9688013555212676,1.4673905816037518,16,-0.7296443076624739,16,4,0,-1.0,loss,169
4h,1h,2025-06-13 16:00:00+00:00,long,105783.66,102643.153268,110392.01,102520.0,103150.43,0.5959616069249193,2.9688013555212676,1.4673905816037518,15,-0.7296443076624739,16,4,0,-1.0,loss,169
4h,1h,2025-06-14 01:00:00+00:00,short,105470.35,106273.09407,102664.31,105694.0,106680.0,0.9348598919032695,0.7611087571056705,3.495559923600564,10,0.9706381875085813,1,5,0,-1.0,loss,51
4h,1h,2025-06-18 06:00:00+00:00,short,104966.2,105571.26324,103371.02,105336.82,105508.23,0.1633001861551518,0.5764362623396895,2.636385578472731,2,1.1195928554662988,6,2,0,-1.0,loss,49
4h,1h,2025-06-21 13:00:00+00:00,short,103572.29,104003.354458,102345.0,103828.0,103888.0,0.057930552660368916,0.4161967047363808,2.847114804347824,5,1.7474101857856437,13,5,1,2.847114804347824,win,6
4h,1h,2025-06-23 11:00:00+00:00,short,101289.01,102157.257802,98200.0,100380.0,102080.0,1.6783656983121862,0.857198428536322,3.5577515922119223,13,3.013006875058817,11,0,0,-1.0,loss,2
4h,1h,2025-06-24 07:00:00+00:00,short,104933.74,106095.186748,98200.0,104269.64,105757.48,1.417885229288498,1.1068382276282036,5.797717382734518,9,-0.6266179516532991,7,1,1,-1.0,loss,9
4h,1h,2025-06-24 10:00:00+00:00,long,105281.99,104600.963602,106074.2,103300.0,104720.82,1.349537560982659,0.6468593517276808,1.1632588726758721,6,0.938017612180175,10,1,0,1.1632588726758721,win,6
4h,1h,2025-07-06 02:00:00+00:00,short,108060.02,108442.172004,107245.0,107922.5,108518.83,0.5518507214786761,0.353647911595786,2.1327115688762115,29,-0.6295196992914692,2,6,0,-1.0,loss,11
4h,1h,2025-07-07 00:00:00+00:00,short,108823.07,109721.764614,107689.91,109329.6,109510.0,0.16577367280668903,0.825830969481005,1.260895505934358,3,-1.1789240965537608,0,0,0,1.260895505934358,win,18
4h,1h,2025-07-17 23:00:00+00:00,short,119177.56,121022.54551200001,116350.0,120526.03,121355.55,0.6960370727509475,1.5480980748389326,1.532564880108379,2,-3.125809077452483,23,3,0,1.532564880108379,win,98
4h,1h,2025-07-19 08:00:00+00:00,short,118101.82,118395.040364,116812.76,118054.92,118395.0,0.2879549188996425,0.24827759978634828,4.396215809895254,7,-1.7013100964637977,8,5,1,-1.0,loss,2
4h,1h,2025-07-24 03:00:00+00:00,short,118488.92,119297.057784,116128.0,119006.05,119203.2,0.16638686553982784,0.6820365853617418,2.921432516512532,3,-0.9940162477956356,3,3,0,-1.0,loss,12
4h,1h,2025-07-28 19:00:00+00:00,long,118068.73,117403.886254,119800.0,117547.92,117772.13,0.1898978671152018,0.5630989221278138,2.604025397570646,2,0.3178689378482081,19,0,0,-1.0,loss,20
4h,1h,2025-08-08 05:00:00+00:00,short,116530.63,117653.306126,113304.0,116990.04,117807.35,0.7013692451504057,0.9634171942604198,2.8740523872153934,10,-0.7435309414310621,5,4,0,-1.0,loss,29
4h,1h,2025-08-08 23:00:00+00:00,short,116674.74,117295.064948,113869.88,116973.3,117012.0,0.03316913326740397,0.5316703067004854,4.521597928703695,9,-0.76707203900433,23,4,0,-1.0,loss,10
4h,1h,2025-08-12 17:00:00+00:00,short,119269.99,120817.90399800001,116359.89,120667.54,121466.08,0.669522987299662,1.2978235329775778,1.8800140083751598,25,-1.765695663341114,17,1,0,-1.0,loss,20
4h,1h,2025-08-16 21:00:00+00:00,short,117452.21,117922.480442,116803.99,117882.35,118600.0,0.6110144713326332,0.40039301261338006,1.378398347221682,20,0.5504931775030917,21,5,0,-1.0,loss,7
4h,1h,2025-08-19 13:00:00+00:00,short,115192.0,115898.8784,114366.0,115483.24,115980.32,0.4315230224321148,0.6136523369678462,1.168517810135376,4,2.0034764496156265,13,1,1,1.168517810135376,win,1
4h,1h,2025-08-23 20:00:00+00:00,long,115325.81,114536.934838,117429.05,113319.3,116116.0,2.425042581534868,0.6840404259896347,2.6661252645700793,18,-0.45279435706045734,20,5,0,-1.0,loss,18
4h,1h,2025-08-26 11:00:00+00:00,short,109876.52,110569.285304,108666.66,110111.98,110655.01,0.49421841900344027,0.6304943986212891,1.7464211804695111,7,4.308352175213729,11,1,0,-1.0,loss,1
4h,1h,2025-09-05 21:00:00+00:00,short,110605.01,111722.121002,109329.12,111627.51,112131.02,0.4552325432636454,1.0100003625513936,1.142133590767369,1,0.5559801807714813,21,4,0,-1.0,loss,59
4h,1h,2025-09-07 04:00:00+00:00,short,110557.76,110755.231552,109977.0,110402.0,110675.58,0.24745436231703838,0.17861392271334253,2.9409805823574366,3,0.4899658773418961,4,6,0,-1.0,loss,3
4h,1h,2025-09-07 19:00:00+00:00,long,111259.99,110838.94800199999,111700.0,110911.42,111042.6,0.11790401922560623,0.37843073507378094,1.0450501424800358,2,0.1474309504841886,19,6,0,-1.0,loss,5
4h,1h,2025-09-30 13:00:00+00:00,long,113404.53,112633.58909400001,114792.0,112421.99,113449.74,0.9062689118327107,0.6798149121556157,1.7997099248486643,5,0.882055186459264,13,1,1,1.7997099248486643,win,19
4h,1h,2025-10-02 09:00:00+00:00,long,118849.99,118255.540002,119456.92,118199.0,118368.05,0.14223812723922225,0.5001683197449246,1.0209941997509802,4,4.54627172631227,9,3,1,1.0209941997509802,win,4
4h,1h,2025-10-05 16:00:00+00:00,long,123265.54,122276.976892,125708.42,122410.0,123734.0,1.0741039223127569,0.8019784831997553,2.4711421863014085,7,5.06908008238801,16,6,0,2.4711421863014085,win,25
4h,1h,2025-10-08 10:00:00+00:00,long,122934.6,120550.35308,126199.63,120515.89,121466.25,0.7730614489330103,1.939443346299581,1.3694177279255926,19,2.919762034253549,10,2,0,-1.0,loss,30
4h,1h,2025-10-08 12:00:00+00:00,short,122631.52,123224.526304,120574.94,122084.14,123322.9,1.0101481250497382,0.4835676048050248,3.468057567226164,16,-2.6414527542584203,12,2,1,-1.0,loss,2
4h,1h,2025-10-13 10:00:00+00:00,short,114810.62,115986.772124,102000.0,113322.39,115952.47,2.2907985341425747,1.0244279875851208,10.891975398923815,19,2.3302325249113958,10,0,0,2.7638261528148993,timeout,288
4h,1h,2025-10-17 23:00:00+00:00,short,106431.68,107596.88633600001,103528.23,106651.22,107934.4,1.2056372689033878,1.0947927684689536,2.491790432557306,8,6.789148090740777,23,4,0,-1.0,loss,34
4h,1h,2025-10-19 19:00:00+00:00,short,108908.43,109471.85168600001,106071.42,109254.0,109635.15,0.3499729084332537,0.5173352384200343,5.035322690791696,2,2.8269559750567947,19,6,0,-1.0,loss,8
4h,1h,2025-10-21 17:00:00+00:00,short,111973.42,114022.394684,107402.52,113691.0,115005.44,1.1738857310958282,1.8298759509176379,2.2308230724826235,1,-0.48120747435966515,17,1,0,2.2308230724826235,win,18
4h,1h,2025-10-23 13:00:00+00:00,long,109500.62,108663.819876,114000.0,108720.39,109100.4,0.34703913091998456,0.764196699525538,5.376887348549196,1,-1.1011483806263398,13,3,1,5.376887348549196,win,72
4h,1h,2025-10-30 06:00:00+00:00,long,110768.01,107902.90639799999,116086.0,108069.93,108350.36,0.25316876235296415,2.5865803691878213,1.8561248522698273,2,-1.1435258014557101,6,3,0,-1.0,loss,7
4h,1h,2025-11-01 03:00:00+00:00,long,110226.37,108612.954726,112030.23,108334.53,109114.88,0.7079521896620616,1.4637289370955417,1.1180382565288653,11,-0.9745163872186536,3,5,0,-1.0,loss,48
4h,1h,2025-11-01 15:00:00+00:00,long,110310.65,109680.59787,111190.0,109828.79,109933.86,0.09524918944816932,0.5711616512095581,1.3956781639640055,5,-0.8105547494046914,15,5,0,1.3956781639640055,win,20
4h,1h,2025-11-08 22:00:00+00:00,long,102377.46,101433.524508,104200.0,101253.99,102958.0,1.6644386371765765,0.9220149552450355,1.9307887196172782,22,-3.5223523938357997,22,5,0,-1.0,loss,5
4h,1h,2025-11-12 08:00:00+00:00,long,104147.24,102455.26055199999,107500.0,102307.68,103316.23,0.9683886006004604,1.6246032520881137,1.981560712196056,17,-1.076790370686089,8,2,1,-1.0,loss,7
4h,1h,2025-11-12 14:00:00+00:00,short,103990.4,105520.79808,102050.64,105497.99,105500.0,0.001932870726523565,1.4716724620734212,1.2674872148297494,26,1.20860906778612,14,2,1,1.2674872148297494,win,1
4h,1h,2025-11-19 00:00:00+00:00,short,92416.51,93854.49330199999,89253.78,92399.48,93571.3,1.2679769015298317,1.5559809627089287,2.1994205326314775,10,6.828472640192869,0,2,0,2.1994205326314775,win,17
4h,1h,2025-11-22 08:00:00+00:00,short,84016.77,85636.803354,80600.0,84709.89,85360.0,0.7737859953435493,1.9282261791306654,2.109073860463249,18,11.905120217694094,8,5,1,-1.0,loss,17
4h,1h,2025-11-25 07:00:00+00:00,short,87384.81,89245.476962,84237.7,88250.0,89835.34,1.8142054666022578,2.1292796333825104,1.6913881227929255,14,4.315123236822503,7,1,1,-1.0,loss,34
4h,1h,2025-12-06 08:00:00+00:00,short,89277.14,89824.28542799999,88056.0,89745.37,89874.7,0.14486351153274146,0.612861733697998,2.2318380772433764,5,1.511516491529853,8,5,1,-1.0,loss,6
4h,1h,2025-12-07 00:00:00+00:00,long,89392.39,88038.121522,94150.0,87628.78,90201.0,2.8774485165907313,1.5149706568981969,3.513047875873256,34,-1.2556986448336498,0,6,0,-1.0,loss,14
4h,1h,2025-12-09 01:00:00+00:00,short,90055.8,91392.01116,87719.28,90527.3,91486.46,1.0650729880807273,1.4837591360023359,1.7486158400293699,5,0.4962036940057643,1,1,0,-1.0,loss,14
4h,1h,2025-12-10 04:00:00+00:00,long,92552.62,91957.489476,94588.99,90600.0,92693.5,2.2619564956670053,0.6430185596042477,3.421719972138472,7,1.9866126785290004,4,2,0,-1.0,loss,7
4h,1h,2025-12-24 00:00:00+00:00,long,87660.47,86584.367906,90588.23,85835.9,86647.51,0.9258563181329058,1.2275796536340744,2.72070839404945,10,-0.9667749600139901,0,2,0,-1.0,loss,14
4h,1h,2025-12-26 23:00:00+00:00,short,87369.56,87810.173912,86655.08,87580.29,88414.81,0.9551610423584646,0.5043105539274786,1.6215556988586297,3,0.9703106506730317,23,4,0,-1.0,loss,23
4h,1h,2025-12-28 06:00:00+00:00,long,87732.0,87597.24359999999,89567.75,87591.0,87705.97,0.13104682441982535,0.15360005471209245,13.622729606904189,2,-0.41498465615095076,6,6,0,-1.0,loss,12
4h,1h,2025-12-31 21:00:00+00:00,long,87799.97,87232.440006,89400.0,87423.65,87502.84,0.09019365268576097,0.6463897356684709,2.819287115951105,5,-0.3438281729848125,21,2,0,2.819287115951105,win,36
4h,1h,2026-01-01 03:00:00+00:00,short,87846.02,88105.669204,86845.66,88053.49,88393.52,0.38707502058715787,0.2955730993845836,3.8527366330766646,1,0.2780636450510705,3,3,0,-1.0,loss,12
4h,1h,2026-01-04 20:00:00+00:00,long,91313.94,90845.20721200001,91810.0,90741.16,91183.15,0.48403343454459496,0.513320077963993,1.058300192987575,12,2.592316652033905,20,6,0,1.058300192987575,win,4
4h,1h,2026-01-06 10:00:00+00:00,long,93579.56,93119.264088,94789.08,93151.0,93250.0,0.10579233328303744,0.49187655081943266,2.6277009386083803,3,3.8802089241484468,10,1,0,-1.0,loss,6
4h,1h,2026-01-06 20:00:00+00:00,long,92505.32,91244.438936,94789.08,91455.9,91514.81,0.06368282386353939,1.363036270778806,1.8112414130124432,2,2.544866700734764,20,1,0,-1.0,loss,19
4h,1h,2026-01-12 07:00:00+00:00,short,91408.09,92538.23161799999,90236.0,92299.4,92500.0,0.21945541144116001,1.2363693607425712,1.0371178101327143,5,-0.8119373890154146,7,0,1,1.0371178101327143,win,7
4h,1h,2026-01-19 14:00:00+00:00,short,92812.43,93387.002486,91910.2,92861.41,93615.4,0.8123804106842054,0.6190684652906994,1.570263146919967,6,0.7485021754277488,14,0,1,-1.0,loss,2
4h,1h,2026-02-01 06:00:00+00:00,short,78300.0,79439.66,75719.9,79240.0,80825.76,2.0252362707535054,1.455504469987233,2.2639208184897233,6,11.159933242179216,6,6,0,2.2639208184897233,win,17
4h,1h,2026-02-16 20:00:00+00:00,long,68530.0,67280.404,70983.0,67226.66,68540.83,1.9176565008025657,1.8234291551145556,1.9630344527351162,27,-2.9534028066418037,20,0,0,-1.0,loss,18
4h,1h,2026-02-17 18:00:00+00:00,long,68098.62,66607.440276,70126.67,66671.62,66867.47,0.28759760476791724,2.1897355981663087,1.3600305632911094,4,-3.1064378369797896,18,1,0,-1.0,loss,24
4h,1h,2026-02-23 14:00:00+00:00,short,65923.53,66613.184706,64290.71,66015.22,67350.0,2.0247398766419193,1.0461434725962053,2.367590601201519,5,3.7556304352062355,14,0,1,2.367590601201519,win,3
4h,1h,2026-02-27 08:00:00+00:00,long,67926.24,66486.414752,69988.83,65692.62,67404.0,2.5194681760686364,2.119689310051621,1.432528011899389,18,0.6839264162051298,8,4,1,-1.0,loss,3
4h,1h,2026-03-01 13:00:00+00:00,long,66934.79,66029.333042,68216.8,65360.51,66190.61,1.2401622534409964,1.3527448999242326,1.415870725464143,12,-0.07893971255390345,13,6,1,-1.0,loss,3
4h,1h,2026-03-06 07:00:00+00:00,long,71056.44,70128.978712,74050.0,69668.0,70588.0,1.2947454164604923,1.3052459256332092,3.2276926689364727,6,3.532190463643312,7,4,1,-1.0,loss,5
4h,1h,2026-03-09 22:00:00+00:00,short,68635.88,69530.377176,65618.49,68795.44,70184.01,2.023096374665834,1.3032501018417624,3.373280632917318,9,-0.5945482111088237,22,0,0,-1.0,loss,4
4h,1h,2026-03-11 00:00:00+00:00,long,70044.87,69252.051026,71300.0,69145.28,69429.85,0.40626815354216095,1.1318730036903408,1.5831230598172006,10,2.1260194387685654,0,2,0,-1.0,loss,11
4h,1h,2026-03-12 02:00:00+00:00,short,69286.56,71790.857312,65618.49,71654.65,71757.17,0.1479652042185441,3.6144056105541904,1.4647102731866046,35,-0.7003750355137619,2,3,0,-1.0,loss,22
4h,1h,2026-03-19 23:00:00+00:00,short,69930.0,70709.58600000001,68793.35,70560.91,70902.37,0.4882882882882767,1.1148090948091094,1.458017460549547,4,1.7547525122029106,23,3,0,-1.0,loss,4
4h,1h,2026-03-21 20:00:00+00:00,long,70462.28,70195.907544,71367.0,70190.18,70431.67,0.34272237571649006,0.37803553333783313,3.3964472663044796,4,-0.7257165333514842,20,5,0,-1.0,loss,3
4h,1h,2026-03-24 20:00:00+00:00,long,70093.19,68909.05136200001,71817.09,68915.4,69671.95,1.0793487926573222,1.6893775814740195,1.4558261547074098,6,-0.5119525157212557,20,1,0,1.4558261547074098,win,15
4h,1h,2026-03-25 14:00:00+00:00,short,71234.28,72040.336856,68544.15,72000.5,72800.0,1.1223528896480741,1.1315575253936667,3.3373948499732373,3,-1.0027958357414717,14,2,1,3.3373948499732373,win,27
4h,1h,2026-04-03 12:00:00+00:00,short,66722.16,67444.334432,65712.12,66961.26,67964.48,1.5035784213220933,1.0823606909608439,1.3986094705717973,22,2.0531634663911715,12,4,1,-1.0,loss,27
4h,1h,2026-04-06 22:00:00+00:00,short,68811.0,70365.2222,66611.66,70144.44,70672.37,0.7672174506982794,2.258682768743375,1.4150743696750638,13,-1.1487218613296764,22,0,0,-1.0,loss,24
4h,1h,2026-04-07 03:00:00+00:00,long,68779.21,68259.584158,70351.46,67560.45,68776.61,1.7682087363318122,0.7554984158730648,3.025734813242745,4,1.0695099403116026,3,1,0,-1.0,loss,7
4h,1h,2026-04-07 10:00:00+00:00,short,68237.93,69261.547586,66680.57,69128.2,69282.02,0.22541715435976298,1.500071274143292,1.521427553902903,1,-0.23776007192889975,10,1,0,-1.0,loss,10
4h,1h,2026-04-08 16:00:00+00:00,long,71602.1,70692.90957999999,72857.0,69098.44,71240.99,2.9923005051527856,1.2697817801433386,1.3802389162877184,2,4.271539476375856,16,2,0,-1.0,loss,8
4h,1h,2026-04-10 01:00:00+00:00,long,72157.93,71558.918414,73145.0,71575.0,71729.66,0.21433541677263127,0.830139647852971,1.647831232432987,2,4.172653319787589,1,4,0,-1.0,loss,6
4h,1h,2026-04-15 12:00:00+00:00,long,74273.77,73499.145246,76038.0,73480.0,73954.86,0.639337413463731,1.0429317833200118,2.277528559331305,18,3.840901512535207,12,2,1,-1.0,loss,25
4h,1h,2026-04-18 02:00:00+00:00,long,77292.52,76895.541496,78333.0,76370.25,77000.0,0.8147618941651792,0.5136053320554159,2.6209983400007952,3,5.75265537962573,2,5,0,-1.0,loss,2
4h,1h,2026-04-20 21:00:00+00:00,short,75954.71,76573.810942,73724.31,76363.75,76884.1,0.6850793058126425,0.8150922332531979,3.6026435249714814,3,-2.8001730253735566,21,0,0,-1.0,loss,11
4h,1h,2026-04-23 06:00:00+00:00,long,78211.43,77437.78771399999,79472.82,77733.11,77941.59,0.26655950415431084,0.9891678057797973,1.6304563786473412,6,4.171736612579602,6,3,0,-1.0,loss,4
4h,1h,2026-04-23 12:00:00+00:00,long,77870.53,77158.435894,79472.82,76425.37,77364.25,1.20569360449968,0.9144590463170137,2.2501099033110084,2,3.6050967819680113,12,3,1,-1.0,loss,5
4h,1h,2026-04-23 17:00:00+00:00,short,77769.21,78678.053842,74821.57,78574.44,78632.37,0.07448963413668856,1.16864224543362,3.24328544000856,2,-3.3509436218199804,17,3,0,-1.0,loss,76
4h,1h,2026-04-26 14:00:00+00:00,long,78095.66,77754.380868,78479.37,77642.43,77926.59,0.36386144889485983,0.43700140571193147,1.1243289261529765,2,2.4985410435994204,14,6,1,1.1243289261529765,win,5
4h,1h,2026-05-08 12:00:00+00:00,short,80025.82,80516.005164,79500.0,80269.06,80572.4,0.37905266075373734,0.6125337597290411,1.0726966840636825,16,-1.2656217148170201,12,4,1,-1.0,loss,15
4h,1h,2026-05-13 10:00:00+00:00,short,80809.01,81340.801802,79843.59,81305.24,81596.31,0.3601949832079275,0.6580847878225548,1.815409708027025,1,-0.9202111340130551,10,2,0,1.815409708027025,win,3
4h,1h,2026-05-15 07:00:00+00:00,long,80814.88,80297.837024,82048.13,79936.98,81080.25,1.4146775940272436,0.6397868511343597,2.3851982470408273,8,0.8532060737285772,7,4,1,-1.0,loss,6
4h,1h,2026-05-24 17:00:00+00:00,long,76693.34,76180.021332,77543.15,76012.22,76629.02,0.8042419328718803,0.6693132258941815,1.655521322283198,3,-1.2870118562749802,17,6,0,-1.0,loss,4
4h,1h,2026-05-28 19:00:00+00:00,short,73419.32,73764.37386400001,72728.85,73512.14,74243.99,0.9968084694873308,0.4699769270540797,2.0010498998498347,10,4.407726041245449,19,3,0,-1.0,loss,2
4h,1h,2026-06-04 07:00:00+00:00,short,63603.15,64777.04063,61383.56,64540.3,65251.0,1.1173974873885917,1.8456485724370597,1.8907979527871352,3,13.768622194920743,7,3,1,1.8907979527871352,win,23
4h,1h,2026-06-08 06:00:00+00:00,long,62988.03,62395.402394,64234.68,62332.0,62720.86,0.6173553927627211,0.9408575026080381,2.1035975836738148,2,-6.914557808323818,6,0,0,-1.0,loss,31
4h,1h,2026-06-17 13:00:00+00:00,long,65278.0,64551.9444,67292.15,64208.92,65354.0,1.7541591347774161,1.1122516008456136,2.7740988431188947,6,0.21712552939807578,13,2,1,-1.0,loss,6
4h,1h,2026-06-20 02:00:00+00:00,short,63340.57,63789.668114,62272.07,63008.33,63878.14,1.3732273012383653,0.7090212702538047,2.3792128416731653,30,1.9559647281791506,2,5,0,-1.0,loss,3
4h,1h,2026-06-25 10:00:00+00:00,short,61269.94,61974.653988,59102.7,60678.1,62318.88,2.677952679568478,1.1501790078462553,3.0753469306756798,14,3.8259057500630598,10,3,0,3.0753469306756798,win,3
4h,1h,2026-06-26 09:00:00+00:00,short,59736.01,60771.937202,58115.01,60067.0,61066.0,1.6723580969000105,1.734175419483154,1.564781769288844,12,5.5497638335370425,9,4,1,-1.0,loss,30
4h,1h,2026-07-01 10:00:00+00:00,short,58659.98,59468.731996,57800.19,59276.6,59360.0,0.14217529566154208,1.3787116804335748,1.0631071134939145,7,4.197596102310578,10,2,0,-1.0,loss,3
4h,1h,2026-07-02 02:00:00+00:00,long,60423.1,59575.91538,61334.0,59091.99,59787.35,1.1508181473641714,1.4020873142887407,1.0752083766582088,2,-0.9474223687750374,2,3,0,1.0752083766582088,win,7
4h,1h,2026-07-05 04:00:00+00:00,long,62815.99,62583.516802,63461.99,62674.47,62786.0,0.1775503339197533,0.37008602109112615,2.778814958273172,2,2.129311811737542,4,6,0,-1.0,loss,5
4h,1h,2026-07-07 13:00:00+00:00,short,63056.0,63884.6112,61306.84,63445.7,63589.41,0.2279085257548947,1.3140877949758936,2.110953846629161,3,-1.6244045159957063,13,1,1,-1.0,loss,2
4h,1h,2026-07-14 07:00:00+00:00,short,62560.92,62884.512184,61824.97,62629.35,62862.28,0.3723250872909163,0.5172433269843234,2.274313275749561,7,0.5738640004211769,7,1,1,-1.0,loss,3
4h,1h,2026-07-16 15:00:00+00:00,long,64704.73,63825.339054,65600.0,62923.06,64231.77,2.0225878386325067,1.3590829387588925,1.0180568768330143,8,1.942563797262714,15,3,0,-1.0,loss,8
4h,1h,2026-07-19 13:00:00+00:00,long,64483.31,64272.343338,64967.25,64274.47,64528.69,0.39424154870462014,0.32716475317411425,2.293916941246408,4,1.2129713915295732,13,6,1,2.293916941246408,win,11
4h,1h,2026-07-25 20:00:00+00:00,short,64339.75,64488.14795,63739.75,64292.44,64857.14,0.8776844796568173,0.23064738361588083,4.043182537225112,3,0.39500397506418533,20,5,0,-1.0,loss,4
4h,1h,2026-07-28 22:00:00+00:00,short,63783.71,64112.756742,62742.47,63827.49,64517.78,1.082235573942,0.5158789634532056,3.164413644308328,7,1.1179829112905044,22,1,0,-1.0,loss,2
4h,1h,2026-08-02 11:00:00+00:00,short,63031.99,63646.606398,62275.0,63302.0,63610.0,0.4886407679655997,0.9750864568927708,1.2316462796360195,9,1.5984287086125661,11,6,0,-1.0,loss,10
4h,1h,2026-08-05 03:00:00+00:00,short,64183.27,64561.996654,62300.0,64496.64,64668.91,0.26840327705335687,0.5900706741803674,4.972636544350452,4,-0.4583756894519206,3,2,0,-1.0,loss,9
4h,1h,2026-08-07 01:00:00+00:00,long,64422.55,64159.11549,65025.22,64280.0,64388.0,0.16764316221571482,0.4089166138254484,2.2877412682187446,13,0.5553810892490336,1,4,0,2.2877412682187446,win,10
4h,1h,2026-08-15 08:00:00+00:00,short,62935.72,63259.637144,62535.24,62997.83,63301.58,0.4826352983647442,0.514679333135458,1.236365556495535,17,1.5694766951102421,8,5,1,-1.0,loss,32
4h,1h,2026-08-18 23:00:00+00:00,long,64725.42,64549.304916,65058.81,64402.35,64642.36,0.37081258028144437,0.27209569903138103,1.8930235413566536,3,1.360638012760566,23,1,0,-1.0,loss,1
4h,1h,2026-08-23 02:00:00+00:00,short,77079.46,77563.37589200001,72205.88,77445.6,77683.37,0.3084738787739166,0.627814325632282,10.071130294683433,10,-10.678213118919091,2,6,0,-1.0,loss,11
4h,1h,2026-08-23 08:00:00+00:00,long,76486.49,75530.372702,79500.0,75785.82,76235.76,0.5882607503625643,1.2500472933193978,3.151820395158207,3,9.584958489501632,8,6,1,3.151820395158207,win,30
4h,1h,2026-08-25 22:00:00+00:00,long,78889.51,77835.222098,81272.62,77790.19,77851.9,0.07822332779097228,1.33641076234343,2.260397748545927,1,8.172954644117011,22,1,0,-1.0,loss,16
4h,1h,2026-08-28 11:00:00+00:00,long,79604.13,78904.079174,80520.0,79028.49,79048.0,0.02450877862743398,0.8794152087335243,1.3082907211654193,22,6.02162034368835,11,4,0,-1.0,loss,3
4h,1h,2026-08-30 01:00:00+00:00,short,78081.5,78345.6163,76888.0,77846.72,78312.64,0.5967098480433883,0.3382572056120774,4.51884264621315,25,-3.2581582431789777,1,6,0,-1.0,loss,11
4h,1h,2026-08-31 11:00:00+00:00,short,78315.43,78817.663086,77000.0,78185.89,78721.98,0.68452666351956,0.6412951904880143,2.6191623703580005,4,-2.8006265486575135,11,0,0,-1.0,loss,5
4h,1h,2026-09-05 19:00:00+00:00,short,79754.0,80215.9508,78660.0,79877.07,80502.87,0.7846628382275351,0.5792196002708403,2.3682175677582675,3,-2.3974324355564773,19,5,0,-1.0,loss,28
4h,1h,2026-09-06 01:00:00+00:00,long,79951.39,78644.009722,82300.0,78066.0,80613.52,3.186336097471231,1.635218947412918,1.7964245289005394,43,2.5360505934261988,1,6,0,-1.0,loss,52
4h,1h,2026-09-24 13:00:00+00:00,long,84258.43,82858.078314,87395.67,81878.98,84778.0,3.4406290266742503,1.6619722038495075,2.2403229355629293,23,3.293896213557871,13,3,1,-1.0,loss,88
4h,1h,2026-10-03 04:00:00+00:00,short,84577.23,84741.95544599999,83186.0,84590.01,85162.9,0.6773572508818265,0.19476334942631338,8.445750391229923,4,-1.1504803521912004,4,5,0,-1.0,loss,8
4h,15min,2022-10-07 21:45:00+00:00,short,19569.99,19648.913998,19320.0,19606.52,19913.63,1.5692905310631258,0.4032909470060965,3.167477653628326,2,2.0297536836956867,21,4,0,3.167477653628326,win,95
4h,15min,2022-10-14 12:30:00+00:00,long,19724.07,19526.055186,19951.87,19494.56,19568.33,0.3740100293702083,1.0039247173630914,1.150418978248775,17,2.179900054501589,12,4,1,-1.0,loss,6
4h,15min,2022-10-15 12:45:00+00:00,short,19168.62,19231.513724,19070.37,19217.64,19301.0,0.4348774194490818,0.3281077302382821,1.5621590478566325,51,0.4521493000218251,12,5,1,1.5621590478566325,win,26
4h,15min,2022-10-16 21:15:00+00:00,short,19292.62,19429.698524,19087.37,19403.6,19530.0,0.655172807011186,0.7105231119464359,1.4973169684844236,5,-0.5252109977297317,21,6,0,-1.0,loss,55
4h,15min,2022-10-18 17:30:00+00:00,long,19414.33,19276.227134,19706.66,19318.28,19419.6,0.5218825475821195,0.7113450013469487,2.1167554915188784,12,0.1076716708367468,17,1,0,-1.0,loss,4
4h,15min,2022-10-24 09:45:00+00:00,long,19382.51,19246.713498,19695.0,19213.14,19441.96,1.180548855643566,0.7006136047395173,2.3011638399935186,34,0.6374235922787552,9,0,1,-1.0,loss,18
4h,15min,2022-10-24 12:15:00+00:00,short,19376.14,19454.775228000002,19250.59,19392.41,19441.96,0.2557268888436978,0.4058353624612685,1.5966126530464788,10,-0.5549690029144589,12,0,1,1.5966126530464788,win,8
4h,15min,2022-10-31 07:30:00+00:00,long,20530.25,20423.12395,20745.0,20248.64,20450.5,0.983232060009014,0.5217961301006999,2.0046477957509135,22,-0.40891206108204725,7,0,1,2.0046477957509135,win,10
4h,15min,2022-11-03 02:45:00+00:00,short,20285.67,20344.047134,20048.04,20282.6,20360.0,0.38155012873620375,0.28777523246706727,4.070600656756955,5,0.7993853192619433,2,3,0,-1.0,loss,5
4h,15min,2022-11-05 09:45:00+00:00,long,21290.65,21230.641870000003,21480.65,21209.16,21364.34,0.7288645485224748,0.28185203363917183,3.1662376414663354,7,2.5297162193919243,9,5,1,-1.0,loss,19
4h,15min,2022-11-10 10:00:00+00:00,short,16551.94,16963.300388000003,15588.0,16900.0,16918.83,0.113763099672919,2.4852699321046634,2.3432980620389436,14,10.180200384230023,10,3,0,-1.0,loss,14
4h,15min,2022-11-10 23:00:00+00:00,short,17736.72,18202.547344,16258.74,18015.0,18173.09,0.8913147413952531,2.6263443522815804,3.1728064465017947,9,1.3538742974655007,23,3,0,3.1728064465017947,win,280
4h,15min,2022-11-12 00:15:00+00:00,short,16937.7,17152.34754,16361.6,17045.09,17209.2,0.9689036882221351,1.2672767849235618,2.6839347890966065,2,3.465741385667017,0,5,0,2.6839347890966065,win,179
4h,15min,2022-11-14 17:15:00+00:00,long,16552.13,16353.399574,17190.0,16411.99,16640.01,1.3775870537507668,1.200633549881507,3.2097249165057034,14,-1.238874117020731,17,0,0,-1.0,loss,10
4h,15min,2022-11-21 06:15:00+00:00,short,16163.15,16322.23263,15897.15,16295.0,16530.22,1.4552856342977771,0.9842303635120678,1.6720870154082736,8,2.360587877097522,6,0,0,1.6720870154082736,win,52
4h,15min,2022-11-22 02:00:00+00:00,short,15773.48,15970.914696,15476.0,15894.74,16025.42,0.8284791941917719,1.2516876174439646,1.5067260518384225,7,3.332354127541463,2,1,0,-1.0,loss,44
4h,15min,2022-11-23 12:15:00+00:00,short,16544.23,16680.558846,16085.54,16628.49,16671.0,0.2569475883737013,0.8240265397664343,3.3645850710127596,19,-1.7469902391644938,12,2,1,-1.0,loss,27
4h,15min,2022-11-23 18:00:00+00:00,long,16412.96,16316.737408,16677.25,16254.99,16444.0,1.1515899630535884,0.5862598336923885,2.746652262287901,17,0.800750189995587,18,2,0,2.746652262287901,win,4
4h,15min,2022-11-26 21:30:00+00:00,short,16504.22,16552.960844,16420.45,16532.91,16556.66,0.1439025897618912,0.2953235233170663,1.7186817692365066,1,0.06532098833202758,21,5,0,1.7186817692365066,win,4
4h,15min,2022-11-28 15:00:00+00:00,short,16194.48,16313.668896000001,16051.9,16246.98,16401.0,0.9510648072676643,0.7359847058997973,1.1962523757246495,26,1.3835306447913835,15,0,0,1.1962523757246495,win,5
4h,15min,2022-11-29 12:00:00+00:00,short,16472.09,16552.004418,16100.0,16487.04,16520.88,0.205438411276287,0.48515044538974894,4.656105985780924,29,-0.5436963904307459,12,1,1,-1.0,loss,50
4h,15min,2022-11-29 18:45:00+00:00,long,16419.68,16325.556064,16548.71,16309.03,16430.0,0.7367378657805715,0.5732385527610767,1.370852149659348,21,0.19817702875407384,18,1,0,1.370852149659348,win,23
4h,15min,2022-11-30 13:15:00+00:00,long,16884.7,16763.303060000002,17162.2,16526.91,16794.16,1.5827938903267453,0.7189759960200579,2.285889578435856,2,2.015988367543265,13,2,1,-1.0,loss,16
4h,15min,2022-12-03 05:30:00+00:00,long,17023.68,17005.005264,17188.98,16997.19,17011.0,0.0811222955318786,0.10969858455986514,8.851530752562809,4,0.5987855640618226,5,5,0,-1.0,loss,2
4h,15min,2022-12-07 16:15:00+00:00,short,16797.64,16900.739528000002,16678.83,16836.69,17018.94,1.0849738415634578,0.6137738872841808,1.1523816093512556,13,1.086159630980393,16,2,0,-1.0,loss,90
4h,15min,2022-12-09 22:45:00+00:00,long,17132.97,17054.783406,17360.0,16957.79,17154.94,1.1507053359691741,0.4563516658232782,2.9036947177925607,37,0.4155875329113363,22,4,0,-1.0,loss,197
4h,15min,2022-12-12 05:45:00+00:00,long,16945.12,16868.460976,17270.99,16863.01,16909.46,0.27412021868243325,0.4523958756267321,4.250902020354453,12,-0.9234628656342735,5,0,0,4.250902020354453,win,112
4h,15min,2022-12-12 12:15:00+00:00,short,16955.86,17013.391172,16871.85,16948.66,17071.0,0.7215204654909874,0.3392996403603183,1.4602518439916956,11,0.7171966512296376,12,0,1,-1.0,loss,8
4h,15min,2022-12-15 02:45:00+00:00,long,17716.77,17557.456646,18387.95,17500.0,17618.38,0.6681804866236962,0.8992234701923754,4.212955054602598,4,0.6999974170235734,2,3,0,-1.0,loss,41
4h,15min,2022-12-16 05:30:00+00:00,long,17406.11,17272.028778,17753.21,17208.47,17395.0,1.0716351901717203,0.7703112412825193,2.5887293897127273,55,-0.7757524661732944,5,4,0,-1.0,loss,13
4h,15min,2022-12-16 08:00:00+00:00,short,17476.45,17535.22529,17275.51,17474.38,17610.22,0.7772745609091098,0.3363113790271924,3.4187836419013835,4,0.333434872178332,8,4,1,3.4187836419013835,win,3
4h,15min,2022-12-17 07:15:00+00:00,short,16697.94,16775.339588,16527.32,16729.32,16732.36,0.01820583856452277,0.4635277645026885,2.204404498897313,8,2.970104326416146,7,5,1,-1.0,loss,63
4h,15min,2022-12-28 02:00:00+00:00,short,16690.42,16758.538084,16592.37,16723.24,16733.21,0.05973486586914845,0.40812684162532487,1.4394121831142086,6,0.6810290526709541,2,2,0,1.4394121831142086,win,4
4h,15min,2022-12-30 16:00:00+00:00,short,16535.22,16584.007044,16333.0,16531.1,16579.75,0.29422045790743306,0.29504925849187735,4.144952910038957,3,0.48242322253256675,16,4,0,-1.0,loss,20
4h,15min,2023-01-01 12:30:00+00:00,short,16556.92,16576.251384,16499.01,16559.77,16565.1,0.032191977734977936,0.11675712632543361,2.995646871429222,2,0.0884796469104073,12,6,1,-1.0,loss,14
4h,15min,2023-01-04 00:00:00+00:00,short,16668.56,16698.333712,16605.28,16688.2,16698.15,0.05969321885034297,0.17862198054300035,2.1253648184682516,4,-0.053548102367931096,0,2,0,-1.0,loss,4
4h,15min,2023-01-04 11:00:00+00:00,long,16851.3,16827.75974,16910.98,16695.0,16840.36,0.8626040720893973,0.1396940295407354,2.53523113168697,11,0.8869553215434204,11,2,0,-1.0,loss,4
4h,15min,2023-01-09 22:30:00+00:00,long,17214.13,17161.597174000002,17398.8,17176.99,17180.0,0.0174856353472316,0.3051727040518385,3.515325826941095,7,0.8523337201800523,22,0,0,-1.0,loss,2
4h,15min,2023-01-11 03:30:00+00:00,long,17417.48,17363.096504,17510.0,17375.0,17403.73,0.16494923490653965,0.3122351568653936,1.7012514237775904,3,1.189070732034359,3,2,0,-1.0,loss,48
4h,15min,2023-01-12 16:15:00+00:00,long,18134.38,17888.423124,18385.71,17571.7,17907.25,1.8503527553740424,1.356301544359389,1.0218457970656527,11,2.7773826919578215,16,3,0,1.0218457970656527,win,5
4h,15min,2023-01-13 02:45:00+00:00,long,18835.48,18710.352904,19117.04,18380.47,18762.0,2.0255921271982387,0.6643159399176457,2.2501920767025627,9,4.85565251054396,2,4,0,2.2501920767025627,win,48
4h,15min,2023-01-25 08:15:00+00:00,short,22674.62,22776.534924,22300.0,22715.06,22785.59,0.311052621830041,0.4494669546832565,3.6758110127226975,11,0.3117970363661752,8,2,1,-1.0,loss,47
4h,15min,2023-01-26 12:15:00+00:00,long,23040.55,22845.401889999997,23816.73,22765.3,23041.14,1.1971936433809096,0.8469767865784538,3.977389276278375,24,0.8377927165176713,12,3,1,-1.0,loss,53
4h,15min,2023-01-28 20:30:00+00:00,short,22996.32,23057.419264,22878.46,23017.27,23042.54,0.10988714716093895,0.26569148455057334,1.9289921397416474,22,-0.050761077572287726,20,5,0,-1.0,loss,16
4h,15min,2023-01-31 05:45:00+00:00,short,22759.14,22918.261828,22500.0,22840.69,22962.68,0.5360044360199973,0.6991557150226212,1.6285634928728976,23,1.7581338998870297,5,1,0,-1.0,loss,8
4h,15min,2023-02-01 06:15:00+00:00,short,23103.81,23324.620762,22810.03,23301.82,23599.15,1.2869305971612548,0.9557331106860615,1.3304605144200625,30,0.005858897118073236,6,2,0,1.3304605144200625,win,53
4h,15min,2023-02-02 07:00:00+00:00,long,23809.68,23653.438064,24255.0,23494.77,23690.02,0.8200446205072894,0.6562118264504123,2.850195097428925,3,2.2032857985561702,7,3,1,-1.0,loss,31
4h,15min,2023-02-03 16:45:00+00:00,short,23519.21,23720.403842,23227.16,23590.11,23725.76,0.5767625698312053,0.8554447279479226,1.4515851832085318,8,-0.17888190828522513,16,4,0,1.4515851832085318,win,13
4h,15min,2023-02-06 16:30:00+00:00,short,22959.1,23162.84182,22628.13,23157.75,23345.0,0.8155807501165115,0.8874120501239288,1.6244578555349745,1,0.7946345633565274,16,0,0,-1.0,loss,101
4h,15min,2023-02-09 10:15:00+00:00,short,22708.6,22774.54172,22353.71,22737.48,22778.93,0.1825299666205787,0.29038214597114104,5.381873569570005,8,1.1732805312416381,10,3,0,-1.0,loss,10
4h,15min,2023-02-12 20:30:00+00:00,short,21991.77,22094.398354,21756.04,22084.46,22556.32,2.145620839068436,0.46666709409929436,2.296928585642118,16,-0.20206336795224777,20,6,0,2.296928585642118,win,5
4h,15min,2023-02-13 08:00:00+00:00,short,21828.4,21899.35568,21622.47,21876.43,21914.07,0.17243590918253016,0.32506129629289876,2.9022341833663328,3,0.36400950119714764,8,0,1,2.9022341833663328,win,5
4h,15min,2023-02-17 00:30:00+00:00,long,23758.58,23334.618284,25250.0,23353.87,24278.58,3.8921097136276774,1.7844573034247062,3.5178176323826196,8,1.342632726026282,0,4,0,1.2761057887594613,timeout,288
4h,15min,2023-02-20 23:00:00+00:00,long,24823.71,24617.035258,25121.23,24555.0,24720.0,0.6646871076080086,0.8325699180340056,1.439556653710503,27,1.1626255863550796,23,0,0,1.439556653710503,win,37
4h,15min,2023-02-24 19:45:00+00:00,long,23182.27,22836.553546,24027.44,22916.98,23296.3,1.6362504620988354,1.4912968143326828,2.4446912787089827,15,-3.4143896461730288,19,4,0,-1.0,loss,100
4h,15min,2023-02-26 21:30:00+00:00,short,23587.53,23694.707506000002,23112.35,23353.1,23754.03,1.6997540649656844,0.4543820654388299,4.4335795609946755,12,-0.8960100863333608,21,6,0,-1.0,loss,64
4h,15min,2023-03-01 16:45:00+00:00,long,23691.9,23546.06162,24000.0,23498.0,23673.44,0.7405062489711618,0.6155621963624742,2.1126126058174557,15,0.9069603732177637,16,2,0,-1.0,loss,12
4h,15min,2023-03-01 23:15:00+00:00,long,23559.23,23295.288154,24000.0,23343.55,23425.44,0.3475920053414285,1.1203330754018612,1.6699511906876787,14,0.2889274046449246,23,2,0,-1.0,loss,55
4h,15min,2023-03-03 09:15:00+00:00,short,22396.4,22484.44928,21971.13,22411.36,23386.44,4.3537354217642035,0.3931403261238381,4.829908887386745,2,3.7400419688133733,9,4,1,-1.0,loss,19
4h,15min,2023-03-09 14:30:00+00:00,short,21728.61,21839.335722,21527.0,21806.68,21944.25,0.6331283961560343,0.5095849297308903,1.8208054674053242,1,1.4476602656238167,14,3,1,1.8208054674053242,win,8
4h,15min,2023-03-11 04:00:00+00:00,short,20294.94,20690.568988,19657.11,20367.78,20766.2,1.9631494352779655,1.9493971797896443,1.6121922794999983,10,2.6924895035972423,4,5,0,-1.0,loss,149
4h,15min,2023-03-12 19:15:00+00:00,short,20856.81,21335.921362,20270.6,20867.3,21552.84,3.2868880715699134,2.2971459297946315,1.2235360012188632,4,-1.6059962914492774,19,6,0,-1.0,loss,6
4h,15min,2023-03-13 12:45:00+00:00,long,22130.32,21809.453936,22600.0,21331.75,21860.74,2.390340492139299,1.4498934674238693,1.463788330074081,13,4.620047859872893,12,0,1,1.463788330074081,win,5
4h,15min,2023-03-18 09:30:00+00:00,long,27395.88,27050.350824,27756.84,26860.66,27060.0,0.7276276578814046,1.2612450339248091,1.0446585268967248,5,5.8012076795946985,9,5,1,-1.0,loss,28
4h,15min,2023-03-20 04:15:00+00:00,long,27414.61,27118.987078000002,28390.1,27200.0,27470.0,0.98487631230209,1.0783407898197297,3.2997779515892964,7,1.6446942318399886,4,0,0,3.2997779515892964,win,17
4h,15min,2023-03-23 13:15:00+00:00,short,27358.05,27743.74161,26601.8,27437.98,28105.35,2.4393916964111075,1.4097920356165796,1.9607634192509313,31,1.265392326462056,13,3,1,-1.0,loss,6
4h,15min,2023-03-26 17:15:00+00:00,long,27803.35,27629.61933,28194.4,27570.93,27695.0,0.4462411903601534,0.6248551703301839,2.250897898454022,2,0.43972268278706944,17,6,0,-1.0,loss,81
4h,15min,2023-03-28 21:00:00+00:00,short,27240.06,27525.448012,26631.78,27313.42,27768.55,1.6708112977724756,1.0476776189186052,2.131413985251783,9,0.3457650157799472,21,1,0,-1.0,loss,30
4h,15min,2023-03-30 20:30:00+00:00,long,28099.51,27680.380098,28775.6,27479.36,28040.34,1.9964049195163887,1.4915914975029705,1.6130798513154165,12,0.27267629397417475,20,3,0,-1.0,loss,43
4h,15min,2023-03-31 02:00:00+00:00,short,28084.6,28380.61692,27686.0,28301.01,28500.0,0.7085377751508001,1.054018643669491,1.3465446502179539,5,-0.18474894069331377,2,4,0,1.3465446502179539,win,21
4h,15min,2023-04-01 20:00:00+00:00,long,28400.96,28214.589808,28625.1,27992.05,28262.87,0.9535593163047998,0.6562108886460123,1.202660133547543,20,0.499824755548816,20,5,0,-1.0,loss,68
4h,15min,2023-04-05 10:45:00+00:00,long,28510.0,28444.798,28775.0,28305.0,28455.0,0.526131182041389,0.22869870220975494,4.064292506364764,10,1.0208931290146088,10,2,0,-1.0,loss,7
4h,15min,2023-04-10 01:00:00+00:00,short,28327.92,28535.665584,27800.0,28308.04,28450.5,0.5028960827339216,0.7333598231003203,2.5411851835079085,15,-1.0607278404528362,1,0,0,-1.0,loss,58
4h,15min,2023-04-12 17:30:00+00:00,long,30040.01,29631.391998000003,30486.0,29770.0,29800.0,0.0998668109631122,1.3602458920619387,1.0914594996233338,10,1.7216112398870005,17,2,0,1.0914594996233338,win,85
4h,15min,2023-04-14 19:30:00+00:00,long,30330.0,29959.934,31000.0,29979.74,29982.93,0.010517639301017772,1.2201318826244607,1.810487858922468,11,0.45104461858214073,19,4,0,-1.0,loss,212
4h,15min,2023-04-14 21:45:00+00:00,short,30454.09,30528.160818,29966.0,30357.8,30657.14,0.9829221625075651,0.24322124877151197,6.5895046548561025,6,-0.8090616875440003,21,4,0,-1.0,loss,10
4h,15min,2023-04-15 23:30:00+00:00,short,30306.77,30366.251354,30202.0,30339.35,30364.7,0.08364467741036799,0.19626424722924796,1.7613923180027344,14,-0.06816618834954519,23,5,0,1.7613923180027344,win,6
4h,15min,2023-04-17 12:45:00+00:00,long,29529.85,29360.09403,30316.06,29380.0,29590.0,0.7111448246435387,0.5748622834182983,4.631412962972734,5,-2.17094913578334,12,0,1,-1.0,loss,2
4h,15min,2023-04-19 17:45:00+00:00,long,29318.14,28994.136372,30450.0,28575.04,29069.1,1.6851682951237619,1.1051302299531913,3.493355944767401,38,-1.8350456487523186,17,2,0,-1.0,loss,14
4h,15min,2023-04-20 07:00:00+00:00,short,28896.17,29094.079234,28520.0,29000.0,29080.0,0.27685329924346375,0.6848978047955923,1.9007198016844102,3,2.3913459276956446,7,3,1,1.9007198016844102,win,21
4h,15min,2023-04-20 22:00:00+00:00,long,28314.69,28004.337062,28978.69,27973.39,28094.5,0.42772850417928143,1.0960845342117467,2.139499642822779,11,-3.2708554879312812,22,3,0,-1.0,loss,34
4h,15min,2023-04-22 18:00:00+00:00,short,27643.73,27809.908746,27184.24,27409.62,27962.65,2.0005621527919804,0.6011444403486845,2.7650347054610345,13,1.578877823536119,18,5,0,-1.0,loss,18
4h,15min,2023-04-23 02:30:00+00:00,long,27597.87,27410.040426,27882.72,27324.58,27484.63,0.5799360602829106,0.6805944589201971,1.5165343451186397,8,-1.4279018962624999,2,6,0,-1.0,loss,51
4h,15min,2023-04-26 19:00:00+00:00,short,29600.94,30041.920188,28244.62,29500.0,29980.0,1.6215701258135724,1.4897506227842812,3.0756937316195154,27,-4.691260180127745,19,2,0,3.0756937316195154,win,2
4h,15min,2023-04-26 20:45:00+00:00,long,28413.39,27229.317322,30036.0,27482.71,27611.01,0.4515476681944649,4.1673051965992105,1.3703635175002324,3,0.7189630878302895,20,2,0,0.682424326659449,timeout,288
4h,15min,2023-05-02 23:00:00+00:00,short,28707.67,28885.621534,27872.0,28713.94,29160.96,1.5571448327224064,0.6198745283055137,4.696053926683105,30,-0.46835993052001523,23,1,0,-1.0,loss,89
4h,15min,2023-05-03 03:15:00+00:00,long,28514.23,28330.597154,28879.88,28133.33,28431.48,1.045618275506643,0.6440042252587583,1.991201508688705,5,-0.19677302848147174,3,2,0,-1.0,loss,37
4h,15min,2023-05-07 01:45:00+00:00,short,28887.79,29144.067558000002,28300.0,28964.68,29132.14,0.5796912813337369,0.8871483696052954,2.2935679760144945,2,0.4814930786177561,1,6,0,2.2935679760144945,win,95
4h,15min,2023-05-08 15:30:00+00:00,short,27868.26,28087.713652,27577.01,27989.11,28004.23,0.05425527105028797,0.7874680801743639,1.3271595042765558,2,2.7334697276950624,15,0,0,1.3271595042765558,win,9
4h,15min,2023-05-15 04:00:00+00:00,short,27181.15,27305.43623,26726.0,27219.52,27257.98,0.1414951170204319,0.45725155116688543,3.6621112411246943,9,-0.9459022773046798,4,0,0,-1.0,loss,4
4h,15min,2023-05-16 00:15:00+00:00,long,27288.36,27121.272328,27663.59,26961.55,27180.01,0.8005611183669489,0.6123038247809743,2.2457072715693607,2,0.6197744464870343,0,1,0,-1.0,loss,2
4h,15min,2023-05-18 06:30:00+00:00,long,27247.75,27146.84045,27500.0,26836.06,27274.45,1.6089034874439152,0.3703408538319689,2.4997634019773076,5,0.531189988297569,6,3,0,-1.0,loss,33
4h,15min,2023-05-23 19:30:00+00:00,long,27194.79,27095.351042000002,27495.83,26959.52,27205.01,0.9027096734337641,0.3656544433694793,3.027384900795164,24,0.5590179333115656,19,1,0,-1.0,loss,30
4h,15min,2023-05-24 09:45:00+00:00,short,26750.8,26844.370160000002,26613.0,26830.42,27151.38,1.1998145849843846,0.3497845298084653,1.4726917213777868,2,0.9942177091556462,9,2,1,1.4726917213777868,win,16
4h,15min,2023-05-28 13:15:00+00:00,long,27196.65,27094.58067,27344.23,26895.0,27128.41,0.8582307012076849,0.3753011124531958,1.4458799719758628,3,1.4206291543365634,13,6,1,1.4458799719758628,win,17
4h,15min,2023-05-29 09:30:00+00:00,long,27932.51,27835.413498,28447.14,27746.33,27914.28,0.6012707057117211,0.34761108829817544,5.300190937877645,22,2.470324577766561,9,0,1,-1.0,loss,5
4h,15min,2023-05-29 21:00:00+00:00,long,27693.32,27519.061336,28047.01,27280.0,27525.99,0.8882647512107671,0.6292443953993269,2.029683872705445,16,1.1163154652591412,21,0,0,-1.0,loss,127
4h,15min,2023-06-01 10:45:00+00:00,short,26860.0,26956.442,26605.05,26883.6,27005.16,0.4525688756515313,0.3590543559195797,2.643557786026867,8,1.4903489411644693,10,3,0,-1.0,loss,8
4h,15min,2023-06-06 20:30:00+00:00,short,26939.17,27227.387834,25351.02,27129.33,27155.0,0.09528875611237561,1.0698838679885192,5.510241951231868,3,-1.8813039063081873,20,1,0,-1.0,loss,11
4h,15min,2023-06-07 03:45:00+00:00,long,26909.01,26715.088198,27391.77,26143.69,26857.92,2.6542410887654344,0.7206575121121034,2.4894570647606153,2,1.3391954117494898,3,2,0,-1.0,loss,22
4h,15min,2023-06-14 03:30:00+00:00,short,25981.01,26061.186202,25712.57,25978.37,26060.77,0.3171547218526203,0.3085954010256044,3.3481256695096473,13,-0.06515692702213527,3,2,0,-1.0,loss,37
4h,15min,2023-06-15 21:45:00+00:00,short,25574.6,25764.12492,24800.0,25206.52,25753.38,2.138293463045368,0.7410669961602522,4.087061479830722,13,-0.19104140662362645,21,3,0,-1.0,loss,72
4h,15min,2023-06-17 04:15:00+00:00,long,26297.33,26175.740534,26518.0,25896.78,26287.97,1.4875654676729626,0.4623643008624878,1.8148776144801553,10,2.054713301796531,4,5,0,1.8148776144801553,win,5
4h,15min,2023-06-17 18:30:00+00:00,long,26522.65,26305.69547,26839.99,26372.4,26473.5,0.38118362984090404,0.8179971835393623,1.462702806896893,26,1.9242032920284695,18,5,0,-1.0,loss,114
4h,15min,2023-06-19 06:15:00+00:00,short,26444.14,26484.158828,26255.85,26469.58,26525.99,0.21331758189148844,0.1513334447631884,4.705035339865522,1,-0.4852183150544582,6,0,0,-1.0,loss,24
4h,15min,2023-06-20 14:45:00+00:00,long,26780.0,26646.644,27033.24,26576.87,26652.19,0.28125466766243357,0.49796863330843827,1.8989771738804557,1,0.8050204136938445,14,1,1,1.8989771738804557,win,4
4h,15min,2023-06-23 23:45:00+00:00,long,30688.5,30446.9623,31431.94,30195.0,30615.33,1.3696661615914814,0.7870625804454462,3.077946010084539,8,3.1456351194688814,23,4,0,-1.0,loss,5
4h,15min,2023-06-28 16:45:00+00:00,short,30258.0,30496.9116,30009.0,30488.83,30554.09,0.2156784982483918,0.7895815982550051,1.042226497164644,9,0.4924882901353938,16,2,0,1.042226497164644,win,11
4h,15min,2023-06-29 23:15:00+00:00,long,30482.19,30243.903562,30843.98,30245.9,30337.23,0.29961757997046184,0.7817234850907996,1.5182987459823547,12,0.284582849237154,23,3,0,1.5182987459823547,win,17
4h,15min,2023-07-02 04:15:00+00:00,long,30535.85,30457.05283,30661.6,30472.69,30503.94,0.1023387264477655,0.2580480648156118,1.5958694963283984,8,0.09500045149585389,4,6,0,-1.0,loss,44
4h,15min,2023-07-05 05:30:00+00:00,short,30820.0,30884.234,30620.0,30843.73,30886.0,0.13715120051914484,0.20841661258922903,3.1136158420773863,14,0.008372517461674094,5,2,0,3.1136158420773863,win,19
4h,15min,2023-07-05 18:15:00+00:00,short,30464.5,30597.6629,30200.0,30452.0,30762.0,1.017577836498219,0.437108437689768,1.9862889738808729,8,0.8890557282958825,18,2,0,-1.0,loss,45
4h,15min,2023-07-13 02:45:00+00:00,short,30337.55,30439.31751,30210.0,30419.99,30461.59,0.1371237954284329,0.33545065438705995,1.2533469670231432,10,0.43404335201297706,2,3,0,-1.0,loss,25
4h,15min,2023-07-13 11:00:00+00:00,short,30555.86,30643.171172000002,30251.0,30538.44,30656.0,0.3847379847924467,0.2857428067807665,3.4916493848003234,6,-0.32405932599184983,11,3,0,-1.0,loss,10
4h,15min,2023-07-15 02:00:00+00:00,short,30320.0,30396.964,29900.0,30319.03,31050.0,2.4108509234828537,0.2538390501319259,5.457096824489375,5,1.4233114103529867,2,5,0,-1.0,loss,145
4h,15min,2023-07-19 09:15:00+00:00,long,29984.13,29861.173174,30189.09,29865.0,29966.48,0.3384457044443162,0.4100730152917609,1.6669265681922913,5,-0.3685009108278761,9,2,1,-1.0,loss,16
4h,15min,2023-07-21 07:15:00+00:00,short,29805.36,29958.971071999997,29570.96,29872.71,30166.67,0.986265557604401,0.5153806966263653,1.525931672425328,38,0.5873972880051691,7,4,1,-1.0,loss,43
4h,15min,2023-07-25 19:30:00+00:00,short,29226.99,29381.845398,29047.65,29270.0,29660.0,1.334383047997758,0.5298369691849886,1.1581126800629868,40,0.7834437829827,19,1,0,-1.0,loss,30
4h,15min,2023-07-31 09:45:00+00:00,long,29383.96,29326.443208,29530.0,29284.0,29360.66,0.26089063557124315,0.19574213958907694,2.5390845859415214,6,0.1702100717226706,9,0,1,-1.0,loss,16
4h,15min,2023-08-01 01:30:00+00:00,short,29246.87,29353.009374,29101.8,29274.99,29332.32,0.1960209759198099,0.36290848901096817,1.366787786029309,17,0.2233962544006498,1,1,0,1.366787786029309,win,2
4h,15min,2023-08-01 11:00:00+00:00,short,28913.3,29001.37266,28720.0,28970.81,29115.64,0.5009113452978321,0.30460950496830747,2.194778720206653,9,1.0722043683246234,11,1,0,2.194778720206653,win,18
4h,15min,2023-08-02 05:45:00+00:00,long,29649.99,29576.110002,30047.5,29335.0,29622.5,0.9696461954961874,0.24917377037901306,5.38048200813428,7,1.286536571785627,5,2,0,-1.0,loss,4
4h,15min,2023-08-02 12:15:00+00:00,short,29530.93,29609.706186,29378.62,29577.26,29622.5,0.15319531081480198,0.26675822942250427,1.933452325300478,1,-0.7387932772814586,12,2,1,1.933452325300478,win,5
4h,15min,2023-08-02 18:45:00+00:00,long,29148.1,28921.67038,29794.37,28980.0,29180.0,0.6861510698810558,0.776824630078801,2.8541760570017445,14,-0.5408367214048417,18,2,0,-1.0,loss,200
4h,15min,2023-08-09 07:00:00+00:00,long,29768.86,29607.046228,30244.0,29674.7,29685.76,0.03715291751178134,0.5435672444292504,2.936338447137834,18,1.2806209097794212,7,2,1,-1.0,loss,39
4h,15min,2023-08-10 06:30:00+00:00,short,29534.36,29665.966872,29376.67,29626.0,29676.86,0.17220620321551097,0.44560597216259396,1.1981897115524633,25,-0.07738797426182537,6,3,0,-1.0,loss,29
4h,15min,2023-08-10 21:30:00+00:00,long,29464.81,29314.307038,29738.0,29331.24,29354.0,0.07724468611879187,0.5107888426906615,1.8151802221672855,16,-0.13428340509244469,21,3,0,-1.0,loss,76
4h,15min,2023-08-16 03:15:00+00:00,short,29223.16,29265.694632,29059.6,29243.08,29315.0,0.24610617058524217,0.1455511039873818,3.8453371361013606,10,0.4880616084077982,3,2,0,3.8453371361013606,win,37
4h,15min,2023-08-25 01:30:00+00:00,short,26112.01,26212.372402,25864.0,26163.0,26409.4,0.9436270896036018,0.38435341438672277,2.47114452282631,7,0.37643890794036283,1,4,0,-1.0,loss,48
4h,15min,2023-08-30 08:30:00+00:00,long,27489.19,27275.492162000002,28142.85,26046.0,27350.01,4.743719258370285,0.777388631676657,3.0588049281060616,25,2.977729418820075,8,2,1,-1.0,loss,20
4h,15min,2023-08-30 09:00:00+00:00,short,27440.65,27504.48813,27280.99,27476.03,27532.79,0.2068464121659,0.23264073555108966,2.5010131092499046,2,-2.7666418345652284,9,2,1,2.5010131092499046,win,18
4h,15min,2023-08-31 00:00:00+00:00,short,27267.79,27343.233558,27017.24,27286.88,27310.05,0.08497204944001055,0.276676466996405,3.32102576604357,14,-1.407766298691663,0,3,0,-1.0,loss,46
4h,15min,2023-09-07 23:00:00+00:00,short,26238.0,26448.3876,25615.38,26194.86,26803.73,2.320565591889622,0.8018431282872102,2.959394945329498,8,-1.6054307167757638,23,3,0,2.959394945329498,win,274
4h,15min,2023-09-14 22:15:00+00:00,long,26610.66,26467.677868,26860.49,26489.5,26546.6,0.21457566253523414,0.5373114834431051,1.7472812616893976,2,1.60457993072213,22,3,0,-1.0,loss,11
4h,15min,2023-09-16 07:15:00+00:00,long,26504.97,26462.149006,26888.0,26444.45,26571.42,0.47904223245677136,0.16155835679120376,8.944911460952664,12,0.4362945058996086,7,5,1,-1.0,loss,11
4h,15min,2023-09-27 12:30:00+00:00,short,26688.83,26855.337766,26202.96,26776.98,26979.92,0.7603930183526167,0.6238855955843655,2.9180020348120346,3,-1.3429091093870855,12,2,1,2.9180020348120346,win,8
4h,15min,2023-09-30 01:00:00+00:00,short,26921.92,26990.374384000002,26665.16,26954.09,26963.7,0.03569581961465075,0.2542700669194627,3.7508189395142697,20,-0.6880419666237406,1,5,0,-1.0,loss,41
4h,15min,2023-10-01 17:00:00+00:00,long,27138.15,27076.952370000003,27289.08,27048.0,27086.74,0.14275107183062072,0.2255040597829946,2.466271978179602,10,0.6883829355362956,17,6,0,-1.0,loss,3
4h,15min,2023-10-02 22:15:00+00:00,long,27528.15,27275.93437,28580.0,27155.0,27826.65,2.4398661007005606,0.9162098797049653,4.17043939743143,15,0.08473647760177312,22,0,0,-1.0,loss,66
4h,15min,2023-10-06 22:45:00+00:00,short,27971.25,28300.59425,27175.94,28123.39,28187.69,0.22987889350672305,1.1774384412566414,2.4148288606830253,5,-1.1700412977354695,22,4,0,1.1675321491114614,timeout,288
4h,15min,2023-10-09 18:45:00+00:00,short,27565.31,27755.543062,27260.0,27578.81,27808.4,0.8328946781298674,0.690117622475493,1.6049260669525593,4,0.7511677605119665,18,0,0,1.6049260669525593,win,127
4h,15min,2023-10-11 11:45:00+00:00,short,27196.26,27337.439252,26964.89,27143.91,27322.69,0.657369800112217,0.519112745649592,1.6388385454825625,11,1.1365168197941067,11,2,0,1.6388385454825625,win,14
4h,15min,2023-10-12 00:15:00+00:00,short,26826.37,26892.425274,26538.66,26795.63,27017.0,0.8251955072564756,0.24623262111125024,4.355594679691889,7,1.7886940070393047,0,3,0,-1.0,loss,10
4h,15min,2023-10-14 12:45:00+00:00,long,26893.08,26836.381383999997,27130.0,26807.1,26845.0,0.14092844702057725,0.21082975992338968,4.178585240951504,23,-0.09889589514955792,12,5,1,-1.0,loss,30
4h,15min,2023-10-18 23:30:00+00:00,short,28311.43,28443.072286,28142.87,28405.29,28441.71,0.12864062323944164,0.4649792892835099,1.2804396301656698,26,-0.6078670838588752,23,2,0,1.2804396301656698,win,8
4h,15min,2023-10-28 13:45:00+00:00,long,34129.55,33900.96409,34493.33,33941.11,34019.33,0.2291855591415684,0.6697595192435927,1.591436672540299,4,0.635565421931243,13,5,1,1.591436672540299,win,93
4h,15min,2023-10-30 07:00:00+00:00,long,34337.12,34174.602576000005,34750.11,34136.28,34253.8,0.34225351456384245,0.4732995195869596,2.541204443407886,20,0.442296092610126,7,0,1,-1.0,loss,1
4h,15min,2023-11-02 10:15:00+00:00,long,35474.99,35056.155002,35984.99,34738.07,35362.0,1.7587883745703672,1.1806486710778452,1.2176632861039036,21,2.1270504123726592,10,3,0,-1.0,loss,13
4h,15min,2023-11-08 06:30:00+00:00,long,35281.84,35160.723632,35888.0,34840.88,35200.18,1.018370923965425,0.3432824591914578,5.0047735909652316,2,0.7301601404921843,6,2,0,-1.0,loss,35
4h,15min,2023-11-09 19:45:00+00:00,long,36382.2,35592.72356,37972.24,36106.0,36415.01,0.8493439099339843,2.1699524492746414,2.014043636311685,15,1.5906653617600044,19,3,0,0.9155561374320509,timeout,288
4h,15min,2023-11-16 09:15:00+00:00,long,37428.01,37173.694398,37980.0,36416.51,37306.49,2.377844827977752,0.679479357839229,2.1704920801516248,4,1.9424006389489328,9,3,1,-1.0,loss,10
4h,15min,2023-11-16 19:45:00+00:00,long,35921.01,35492.815798,37621.1,35661.04,36002.35,0.9501681606391291,1.192043881839622,3.970371369017279,3,-2.18117497953285,19,3,0,2.4006864063049647,timeout,288
4h,15min,2023-11-17 04:00:00+00:00,short,36401.28,36680.970256,35500.0,36642.31,37121.09,1.315283418605057,0.7683528051760864,3.222421878007768,6,0.5731423826055811,4,4,0,-1.0,loss,52
4h,15min,2023-11-22 07:45:00+00:00,short,36439.81,36566.157962000005,35632.01,36380.0,36580.0,0.5488502821502089,0.3467305729640388,6.393454925691245,15,1.1554203340778229,7,2,1,-1.0,loss,5
4h,15min,2023-11-23 11:45:00+00:00,long,37370.0,37152.475999999995,37653.44,36650.0,37214.81,1.5113995183302051,0.5820818838640751,1.3030286313234216,2,0.9419901680540398,11,3,0,-1.0,loss,11
4h,15min,2023-11-24 20:00:00+00:00,long,37797.24,37542.760552,38414.0,37567.99,37600.0,0.0846887233036117,0.6732752126874826,2.4236141851423945,13,1.2438334633650592,20,4,0,-1.0,loss,161
4h,15min,2023-11-29 15:30:00+00:00,long,37804.28,37562.439144,38450.0,37568.28,37670.97,0.27163591000807935,0.6397181906387194,2.670020321132232,2,0.4341648456196382,15,2,0,-1.0,loss,68
4h,15min,2023-11-30 16:00:00+00:00,long,37643.96,37492.471208,38145.85,37262.02,37513.19,0.6672252334770453,0.4024252283766014,3.3130503806513363,8,-0.19183935633739654,16,3,0,3.3130503806513363,win,49
4h,15min,2023-12-02 03:00:00+00:00,long,38740.9,38633.86182,38999.0,38629.65,38645.0,0.03962220805401667,0.27629244545171433,2.411289130663384,12,1.5614512376195209,3,5,0,2.411289130663384,win,64
4h,15min,2023-12-03 04:00:00+00:00,long,39416.17,39266.976766,39717.14,38869.36,39286.54,1.0583981142764514,0.3785076885958187,2.0173166834094114,4,2.06070793428569,4,6,0,2.0173166834094114,win,39
4h,15min,2023-12-04 16:45:00+00:00,long,41633.98,41136.543204,42154.83,40884.98,41349.43,1.1155551306889158,1.1947855958042006,1.0470676962144085,5,4.191796700848787,16,0,0,1.0470676962144085,win,21
4h,15min,2023-12-11 06:45:00+00:00,long,42130.0,40391.574,44046.0,40250.0,40700.0,1.068122478044149,4.12633752670306,1.1021464244092072,19,-3.291477767413319,6,0,0,-1.0,loss,51
4h,15min,2023-12-11 11:15:00+00:00,short,42272.88,42489.554575999995,40400.0,42321.03,43563.0,2.937982933739081,0.5125616612825945,8.643746001838343,8,2.597676806465071,11,0,0,8.643746001838343,win,33
4h,15min,2023-12-12 03:30:00+00:00,short,41755.73,41947.151146000004,40222.0,41857.08,41975.44,0.28345810263645393,0.4584308452995567,8.012333182876246,10,2.2595811683938805,3,1,0,-1.0,loss,17
4h,15min,2023-12-15 22:15:00+00:00,short,42016.1,42272.43322,41666.0,42192.48,42630.43,1.0423385321341037,0.610083325201531,1.36580034378688,8,0.9611382729927105,22,4,0,1.36580034378688,win,9
4h,15min,2023-12-19 19:45:00+00:00,long,42341.96,41802.631607999996,43497.0,41735.5,42567.69,1.965402640784702,1.273744512535563,2.1416265435549224,23,0.27512406707852993,19,1,0,2.1416265435549224,win,72
4h,15min,2023-12-20 22:15:00+00:00,long,43666.03,43221.436794,44283.0,42998.08,43486.0,1.1173903375232377,1.0181672251862552,1.3877180120471844,9,2.201014687462083,22,2,0,1.3877180120471844,win,129
4h,15min,2023-12-23 20:45:00+00:00,long,43711.33,43624.027733999996,43856.0,43669.88,43695.03,0.05753657003802322,0.19972457026589227,1.6571162081862596,3,0.3173355867005348,20,5,0,-1.0,loss,14
4h,15min,2023-12-25 01:00:00+00:00,long,43023.25,42491.39535,43864.08,42493.2,42675.0,0.4225622192651715,1.2362028670544443,1.5809394540406856,11,-1.260240846130741,1,0,0,-1.0,loss,131
4h,15min,2023-12-25 06:45:00+00:00,short,43239.94,43343.777987999994,42500.0,43158.59,43550.0,0.905204771329478,0.2401436912261951,7.1259084873645575,11,0.6041302296567763,6,0,0,-1.0,loss,24
4h,15min,2023-12-26 13:15:00+00:00,short,42675.25,42808.27505,42150.0,42798.0,43362.23,1.322148083491024,0.3117147526962269,3.9485044358187693,2,1.505212221056576,13,1,1,-1.0,loss,4
4h,15min,2023-12-28 23:45:00+00:00,short,42563.76,42754.482752,42241.79,42725.3,42868.36,0.3361075243352506,0.4480871802679121,1.6881572682004853,2,0.8366090462733251,23,3,0,1.6881572682004853,win,5
4h,15min,2024-01-02 18:45:00+00:00,long,45154.69,44824.299062,45879.63,44184.1,45121.96,2.0769935526077146,0.7316868701789428,2.194188510097653,16,3.11619183391988,18,1,0,-1.0,loss,2
4h,15min,2024-01-04 17:30:00+00:00,short,43830.29,44338.756058,42616.28,43716.0,44940.93,2.794711146104669,1.1600791553056073,2.3875929983904776,11,-0.5527797468907616,17,3,0,-1.0,loss,7
4h,15min,2024-01-09 02:15:00+00:00,long,46684.97,46220.663006,47248.99,45333.0,46653.84,2.829261751694381,0.9945534804884711,1.2147566314712857,7,4.3852572874335465,2,1,0,-1.0,loss,42
4h,15min,2024-01-10 01:45:00+00:00,long,45929.3,44739.48414,47929.43,44688.0,44793.97,0.23072417824787478,2.5905377612983482,1.6810416361402287,18,0.8473598209449287,1,2,0,-1.0,loss,44
4h,15min,2024-01-13 06:30:00+00:00,short,42988.5,43193.5977,41500.0,42997.29,43212.0,0.49945915768170357,0.4770989915907706,7.257516783464716,4,4.761189423632485,6,5,0,-1.0,loss,2
4h,15min,2024-01-19 07:30:00+00:00,short,41343.58,41584.268716,40683.28,41366.99,42353.8,2.386851840116422,0.5821670885781951,2.7433774668522943,30,2.2347609442479084,7,4,1,2.7433774668522943,win,35
4h,15min,2024-01-27 04:15:00+00:00,long,41868.23,41699.626354,42246.82,41588.0,41800.02,0.506398288153086,0.40270067781705415,2.2454437313887583,17,2.768049521332443,4,5,0,-1.0,loss,10
4h,15min,2024-01-31 12:15:00+00:00,long,42681.11,42346.463778,43474.79,42381.1,42518.0,0.32075079584387906,0.7840616656877082,2.3716986710819437,6,-0.2106371639371714,12,2,1,2.3716986710819437,win,15
4h,15min,2024-02-01 15:45:00+00:00,short,42516.12,42955.103224,41889.95,42687.63,43041.1,0.8313787805660562,1.0325100785302044,1.4264098620771242,3,0.23508839544392354,15,3,0,-1.0,loss,6
4h,15min,2024-02-06 05:00:00+00:00,short,42789.36,42968.567872,42330.52,42869.66,42954.54,0.19836707069233422,0.4188140977102696,2.560378597654495,10,0.1370469823679341,5,1,0,-1.0,loss,12
4h,15min,2024-02-13 17:30:00+00:00,long,48794.75,48291.191049999994,50368.61,48311.15,49372.22,2.1745577136884595,1.0319941182196979,3.1254731943499006,16,0.2442069089652763,17,1,0,3.1254731943499006,win,61
4h,15min,2024-02-22 00:15:00+00:00,short,51651.07,51960.340214,50625.0,51787.04,51988.91,0.39083411050342737,0.5987682617223685,3.3177136159642817,2,0.00484178517452354,0,3,0,-1.0,loss,38
4h,15min,2024-02-25 17:30:00+00:00,long,51500.0,51269.5,51800.03,51180.41,51437.84,0.49986407766988933,0.4475728155339806,1.301648590021687,7,0.17494878480688428,17,6,0,1.301648590021687,win,10
4h,15min,2024-02-26 10:00:00+00:00,long,51134.0,50891.213200000006,51860.0,50907.14,50953.0,0.08968592326045406,0.4748050220987883,2.9902778899018263,2,-0.618893177330323,10,0,0,2.9902778899018263,win,20
4h,15min,2024-02-28 22:00:00+00:00,long,61105.99,58687.778802,64000.0,58379.57,58891.1,0.8371192415015268,3.957404499951637,1.1967565125798434,18,7.365510960574162,22,2,0,0.3440559702511149,timeout,288
4h,15min,2024-03-05 08:15:00+00:00,long,66544.21,65075.691158,68686.8,65555.0,66039.31,0.7278018628517757,2.2068318821427213,1.4590143066070305,13,3.126986314198352,8,1,1,1.4590143066070305,win,26
4h,15min,2024-03-15 02:00:00+00:00,short,71500.01,72434.01000200001,68555.0,71458.0,72627.0,1.6349648062986288,1.306293526392535,3.1531156249397383,15,0.4575029616448595,2,4,0,3.1531156249397383,win,3
4h,15min,2024-03-21 11:00:00+00:00,long,67100.01,66058.779998,68240.47,66000.0,66340.0,0.5067063328306509,1.5517583410196163,1.0953007479705816,24,2.0489496547342054,11,3,0,-1.0,loss,16
4h,15min,2024-03-21 22:00:00+00:00,long,65761.62,64515.857676,67693.6,64395.0,65656.41,1.9181553009186871,1.8943607593608487,1.5508415712851635,16,-0.1267171200852758,22,3,0,-1.0,loss,55
4h,15min,2024-03-23 09:00:00+00:00,short,64200.0,64869.979999999996,62260.0,64674.06,65756.64,1.6862616822429934,1.0435825545171276,2.895608824144022,7,1.0821981508007663,9,5,1,-1.0,loss,15
4h,15min,2024-03-26 14:45:00+00:00,long,70310.0,69265.938,71561.1,67344.23,69440.18,2.981012658227844,1.484940975679143,1.1983004840708689,1,3.1433782920278257,14,1,1,1.1983004840708689,win,90
4h,15min,2024-03-29 06:30:00+00:00,long,70478.0,70010.9044,71430.0,69980.0,70292.44,0.4433156445983176,0.6627537671330068,2.0381266704289205,13,0.8144558895659241,6,4,0,-1.0,loss,4
4h,15min,2024-04-04 19:45:00+00:00,short,68500.0,69323.61,65064.52,67120.0,69327.66,3.222861313868618,1.2023503649635046,4.171246099488837,26,-2.203323997110706,19,3,0,-1.0,loss,205
4h,15min,2024-04-09 02:00:00+00:00,long,71379.23,70819.054154,72310.01,70850.0,71245.17,0.5536204299205781,0.7847883004621908,1.661585387242851,4,2.0022729014946847,2,1,0,-1.0,loss,18
4h,15min,2024-04-09 08:45:00+00:00,long,70500.01,69562.509998,72104.05,69841.03,70642.0,1.1361274984216332,1.3297870482571572,1.7109759963499254,9,0.5398473644853315,8,1,1,-1.0,loss,23
4h,15min,2024-04-11 16:45:00+00:00,long,70011.99,69553.20760200001,71305.89,69204.28,69581.03,0.5381221130837731,0.6552911836958151,2.8202912876356825,7,0.11758018264130778,16,3,0,-1.0,loss,87
4h,15min,2024-04-13 05:45:00+00:00,short,67345.48,67942.469096,65086.86,67440.0,69236.95,2.66825628089665,0.8864575558745811,3.783352183705508,5,2.7639965825875543,5,5,0,3.783352183705508,win,56
4h,15min,2024-04-15 01:45:00+00:00,short,65275.62,65880.505124,62573.66,65608.09,67169.97,2.392746327036043,0.9266631615295272,4.46689775098519,10,1.3270443850793434,1,0,0,-1.0,loss,18
4h,15min,2024-04-15 05:15:00+00:00,long,65111.73,64669.987654000004,65867.45,64747.25,64937.01,0.29143750288926745,0.6784374274804233,1.7107710112989607,5,-1.4300639403185116,5,0,0,1.7107710112989607,win,4
4h,15min,2024-04-16 01:45:00+00:00,short,63147.5,63912.319500000005,62274.4,63633.02,63810.0,0.28026446019241175,1.211163545666899,1.1415765419160897,6,3.545053027692208,1,1,0,1.1415765419160897,win,10
4h,15min,2024-04-18 04:45:00+00:00,short,61640.06,62242.228012,59678.16,61956.42,62541.13,0.948587655495467,0.9769101652399461,3.2580608084508946,7,2.3610901458974753,4,3,0,-1.0,loss,25
4h,15min,2024-04-18 12:00:00+00:00,short,62439.51,63084.757902,60803.35,62974.88,63181.81,0.33140875064522496,1.0333968059646776,2.535707586074437,3,0.6099970416286621,12,3,1,-1.0,loss,8
4h,15min,2024-04-19 18:15:00+00:00,short,64264.4,65462.85288,59600.01,64868.28,65807.25,1.4611044372934332,1.8648783463317127,3.892009504787548,46,-1.532824697329573,18,4,0,-1.0,loss,131
4h,15min,2024-04-25 21:30:00+00:00,short,64806.27,65310.901254000004,62794.0,65156.95,66203.05,1.6141956634751635,0.7786765910150472,3.987604778835138,1,0.3065728479740536,21,3,0,3.987604778835138,win,111
4h,15min,2024-04-27 20:15:00+00:00,short,63171.11,63662.634222,62391.24,63175.0,63689.22,0.8140113415768714,0.7780838772660478,1.586635948126281,28,1.1577621953479942,20,5,0,-1.0,loss,16
4h,15min,2024-04-28 10:45:00+00:00,long,63694.5,63332.811100000006,64370.0,63555.56,63800.0,0.3837693992416964,0.5678495003493138,1.867627123751964,9,-0.2284557251745934,10,6,0,-1.0,loss,47
4h,15min,2024-04-29 11:00:00+00:00,short,62362.54,62685.652508,61923.13,62639.4,62781.0,0.22705938532971642,0.5181195442007306,1.3599287836916722,5,1.7329643494709774,11,0,0,-1.0,loss,8
4h,15min,2024-04-30 23:00:00+00:00,short,60456.0,61082.8012,59191.6,60947.55,61000.0,0.08675731110228445,1.0367890697366706,2.017226514563147,2,3.3415016292372104,23,1,0,2.017226514563147,win,32
4h,15min,2024-05-01 13:00:00+00:00,short,57853.19,58287.440638,56552.82,57909.0,59590.0,2.9056306143187607,0.7506079405474403,2.994514886584944,4,5.988630519545172,13,2,1,-1.0,loss,22
4h,15min,2024-05-03 18:15:00+00:00,short,61725.02,62192.335004,58849.94,61559.36,63069.68,2.446852184090017,0.7570917012258622,6.152338305833578,19,-3.1808365017461933,18,4,0,-1.0,loss,7
4h,15min,2024-05-08 03:30:00+00:00,long,62922.01,62098.415598,64320.0,62179.99,62541.03,0.5737896802724529,1.3089130528411321,1.697425330484451,18,-0.5788460090579367,3,2,0,-1.0,loss,17
4h,15min,2024-05-09 00:30:00+00:00,long,61455.12,60875.708976,62828.0,59575.48,61533.2,3.185609270635211,0.9428197748210416,2.3694405924868893,15,-2.12861625132334,0,3,0,-1.0,loss,41
4h,15min,2024-05-11 19:00:00+00:00,short,61136.56,61527.227312,60487.09,61294.82,62800.0,2.4619965532898815,0.6390076772392903,1.6624631241223293,15,0.8084936679496297,19,5,0,-1.0,loss,82
4h,15min,2024-05-16 13:30:00+00:00,long,66084.0,65639.7032,66666.0,65057.26,65738.0,1.0301131892742539,0.6723212880576183,1.3099351604603153,30,3.3184835151864065,13,3,1,-1.0,loss,5
4h,15min,2024-05-16 18:30:00+00:00,long,65109.99,64589.748002,66752.01,62999.44,64720.0,2.6425437939707836,0.7990202394440512,3.156261905637238,5,1.5609066474388236,18,3,0,3.156261905637238,win,81
4h,15min,2024-05-21 23:45:00+00:00,short,70148.34,70391.799668,69162.94,70263.03,70839.63,0.8219724087555114,0.3470640474172453,4.047487652040797,2,-1.9629912059868706,23,1,0,-1.0,loss,63
4h,15min,2024-05-22 21:45:00+00:00,long,69497.77,68828.290446,70666.0,67487.0,68905.67,2.041317296943482,0.9633108429234564,1.744982341910306,3,0.3209076773504041,21,2,0,-1.0,loss,63
4h,15min,2024-05-24 00:00:00+00:00,short,67713.06,68379.352612,66312.16,68167.97,69520.02,1.9967344556574507,0.9839942427649921,2.1025296915643787,12,1.8218341874086594,0,4,0,-1.0,loss,61
4h,15min,2024-05-25 07:15:00+00:00,long,68780.6,68486.24388,69250.0,68420.0,68524.94,0.1525720915490739,0.42796387353412335,1.5946670312136748,29,0.34510387781259705,7,5,1,1.5946670312136748,win,14
4h,15min,2024-05-28 05:00:00+00:00,long,67924.0,67473.0652,70687.56,67523.78,67924.39,0.5897915317119142,0.6638813968553129,6.128513479110463,6,-1.5475142617636644,5,1,0,-1.0,loss,54
4h,15min,2024-05-28 10:30:00+00:00,short,68483.13,68916.40662600001,67486.65,68134.0,69177.01,1.5230174204946454,0.6326764357879178,2.2998701988599684,7,0.5363900162192794,10,1,0,2.2998701988599684,win,32
4h,15min,2024-06-09 13:15:00+00:00,short,69487.15,69790.89743,69130.24,69585.96,70633.21,1.5071131856753373,0.4371274832828848,1.1750222874313219,2,0.41676187671273585,13,6,1,-1.0,loss,20
4h,15min,2024-06-10 00:45:00+00:00,long,69559.99,69412.088002,69857.14,69397.19,69500.0,0.147800481282412,0.2126250995723277,2.0091006478492046,2,-0.2500824312024847,0,0,0,-1.0,loss,24
4h,15min,2024-06-15 01:15:00+00:00,short,66104.95,66640.74099,65078.0,66520.0,66746.4,0.34248569887730673,0.8105156875544247,1.9166988978295074,15,1.5484249401737142,1,5,0,-1.0,loss,134
4h,15min,2024-06-25 17:45:00+00:00,short,61381.44,62146.276288,60412.0,61700.0,62160.72,0.7505851931789171,1.2460383594780418,1.2675130811784967,14,1.3091364127060605,17,1,0,-1.0,loss,4
4h,15min,2024-06-27 03:30:00+00:00,short,61015.71,61312.203142,60712.0,61155.66,61182.8,0.044480347766172705,0.485929184467409,1.0243407248859733,1,1.1050389088263195,3,3,0,1.0243407248859733,win,11
4h,15min,2024-06-29 08:15:00+00:00,short,60960.0,61158.832,60063.0,61119.58,61212.11,0.15178805774278026,0.3261679790026282,4.51134626217103,4,0.4659869842422038,8,5,1,-1.0,loss,13
4h,15min,2024-07-01 06:30:00+00:00,short,63362.01,63831.002402,61456.34,63369.8,63918.58,0.8661025747131426,0.740179173608912,4.063328087775761,22,-2.5697985855360677,6,0,0,-1.0,loss,47
4h,15min,2024-07-02 00:15:00+00:00,long,62988.0,62484.602399999996,63818.33,62109.81,62573.32,0.7358703245062584,0.799196037340452,1.6494516461739097,42,1.1607729687156545,0,1,0,-1.0,loss,31
4h,15min,2024-07-03 08:15:00+00:00,long,60940.75,60587.81185,62368.81,60450.0,60704.46,0.4175531151159103,0.5791496658639773,4.046204696205243,20,-1.9351539106361941,8,2,1,-1.0,loss,2
4h,15min,2024-07-05 17:45:00+00:00,short,56453.18,57051.310635999995,53485.93,55356.42,56866.0,2.674038911536962,1.0595162858850367,4.960872795019361,30,3.0314906941453996,17,4,0,-1.0,loss,80
4h,15min,2024-07-07 06:15:00+00:00,long,57745.65,57404.45087,58475.0,57441.1,57806.92,0.6335022638068837,0.5908655110817885,2.1376080296570414,9,0.23236607065854775,6,6,0,-1.0,loss,4
4h,15min,2024-07-07 08:00:00+00:00,long,57484.99,57061.863002,58475.0,56876.33,57185.76,0.5382796448255454,0.7360651850161228,2.3397467064959128,2,-0.20738788996656635,8,6,1,-1.0,loss,21
4h,15min,2024-07-14 23:45:00+00:00,short,60797.91,61432.849582,59466.67,61181.84,61875.55,1.1410096169424349,1.044344422365833,2.09664043279004,8,-2.9191376294238975,23,6,0,-1.0,loss,5
4h,15min,2024-07-15 12:15:00+00:00,long,62712.01,62277.457598,63243.71,61420.69,62433.01,1.6142362523542138,0.6929333025683615,1.223557843778748,6,4.276972853815286,12,0,1,1.223557843778748,win,11
4h,15min,2024-07-16 12:45:00+00:00,short,63743.31,64278.078662,62373.24,63872.2,64436.2,0.8847987341730449,0.8389408425762677,2.561986326715596,2,-2.9731693274334487,12,1,1,-1.0,loss,9
4h,15min,2024-07-18 00:30:00+00:00,long,64407.09,63841.118582,65993.14,63872.2,64111.56,0.37163610403761543,0.878740862224941,2.8023499942889702,32,1.080689086309464,0,3,0,-1.0,loss,57
4h,15min,2024-07-19 00:00:00+00:00,short,63790.01,64135.188002,63238.48,63958.51,64441.94,0.7578459385725136,0.5411160807154609,1.5978132928644682,7,0.2749830397070541,0,4,0,-1.0,loss,14
4h,15min,2024-07-20 01:00:00+00:00,long,66636.0,66255.2728,67386.0,65888.0,66616.19,1.092787682333877,0.5713536226664174,1.9699144164115725,3,2.935934447680853,1,5,0,-1.0,loss,3
4h,15min,2024-07-25 09:30:00+00:00,short,64292.01,64492.858402,63800.0,64390.0,65111.0,1.1214457286371977,0.3124002531574234,2.4496585240444775,3,2.5345626995214707,9,3,1,2.4496585240444775,win,17
4h,15min,2024-07-25 22:45:00+00:00,short,65644.0,66188.61880000001,63456.7,66066.66,66093.99,0.04163366034976806,0.8296551093778732,4.016203627197515,3,-0.11980262106703701,22,3,0,-1.0,loss,6
4h,15min,2024-07-27 20:45:00+00:00,long,67791.22,66636.441756,69399.99,66175.49,66870.82,1.0256932977456399,1.7034333413678069,1.3931419373016891,2,0.7992100384566245,20,5,0,1.3931419373016891,win,119
4h,15min,2024-07-30 19:45:00+00:00,long,65931.02,65541.813796,67000.0,65187.82,65722.63,0.811165973164081,0.5903233470375582,2.746564646230538,20,-2.1091309434498835,19,1,0,-1.0,loss,1
4h,15min,2024-08-01 13:15:00+00:00,short,64600.01,64962.500002,63584.0,64841.29,64957.14,0.17933433756434178,0.5611299471935045,2.8028635118052327,4,2.0079492395929885,13,3,1,2.8028635118052327,win,8
4h,15min,2024-08-02 00:15:00+00:00,short,65208.03,65672.821606,62302.0,65422.0,65963.25,0.830035810006835,0.7127827753729087,6.252328920070914,8,0.30820084422389954,0,4,0,6.252328920070914,win,80
4h,15min,2024-08-03 08:30:00+00:00,short,61548.01,61993.739602,60505.0,61975.0,62515.0,0.8773638660291372,0.7241982348413856,2.3400061277509754,18,3.828462871625264,8,5,1,-1.0,loss,13
4h,15min,2024-08-05 21:45:00+00:00,short,54372.01,55610.874402,49000.0,54576.71,58001.81,6.299380876300137,2.2784966051466538,4.336237276111518,27,6.100237885866761,21,0,0,-1.0,loss,10
4h,15min,2024-08-09 08:45:00+00:00,long,61095.73,60576.410853999994,62745.14,59863.0,60720.0,1.4027166874018855,0.8500089056960427,3.1761008865249267,16,4.619473094354964,8,4,1,-1.0,loss,6
4h,15min,2024-08-12 10:15:00+00:00,long,58625.34,57630.484932,61858.0,57670.04,59237.59,2.673843767899676,1.6969710845173729,3.2493778279672116,57,-1.7774021749597995,10,0,0,-0.15753048362617814,timeout,288
4h,15min,2024-08-12 15:15:00+00:00,short,59648.9,60723.019779999995,57642.21,60350.0,60425.0,0.12573576377770587,1.8007369456938747,1.8682180864409872,3,-0.002096689695127381,15,0,0,-1.0,loss,102
4h,15min,2024-08-16 02:15:00+00:00,long,57773.03,56066.985394,59849.38,55566.24,56670.47,1.9113243670965556,2.9530121684806834,1.2170549308603502,22,-2.1093476453800126,2,4,0,1.2170549308603502,win,194
4h,15min,2024-08-20 12:15:00+00:00,long,60718.63,60389.756274,61400.0,59617.63,60576.06,1.5784776435173196,0.5416356166138762,2.071828626407227,4,1.9648220581671416,12,1,1,-1.0,loss,4
4h,15min,2024-08-20 22:30:00+00:00,short,59324.75,59734.584950000004,58548.23,59597.28,60401.9,1.3562973295294167,0.6908329997176625,1.8947139574113656,10,0.3026093692901053,22,1,0,-1.0,loss,31
4h,15min,2024-08-26 08:00:00+00:00,long,63788.14,63407.242372,65000.0,62320.36,63484.18,1.8245084431055676,0.5971292280978859,3.181589778763349,5,0.5381300378474784,8,0,1,-1.0,loss,6
4h,15min,2024-08-28 05:45:00+00:00,short,59287.94,59672.857588,58034.01,59650.0,61518.74,3.151973234354234,0.6492342085085038,3.2576583640028716,6,4.94653216982182,5,2,0,-1.0,loss,16
4h,15min,2024-08-30 11:30:00+00:00,short,59381.73,59686.296345999996,58685.0,59638.37,59990.0,0.5921518285169485,0.5128957105156625,2.287613221718268,9,1.1918560542915502,11,4,0,-1.0,loss,4
4h,15min,2024-09-01 20:45:00+00:00,short,58431.1,58800.61622,57201.0,58599.98,58763.29,0.27949157212511433,0.6323964806413108,3.3289472380941274,10,0.8285133254864732,20,6,0,3.3289472380941274,win,16
4h,15min,2024-09-02 06:45:00+00:00,short,57688.0,57999.5276,57128.0,57767.14,57864.3,0.16842324226876212,0.5400214949382909,1.797593535853638,5,1.581891904941428,6,0,0,-1.0,loss,6
4h,15min,2024-09-03 10:15:00+00:00,long,59181.0,58705.1638,59809.65,58666.64,59021.62,0.599820888460829,0.8040354167722714,1.3211479076203203,22,0.790360210727089,10,1,0,-1.0,loss,13
4h,15min,2024-09-04 12:00:00+00:00,short,56503.0,56921.240600000005,55606.0,56881.0,57415.0,0.9450825619878591,0.7402095463957749,2.14469852998487,14,2.6504270205832623,12,2,1,-1.0,loss,10
4h,15min,2024-09-04 18:30:00+00:00,short,57661.53,58530.532306,56187.61,58251.09,58717.0,0.8080083896490493,1.5070746579218453,1.6961059709777049,10,0.4303823695668223,18,2,0,1.6961059709777049,win,83
4h,15min,2024-09-07 13:30:00+00:00,short,54481.09,54676.836218000004,53611.1,54435.0,55639.0,2.209941100664469,0.35929203692511935,4.444479228712171,11,2.025746277325807,13,5,1,-1.0,loss,2
4h,15min,2024-09-07 18:30:00+00:00,long,54360.01,53989.127998,54850.0,54095.65,54168.23,0.13351726756489143,0.6822699296780822,1.3211479590751347,3,-1.9968427036877296,18,5,0,-1.0,loss,10
4h,15min,2024-09-09 06:00:00+00:00,long,54770.0,54581.006,55370.23,54531.1,54688.69,0.28773050940296474,0.34506846813949016,3.175920928706769,1,-0.16056320370058869,6,0,0,3.175920928706769,win,12
4h,15min,2024-09-10 05:15:00+00:00,long,56898.01,56375.020398,58088.0,55799.0,56810.0,1.7768635493578773,0.9191702873263959,2.275360725049357,21,2.4101774283138395,5,1,0,-1.0,loss,92
4h,15min,2024-09-15 03:30:00+00:00,short,60174.4,60292.09488,59400.0,60156.0,60285.55,0.21529088781940975,0.19558961950596176,6.5797254731899235,9,-1.7624231170732338,3,6,0,-1.0,loss,39
4h,15min,2024-09-17 00:30:00+00:00,short,58077.95,58421.61559,57493.3,58263.84,58506.0,0.4169568657295988,0.5917316124277874,1.7012177448431398,5,1.3624674744729242,0,1,0,-1.0,loss,20
4h,15min,2024-09-17 11:00:00+00:00,short,59118.49,59311.823698,57610.01,59210.7,59707.08,0.8396357890737817,0.32702746298155144,7.80246804155155,2,-0.5911536730726733,11,1,0,-1.0,loss,6
4h,15min,2024-09-18 10:45:00+00:00,long,59907.49,59336.898502,60769.0,59300.0,59618.26,0.5312524360476496,0.9524543558743683,1.5098542530334016,3,0.7236543319089161,10,2,0,-1.0,loss,12
4h,15min,2024-09-26 21:45:00+00:00,long,65052.0,64620.5096,65839.0,64500.0,64693.26,0.29708540859620314,0.6633007440201723,1.8239107984789362,7,1.7901812986935284,21,3,0,1.8239107984789362,win,45
4h,15min,2024-10-06 16:45:00+00:00,short,62602.0,62940.390400000004,61798.97,62778.73,63707.89,1.4842337305517337,0.5405424746813263,2.3730874161914453,3,-1.019846312660821,16,6,0,-1.0,loss,11
4h,15min,2024-10-06 22:45:00+00:00,long,62618.85,62289.47623,62975.0,62176.75,62550.0,0.5960665199057472,0.5259977945937978,1.0812943605072234,6,0.8824719402521997,22,6,0,1.0812943605072234,win,7
4h,15min,2024-10-07 15:00:00+00:00,short,63773.5,64490.9447,62649.95,64161.08,64310.0,0.23351392035876697,1.1249887492453763,1.5660440449277873,3,-1.916711779924797,15,0,0,1.5660440449277873,win,31
4h,15min,2024-10-08 08:45:00+00:00,long,62409.46,61992.518108,63468.72,62010.0,62065.31,0.08862438482883472,0.6680748271175597,2.540545865801356,6,-0.39386284552093515,8,1,1,-1.0,loss,27
4h,15min,2024-10-10 12:30:00+00:00,short,60959.99,61333.871998,60301.0,61122.53,61634.61,0.8400263845187668,0.6133235881436405,1.762561459297621,23,1.3824206514297015,12,3,1,1.762561459297621,win,17
4h,15min,2024-10-13 15:45:00+00:00,long,62229.31,62037.554138,62990.0,61263.4,62123.0,1.3813426502720318,0.3081439630296369,3.9669712939467248,2,-0.30146814289554685,15,6,0,3.9669712939467248,win,23
4h,15min,2024-10-13 23:00:00+00:00,short,62693.47,63137.538694,62050.0,62990.0,63000.0,0.015950624522777252,0.708317300031409,1.449032567920672,6,-0.3714611125048231,23,6,0,-1.0,loss,17
4h,15min,2024-10-15 04:30:00+00:00,long,65659.99,65308.868002,66500.0,65188.57,65459.0,0.41186421137133933,0.5347579218333757,2.3923593645078003,4,2.575218977098002,4,1,0,-1.0,loss,4
4h,15min,2024-10-18 23:00:00+00:00,long,68334.03,68190.43319400001,69000.0,68050.0,68360.0,0.45365391152841417,0.21013952491897056,4.637777249725612,5,1.3441839793798955,23,4,0,-1.0,loss,48
4h,15min,2024-10-26 21:00:00+00:00,short,67216.36,67467.993272,66744.0,67392.52,67429.87,0.05556682926595738,0.37436313421316836,1.8771762424167364,2,0.08210216025267328,21,5,0,-1.0,loss,62
4h,15min,2024-10-31 18:45:00+00:00,long,70633.67,70092.07326599999,72700.0,70270.0,70837.83,0.8039083909982332,0.766768502896715,3.8152556510800126,19,-0.9820889828811803,18,3,0,-1.0,loss,4
4h,15min,2024-11-01 15:00:00+00:00,short,71090.9,71647.16818,68830.0,70949.51,72149.79,1.68837361743908,0.7824745220555642,4.06440648825176,5,-0.46923915712136716,15,4,0,4.06440648825176,win,16
4h,15min,2024-11-06 10:30:00+00:00,long,73867.38,72641.536524,75407.1,69898.02,72727.0,3.8298095857738503,1.6595193656523475,1.2560494305718275,10,5.081655203015851,10,2,0,1.2560494305718275,win,35
4h,15min,2024-11-07 00:45:00+00:00,long,75349.08,75034.930184,76400.0,74757.58,75507.1,0.9947301280918148,0.4169258815104373,3.3452828761166065,3,4.8524480247952,0,3,0,-1.0,loss,9
4h,15min,2024-11-07 13:15:00+00:00,short,74812.01,75165.072402,74416.0,75048.01,75507.1,0.6136581546198412,0.4719327845890125,1.1216430799674415,21,-2.887598466897265,13,3,1,-1.0,loss,7
4h,15min,2024-11-07 22:45:00+00:00,long,75872.0,75478.8256,76849.99,75150.11,75555.17,0.5338728384647797,0.5182075073808565,2.4874203406935864,2,3.2515056742251685,22,3,0,2.4874203406935864,win,79
4h,15min,2024-11-10 21:15:00+00:00,long,79560.01,78457.21799800001,81069.99,77498.0,78832.36,1.6771742487211865,1.3861134532285597,1.369233724275802,1,2.986815283901004,21,6,0,1.369233724275802,win,4
4h,15min,2024-11-12 11:15:00+00:00,long,87407.28,85211.518544,89940.0,84263.51,86052.0,2.046156796092963,2.5121036325578294,1.15345862961537,2,5.526712816070239,11,1,0,-1.0,loss,9
4h,15min,2024-11-13 22:15:00+00:00,long,89555.27,87953.068946,93265.64,88083.0,89969.87,2.1069335171453285,1.7890639534669535,2.315795505649433,9,3.4906660695452127,22,2,0,-1.0,loss,70
4h,15min,2024-11-21 15:45:00+00:00,long,96672.0,95580.6656,98384.86,95904.0,96723.96,0.8481876861966303,1.1289043363124867,1.5695097671254472,5,2.841213682343387,15,3,0,1.5695097671254472,win,11
4h,15min,2024-11-21 15:45:00+00:00,long,96672.0,95580.6656,98384.86,94599.98,95798.11,1.2393764481959664,1.1289043363124867,1.5695097671254472,1,2.841213682343387,15,3,0,1.5695097671254472,win,11
4h,15min,2024-11-26 00:15:00+00:00,long,94244.02,92581.34119600001,98553.9,92418.68,92720.0,0.3197232036579159,1.7642273790952419,2.5921302356363,7,-2.8175886243124757,0,1,0,-1.0,loss,32
4h,15min,2024-11-27 20:45:00+00:00,short,96482.75,97227.50655,92768.01,96500.0,97850.0,1.3992138491077422,0.7719064288694151,4.9878581128289206,11,-1.8842861939428641,20,2,0,-1.0,loss,156
4h,15min,2024-11-28 03:45:00+00:00,long,95471.43,94803.44571399999,97208.21,93885.6,95184.79,1.3608154816576936,0.6996693000199183,2.6000312228901703,2,0.5916477397807375,3,3,0,-1.0,loss,25
4h,15min,2024-12-05 17:45:00+00:00,long,101282.36,100513.15352800001,103550.0,99000.0,101324.16,2.29473325858521,0.7594673662817403,2.948025117500606,9,2.7804286128001965,17,3,0,-1.0,loss,4
4h,15min,2024-12-08 10:00:00+00:00,long,99407.58,98637.818484,100328.88,98705.23,98762.6,0.05771189681914588,0.774348913835342,1.196864198651371,1,0.061902063216318894,10,6,0,1.196864198651371,win,15
4h,15min,2024-12-13 00:15:00+00:00,long,100248.04,99291.590392,102540.0,98472.57,99608.23,1.1328500786648688,0.9540831002780658,2.3963207061087712,19,0.6495107411812364,0,4,0,-1.0,loss,6
4h,15min,2024-12-16 13:00:00+00:00,long,104039.66,103312.192068,106648.0,103490.0,104259.48,0.7396025707888664,0.699221750628558,3.5855051271180955,6,1.3583504042763388,13,0,1,3.5855051271180955,win,12
4h,15min,2024-12-16 22:00:00+00:00,long,106285.13,105667.67297399999,107793.07,105016.85,105797.41,0.7344018866985416,0.5809439438988485,2.4421780569389098,5,2.7045764333995828,22,0,0,-1.0,loss,5
4h,15min,2024-12-19 11:30:00+00:00,short,102217.16,102630.163432,98802.0,101310.25,102817.82,1.4748697772468018,0.4040451055380503,8.269083826886995,25,1.2956420601372662,11,3,0,-1.0,loss,12
4h,15min,2024-12-21 08:15:00+00:00,short,98588.11,99560.327622,95393.84,98500.0,99500.0,1.0143210981527084,0.986140845990451,3.285550403240907,10,0.5480635289929718,8,5,1,3.285550403240907,win,122
4h,15min,2024-12-24 21:00:00+00:00,long,97981.49,97230.403702,99487.99,94635.7,97546.57,2.9708366345521076,0.766559375653513,2.005761527019604,4,2.0469821377723925,21,1,0,2.005761527019604,win,96
4h,15min,2024-12-30 19:15:00+00:00,short,94143.62,94702.918724,91530.45,94578.89,95010.0,0.45792800404318484,0.5940909474269287,4.672225928410956,5,0.22888020323084526,19,0,0,-1.0,loss,3
4h,15min,2024-12-31 21:30:00+00:00,long,93920.5,93170.80589999999,96250.0,93040.1,94232.67,1.2697653866834104,0.7982220069101079,3.107267350776771,16,-0.18165061345687247,21,1,0,-1.0,loss,47
4h,15min,2025-01-02 19:45:00+00:00,short,97317.74,97796.463548,95640.05,97772.13,98468.26,0.7153166524417748,0.4919180696140235,3.5045069477134256,2,-2.363536326319548,19,3,0,-1.0,loss,2
4h,15min,2025-01-04 02:30:00+00:00,long,98141.1,97780.37178,98976.91,97660.0,98067.99,0.41571777777099017,0.36756080785726314,2.3170075243904877,10,1.755751855854247,2,5,0,-1.0,loss,27
4h,15min,2025-01-05 14:45:00+00:00,long,97855.06,97257.218988,98522.76,96830.0,97406.54,0.5891775039532893,0.6109454247945936,1.1168521171979955,2,0.4201043144644505,14,6,1,1.1168521171979955,win,22
4h,15min,2025-01-15 15:45:00+00:00,short,98992.42,99819.778484,96521.0,98347.81,100472.45,2.146265340315955,0.8357796324203375,2.98712111834706,9,-3.225171774324951,15,2,0,-1.0,loss,16
4h,15min,2025-01-18 06:30:00+00:00,long,103390.39,102645.871922,105865.22,102581.45,103841.18,1.2184207835950671,0.7201037523893601,3.3240697212459396,12,2.242407534247919,6,5,0,-1.0,loss,5
4h,15min,2025-01-18 13:00:00+00:00,short,103310.6,104055.94211999999,102277.55,103771.21,104065.25,0.28461745454967213,0.7214575464666613,1.3860078107487357,5,-1.8230384806397228,13,5,1,-1.0,loss,3
4h,15min,2025-01-20 13:15:00+00:00,long,107338.17,105451.482366,109588.0,102321.42,107093.33,4.445678550323714,1.7577043040700264,1.1924761467960094,5,3.1945649724425413,13,0,1,-1.0,loss,10
4h,15min,2025-01-21 19:00:00+00:00,short,106347.98,107262.079596,101388.0,107050.0,107093.33,0.040743604156846,0.859536397400308,5.4260826956978505,2,-2.359974631919648,19,1,0,5.4260826956978505,win,158
4h,15min,2025-01-22 05:00:00+00:00,long,105753.85,105256.08923000001,107240.81,105320.0,105420.0,0.09455920517314499,0.47067862777572017,2.9872984968261185,2,1.3105325886337371,5,2,0,-1.0,loss,7
4h,15min,2025-01-24 02:15:00+00:00,long,103386.51,102175.022698,106850.0,102724.94,103399.98,0.6529285106925398,1.171804040972071,2.8588743722548915,25,-0.5093801419423067,2,4,0,2.8588743722548915,win,63
4h,15min,2025-01-24 23:30:00+00:00,long,104713.21,104435.947358,105793.61,104298.0,104922.41,0.5963048979207145,0.2647828693247027,3.8966663240552557,38,0.17503800045139303,23,4,0,-1.0,loss,5
4h,15min,2025-01-25 23:00:00+00:00,short,104973.75,105307.51475,104106.09,105280.82,105589.0,0.2935781564438662,0.3179506781457289,2.5996154477067996,18,-0.33447059837672066,23,5,0,-1.0,loss,21
4h,15min,2025-01-27 15:30:00+00:00,short,101341.19,102338.208238,97777.77,101399.99,102520.44,1.1056215148055761,0.9838232983054612,3.5740770471241703,10,1.7668708523510268,15,0,0,-1.0,loss,22
4h,15min,2025-01-28 06:15:00+00:00,short,102849.98,103391.80999600001,98864.0,103260.0,104896.0,1.590666327791216,0.5268158496482109,7.356514090076117,7,-0.25397158706441253,6,1,0,-1.0,loss,37
4h,15min,2025-02-01 01:45:00+00:00,short,102566.0,102800.7832,101560.0,102482.94,104106.0,1.5824542245968427,0.22890938517637943,4.284804023456437,7,1.1807550439549062,1,5,0,4.284804023456437,win,32
4h,15min,2025-02-03 11:15:00+00:00,short,95413.87,95969.76277399999,91231.0,95426.63,96150.0,0.7581392516622535,0.5826121233736695,7.52459861980514,12,4.00213475415278,11,0,0,-1.0,loss,13
4h,15min,2025-02-04 01:30:00+00:00,long,101540.98,100723.021804,102500.01,99500.0,100918.0,1.3964805145666312,0.8055449100451781,1.1724682321051134,2,2.23351054402302,1,1,0,-1.0,loss,7
4h,15min,2025-02-04 14:30:00+00:00,long,100147.6,97839.97048,102500.01,95950.68,98038.58,2.0848228015449286,2.3042284787653444,1.0194054026488562,24,0.8462742490919862,14,1,1,-1.0,loss,26
4h,15min,2025-02-04 15:00:00+00:00,short,99207.32,100434.841464,97860.0,99445.17,100534.03,1.0975601397154973,1.237329527700164,1.0975938421554294,10,0.09759356749578801,15,1,0,-1.0,loss,17
4h,15min,2025-02-07 04:45:00+00:00,short,97434.79,97902.60695799999,95676.64,97547.71,97910.01,0.3718384367636943,0.4801333876739467,3.758200659327125,12,0.4155471074623702,4,4,0,-1.0,loss,31
4h,15min,2025-02-22 01:45:00+00:00,short,96233.2,96470.39663999999,94871.95,96202.68,97177.31,1.0127793734386934,0.24648108968629814,5.738909286404861,4,0.9095878277431977,1,5,0,-1.0,loss,12
4h,15min,2025-02-26 09:00:00+00:00,long,88630.82,88120.273836,89460.17,88065.45,88148.48,0.09368073092407227,0.5760368278213085,1.6244368452447497,4,-3.3783581033332233,9,2,1,-1.0,loss,15
4h,15min,2025-02-27 02:00:00+00:00,short,84737.89,85483.49757800001,82256.01,85400.0,85418.72,0.022091652270313983,0.879898682867853,3.3286678854006646,3,5.624183575395501,2,3,0,-1.0,loss,12
4h,15min,2025-03-02 05:00:00+00:00,long,85940.0,85514.682,86498.0,85591.84,85611.79,0.023213870141956118,0.49490109378636177,1.3119595220517375,3,0.8547018296613529,5,6,0,1.3119595220517375,win,7
4h,15min,2025-03-03 02:45:00+00:00,long,93318.24,92414.836352,95000.0,88673.09,93502.0,5.1746689607519425,0.9680890338266203,1.8615820333725086,9,6.248415418009826,2,0,0,-1.0,loss,15
4h,15min,2025-03-04 08:15:00+00:00,long,83601.34,82448.11973199999,93721.37,80854.46,83196.71,2.80168954229681,1.3794279708913812,8.775452774126892,26,-4.881077300849852,8,1,1,-1.0,loss,21
4h,15min,2025-03-04 20:45:00+00:00,short,86825.27,88857.395054,81500.0,87038.46,89117.0,2.3939343926025147,2.340476515650327,2.6205424658870586,7,-0.05768597508811593,20,1,0,-1.0,loss,2
4h,15min,2025-03-05 06:30:00+00:00,long,87433.97,86317.043206,88967.52,84977.65,86582.27,1.8352363503567435,1.2774517661728035,1.3730085160800647,24,0.6085305527683758,6,2,0,1.3730085160800647,win,15
4h,15min,2025-03-06 08:15:00+00:00,long,91543.57,91140.031286,92810.64,91000.0,91265.96,0.29052832438150095,0.4408160114358762,3.139897006263352,1,3.174658873886496,8,3,1,-1.0,loss,2
4h,15min,2025-03-13 23:15:00+00:00,short,81104.01,81500.45080199999,79939.9,81264.73,82400.04,1.3998198116221352,0.48880542651343306,2.9364031001027193,2,1.4744090959751828,23,3,0,-1.0,loss,5
4h,15min,2025-03-14 16:15:00+00:00,short,84411.83,85326.59236600001,81708.96,85058.34,85809.48,0.8898515764911143,1.0836897695500856,2.954723653333992,3,-2.3290079193633035,16,4,0,0.8646179919474187,timeout,288
4h,15min,2025-03-15 00:15:00+00:00,long,84226.27,83700.844746,85309.71,83348.46,83949.19,0.7132335315335654,0.6238258609813797,2.062024982149029,16,1.6674953326812287,0,5,0,-1.0,loss,32
4h,15min,2025-03-20 13:30:00+00:00,long,85622.28,84738.015544,87453.67,84888.0,85200.1,0.36450792947817534,1.0327504196337733,2.0710885613160848,13,1.541811689638081,13,3,1,-1.0,loss,9
4h,15min,2025-03-25 04:00:00+00:00,long,86617.31,86292.676538,88536.0,86129.64,86532.06,0.4645953562861722,0.3747905147366017,5.9103272601023935,2,0.6372099832019638,4,1,0,5.9103272601023935,win,64
4h,15min,2025-03-26 22:00:00+00:00,short,86938.38,87421.727676,85860.0,87058.4,87837.49,0.8961404617845549,0.5559658185487126,2.2310648287880177,7,0.010550434833040034,22,2,0,-1.0,loss,15
4h,15min,2025-03-28 23:15:00+00:00,short,84240.87,84555.538174,83585.0,84217.61,84800.0,0.6913390139489294,0.3735338607020628,2.0843226426832198,5,2.167954030751959,23,4,0,-1.0,loss,4
4h,15min,2025-03-30 03:30:00+00:00,short,83209.11,83520.171822,81644.81,82882.01,83662.86,0.9384188822594135,0.37383144946509256,5.028903868504912,11,1.455800016387279,3,6,0,-1.0,loss,26
4h,15min,2025-03-31 22:45:00+00:00,long,82409.99,82248.618002,83943.08,82272.0,82400.0,0.15532097504198217,0.19581606307682153,9.50034714201143,11,-0.8588640030873353,22,0,0,9.50034714201143,win,38
4h,15min,2025-04-02 04:00:00+00:00,long,84696.53,84487.270694,85579.46,84504.74,84720.0,0.25415445001111,0.247069515126526,4.2193105619878075,8,1.0771786398363963,4,2,0,-1.0,loss,2
4h,15min,2025-04-04 10:00:00+00:00,short,83683.99,84736.736798,81800.0,83998.02,86186.19,2.614801230199466,1.2580026334786294,1.7895946143737576,9,-0.19164960261313516,10,4,0,1.7895946143737576,win,5
4h,15min,2025-04-07 23:30:00+00:00,short,79314.53,81259.442906,74508.0,79890.16,82217.83,2.934733396264213,2.452152091174212,2.471334312797246,38,1.243407682114653,23,0,0,-1.0,loss,168
4h,15min,2025-04-09 10:30:00+00:00,short,77100.0,77994.72,74620.0,77285.5,78175.14,1.1538780804150446,1.1604669260700404,2.7718168812589377,18,2.0681319624462557,10,2,0,-1.0,loss,14
4h,15min,2025-04-10 06:00:00+00:00,long,82262.03,81456.387594,83588.0,78318.46,81987.89,4.460660647445721,0.9793612022460412,1.6458542774373308,12,3.2037250804929673,6,3,0,-1.0,loss,6
4h,15min,2025-04-13 08:15:00+00:00,long,84540.01,84260.121998,86100.0,84031.87,84421.95,0.4614146603483981,0.33107164524819954,5.573622266237934,10,1.652711316270688,8,6,1,-1.0,loss,14
4h,15min,2025-04-16 15:45:00+00:00,short,84846.58,85287.239316,83140.89,85146.55,85351.0,0.24096433822081822,0.5193601392065593,3.8707680470324695,2,-0.6951969276250721,15,2,0,-1.0,loss,6
4h,15min,2025-04-19 17:15:00+00:00,long,85030.81,84677.483838,85677.99,84684.49,84883.71,0.2342915467934519,0.41552722125074143,1.831678685599319,2,0.3300453235377712,17,5,0,-1.0,loss,60
4h,15min,2025-04-23 15:45:00+00:00,long,93195.28,91916.770944,94696.05,91695.0,92580.18,0.9498120505673603,1.3718603088053336,1.1738438558232704,3,3.5067914697254934,15,2,0,-1.0,loss,66
4h,15min,2025-04-26 19:30:00+00:00,long,94269.64,93851.836072,95157.73,93860.0,93929.41,0.07362921933297241,0.4432009372264431,2.1256142905387176,23,0.6782296532569724,19,5,0,2.1256142905387176,win,22
4h,15min,2025-05-01 21:30:00+00:00,long,96774.72,96292.885056,97424.02,96396.31,96424.44,0.02906750853942502,0.4978934002599047,1.347556892843372,6,1.6983434616875923,21,3,0,-1.0,loss,6
4h,15min,2025-05-05 08:15:00+00:00,short,94554.67,94844.370934,93514.1,94808.4,95239.33,0.4557469239753124,0.30638458576398997,3.5918765798662036,5,1.0608069979281651,8,0,1,-1.0,loss,41
4h,15min,2025-05-09 19:45:00+00:00,long,103189.17,102294.502166,104361.3,101707.02,102364.0,0.6366753410265786,0.8670171821325752,1.3101286929692102,12,2.9436422307119807,19,4,0,1.3101286929692102,win,110
4h,15min,2025-05-13 01:30:00+00:00,short,102249.99,103148.369998,100718.37,103088.88,103625.0,0.5243227896648159,0.8786113309155232,1.7048687675702547,9,0.8918936462837569,1,1,0,-1.0,loss,31
4h,15min,2025-05-17 20:00:00+00:00,short,103098.04,103370.619608,102640.02,103180.0,103285.71,0.10253347202333468,0.26438873910697047,1.6803164527259482,11,0.23076603332241397,20,5,0,-1.0,loss,3
4h,15min,2025-05-18 12:15:00+00:00,long,103865.78,103680.626844,104088.2,103409.98,103800.0,0.37550384736917597,0.17826194151721608,1.2012757697740668,1,0.45066445821515067,12,6,1,1.2012757697740668,win,5
4h,15min,2025-05-25 05:30:00+00:00,short,108020.0,108310.29400000001,107206.0,108257.14,108682.36,0.39364932419922344,0.2687409738937317,2.804053821298321,3,0.6041306585790349,5,6,0,2.804053821298321,win,13
4h,15min,2025-05-26 08:30:00+00:00,short,109716.55,110250.05331,107176.0,109992.75,110407.89,0.37837500358879256,0.48625600239890887,4.762013566513772,6,-1.081054885911349,8,0,1,-1.0,loss,28
4h,15min,2025-05-27 03:00:00+00:00,long,108937.04,107494.782592,110422.22,107940.95,108670.58,0.669772191350164,1.323936659193228,1.029760701357422,7,0.07152259204594999,3,1,0,1.029760701357422,win,40
4h,15min,2025-05-29 21:00:00+00:00,long,106343.17,105618.03136600001,108891.91,105391.27,105935.83,0.5120780206194697,0.681885478869953,3.514831344650225,9,-1.6920906436650256,21,3,0,-1.0,loss,11
4h,15min,2025-06-01 02:15:00+00:00,long,104164.58,103903.687084,104900.0,103809.51,104261.39,0.4338134901518392,0.2504622166191205,2.8188576802905856,3,-1.1308719684953272,2,6,0,-1.0,loss,29
4h,15min,2025-06-03 05:00:00+00:00,long,105357.78,105095.128444,106500.0,104731.95,105340.18,0.5772995596528286,0.24929488453533954,4.348803477105667,4,0.303252727211456,5,1,0,-1.0,loss,12
4h,15min,2025-06-03 22:00:00+00:00,long,105708.14,105253.808372,106794.67,105349.94,105592.17,0.22914980814154515,0.4297981479950361,2.391491001370477,6,0.41083364817199725,22,1,0,-1.0,loss,10
4h,15min,2025-06-06 05:15:00+00:00,short,102737.63,102937.617526,100372.26,102171.44,103900.0,1.6824993918975917,0.19465849659953918,11.827587686644234,10,1.3996684884306383,5,4,0,-1.0,loss,2
4h,15min,2025-06-07 00:30:00+00:00,long,104337.29,103850.222542,105333.0,103991.45,104013.21,0.020855439124410183,0.4668201157994332,2.0442958847807606,1,0.15931898523966603,0,5,0,2.0442958847807606,win,48
4h,15min,2025-06-10 04:30:00+00:00,long,109496.91,109344.100618,110530.17,108767.24,109381.24,0.5607464174103177,0.13955588518434606,6.761757599411986,1,2.496954696115219,4,1,0,-1.0,loss,4
4h,15min,2025-06-13 01:45:00+00:00,long,103773.65,102643.55527,108450.16,102520.0,103150.43,0.6075048916560158,1.088999693082008,4.138157515343887,3,-3.8112631936158117,1,4,0,1.8064237853759506,timeout,288
4h,15min,2025-06-13 08:30:00+00:00,short,104920.94,105455.324188,102664.31,104970.12,105671.72,0.6686939709080054,0.5093208162260044,4.222860725811783,2,2.1171869064047404,8,4,1,-1.0,loss,26
4h,15min,2025-06-13 15:45:00+00:00,short,105436.87,105768.557374,103782.75,105694.0,106680.0,0.9351567435565946,0.3145838585686402,4.986985124130744,2,1.2331099644423884,15,4,0,-1.0,loss,1
4h,15min,2025-06-20 12:15:00+00:00,short,105941.79,106545.838358,104150.0,105862.03,106481.6,0.5848211550890419,0.570170050930799,2.966302244298119,17,-0.8385357868448986,12,4,1,2.966302244298119,win,10
4h,15min,2025-06-22 07:00:00+00:00,short,102643.31,103420.14866199999,100837.9,102888.88,103281.82,0.3828208579789587,0.7568332139717578,2.3240475639458014,26,1.0316767108609342,7,6,1,2.3240475639458014,win,26
4h,15min,2025-06-23 01:15:00+00:00,short,100610.95,101640.12219,98200.0,100380.0,102080.0,1.6896769188641994,1.022922644105833,2.3426109094533567,13,1.8432296125383303,1,0,0,-1.0,loss,18
4h,15min,2025-06-24 09:00:00+00:00,long,105105.6,104600.99888,106074.2,103300.0,104720.82,1.3518023777990962,0.48008966220639676,1.9195359693216267,19,1.9764407359117373,9,1,1,1.9195359693216267,win,31
4h,15min,2025-06-26 15:45:00+00:00,long,107313.6,106541.03728,108174.86,106702.0,106752.36,0.04692788239328527,0.7199112880380508,1.1148091639731113,1,1.0636235315364495,15,3,0,-1.0,loss,37
4h,15min,2025-07-03 04:00:00+00:00,long,108816.17,108508.636766,109730.0,107860.23,108650.97,0.7266750888218223,0.2826172194812612,2.9714837258856877,7,1.1140260447272192,4,3,0,2.9714837258856877,win,21
4h,15min,2025-07-04 23:30:00+00:00,short,107991.23,108300.928246,107245.0,107922.5,108518.83,0.5522022482751625,0.2867809228582728,2.4095389936434968,7,0.4004320663607955,23,4,0,-1.0,loss,19
4h,15min,2025-07-07 00:30:00+00:00,short,108847.16,109721.769432,107800.01,109329.6,109510.0,0.16573698385882937,0.8035206724732161,1.1972772779335996,12,-0.41804010950448334,0,0,0,1.1972772779335996,win,71
4h,15min,2025-07-07 13:15:00+00:00,long,108422.81,107997.545438,109700.0,108111.0,108266.67,0.143576799014892,0.39222794723729876,3.003283400792781,1,-0.12062002108349473,13,0,1,-1.0,loss,5
4h,15min,2025-07-08 01:00:00+00:00,short,108169.28,108546.633856,107513.2,108493.56,108572.52,0.07299669554979603,0.34885492073165464,1.7386333531993883,2,0.24790178941573876,1,1,0,1.7386333531993883,win,4
4h,15min,2025-07-13 22:30:00+00:00,long,118763.36,118219.92732799999,119488.0,118086.66,118382.56,0.2491509165789804,0.4575760335510969,1.3334494544339546,2,1.5392423855271298,22,6,0,1.3334494544339546,win,15
4h,15min,2025-07-14 16:45:00+00:00,long,120268.87,119177.946226,123218.0,119367.37,120557.63,0.989665904402369,0.9070707773341475,2.7033327811591144,7,1.4100572487244885,16,0,0,-1.0,loss,31
4h,15min,2025-07-17 23:30:00+00:00,short,119364.07,121022.58281400001,117453.57,120526.03,121355.55,0.6949494935955216,1.389457324972248,1.1519356280354902,9,-0.6441276039620419,23,3,0,1.1519356280354902,win,60
4h,15min,2025-07-19 04:15:00+00:00,short,118206.56,118395.061312,116812.76,118054.92,118395.0,0.28769976894683486,0.15946772497229222,7.394112991637675,11,0.2879326393111102,4,5,0,-1.0,loss,25
4h,15min,2025-07-28 09:45:00+00:00,long,118930.87,118680.223826,119800.0,118588.0,118713.74,0.10572528394016224,0.21074946647577208,3.4675574182114794,1,0.47682579536673625,9,0,1,-1.0,loss,3
4h,15min,2025-07-28 19:00:00+00:00,long,118146.26,117403.870748,119701.07,117547.92,117772.13,0.18977325223837505,0.628364581324871,2.094332583360226,7,-0.1764010793444821,19,0,0,-1.0,loss,82
4h,15min,2025-07-30 01:30:00+00:00,long,117879.85,116927.17403,119273.36,116997.21,117138.38,0.11975753277595641,0.8081754175968252,1.4627323915811359,36,-0.2711384661767199,1,2,0,-1.0,loss,69
4h,15min,2025-07-31 12:00:00+00:00,long,118432.38,118255.223524,118922.45,117908.4,118287.63,0.3202080377005093,0.14958449370012133,2.7663115177340853,1,0.261143252689523,12,3,1,-1.0,loss,5
4h,15min,2025-08-06 22:00:00+00:00,long,115155.22,114769.97895599999,115716.0,114404.23,114942.18,0.4671520752598077,0.3345406695415192,1.4556600568240208,2,0.6654137475605212,22,2,0,-1.0,loss,15
4h,15min,2025-08-07 21:30:00+00:00,short,117106.65,117543.42133,114736.25,116990.04,117807.35,0.6979193752020165,0.37296885360481513,5.4270961420475485,8,-1.7248430267448953,21,3,0,-1.0,loss,5
4h,15min,2025-08-11 08:15:00+00:00,long,121730.0,121182.99399999999,122335.16,119311.11,121466.08,1.770286700073935,0.4493600591473002,1.1063132762711818,1,2.937266374587225,8,0,1,-1.0,loss,5
4h,15min,2025-08-12 02:45:00+00:00,short,119054.13,119299.270826,118050.11,119172.63,119382.91,0.17662553999596556,0.20590703237258762,4.095686615659823,1,-0.2597770591422162,2,1,0,-1.0,loss,41
4h,15min,2025-08-13 02:30:00+00:00,long,119610.71,119070.357858,120324.43,119058.43,119172.62,0.09546803960949844,0.451758995494637,1.3208423628308337,1,0.47634033871472353,2,2,0,-1.0,loss,13
4h,15min,2025-08-14 12:15:00+00:00,long,121143.67,120425.771266,124474.0,120732.94,120920.61,0.15491523411829794,0.5926011107307564,4.638996897854944,6,0.3921064098977555,12,3,1,-1.0,loss,1
4h,15min,2025-08-14 17:15:00+00:00,long,118110.11,117383.467978,123377.55,117021.16,117466.34,0.3769194694679338,0.6152242360963003,7.249016490268439,4,-1.9103035029291997,17,3,0,-1.0,loss,4
4h,15min,2025-08-15 04:45:00+00:00,short,118833.03,119222.966606,117180.0,118535.0,120694.0,1.8168349321733193,0.3281382339573458,4.23922754254056,13,0.8297247484630381,4,4,0,4.23922754254056,win,41
4h,15min,2025-08-16 06:00:00+00:00,short,117425.21,117922.475042,116803.99,117882.35,118600.0,0.611154964083091,0.42347383666590765,1.2492734206721137,17,1.1839402136767376,6,5,0,-1.0,loss,91
4h,15min,2025-08-18 19:00:00+00:00,short,116279.99,116823.255998,114640.14,115712.49,117371.65,1.4268663077800308,0.46720506081913843,3.0185029176076688,22,0.7099549420194673,19,0,0,-1.0,loss,12
4h,15min,2025-08-20 10:15:00+00:00,short,113587.69,114039.487538,112566.01,113897.58,114804.0,0.7979914020612605,0.39775220184511095,2.261366904571335,7,1.412491992650045,10,2,0,2.261366904571335,win,15
4h,15min,2025-08-23 09:45:00+00:00,long,115765.82,115435.046836,117429.05,113319.3,116116.0,2.415825327372101,0.28572610119291936,5.0283099749891775,30,0.8785401496120008,9,5,1,-1.0,loss,8
4h,15min,2025-08-26 06:15:00+00:00,short,110021.6,110397.58432,108666.66,110111.98,110655.01,0.49356671780813843,0.34173682258755433,3.6037141123333103,9,2.3845836410355195,6,1,0,-1.0,loss,5
4h,15min,2025-08-27 03:30:00+00:00,long,111192.0,110896.0216,112371.0,110818.6,110918.26,0.08962875026979364,0.2661867760270588,3.983398788560149,1,-0.5312498364385416,3,2,0,-1.0,loss,15
4h,15min,2025-08-30 17:30:00+00:00,short,108709.0,108947.8918,108000.0,108832.0,109414.18,0.5355398357081687,0.21975347027384817,2.967870810132483,9,1.1150197192352274,17,5,0,-1.0,loss,28
4h,15min,2025-09-04 23:30:00+00:00,short,110814.46,111787.47289199999,109329.12,111318.84,111613.98,0.2663370827236801,0.8780558890960478,1.5265368138616966,3,-0.1923235308086739,23,3,0,-1.0,loss,29
4h,15min,2025-09-05 18:00:00+00:00,long,110733.33,110184.813334,113384.62,110218.39,110435.75,0.19629139663730927,0.4953492015457278,4.833563252205747,12,-0.2610786995257229,18,4,0,-1.0,loss,88
4h,15min,2025-09-10 00:00:00+00:00,short,111414.0,111767.9728,110766.66,111388.04,112403.91,0.9117974401780835,0.31770944405550755,1.8287845845782238,13,0.1817363444252142,0,2,0,-1.0,loss,25
4h,15min,2025-09-12 08:15:00+00:00,long,115185.19,114926.962962,116331.81,114605.54,115045.45,0.3819154181192942,0.2241842358379556,4.440356086956346,1,1.2841599643193715,8,4,1,-1.0,loss,4
4h,15min,2025-09-13 08:15:00+00:00,long,115858.52,115553.088296,116665.63,115500.95,115752.68,0.21727361958360586,0.26362472436209466,2.6425220087826715,26,1.015661552158207,8,5,1,-1.0,loss,32
4h,15min,2025-09-22 10:45:00+00:00,long,112792.16,111777.441568,115665.52,111586.26,112097.2,0.4529924774913454,0.8996356058789978,2.83168207986191,19,-2.1612420733035598,10,0,0,-1.0,loss,64
4h,15min,2025-09-22 14:45:00+00:00,short,112933.16,113455.346632,111800.0,112976.02,114150.0,1.0395352436786467,0.4623855668255428,2.1700287417545563,4,1.8143193480393682,14,0,1,2.1700287417545563,win,48
4h,15min,2025-09-24 02:00:00+00:00,short,112171.7,112522.43434,111458.73,112220.54,112496.61,0.24611377022903902,0.3126763167536999,2.0327921126855752,7,1.1099933292947315,2,2,0,2.0327921126855752,win,8
4h,15min,2025-09-26 04:15:00+00:00,short,109409.12,109820.721824,108631.51,109685.72,110629.99,0.8630633351223408,0.3762043091106094,1.8892287513283836,12,2.2053033234902495,4,4,0,1.8892287513283836,win,28
4h,15min,2025-09-29 07:45:00+00:00,long,111865.95,111538.27681,112350.0,110393.63,111588.07,1.0677422397074376,0.292915931970364,1.4772340697144033,10,1.2800192750392931,7,0,1,1.4772340697144033,win,4
4h,15min,2025-09-30 04:15:00+00:00,short,114185.32,114814.837064,111901.26,114649.9,115188.0,0.47125147085457725,0.551311730789912,3.628273371156804,14,-2.0353815288273744,4,1,0,-1.0,loss,112
4h,15min,2025-09-30 12:30:00+00:00,long,113236.46,112633.62270800001,114792.0,112421.99,113449.74,0.9076140317350082,0.5323703089976466,2.5803645870003717,16,0.9292087472491427,12,1,1,2.5803645870003717,win,79
4h,15min,2025-10-01 10:00:00+00:00,short,116266.92,116615.053384,113765.42,116529.08,116633.86,0.09012021648117868,0.2994259966635399,7.185464293191702,5,-2.7019560904229003,10,2,0,-1.0,loss,7
4h,15min,2025-10-02 08:15:00+00:00,long,118628.9,118255.58422,119456.92,118199.0,118368.05,0.14250321801854599,0.3146921028518261,2.218015000598224,10,2.7839657776738522,8,3,1,2.218015000598224,win,21
4h,15min,2025-10-05 16:00:00+00:00,long,123070.0,122495.626,125708.42,122410.0,123734.0,1.0758105143414318,0.46670512716339985,4.593557507825939,26,1.172797051277481,16,6,0,-1.0,loss,3
4h,15min,2025-10-06 21:45:00+00:00,long,125097.85,124486.13042999999,126199.63,124531.66,124800.0,0.21450408620131883,0.48899287237951383,1.801119424706276,2,1.6095739272717975,21,0,0,-1.0,loss,14
4h,15min,2025-10-07 19:45:00+00:00,long,121637.17,120550.612566,125126.0,120515.89,121466.25,0.781307227058966,0.8932774693788109,3.21090251728009,17,-1.3255144832418746,19,1,0,-1.0,loss,180
4h,15min,2025-10-07 23:30:00+00:00,short,121465.81,122316.913162,120574.94,122084.14,123322.9,1.0198425384064822,0.7006936042331579,1.0467238752897454,14,1.362816391382212,23,1,0,-1.0,loss,36
4h,15min,2025-10-12 21:30:00+00:00,short,114622.81,115622.924562,110002.2,113322.39,115952.47,2.294552018049463,0.8725266480554809,4.620080714313196,26,-0.07851062731076307,21,6,0,-1.0,loss,2
4h,15min,2025-10-14 05:00:00+00:00,long,113517.56,112764.296488,115891.3,112133.33,113198.2,0.9380663220738671,0.6635656298461581,3.151274371033168,2,-1.0262161097553464,5,1,0,-1.0,loss,2
4h,15min,2025-10-14 15:00:00+00:00,short,111199.62,112222.239924,109866.0,112140.0,113279.76,1.0249675313638615,0.9196253764176521,1.3041208847012422,3,2.4379383236409464,15,1,0,-1.0,loss,2
4h,15min,2025-10-17 22:00:00+00:00,short,107171.76,107597.034352,103528.23,106651.22,107934.4,1.1973116798678989,0.39681568353455027,8.56748116331251,25,1.881392205469659,22,4,0,-1.0,loss,143
4h,15min,2025-10-19 19:30:00+00:00,short,108921.71,109471.854342,106103.36,109254.0,109635.15,0.34993023888441904,0.5050823586959841,5.122928265978619,9,-0.9364912157075,19,6,0,-1.0,loss,33
4h,15min,2025-10-20 13:30:00+00:00,long,110910.26,110566.04794799999,111679.25,110427.86,110608.27,0.16266303946993135,0.3103518574386198,2.234058905061231,2,1.9639450975495163,13,0,1,2.234058905061231,win,9
4h,15min,2025-10-20 18:15:00+00:00,long,110660.21,109833.697958,111705.56,109370.99,109951.96,0.5250035220428383,0.7468918069105437,1.2647728609863238,3,1.50841021776935,18,0,0,-1.0,loss,30
4h,15min,2025-10-21 13:00:00+00:00,short,108590.5,109507.4981,107473.72,109059.23,110418.25,1.2515091099129336,0.8444551779391357,1.2178651188045018,3,0.40511960991664026,13,1,1,-1.0,loss,4
4h,15min,2025-10-22 12:15:00+00:00,long,107983.4,106686.58331999999,109423.19,107290.0,107355.02,0.060212958658464245,1.2009407742301166,1.1102494455885656,5,-1.060490595435599,12,2,1,-1.0,loss,35
4h,15min,2025-10-27 22:00:00+00:00,long,114448.0,114112.55040000001,115790.0,113793.93,114362.26,0.4965836012861752,0.29310219488325934,4.0006009844698855,3,0.9648746654940431,22,0,0,-1.0,loss,3
4h,15min,2025-10-28 11:45:00+00:00,short,114357.73,114696.55154599999,113483.3,114547.2,114790.81,0.21302451526451302,0.2962821542540167,2.5807980936372146,11,-0.6574905192524546,11,1,0,-1.0,loss,5
4h,15min,2025-10-30 05:30:00+00:00,long,109917.23,107903.076554,112030.23,108069.93,108350.36,0.2551283361125527,1.832427405603286,1.0490759798844063,5,-2.3892324605167987,5,3,0,-1.0,loss,32
4h,15min,2025-10-31 18:30:00+00:00,long,109750.49,108613.049902,111190.0,108334.53,109114.88,0.7110218824535597,1.036387261687858,1.26556994300722,7,-0.6179060717608224,18,4,0,1.26556994300722,win,165
4h,15min,2025-11-01 12:30:00+00:00,long,110152.53,109832.689494,110564.49,109828.79,109933.86,0.09538591623815358,0.2903614705899113,1.2880169718091152,10,-0.07257079823387604,12,5,1,-1.0,loss,4
4h,15min,2025-11-03 12:30:00+00:00,short,107841.98,108287.008396,106726.63,108075.0,109471.34,1.2948018944014164,0.4126671227661146,2.506244567818475,2,1.6389249591711181,12,0,1,-1.0,loss,6
4h,15min,2025-11-06 03:00:00+00:00,long,103556.04,102695.548792,104534.74,102203.48,103057.56,0.8247515065272888,0.8309425582515441,1.1373736197430393,7,-0.8254766442312189,3,3,0,-1.0,loss,28
4h,15min,2025-11-07 03:45:00+00:00,short,101916.29,102520.383258,100300.95,102393.51,102651.63,0.2532666760142171,0.5927347414235822,2.6739911075120375,3,1.3310753765762624,3,4,0,-1.0,loss,5
4h,15min,2025-11-08 02:15:00+00:00,long,103249.4,102518.84012000001,104096.36,101253.99,102958.0,1.6503824719562485,0.7075681602023703,1.159330019600888,7,0.5014814028699998,2,5,0,-1.0,loss,8
4h,15min,2025-11-11 21:00:00+00:00,long,102967.65,102637.76647,106572.25,102307.68,103316.23,0.9794823908285786,0.32037589475917133,10.926886831846666,21,-1.421554177039615,21,1,0,-1.0,loss,2
4h,15min,2025-11-13 04:00:00+00:00,short,102009.61,102624.401922,100813.59,102285.18,103112.24,0.810766750309125,0.6026803964842175,1.9454061727245602,12,1.4489386758346225,4,3,0,-1.0,loss,7
4h,15min,2025-11-18 22:00:00+00:00,long,93074.81,92444.105038,93836.01,91617.17,92579.23,1.0336416480463377,0.6776322852552731,1.2069034586095313,1,-0.6722084241440678,22,1,0,-1.0,loss,9
4h,15min,2025-11-21 15:15:00+00:00,short,83623.77,85512.724754,80600.0,84709.89,85360.0,0.7774224960199719,2.258872990299279,1.6007635935148599,3,6.280300671425697,15,4,0,-1.0,loss,8
4h,15min,2025-11-24 19:30:00+00:00,short,88436.67,88852.307334,85272.0,88250.0,89835.34,1.7926274248001381,0.4699830217487826,7.61401765703753,7,-2.0115505839733316,19,0,0,-1.0,loss,3
4h,15min,2025-11-26 18:30:00+00:00,short,89729.98,90436.335996,86306.77,89911.73,91440.55,1.7038006695198271,0.7872017758167319,4.84629566307242,3,-2.6929376712421504,18,2,0,-1.0,loss,12
4h,15min,2025-11-27 14:15:00+00:00,long,90951.57,90420.23968599999,91950.0,90656.08,90889.11,0.2562132792210171,0.5841903707654752,1.879113563996565,5,2.2985219171244973,14,3,1,1.879113563996565,win,83
4h,15min,2025-12-01 09:00:00+00:00,short,86642.43,86955.338486,85604.0,86578.06,90336.9,4.338336309357894,0.3611492498536806,3.3186380250486147,4,3.756813734549121,9,0,1,3.3186380250486147,win,14
4h,15min,2025-12-02 16:15:00+00:00,short,90277.71,91314.775542,86214.99,90417.0,91159.42,0.8223735404896715,1.1487503858925936,3.917515176683032,5,-2.387117162365418,16,1,0,-1.0,loss,4
4h,15min,2025-12-05 17:45:00+00:00,long,89336.13,88038.132774,92692.36,87628.78,90201.0,2.8792606082220047,1.4529364838168015,2.5856989004073405,13,-2.4882926042560216,17,4,0,-1.0,loss,178
4h,15min,2025-12-06 05:15:00+00:00,short,89613.59,89824.352718,88056.0,89745.37,89874.7,0.14431962830637826,0.23519057544731567,7.390253906291009,9,1.5095202301508026,5,5,0,-1.0,loss,36
4h,15min,2025-12-07 21:15:00+00:00,short,90872.87,91778.174574,87719.28,91478.67,91813.37,0.36831674844207857,0.9962319600998724,3.4834574910697023,12,-0.8193040623794677,21,6,0,-1.0,loss,41
4h,15min,2025-12-08 22:00:00+00:00,short,90987.99,91392.197598,89612.0,90527.3,91486.46,1.0541611041193495,0.444242803912905,3.404166588674632,7,-0.493542214739785,22,0,0,3.404166588674632,win,29
4h,15min,2025-12-10 02:15:00+00:00,long,92502.87,91957.499426,94588.99,90600.0,92693.5,2.26317302371267,0.5895715170783355,3.8251422050504837,19,1.4616698109751343,2,2,0,-1.0,loss,37
4h,15min,2025-12-11 09:45:00+00:00,short,90234.19,90522.236838,89389.63,90480.14,91878.0,1.5491467258696516,0.3192213926893949,2.9320231593724806,1,1.2813152594141435,9,3,1,2.9320231593724806,win,20
4h,15min,2025-12-15 02:45:00+00:00,short,89321.85,90070.50437,87577.36,89666.0,90050.74,0.43073447314403496,0.8381536768438956,2.3301673908615936,2,0.752128348798826,2,0,0,2.3301673908615936,win,49
4h,15min,2025-12-16 02:45:00+00:00,short,85944.01,86552.408802,85146.64,86472.7,86621.91,0.17361303015766474,0.7079013441425536,1.3106041586189405,11,3.354529661812957,2,1,0,-1.0,loss,16
4h,15min,2025-12-17 12:30:00+00:00,short,86847.47,87233.339494,86209.11,87137.42,87150.01,0.014496680214169173,0.4443071214394601,1.6543417137816103,2,1.0036362445107088,12,2,1,-1.0,loss,2
4h,15min,2025-12-23 15:15:00+00:00,long,87292.51,86584.441498,88368.1,85835.9,86647.51,0.9297590366000481,0.8111446239774691,1.5190479409293358,2,-1.1588190879195033,15,1,0,1.5190479409293358,win,22
4h,15min,2025-12-27 03:00:00+00:00,short,87387.34,87810.177468,86655.08,87580.29,88414.81,0.9549667034149387,0.48386581854991567,1.7317765226992572,27,0.5473201949374282,3,5,0,-1.0,loss,76
4h,15min,2025-12-28 06:00:00+00:00,long,87703.36,87597.24932799999,87984.0,87591.0,87705.97,0.1310896184593169,0.12098814914275782,2.6447858138149716,8,-0.03416680924369172,6,6,0,2.6447858138149716,win,18
4h,15min,2025-12-30 17:30:00+00:00,short,88533.43,89417.706686,86845.66,88190.71,89507.03,1.4868056055209795,0.9988054071778446,1.9086446886149915,37,-0.7028719410660448,17,1,0,-1.0,loss,257
4h,15min,2025-12-31 20:45:00+00:00,long,87662.01,87232.467598,89200.0,87423.65,87502.84,0.0903355969136486,0.48999834934196906,3.580531264990306,17,-0.5364114666697702,20,2,0,3.580531264990306,win,144
4h,15min,2026-01-04 09:45:00+00:00,long,91468.28,91156.16634400001,91810.0,90741.16,91183.15,0.4832166954489477,0.34122611248400736,1.094857573293799,6,1.7340620102082858,9,6,1,-1.0,loss,11
4h,15min,2026-01-06 10:00:00+00:00,long,93589.45,93119.26211,94789.08,93151.0,93250.0,0.1057811537518385,0.502394116003461,2.5513842987321556,10,1.4291358257824187,10,1,0,-1.0,loss,25
4h,15min,2026-01-06 18:45:00+00:00,long,92034.09,91244.533182,94444.44,91455.9,91514.81,0.0640088906186865,0.8578960448242573,3.052788532819704,3,-0.47688773033147097,18,1,0,-1.0,loss,82
4h,15min,2026-01-08 04:15:00+00:00,long,91096.85,90598.14063,91790.0,90219.67,90628.0,0.4482372332303496,0.5474496319027622,1.3898876614248863,2,-1.0893396893491958,4,3,0,-1.0,loss,7
4h,15min,2026-01-12 03:30:00+00:00,short,91984.0,92538.3468,90236.0,92299.4,92500.0,0.2180814054618258,0.6026556792485643,3.1532607385845863,3,-1.158774436030958,3,0,0,3.1532607385845863,win,43
4h,15min,2026-01-13 12:15:00+00:00,long,92074.5,91891.8351,92672.11,91546.08,91924.27,0.41074347403461575,0.19838815307170105,3.2716192328136904,1,0.8250543832501449,12,1,1,-1.0,loss,7
4h,15min,2026-01-14 06:45:00+00:00,long,95028.87,94540.274226,96495.0,94231.82,95116.03,0.9304646051247287,0.5141550920262455,3.0007013527710145,7,2.589450368581004,6,2,0,3.0007013527710145,win,32
4h,15min,2026-01-15 04:15:00+00:00,long,96244.04,95757.751192,97924.49,95315.15,96246.56,0.9677586269238111,0.505266412340959,3.455662504163617,7,2.046394518152354,4,3,0,-1.0,loss,42
4h,15min,2026-01-19 12:00:00+00:00,short,93060.04,93387.052008,91910.2,92861.41,93615.4,0.8102188651541421,0.35139895491126505,3.5162011543012768,15,1.564476734041906,12,0,1,-1.0,loss,19
4h,15min,2026-01-26 03:15:00+00:00,short,87446.17,87990.599234,86074.72,87013.79,88340.75,1.5174592552195327,0.6225878549054757,2.519060172290469,13,1.5355281742204054,3,0,0,-1.0,loss,12
4h,15min,2026-01-28 05:45:00+00:00,long,89084.1,88822.18318,89523.16,88819.89,88985.0,0.18534171642302114,0.2940107381676399,1.6763337306859487,7,0.6220329017626629,5,2,0,1.6763337306859487,win,16
4h,15min,2026-02-01 00:30:00+00:00,short,78755.54,79439.751108,75719.9,79240.0,80825.76,2.0135218423999057,0.8687783843523937,4.436700843506308,2,5.861983246338892,0,6,0,4.436700843506308,win,90
4h,15min,2026-02-02 21:45:00+00:00,long,78532.06,77872.293588,79360.0,77970.62,78283.27,0.398117660481603,0.840123653957374,1.2548986807167228,7,-1.0811896824044507,21,0,0,-1.0,loss,20
4h,15min,2026-02-04 08:15:00+00:00,short,76126.07,76986.74521400001,72945.5,76960.0,77055.54,0.12550234105083002,1.1305919430754832,3.6954358023373928,19,2.3600118902982627,8,2,1,3.6954358023373928,win,35
4h,15min,2026-02-06 03:00:00+00:00,short,64424.31,66022.884862,60000.0,65700.0,66720.15,1.5834861095136203,2.4813224417925603,2.767658934949506,5,11.628170697187603,3,4,0,-1.0,loss,11
4h,15min,2026-02-07 12:00:00+00:00,long,68849.66,67286.230068,71751.33,66755.13,68428.19,2.430019262259244,2.2707881665646554,1.8559642108732506,20,-1.6261991377061455,12,5,1,1.8559642108732506,win,140
4h,15min,2026-02-07 13:30:00+00:00,short,68902.15,70013.77043,67300.0,68790.0,69718.0,1.3468375079732637,1.6133319932687296,1.4412743385797433,6,1.4978568177727147,13,5,1,-1.0,loss,75
4h,15min,2026-02-08 17:30:00+00:00,long,70813.0,70237.1674,71554.95,69719.07,70707.39,1.395675935209626,0.8131735698247415,1.2884821040003718,3,1.2270866817863497,17,6,0,1.2884821040003718,win,22
4h,15min,2026-02-13 05:00:00+00:00,short,66246.87,66827.249374,65118.0,66488.9,67014.98,0.7941205373174639,0.8760857290314412,1.9450553389238363,20,1.9427952071820804,5,4,0,-1.0,loss,16
4h,15min,2026-02-14 16:45:00+00:00,long,69755.1,69050.64898000001,70560.01,69137.5,69218.71,0.11642159498016116,1.0098917785222772,1.1426060537182512,14,2.007392472137809,16,5,0,1.1426060537182512,win,58
4h,15min,2026-02-15 21:45:00+00:00,long,68852.01,67986.229598,70983.0,67226.66,68540.83,1.9086879235624323,1.2574511651874642,2.4613516257440433,16,-0.2547040843439595,21,6,0,-1.0,loss,71
4h,15min,2026-02-17 18:15:00+00:00,long,67739.4,66607.51212,69043.4,66671.62,66867.47,0.28912272621252305,1.6709446496425935,1.1520575695182866,14,-1.080682298978915,18,1,0,-1.0,loss,97
4h,15min,2026-02-23 14:30:00+00:00,short,65832.41,66613.166482,64290.71,66015.22,67350.0,2.027542360973871,1.1859758468511132,1.9746233755892277,20,1.93198175933053,14,0,1,1.9746233755892277,win,13
4h,15min,2026-02-26 18:30:00+00:00,long,67262.95,66486.54741,68860.0,65692.62,67404.0,2.5443130281975512,1.1542797186266702,2.056986955697826,15,0.6878844377709374,18,3,0,-1.0,loss,67
4h,15min,2026-02-28 18:15:00+00:00,short,65187.71,65568.037542,63030.0,64307.44,65721.13,2.1686449792453244,0.583434426519978,5.6732940997472205,18,1.0754230172877806,18,5,0,-1.0,loss,1
4h,15min,2026-03-03 05:00:00+00:00,long,68391.35,68030.32173,70096.0,66720.84,68576.18,2.7128284497966426,0.5278858656833207,4.721652406887549,12,1.8507726755916387,5,1,0,-1.0,loss,3
4h,15min,2026-03-05 02:00:00+00:00,long,72804.72,72298.479056,74050.0,71893.0,72541.69,0.8909999241807431,0.6953408295506179,2.4598563485611455,11,4.528181065668544,2,3,0,-1.0,loss,15
4h,15min,2026-03-06 07:30:00+00:00,long,71075.56,70128.974888,72835.73,69668.0,70588.0,1.2943971176590097,1.3318011310779694,1.8594947012012555,25,0.6153702689754849,7,4,1,-1.0,loss,18
4h,15min,2026-03-09 15:30:00+00:00,short,68758.38,69493.751676,65959.0,68795.44,70184.01,2.0194920240994514,1.0695011662578369,3.8067552658909083,8,-1.1973529129602096,15,0,0,-1.0,loss,16
4h,15min,2026-03-10 23:30:00+00:00,long,69931.68,69252.073664,71300.0,69145.28,69429.85,0.4069257309419808,0.971814685418679,2.0134008874219984,38,1.1168879171686417,23,1,0,-1.0,loss,49
4h,15min,2026-03-15 03:15:00+00:00,short,71341.38,71648.348276,70500.0,71491.03,71736.34,0.3438537353776976,0.43028082159330194,2.7409347016693206,2,-0.7889454654296267,3,6,0,-1.0,loss,4
4h,15min,2026-03-18 20:45:00+00:00,long,71214.67,70485.757066,74672.34,70740.34,70858.82,0.16637021557497983,1.0235432306292969,4.743598087943975,23,-2.669917044048988,20,2,0,-1.0,loss,41
4h,15min,2026-03-19 22:30:00+00:00,short,70066.78,70709.613356,68793.35,70560.91,70902.37,0.4873350823314442,0.9174581106767042,1.9809644103159878,13,2.2795902532849293,22,3,0,-1.0,loss,20
4h,15min,2026-03-20 20:15:00+00:00,short,69977.25,70273.27545,69388.0,70190.18,70218.68,0.04072752215898739,0.42303098507014925,1.9905383135132402,1,1.51595582532176,20,4,0,-1.0,loss,4
4h,15min,2026-03-21 20:15:00+00:00,long,70455.01,70195.908998,71100.94,70190.18,70431.67,0.34275774001026366,0.367753836100507,2.4929660441838744,16,-0.521259835993193,20,5,0,-1.0,loss,11
4h,15min,2026-03-24 18:30:00+00:00,long,69530.83,68909.163834,71400.0,68915.4,69671.95,1.0880784825954226,0.8940870776315994,3.0067101962888745,15,-0.7476584972352035,18,1,0,3.0067101962888745,win,56
4h,15min,2026-03-24 23:45:00+00:00,short,70556.74,70846.651348,68923.07,70001.92,70850.11,1.2021388743300814,0.4108910757498067,5.635067448273984,14,-0.7093855427067269,23,1,0,-1.0,loss,3
4h,15min,2026-03-25 12:15:00+00:00,short,71341.68,72040.35833599999,70408.0,72000.5,72800.0,1.1206632644479357,0.9793410191629875,1.3363517256673558,3,-1.3700582389786953,12,2,1,1.3363517256673558,win,69
4h,15min,2026-03-28 17:15:00+00:00,short,66778.5,67302.2957,65932.09,66773.25,68304.14,2.2924893491168556,0.7843777563137873,1.6159162818633288,15,1.4850920243722068,17,5,0,1.6159162818633288,win,117
4h,15min,2026-04-02 17:45:00+00:00,short,66679.16,67444.325832,65712.12,66961.26,67964.48,1.5045480476958635,1.1475337001845836,1.2638306097285454,13,1.0644732710619513,17,3,0,-1.0,loss,181
4h,15min,2026-04-06 16:45:00+00:00,short,69799.14,70365.41982800001,67347.05,70144.44,70672.37,0.7563560238707712,0.8112991478118691,4.330173668132036,30,-2.5398369041915094,16,0,0,-1.0,loss,117
4h,15min,2026-04-06 23:45:00+00:00,long,68853.66,68286.229268,70351.46,67560.45,68776.61,1.7662968097846992,0.82411121209825,2.639617340993758,3,0.8292149601958605,23,0,0,-1.0,loss,9
4h,15min,2026-04-07 10:00:00+00:00,short,68915.52,69261.683104,68273.34,69128.2,69282.02,0.22320081166043146,0.5023006486782542,1.8551370512324223,4,-0.7515018189586822,10,1,0,1.8551370512324223,win,3
4h,15min,2026-04-08 16:15:00+00:00,long,71394.28,70692.95114399999,72857.0,69098.44,71240.99,3.001010725228972,0.9823319963448155,2.0856406912194494,7,2.3455660653363424,16,2,0,-1.0,loss,34
4h,15min,2026-04-10 00:45:00+00:00,long,71963.03,71558.95739400001,73145.0,71575.0,71729.66,0.21491590890489673,0.5615002675679261,2.9251426165723275,6,1.631707070368595,0,4,0,-1.0,loss,28
4h,15min,2026-04-14 23:30:00+00:00,long,74136.15,73780.64277,76038.0,73480.0,73954.86,0.6405242246866079,0.47953289994151077,5.34968023013222,19,1.3387271315669773,23,1,0,-1.0,loss,31
4h,15min,2026-04-16 02:15:00+00:00,long,74896.51,74436.510698,75425.0,74506.84,74512.06,0.006969617142375745,0.6141798890228618,1.1488930476681662,8,1.484687053787252,2,3,0,-1.0,loss,31
4h,15min,2026-04-18 00:15:00+00:00,long,77218.8,76895.55624,78333.0,76370.25,77000.0,0.8155397390272835,0.41860759296958455,3.4469342888475416,4,2.5076214350596326,0,5,0,-1.0,loss,17
4h,15min,2026-04-18 19:00:00+00:00,long,75745.35,75430.01093,77156.06,75089.51,75531.97,0.5841414687502353,0.4163147572755315,4.473628973409428,2,-0.027098549905357098,19,5,0,-1.0,loss,29
4h,15min,2026-04-20 10:30:00+00:00,short,75174.45,75587.03489,73724.31,74965.47,75401.44,0.5799443826991766,0.5488365927519234,3.5147675912222707,13,0.12103870106766516,10,0,0,-1.0,loss,7
4h,15min,2026-04-20 19:15:00+00:00,short,76211.09,76501.912218,74619.41,76363.75,76884.1,0.6827746460521767,0.38160091661200646,5.473034388314812,2,-1.161860594491326,19,0,0,-1.0,loss,4
4h,15min,2026-04-22 21:30:00+00:00,long,78749.99,78394.250002,79472.82,78399.0,78632.37,0.29634289477369496,0.45173338815662645,2.0319053355366368,5,2.44961440557638,21,2,0,-1.0,loss,7
4h,15min,2026-04-23 11:30:00+00:00,long,77588.2,77158.49235999999,78824.0,76425.37,77364.25,1.2100809143658504,0.5538311753591497,2.875908838856066,6,0.5115895824647494,11,3,0,-1.0,loss,24
4h,15min,2026-04-23 16:45:00+00:00,short,78103.72,78678.120744,77174.01,78574.44,78632.37,0.07417060288548742,0.7354332725765158,1.6185738088110981,6,-1.03513527808053,16,3,0,1.6185738088110981,win,3
4h,15min,2026-04-27 21:45:00+00:00,short,76786.81,77083.157362,76459.64,76990.43,77553.23,0.7329383783490979,0.3859352433054589,1.104008477726884,7,1.2214929062987279,21,0,0,-1.0,loss,5
4h,15min,2026-04-30 02:15:00+00:00,short,76122.64,76488.484528,74937.52,76274.8,76972.32,0.9163108373540436,0.48059884418091836,3.2394088452786445,6,0.8142510984888036,2,3,0,-1.0,loss,40
4h,15min,2026-05-01 21:30:00+00:00,long,78117.06,77736.376588,78914.12,77600.0,78131.02,0.6797746868609802,0.48732429510275793,2.093760786193649,5,1.3771742564805,21,4,0,2.093760786193649,win,96
4h,15min,2026-05-05 10:30:00+00:00,long,80822.42,80511.595516,81323.52,80397.19,80725.0,0.4055929035532439,0.3845770567127253,1.6121638602961876,8,1.7737069861370196,10,1,0,1.6121638602961876,win,9
4h,15min,2026-05-10 07:15:00+00:00,long,80784.62,80556.61307600001,81080.0,80600.0,80621.88,0.02708436333550205,0.2822405106318339,1.2954869738956787,29,0.38137138420839833,7,6,1,1.2954869738956787,win,31
4h,15min,2026-05-14 07:00:00+00:00,short,79745.14,80013.949028,78922.0,79800.0,80494.98,0.8715013855389758,0.33708515402945344,3.0621739385925286,5,0.7734005133737865,7,3,1,-1.0,loss,25
4h,15min,2026-05-15 02:45:00+00:00,long,81299.14,80733.740172,82048.13,79936.98,81080.25,1.4062510378338615,0.695456099535609,1.3247085741950615,12,0.896281682413966,2,4,0,-1.0,loss,8
4h,15min,2026-05-17 12:45:00+00:00,short,78364.83,78615.662966,77721.19,78530.52,79010.0,0.6118561094307178,0.3200835961744596,2.5660104023168744,10,0.7830732281888122,12,6,1,2.5660104023168744,win,42
4h,15min,2026-05-18 13:00:00+00:00,short,77480.86,77815.496172,76583.33,77477.99,77856.69,0.48876587069373917,0.43189527323263915,2.6821069421030868,4,0.9539161663908887,13,0,1,2.6821069421030868,win,5
4h,15min,2026-05-23 16:15:00+00:00,short,75475.39,75741.395078,74289.6,75664.62,75668.76,0.0054852316761787095,0.35243948789135365,4.457772042983273,6,1.3044680853188488,16,5,0,-1.0,loss,7
4h,15min,2026-05-24 17:30:00+00:00,long,76698.07,76180.020386,77543.15,76012.22,76629.02,0.8041923349570632,0.675440221637915,1.6312723282908999,14,0.15749478523493832,17,6,0,-1.0,loss,16
4h,15min,2026-05-26 19:30:00+00:00,long,76027.01,75764.094598,78080.0,75726.3,75953.94,0.299419903531652,0.3458184163759679,7.808557370100422,8,-1.1178423086963996,19,1,0,-1.0,loss,10
4h,15min,2026-05-27 05:15:00+00:00,long,75655.0,75295.769,76710.01,74873.55,75371.72,0.658475976472141,0.47482783689115027,2.9368567857450927,3,-1.293273050873024,5,2,0,-1.0,loss,32
4h,15min,2026-05-28 10:15:00+00:00,short,73429.73,73630.685946,72728.85,73512.14,74243.99,0.9966671537536714,0.27367109480043283,3.4877295942265056,2,2.7452062410147,10,3,0,3.4877295942265056,win,15
4h,15min,2026-06-04 04:30:00+00:00,short,64415.99,64777.203198,61383.56,64540.3,65251.0,1.1032974887135898,0.5607508291031542,8.395125141579015,2,5.665722032556997,4,3,0,8.395125141579015,win,103
4h,15min,2026-06-05 23:15:00+00:00,short,60946.01,62012.189202,59130.91,61547.24,61964.98,0.6854263306162376,1.7493831048168689,1.7024342592644193,10,5.137408154594631,23,4,0,-1.0,loss,120
4h,15min,2026-06-07 20:15:00+00:00,long,61745.41,61171.650918,62960.0,61000.0,61482.46,0.7813698216596168,0.9292335770383646,2.1168989530696227,4,-0.8012040164465247,20,6,0,2.1168989530696227,win,7
4h,15min,2026-06-15 04:00:00+00:00,short,65718.89,66008.143778,63678.83,65860.0,66076.0,0.3286726236550861,0.4401379542472468,7.052837871663024,16,-2.3910859422567974,4,0,0,-1.0,loss,28
4h,15min,2026-06-17 11:30:00+00:00,long,64790.71,64552.041858,66200.0,64208.92,65354.0,1.767352140453472,0.368367844711074,5.904809867753475,15,-1.143352740475075,11,2,0,5.904809867753475,win,19
4h,15min,2026-06-17 16:45:00+00:00,short,65864.12,66459.10282399999,64565.0,66248.69,66345.06,0.14631638591693832,0.9033489311023841,2.183457988360373,2,-0.548201177240943,16,2,0,2.183457988360373,win,10
4h,15min,2026-06-18 21:00:00+00:00,short,62920.0,63286.774000000005,62272.07,63008.33,63878.14,1.3824062301334992,0.5829211697393594,1.766564696516088,4,2.722986640954665,21,3,0,-1.0,loss,67
4h,15min,2026-06-21 06:30:00+00:00,long,64314.01,64187.137198,64588.0,64167.26,64206.17,0.06050003723915865,0.19727086213409073,2.1595645061893287,2,0.7071235211949096,6,6,0,-1.0,loss,3
4h,15min,2026-06-22 18:00:00+00:00,long,64673.82,64375.225236000006,65622.83,64397.57,64579.08,0.2806545214122222,0.4616934085538693,3.178253989745182,6,0.8082892729192893,18,0,0,-1.0,loss,3
4h,15min,2026-06-24 04:00:00+00:00,short,62664.97,63131.982994,61960.0,62945.08,63828.93,1.4104371230050834,0.7452536784107564,1.509529732699484,14,1.2039437067720609,4,2,0,-1.0,loss,31
4h,15min,2026-06-24 21:00:00+00:00,short,60728.0,61220.62560000001,59102.7,60678.1,62318.88,2.701850876037411,0.8112001053879704,3.299260127772452,4,3.2268410070693783,21,2,0,-1.0,loss,4
4h,15min,2026-06-25 23:45:00+00:00,short,59794.0,60285.7688,58115.01,60067.0,61066.0,1.6707361942669832,0.8224383717429808,3.414185690511486,8,2.8849968364923155,23,3,0,-1.0,loss,27
4h,15min,2026-07-01 05:15:00+00:00,short,59174.0,59468.8348,57800.19,59276.6,59360.0,0.14094027782472276,0.4982505830263239,4.659592422604157,6,0.5391484434579424,5,2,0,-1.0,loss,34
4h,15min,2026-07-02 01:00:00+00:00,long,59927.97,59576.014406,61334.0,59091.99,59787.35,1.1603263050625618,0.5872977075645965,3.99490738027594,3,0.6177847556807455,1,3,0,3.99490738027594,win,35
4h,15min,2026-07-04 12:00:00+00:00,long,62569.01,62315.726198,62979.86,62317.64,62404.25,0.13842315868510718,0.4048071113799074,1.6220934649424987,23,1.609091039598964,12,5,1,1.6220934649424987,win,12
4h,15min,2026-07-09 01:30:00+00:00,short,62112.0,62654.4224,61544.56,62451.08,62477.04,0.04179546625450658,0.8732972694487428,1.046121989062397,2,1.0102089071538976,1,3,0,-1.0,loss,18
4h,15min,2026-07-11 02:30:00+00:00,long,64145.57,63643.170886,64692.83,63418.0,63802.02,0.598669557383303,0.7832171637106036,1.0892933222808237,48,1.073816802881595,2,5,0,-1.0,loss,111
4h,15min,2026-07-13 09:30:00+00:00,short,63109.32,63315.501864,62500.76,63070.01,63668.0,0.9475462578268914,0.3267058874980721,2.9515690089987867,6,0.9760287348942085,9,0,1,2.9515690089987867,win,15
4h,15min,2026-07-14 02:15:00+00:00,short,62384.0,62679.1368,61824.97,62629.35,62862.28,0.3733809951269561,0.47309694793536844,1.8941385825149504,6,1.3542572871165095,2,1,0,-1.0,loss,9
4h,15min,2026-07-16 13:15:00+00:00,long,64249.99,63825.430002,65055.39,62923.06,64231.77,2.036903040763118,0.6607938740535166,1.897022809011807,23,-0.005885799332444511,13,3,1,-1.0,loss,40
4h,15min,2026-07-19 10:00:00+00:00,long,64575.57,64469.084886,64967.25,64274.47,64528.69,0.3936782904123048,0.1648999985598312,3.6782606064542507,2,0.532264885430457,10,6,0,-1.0,loss,7
4h,15min,2026-07-20 07:15:00+00:00,long,64130.72,63753.003856,65107.99,63518.0,63884.35,0.5712550864858503,0.5889784864414405,2.5873132920683464,3,-0.3695111168812877,7,0,1,-1.0,loss,5
4h,15min,2026-07-21 19:15:00+00:00,long,66402.98,66039.34940400001,66956.15,65658.78,66129.19,0.7084170017670947,0.5476118632025071,1.521241628413513,6,1.7519754888534294,19,1,0,-1.0,loss,41
4h,15min,2026-07-23 21:00:00+00:00,short,65050.0,65230.94,64650.0,64961.15,65419.75,0.7049961568024574,0.2781552651806339,2.210677572675997,4,0.7350942880998141,21,3,0,-1.0,loss,9
4h,15min,2026-07-26 04:00:00+00:00,short,64505.29,64594.901058,63810.0,64292.44,64857.14,0.8754320769660863,0.13892047923511736,7.758975460372129,42,0.19002179916841985,4,6,0,-1.0,loss,3
4h,15min,2026-07-26 21:00:00+00:00,long,64698.1,64618.63038,64940.51,64573.73,64668.91,0.14711405744527317,0.12283145872907585,3.0503480449512033,3,0.12968640606474163,21,6,0,3.0503480449512033,win,4
4h,15min,2026-07-28 22:15:00+00:00,short,63918.01,64112.783602,62742.47,63827.49,64517.78,1.0799616571291892,0.30472413330765635,6.035417468944247,28,0.4991544806505324,22,1,0,-1.0,loss,7
4h,15min,2026-07-30 14:00:00+00:00,short,64733.99,65189.546797999996,63907.85,65090.0,65092.0,0.003089567011086448,0.703736627388483,1.81347310286434,1,-0.7901742244344225,14,3,1,-1.0,loss,44
4h,15min,2026-08-02 00:45:00+00:00,short,62833.99,62992.556798,62275.0,62866.62,63007.05,0.2234936855036586,0.25235831434546785,3.525265106255085,3,0.9631253785759804,0,6,0,-1.0,loss,1
4h,15min,2026-08-02 05:00:00+00:00,short,63482.74,63646.696548,62275.0,63302.0,63610.0,0.4851712449714679,0.2582694886830687,7.366219981650161,12,-0.08069997430515007,5,6,0,-1.0,loss,66
4h,15min,2026-08-02 13:45:00+00:00,long,63126.92,62969.754616,63634.0,62866.62,63415.26,0.8691062386696505,0.24896729319282473,3.226410212569468,22,-0.4288072779347664,13,6,1,3.226410212569468,win,31
4h,15min,2026-08-03 19:45:00+00:00,short,63869.38,64092.773876,62300.0,64011.99,64172.0,0.2505269348160293,0.3497667833944872,7.02517019759299,10,-0.8804125921308198,19,0,0,-1.0,loss,36
4h,15min,2026-08-04 01:00:00+00:00,long,63476.82,63309.314636,64080.0,62863.1,63664.0,1.2617204201470733,0.26388430296287196,3.600959310174756,13,0.20462805677073642,1,1,0,3.600959310174756,win,15
4h,15min,2026-08-07 17:45:00+00:00,long,64764.33,64512.047134,65390.99,64463.75,64788.0,0.5006613980257343,0.38953983774710765,2.483957828511401,3,0.4710181450446222,17,4,0,2.483957828511401,win,209
4h,15min,2026-08-10 00:00:00+00:00,long,65144.67,64829.561065999995,65474.46,64867.11,64914.73,0.07309884292913392,0.4837063937847924,1.0465904467183313,3,0.38084600164575383,0,0,0,-1.0,loss,2
4h,15min,2026-08-11 12:15:00+00:00,short,64324.7,64528.29494,63852.0,64354.0,64958.87,0.9403386257534084,0.3165112934844666,2.3217669358579878,5,0.371602350760404,12,1,1,2.3217669358579878,win,10
4h,15min,2026-08-11 21:15:00+00:00,short,63671.6,63781.314320000005,63238.0,63660.0,64044.72,0.6042254317466519,0.17231280508108232,3.9520820983074336,5,1.1063807535874688,21,1,0,-1.0,loss,15
4h,15min,2026-08-14 20:30:00+00:00,short,62912.51,63259.632502,62535.24,62997.83,63301.58,0.4828133546094409,0.5517543362997254,1.0868497369842243,20,0.8797698472888955,20,4,0,-1.0,loss,175
4h,15min,2026-08-17 10:00:00+00:00,long,63336.9,63282.33262,63717.17,63140.0,63429.21,0.45662165341214855,0.08615416921257657,6.968815435155471,8,0.1965381255482141,10,0,0,6.968815435155471,win,7
4h,15min,2026-08-18 23:00:00+00:00,long,64696.25,64549.31075,65058.81,64402.35,64642.36,0.370979770852255,0.22712174198659596,2.467414254530291,12,1.148438435070369,23,1,0,-1.0,loss,5
4h,15min,2026-08-22 17:15:00+00:00,short,77084.94,77563.376988,76500.0,77445.6,77683.37,0.3084519492393579,0.6206620748488632,1.2226061418144383,3,-3.483788177558813,17,5,0,1.2226061418144383,win,46
4h,15min,2026-08-23 08:15:00+00:00,long,76236.35,75530.42272999999,77469.64,75785.82,76235.76,0.5901908997479388,0.925972019909157,1.747049664195531,13,1.309104470802568,8,6,1,1.747049664195531,win,20
4h,15min,2026-08-25 21:15:00+00:00,long,78466.47,77835.306706,79958.0,77790.19,77851.9,0.07864505692685277,0.8043732488539349,2.363144394135194,1,0.3737289115934096,21,1,0,-1.0,loss,70
4h,15min,2026-08-29 01:00:00+00:00,short,77637.65,77979.44753,76888.0,77846.72,78312.64,0.6001212040807499,0.4402471352494708,2.1932575112522628,4,1.6116465816328407,1,5,0,-1.0,loss,54
4h,15min,2026-08-30 15:00:00+00:00,short,78665.63,78982.493126,77962.49,78404.0,79001.01,0.7589210179845947,0.40279741737274144,2.219065401759645,12,-0.3807287068047136,15,6,0,-1.0,loss,4
4h,15min,2026-08-31 08:15:00+00:00,short,78094.0,78364.4988,77000.0,78185.89,78721.98,0.6864675903398424,0.34637590595948625,4.044380233849449,4,0.2905811914799293,8,0,1,-1.0,loss,1
4h,15min,2026-09-04 07:00:00+00:00,long,80938.02,80557.022396,82300.0,78066.0,80613.52,3.1474948361721773,0.4707276061361568,3.5747731368934867,2,2.407057394886181,7,4,1,-1.0,loss,4
4h,15min,2026-09-05 18:15:00+00:00,short,79954.71,80215.990942,79442.0,79877.07,80502.87,0.78269310213243,0.32678617932576776,1.9622939050794264,8,-0.5746155108716291,18,5,0,1.9622939050794264,win,81
4h,15min,2026-09-18 11:30:00+00:00,short,78026.01,78506.395202,76259.98,78250.46,78426.17,0.22519413718578182,0.6156731607831862,3.6762789375014524,11,-1.5294905201162228,11,4,0,-1.0,loss,8
4h,15min,2026-09-20 05:00:00+00:00,long,80600.0,80109.92,81951.0,78490.79,80555.54,2.561724565756824,0.6080397022332528,2.756692784851443,9,1.0762742361707107,5,6,0,2.756692784851443,win,81
4h,15min,2026-09-20 14:15:00+00:00,short,80529.89,80805.43597800001,80126.04,80668.15,80904.46,0.2934438380581573,0.3421660926148157,1.4656356188947615,1,-0.7938040104777919,14,6,1,-1.0,loss,3
4h,15min,2026-09-22 03:45:00+00:00,long,85692.83,85282.861434,87395.67,85299.87,85607.42,0.3588981715273062,0.4784164159358443,4.153586741086909,11,3.5010574732937276,3,1,0,-1.0,loss,6
4h,15min,2026-09-22 10:15:00+00:00,short,85866.02,86394.94320400001,85114.0,85730.23,86295.78,0.6586423826328539,0.615986631265786,1.4217943064566239,7,-3.132094202491632,10,1,0,-1.0,loss,15
4h,15min,2026-09-23 15:00:00+00:00,long,84652.63,83847.13947400001,87278.54,81878.98,84778.0,3.424607126795711,0.9515245137687915,3.260013513802654,4,-0.15211811071137174,15,2,0,-1.0,loss,4
4h,15min,2026-09-23 23:45:00+00:00,short,84397.6,84686.88952,83500.01,84565.21,85450.88,1.049401878726407,0.3427698417964387,3.102739428652785,15,0.34174811835743274,23,2,0,3.102739428652785,win,36
4h,15min,2026-09-27 23:15:00+00:00,long,84408.0,84115.1184,85159.03,84174.33,84257.07,0.09802388399204487,0.3469832243389173,2.564278534397572,3,0.019175555769831043,23,6,0,-1.0,loss,7
4h,15min,2026-10-03 02:45:00+00:00,short,84600.0,84737.5,83888.0,84590.01,85162.9,0.6771749408983445,0.16252955082742315,5.178181818181818,9,0.062183785338242904,2,5,0,-1.0,loss,38
1h,15min,2022-10-06 11:30:00+00:00,long,20205.64,20075.968871999998,20456.6,20098.99,20114.73,0.07789904204963546,0.641757093563984,1.9353575762832549,13,0.04486709756152947,11,3,0,-1.0,loss,7
1h,15min,2022-10-08 06:00:00+00:00,short,19480.29,19527.356057999998,19375.16,19520.98,19539.74,0.0963024677764142,0.24160861054941535,2.2336691124633465,1,2.046656950197833,6,5,0,-1.0,loss,3
1h,15min,2022-10-10 10:15:00+00:00,short,19290.61,19354.858122,19107.0,19343.7,19386.09,0.21974421752344492,0.3330538640302244,2.8578267237133885,1,1.2919636330341615,10,0,0,-1.0,loss,4
1h,15min,2022-10-11 05:30:00+00:00,short,19038.41,19098.547682,18950.01,19068.5,19119.4,0.2673542591004262,0.3158755484307802,1.4699602156265472,10,1.8443148034724657,5,1,0,-1.0,loss,4
1h,15min,2022-10-14 10:00:00+00:00,long,19670.81,19526.065838,19951.87,19445.96,19768.0,1.6371466147047369,0.7358322407669164,1.9417708881411913,18,2.050477784278768,10,4,0,-1.0,loss,16
1h,15min,2022-10-14 11:45:00+00:00,short,19596.25,19752.45925,19338.07,19674.64,19778.2,0.5284684569751933,0.797138483128149,1.6527830458183526,7,-1.5805434150280233,11,4,0,-1.0,loss,4
1h,15min,2022-10-17 09:15:00+00:00,long,19294.8,19219.79104,19425.84,19207.8,19224.18,0.08489333913801138,0.3887522026659992,1.746991292773587,10,0.4612611493650649,9,0,1,1.746991292773587,win,7
1h,15min,2022-10-18 17:30:00+00:00,long,19414.33,19276.227134,19706.66,19304.27,19336.48,0.16590837798677122,0.7113450013469487,2.1167554915188784,9,0.1076716708367468,17,1,0,-1.0,loss,4
1h,15min,2022-10-21 21:30:00+00:00,short,19141.51,19253.828302,18650.0,19187.8,19247.77,0.31329816717699477,0.5867786919631907,4.376045499690548,22,-0.0008873809735004045,21,4,0,-1.0,loss,63
1h,15min,2022-10-24 09:45:00+00:00,long,19382.51,19246.713498,19695.0,19203.98,19399.65,1.0095183750711436,0.7006136047395173,2.3011638399935186,34,0.6374235922787552,9,0,1,-1.0,loss,18
1h,15min,2022-10-24 20:30:00+00:00,long,19349.12,19297.240176,19450.9,19299.9,19330.0,0.1555626302384736,0.2681249793272234,1.961841659293277,2,0.37005714021611896,20,0,0,-1.0,loss,14
1h,15min,2022-10-26 19:15:00+00:00,long,20735.46,20635.832908,21020.0,20617.49,20785.37,0.8096275655326547,0.48046723824790394,2.8560504405769893,11,3.9798109311998573,19,2,0,-1.0,loss,31
1h,15min,2022-10-27 21:45:00+00:00,long,20407.45,20215.91851,20780.0,20249.0,20281.79,0.16067661564772115,0.9385371028717513,1.9451109579944108,6,0.557675603466029,21,3,0,-1.0,loss,3
1h,15min,2022-10-28 22:30:00+00:00,long,20622.76,20537.875448,20750.0,20539.78,20627.35,0.4246279353490983,0.41160616716675913,1.4989771048093923,18,1.3394217831422601,22,4,0,1.4989771048093923,win,16
1h,15min,2022-10-29 05:15:00+00:00,long,20723.36,20646.815328,20823.81,20642.24,20666.2,0.11561831672083642,0.3693641957674817,1.3123055775848218,4,1.556752846742206,5,5,0,-1.0,loss,2
1h,15min,2022-10-31 19:00:00+00:00,short,20391.84,20537.078368,20237.95,20430.72,20645.79,1.0546865805145573,0.712237679385472,1.0595685018988996,13,0.9599436154669091,19,0,0,-1.0,loss,26
1h,15min,2022-11-01 05:00:00+00:00,long,20530.6,20436.53388,20755.73,20430.8,20461.56,0.14982513906072906,0.45817521163531266,2.393316530967815,20,-0.1401352022610626,5,1,0,-1.0,loss,34
1h,15min,2022-11-05 09:45:00+00:00,long,21290.65,21230.641870000003,21480.65,21202.04,21319.01,0.5493960964085056,0.28185203363917183,3.1662376414663354,6,2.5297162193919243,9,5,1,-1.0,loss,19
1h,15min,2022-11-06 12:00:00+00:00,long,21268.68,21173.756264,21365.27,21206.0,21231.46,0.11970653561950778,0.446307603480802,1.017553712803713,3,1.164181260423401,12,6,1,-1.0,loss,16
1h,15min,2022-11-07 09:45:00+00:00,short,20681.13,20761.946226,20571.52,20726.49,20776.87,0.24360371024212593,0.39077277692272616,1.3562870406742569,3,1.6022404039921074,9,0,1,-1.0,loss,2
1h,15min,2022-11-08 07:00:00+00:00,short,19746.38,19860.029276,19344.0,19735.34,20116.13,1.9284040922943895,0.5755448644257839,3.5405416924961375,3,5.1900848208010215,7,1,1,3.5405416924961375,win,30
1h,15min,2022-11-08 17:00:00+00:00,short,20102.89,20704.900578,19229.0,20685.0,20797.29,0.558576403691215,2.994646928874412,1.4516190112526521,2,2.080089685153139,17,1,0,1.4516190112526521,win,4
1h,15min,2022-11-09 07:30:00+00:00,short,18256.04,18733.651208,17166.83,18723.42,19324.99,3.2951834023150877,2.6161818663850345,2.2805369341332598,38,8.607625694674441,7,2,1,2.2805369341332598,win,32
1h,15min,2022-11-09 12:15:00+00:00,short,17690.27,17988.488054,17250.33,17870.33,18041.17,0.9657286180482068,1.6857744624587463,1.4752292629472978,4,10.695095177886742,12,2,1,-1.0,loss,2
1h,15min,2022-11-10 08:30:00+00:00,long,16746.97,16041.320606,17834.99,16000.0,16080.0,0.4776983537917605,4.213594423349429,1.54187052274291,26,-9.28148694676052,8,3,1,1.54187052274291,win,26
1h,15min,2022-11-10 23:00:00+00:00,short,17736.72,18202.547344,16258.74,18156.82,18202.59,0.25805222160580105,2.6263443522815804,3.1728064465017947,9,1.3538742974655007,23,3,0,3.1728064465017947,win,280
1h,15min,2022-11-11 06:15:00+00:00,short,17236.81,17433.777362,16888.76,17362.01,17404.87,0.24865389825611922,1.142713541542776,1.7670440242785195,2,3.558042562792608,6,4,0,-1.0,loss,4
1h,15min,2022-11-11 06:15:00+00:00,short,17236.81,17698.447362,16548.14,17660.0,17677.53,0.10170095278650072,2.678206477880754,1.4917986642511083,21,3.558042562792608,6,4,0,1.4917986642511083,win,32
1h,15min,2022-11-12 00:15:00+00:00,short,16937.7,17152.34754,16361.6,17050.0,17292.38,1.4310089327358555,1.2672767849235618,2.6839347890966065,2,3.465741385667017,0,5,0,2.6839347890966065,win,179
1h,15min,2022-11-14 17:15:00+00:00,long,16552.13,16353.399574,17190.0,16009.99,16385.11,2.2662944285720377,1.200633549881507,3.2097249165057034,4,-1.238874117020731,17,0,0,-1.0,loss,10
1h,15min,2022-11-15 06:45:00+00:00,long,16750.37,16524.369926,17190.0,16455.7,16535.0,0.47342237813253846,1.3492243693721369,1.945264849780544,23,0.22610934187327242,6,1,0,-1.0,loss,121
1h,15min,2022-11-15 10:30:00+00:00,long,16844.13,16728.211174,16989.0,16758.85,16805.89,0.2792664269392416,0.6881852965988804,1.2497538579281138,4,0.6990188126950766,10,1,0,-1.0,loss,3
1h,15min,2022-11-15 20:30:00+00:00,short,16800.1,16943.35002,16614.61,16878.83,16967.04,0.5250563984738135,0.8526736150380245,1.2948689291631088,2,-0.19508516396506592,20,1,0,-1.0,loss,24
1h,15min,2022-11-17 12:30:00+00:00,short,16553.67,16639.130734,16410.74,16610.82,16682.38,0.43229084547415353,0.5162645745626211,1.6724639879643004,27,0.7919574820243178,12,3,1,-1.0,loss,11
1h,15min,2022-11-20 07:15:00+00:00,long,16707.5,16663.128500000003,16822.41,16648.73,16678.12,0.17590902289390645,0.2655783330839292,2.5897253867912156,22,0.17674430682651432,7,6,1,-1.0,loss,5
1h,15min,2022-11-22 02:00:00+00:00,short,15773.48,15970.914696,15476.0,15894.74,15930.0,0.22353976421183036,1.2516876174439646,1.5067260518384225,7,3.332354127541463,2,1,0,-1.0,loss,44
1h,15min,2022-11-24 06:30:00+00:00,long,16707.79,16632.318442,16812.63,16627.06,16678.67,0.3088978255053298,0.45171478693472383,1.3891325789246145,9,1.9772553225251261,6,3,0,-1.0,loss,5
1h,15min,2022-11-25 08:15:00+00:00,short,16429.58,16498.875916,16342.81,16421.27,16470.0,0.2965991826936511,0.4217753344881556,1.2521661449717087,8,0.16843631122841057,8,4,1,-1.0,loss,9
1h,15min,2022-11-26 21:30:00+00:00,short,16504.22,16552.960844,16420.45,16532.91,16536.56,0.02211555590025736,0.2953235233170663,1.7186817692365066,1,0.06532098833202758,21,5,0,1.7186817692365066,win,4
1h,15min,2022-11-28 15:00:00+00:00,short,16194.48,16313.668896000001,16051.9,16191.58,16417.0,1.391955777524194,0.7359847058997973,1.1962523757246495,46,1.3835306447913835,15,0,0,1.1962523757246495,win,5
1h,15min,2022-11-29 12:00:00+00:00,short,16472.09,16552.004418,16100.0,16487.04,16559.02,0.4369815852147454,0.48515044538974894,4.656105985780924,29,-0.5436963904307459,12,1,1,-1.0,loss,50
1h,15min,2022-11-29 18:45:00+00:00,long,16419.68,16325.556064,16541.59,16305.0,16432.19,0.7746192374029134,0.5732385527610767,1.2952072042546108,43,0.19817702875407384,18,1,0,1.2952072042546108,win,23
1h,15min,2022-11-30 07:00:00+00:00,long,16881.27,16790.783746,17162.2,16526.91,16825.16,1.7667509612724637,0.5360156789151496,3.104670461880342,9,2.368826693591585,7,2,1,-1.0,loss,23
1h,15min,2022-12-01 22:00:00+00:00,long,16940.82,16851.621836,17324.0,16876.52,16917.3,0.24072034293498684,0.5265280193048582,4.295828331175009,26,0.6259860832857506,22,3,0,-1.0,loss,62
1h,15min,2022-12-04 12:15:00+00:00,long,16953.18,16901.619364,17068.0,16917.01,16935.0,0.10611578476723306,0.3041354837263686,2.2268926240552056,3,0.02605891371584011,12,6,1,2.2268926240552056,win,17
1h,15min,2022-12-04 17:30:00+00:00,long,17004.58,16968.959084000002,17100.0,16959.0,17006.99,0.28221808477481714,0.20947836406426884,2.67876323000786,3,0.29472897551185484,17,6,0,2.67876323000786,win,2
1h,15min,2022-12-07 04:45:00+00:00,long,17040.56,17009.381888,17142.21,16997.99,17046.43,0.2842629584943141,0.1829641279394657,3.2603000463913014,14,0.05198015633741329,4,2,0,-1.0,loss,2
1h,15min,2022-12-07 16:15:00+00:00,short,16797.64,16900.739528000002,16678.83,16816.0,16932.84,0.6955739020481457,0.6137738872841808,1.1523816093512556,29,1.086159630980393,16,2,0,-1.0,loss,90
1h,15min,2022-12-09 04:30:00+00:00,long,17219.86,17151.496027999998,17299.0,16977.36,17187.0,1.217431500604531,0.39700654941447155,1.1576272952659354,31,1.3493573248019497,4,4,0,1.1576272952659354,win,32
1h,15min,2022-12-12 12:15:00+00:00,short,16955.86,17013.391172,16871.85,16979.11,17071.0,0.5419365340360172,0.3392996403603183,1.4602518439916956,8,0.7171966512296376,12,0,1,-1.0,loss,8
1h,15min,2022-12-13 18:15:00+00:00,long,17701.08,17614.839784,18000.0,17500.0,17832.16,1.8764956714505545,0.4872031311083954,3.4661323204477066,12,2.7460554878678343,18,1,0,3.4661323204477066,win,81
1h,15min,2022-12-15 08:00:00+00:00,short,17678.37,17758.505674,17561.0,17726.35,17783.03,0.32061779451386235,0.4532978662625628,1.46464107857878,20,-0.38959464739388816,8,3,1,1.46464107857878,win,20
1h,15min,2022-12-16 05:30:00+00:00,long,17406.11,17272.028778,17746.0,17187.18,17357.74,0.9798857987224102,0.7703112412825193,2.534956013452783,51,-0.7757524661732944,5,4,0,-1.0,loss,13
1h,15min,2022-12-17 07:15:00+00:00,short,16697.94,16775.339588,16527.32,16737.19,16809.01,0.4301129360867252,0.4635277645026885,2.204404498897313,3,2.970104326416146,7,5,1,-1.0,loss,63
1h,15min,2022-12-18 13:30:00+00:00,short,16707.88,16741.341576,16663.07,16717.37,16737.48,0.12036236793656993,0.2002742179139297,1.339147922979006,10,1.2907731776132032,13,6,1,-1.0,loss,18
1h,15min,2022-12-19 07:30:00+00:00,short,16718.47,16753.343694,16627.35,16732.15,16750.27,0.10838312357529714,0.20859381271131905,2.612857703001227,13,0.7781641761438101,7,0,1,-1.0,loss,5
1h,15min,2022-12-23 09:30:00+00:00,long,16841.36,16802.161728,16893.9,16807.87,16822.92,0.08936332932731841,0.23275003918924275,1.3403652079356694,22,0.26180333780846415,9,4,1,-1.0,loss,16
1h,15min,2022-12-26 16:15:00+00:00,long,16831.36,16787.633728,16924.0,16795.25,16804.45,0.05465987299897766,0.25979048633027796,2.11863476493033,4,0.01262335309875919,16,0,0,2.11863476493033,win,30
1h,15min,2022-12-27 21:00:00+00:00,short,16656.32,16700.851264,16592.37,16683.67,16757.75,0.4447561045897398,0.267353557088247,1.4360697239584115,6,0.9828006778399601,21,1,0,-1.0,loss,3
1h,15min,2022-12-30 10:45:00+00:00,short,16488.71,16534.397741999997,16429.0,16510.09,16534.52,0.1481619847762517,0.2770849993722872,1.3069151020858376,7,0.8831080558512545,10,4,0,1.3069151020858376,win,16
1h,15min,2022-12-30 16:00:00+00:00,short,16535.22,16584.007044,16333.0,16574.66,16590.86,0.09797269101953723,0.29504925849187735,4.144952910038957,1,0.48242322253256675,16,4,0,-1.0,loss,20
1h,15min,2022-12-31 05:15:00+00:00,short,16544.85,16569.678969999997,16517.08,16555.59,16560.47,0.02949558321774461,0.15007068664870737,1.1184515507489152,1,0.3310789983086457,5,5,0,-1.0,loss,13
1h,15min,2023-01-01 06:15:00+00:00,long,16544.63,16466.691074,16644.09,16500.44,16515.45,0.09072430148031135,0.4710829193520952,1.2761274128924471,32,-0.2023251332785111,6,6,0,1.2761274128924471,win,86
1h,15min,2023-01-02 15:15:00+00:00,long,16717.14,16665.806572,16772.01,16663.27,16707.52,0.264698387403587,0.30707063528808215,1.0688941326887622,15,0.6334624251041161,15,0,0,1.0688941326887622,win,26
1h,15min,2023-01-03 09:30:00+00:00,long,16744.85,16694.801030000002,16799.23,16699.63,16722.31,0.13544462924421713,0.2988917189463996,1.0865358467917554,10,0.5602085940591102,9,1,1,-1.0,loss,21
1h,15min,2023-01-04 00:00:00+00:00,short,16668.56,16698.333712,16617.79,16683.45,16709.41,0.15574230767384298,0.17862198054300035,1.7051955093810025,32,-0.053548102367931096,0,2,0,-1.0,loss,4
1h,15min,2023-01-04 11:00:00+00:00,long,16851.3,16827.75974,16910.98,16754.52,16849.44,0.5632799843335425,0.1396940295407354,2.53523113168697,24,0.8869553215434204,11,2,0,-1.0,loss,4
1h,15min,2023-01-05 00:45:00+00:00,short,16828.45,16881.54569,16765.3,16852.23,16872.07,0.1178955875318294,0.3155114701591548,1.189362074398195,9,-0.48122419767923674,0,3,0,1.189362074398195,win,53
1h,15min,2023-01-05 11:15:00+00:00,short,16819.11,16840.953822,16777.0,16824.4,16835.04,0.06326137352094978,0.12987501716796496,1.9277761922800272,13,-0.3106444669843557,11,3,0,1.9277761922800272,win,11
1h,15min,2023-01-10 11:30:00+00:00,short,17253.09,17289.470618,17128.0,17246.26,17293.34,0.27287865535971667,0.21086436110864332,3.4383692987294165,13,-0.8110764520175362,11,1,0,-1.0,loss,10
1h,15min,2023-01-11 03:30:00+00:00,long,17417.48,17363.096504,17510.0,17339.29,17398.28,0.33868274859507785,0.3122351568653936,1.7012514237775904,3,1.189070732034359,3,2,0,-1.0,loss,48
1h,15min,2023-01-12 06:45:00+00:00,long,18147.77,18071.560446,18385.71,18000.0,18140.58,0.7746406307772346,0.41993894566660767,3.122180717656421,4,3.7211243856758696,6,3,0,-1.0,loss,5
1h,15min,2023-01-12 07:30:00+00:00,short,18120.23,18181.594046000002,17468.57,18164.19,18197.46,0.1836069409715022,0.33864937696708275,10.619573552890795,2,-3.4976532117820556,7,3,1,-1.0,loss,11
1h,15min,2023-01-12 16:15:00+00:00,long,18134.38,17888.423124,18385.71,17597.0,17907.25,1.71083874938101,1.356301544359389,1.0218457970656527,11,2.7773826919578215,16,3,0,1.0218457970656527,win,5
1h,15min,2023-01-16 05:30:00+00:00,long,21195.02,21023.780996,21439.59,20999.25,21118.94,0.5647081248330914,0.8079209361444297,1.4282376928564766,10,4.104713772328721,5,0,0,-1.0,loss,10
1h,15min,2023-01-16 23:15:00+00:00,long,21211.51,21043.917698,21474.05,21050.0,21053.55,0.016736196527259363,0.7901007613319246,1.5665397328333441,8,2.8924625847132,23,0,0,-1.0,loss,7
1h,15min,2023-01-17 02:45:00+00:00,long,21102.13,20837.089574,21474.05,20894.0,20916.43,0.10629258752552606,1.2559889736249352,1.4032576298379436,7,2.1705147973251697,2,1,0,1.4032576298379436,win,46
1h,15min,2023-01-19 08:45:00+00:00,short,20769.06,20878.963812,20407.15,20841.18,20881.19,0.19264232468873602,0.5291708531825728,3.292970402154916,17,0.848979909869915,8,3,1,-1.0,loss,23
1h,15min,2023-01-22 08:30:00+00:00,long,22913.95,22804.97721,23299.55,22774.18,22832.56,0.25477929383629194,0.4755740062276465,3.5384980048689147,2,3.16517538925147,8,6,1,-1.0,loss,11
1h,15min,2023-01-23 00:45:00+00:00,short,22745.28,22815.699056,22292.37,22736.0,22818.84,0.36420743116813753,0.3095985452806141,6.431639753875486,7,-1.5181693823116869,0,0,0,-1.0,loss,1
1h,15min,2023-01-26 04:30:00+00:00,long,23172.74,22812.025451999998,23816.73,22765.3,22832.38,0.2894780677641131,1.5566331301348202,1.785317513725539,23,1.5825658886546468,4,3,0,-1.0,loss,84
1h,15min,2023-01-26 13:00:00+00:00,short,23062.38,23158.822475999998,22850.01,23096.78,23130.55,0.14642894618855656,0.41818093362435504,2.202038031458361,2,-0.909897202577227,13,3,1,-1.0,loss,4
1h,15min,2023-01-27 13:30:00+00:00,long,22959.13,22846.488174000002,23195.0,22858.22,22970.0,0.4868651381824957,0.49061887798012865,2.0939823898096326,26,0.22204570627829312,13,4,1,-1.0,loss,3
1h,15min,2023-01-29 04:30:00+00:00,long,23212.14,23046.787572,23492.0,23031.9,23112.14,0.34568118234681494,0.7123532255104369,1.6925061420930778,10,0.8814543234560712,4,6,0,1.6925061420930778,win,23
1h,15min,2023-01-30 05:30:00+00:00,long,23711.2,23658.25776,23960.54,23673.49,23694.31,0.08780660616080041,0.22327946286986872,4.709660943700128,2,1.7528834691564057,5,0,0,-1.0,loss,4
1h,15min,2023-01-31 05:45:00+00:00,short,22759.14,22918.261828,22500.0,22810.0,23067.34,1.130710562877157,0.6991557150226212,1.6285634928728976,25,1.7581338998870297,5,1,0,-1.0,loss,8
1h,15min,2023-02-01 06:15:00+00:00,short,23103.81,23324.620762,22810.03,23305.73,23507.0,0.871155017289358,0.9557331106860615,1.3304605144200625,30,0.005858897118073236,6,2,0,1.3304605144200625,win,53
1h,15min,2023-02-02 04:15:00+00:00,long,23889.99,23825.242002,24255.0,23786.38,23946.59,0.670615600927414,0.2710256387717306,5.637394379359559,9,2.711589258804957,4,3,0,-1.0,loss,6
1h,15min,2023-02-03 16:45:00+00:00,short,23519.21,23720.403842,23227.16,23618.98,23748.55,0.5509113613935149,0.8554447279479226,1.4515851832085318,6,-0.17888190828522513,16,4,0,1.4515851832085318,win,13
1h,15min,2023-02-04 18:00:00+00:00,long,23449.17,23353.880166,23587.78,23376.27,23408.19,0.13612422102785837,0.4063676198347287,1.454614770343725,15,0.06750802192816968,18,5,0,-1.0,loss,22
1h,15min,2023-02-09 10:15:00+00:00,short,22708.6,22774.54172,22353.71,22611.56,22801.15,0.834881939001084,0.29038214597114104,5.381873569570005,18,1.1732805312416381,10,3,0,-1.0,loss,10
1h,15min,2023-02-11 00:00:00+00:00,short,21604.15,21667.39083,21451.0,21639.84,21714.29,0.34460971618879116,0.2927253791516853,2.4216949714291274,1,3.1004257200027157,0,5,0,-1.0,loss,2
1h,15min,2023-02-12 20:30:00+00:00,short,21991.77,22094.398354,21756.04,22084.46,22464.28,1.7271006381023433,0.46666709409929436,2.296928585642118,16,-0.20206336795224777,20,6,0,2.296928585642118,win,5
1h,15min,2023-02-13 07:15:00+00:00,long,21869.28,21788.486144000002,22031.09,21820.0,21820.25,0.0011431560618365122,0.36943994498216953,2.002751298316646,2,-0.18239346088534478,7,0,1,-1.0,loss,4
1h,15min,2023-02-13 08:00:00+00:00,short,21828.4,21899.35568,21630.0,21829.88,21947.4,0.5383811914753277,0.32506129629289876,2.7961116009317917,36,0.36400950119714764,8,0,1,2.7961116009317917,win,5
1h,15min,2023-02-13 13:00:00+00:00,short,21627.83,21705.665566,21433.0,21650.0,21701.95,0.24019977963577818,0.35988615593888945,2.503097362971664,4,1.1268236628457804,13,0,1,2.503097362971664,win,14
1h,15min,2023-02-14 02:00:00+00:00,long,21728.39,21673.124322,21845.79,21679.36,21729.74,0.23186255401344058,0.25434778186510715,2.1242840809806403,4,-0.3318938679726107,2,1,0,-1.0,loss,26
1h,15min,2023-02-16 09:30:00+00:00,long,24613.04,24425.197392,24905.0,24344.0,24560.96,0.8814839613473147,0.7631832882082126,1.5542799533532616,10,7.0143617521834924,9,3,1,-1.0,loss,17
1h,15min,2023-02-17 00:30:00+00:00,long,23758.58,23334.618284,25250.0,23353.87,24009.7,2.7603922456645207,1.7844573034247062,3.5178176323826196,8,1.342632726026282,0,4,0,1.2761057887594613,timeout,288
1h,15min,2023-02-17 04:15:00+00:00,short,23776.88,23919.335376000003,23339.37,23778.22,23966.2,0.7905999441474221,0.5991340159011682,3.0712073653155554,10,-1.2666298538860665,4,4,0,-1.0,loss,40
1h,15min,2023-02-19 20:00:00+00:00,short,24426.62,24574.745324,24277.53,24531.91,24660.0,0.5243869188614723,0.606409417266902,1.0065125663455061,4,-0.17258071474729736,20,6,0,1.0065125663455061,win,1
1h,15min,2023-02-21 17:45:00+00:00,long,24655.45,24274.41891,25250.0,24298.0,24316.4,0.07462853040606217,1.545423385093358,1.5603713597228999,6,0.14141507713580237,17,1,0,-1.0,loss,14
1h,15min,2023-02-22 11:15:00+00:00,short,24097.84,24275.699568,23855.55,24192.32,24264.27,0.29857447804450826,0.7380726571344148,1.3622545175641103,33,1.5260764758133991,11,2,0,1.3622545175641103,win,15
1h,15min,2023-02-22 11:45:00+00:00,long,24160.87,24038.597826,24476.05,24070.98,24076.06,0.021025732930981984,0.5060752116955967,2.577691961214378,1,-1.2428479310900082,11,2,0,-1.0,loss,5
1h,15min,2023-02-23 05:15:00+00:00,short,24466.81,24604.483362,23574.69,24538.52,24550.0,0.04692070605035786,0.5626943684117288,6.479975407297872,11,-0.6508109512916834,5,3,0,6.479975407297872,win,136
1h,15min,2023-02-23 14:30:00+00:00,short,23941.89,24233.228378,23608.0,24008.0,24190.0,0.7601739043993603,1.2168562214595438,1.1460556700154312,6,1.4168777832742352,14,3,1,1.1460556700154312,win,99
1h,15min,2023-02-25 16:45:00+00:00,short,23012.55,23090.89251,22858.35,23066.59,23096.99,0.13210183139200765,0.3404338502252129,1.9682800563831355,13,2.4461371316827862,16,5,0,1.9682800563831355,win,16
1h,15min,2023-02-26 21:30:00+00:00,short,23587.53,23694.707506000002,23112.35,23353.1,23685.27,1.4082441018623058,0.4543820654388299,4.4335795609946755,12,-0.8960100863333608,21,6,0,-1.0,loss,64
1h,15min,2023-03-01 16:45:00+00:00,long,23691.9,23546.06162,24000.0,23498.0,23631.97,0.5654675226554272,0.6155621963624742,2.1126126058174557,13,0.9069603732177637,16,2,0,-1.0,loss,12
1h,15min,2023-03-01 22:15:00+00:00,short,23474.42,23598.014884,23300.0,23471.62,23646.73,0.7459609225701874,0.5265087870115722,1.4112234613205799,4,0.06616361514865593,22,2,0,-1.0,loss,5
1h,15min,2023-03-01 23:15:00+00:00,long,23559.23,23295.288154,24000.0,23336.46,23425.44,0.3776863675086137,1.1203330754018612,1.6699511906876787,14,0.2889274046449246,23,2,0,-1.0,loss,55
1h,15min,2023-03-01 23:15:00+00:00,long,23559.23,23295.288154,24000.0,23296.94,23305.97,0.038328926709414846,1.1203330754018612,1.6699511906876787,13,0.2889274046449246,23,2,0,-1.0,loss,55
1h,15min,2023-03-02 05:00:00+00:00,short,23487.54,23551.517508,23300.0,23543.63,23595.11,0.21918004184346065,0.27238913909247175,2.9313426837444347,1,0.04861629228416379,5,3,0,2.9313426837444347,win,32
1h,15min,2023-03-03 09:15:00+00:00,short,22396.4,22484.44928,21971.13,22454.94,23398.85,4.214561268775338,0.3931403261238381,4.829908887386745,1,3.7400419688133733,9,4,1,-1.0,loss,19
1h,15min,2023-03-05 09:15:00+00:00,long,22370.37,22184.745926,22662.09,22251.61,22290.78,0.1750976850181658,0.8297765034731182,1.5715633953815826,27,-0.9725657391622162,9,6,1,-1.0,loss,215
1h,15min,2023-03-06 08:30:00+00:00,long,22422.5,22351.595500000003,22560.0,22372.32,22385.12,0.05708551678001683,0.31622031441630916,1.939228116692255,2,-0.35937061439246576,8,0,1,1.939228116692255,win,29
1h,15min,2023-03-06 23:30:00+00:00,short,22408.29,22454.481658,22320.01,22416.41,22465.0,0.2168393929211026,0.2061364700296173,1.9111675965388162,8,0.3166859761167891,23,0,0,-1.0,loss,6
1h,15min,2023-03-12 19:15:00+00:00,short,20856.81,21335.921362,20270.6,21020.64,21400.0,1.8188783423735488,2.2971459297946315,1.2235360012188632,3,-1.6059962914492774,19,6,0,-1.0,loss,6
1h,15min,2023-03-14 19:45:00+00:00,long,25054.15,24207.479170000002,26386.87,24287.27,24443.1,0.6219728069002464,3.379363618402537,1.5740709999422076,2,7.605522747345822,19,1,0,-1.0,loss,5
1h,15min,2023-03-14 20:30:00+00:00,short,24667.23,25172.833446,24118.28,25160.0,25601.4,1.7894185930078144,2.049696889354828,1.0857323152026137,2,-6.017102415745523,20,1,0,1.0857323152026137,win,2
1h,15min,2023-03-20 14:45:00+00:00,long,28055.89,27710.188822,28472.0,27733.0,28006.0,0.9730577073120831,1.2321875299625118,1.2036696039259704,19,2.985914656937833,14,0,1,-1.0,loss,4
1h,15min,2023-03-20 20:00:00+00:00,long,27901.2,27455.76976,28472.0,27464.97,27465.42,0.0016128338565978867,1.5964554929537134,1.281457675617168,15,2.1763580577794777,20,0,0,-1.0,loss,44
1h,15min,2023-03-22 21:30:00+00:00,short,27129.69,27443.405938,26601.8,27377.0,27781.51,1.4910233032518927,1.1563565156844815,1.682700609237129,2,2.630215154206209,21,2,0,-1.0,loss,32
1h,15min,2023-03-23 19:30:00+00:00,long,28141.97,27766.591606,28750.0,27495.68,27975.27,1.7041806241709452,1.3338739043499777,1.6197788943601261,3,1.3279680286090576,19,3,0,-1.0,loss,81
1h,15min,2023-03-25 04:45:00+00:00,short,27535.25,27663.70705,27000.0,27621.66,27687.18,0.23794953741113822,0.466518553490529,4.166762353642687,10,1.0461051716125844,4,5,0,-1.0,loss,44
1h,15min,2023-03-27 20:00:00+00:00,short,26945.19,27318.809038,26508.14,27040.0,27600.0,2.0782930088821048,1.3865889904654625,1.1697744374578642,16,2.6144064088344994,20,0,0,-1.0,loss,91
1h,15min,2023-03-28 22:45:00+00:00,long,27218.39,27090.216322,27520.0,26925.32,27158.15,0.8554142989353953,0.4709083748157007,2.35313525137355,4,-0.405053059145095,22,1,0,2.35313525137355,win,23
1h,15min,2023-03-30 20:30:00+00:00,long,28099.51,27680.380098,28775.6,27650.0,27969.69,1.1377066717533464,1.4915914975029705,1.6130798513154165,12,0.27267629397417475,20,3,0,-1.0,loss,43
1h,15min,2023-03-31 17:30:00+00:00,short,28282.27,28662.346454,27511.71,28542.97,28568.23,0.08931390584984301,1.343868275071266,2.0273815751817263,16,-0.7644648850452335,17,4,0,-1.0,loss,34
1h,15min,2023-03-31 18:30:00+00:00,long,28386.53,28257.192693999998,28656.69,28185.63,28320.79,0.47614132477622256,0.4556291522775108,2.0888018187111244,4,1.101945705804036,18,4,0,2.0888018187111244,win,30
1h,15min,2023-04-01 08:45:00+00:00,short,28440.56,28490.798112,28343.04,28482.72,28530.59,0.16831595439751884,0.1766424852393873,1.941155750439073,1,-0.8100363055876261,8,5,1,1.941155750439073,win,13
1h,15min,2023-04-02 16:45:00+00:00,long,28121.97,27921.375606,28530.0,27980.0,28082.71,0.36523045860584846,0.7133013583330035,2.034104701849242,7,-0.6498809130519037,16,6,0,-1.0,loss,11
1h,15min,2023-04-02 18:45:00+00:00,short,28156.98,28235.531396000002,27927.0,28143.54,28239.45,0.3406260188415088,0.27897663740927675,2.9277646446918912,7,0.4980427669682768,18,6,0,2.9277646446918912,win,3
1h,15min,2023-04-03 13:15:00+00:00,long,28214.71,28057.527058,28500.99,27962.9,28300.0,1.1947668432530356,0.5570957206365029,1.821317226649209,9,0.09798880890553659,13,0,1,-1.0,loss,5
1h,15min,2023-04-03 14:30:00+00:00,short,28087.98,28380.617596,27560.0,28257.69,28301.13,0.15465690305960889,1.041860596596838,1.8042111034837736,3,0.35482130362700237,14,0,1,1.8042111034837736,win,25
1h,15min,2023-04-04 00:00:00+00:00,short,27761.66,28005.552332,27200.24,27765.0,28037.2,0.9804889188902994,0.8785221488916708,2.3019173886942847,8,1.296282321519399,0,1,0,-1.0,loss,26
1h,15min,2023-04-05 03:45:00+00:00,long,28544.72,28422.981055999997,28775.0,28211.86,28543.34,1.161265551037108,0.4264849821613393,1.891588611118483,4,1.3740159946864097,3,2,0,-1.0,loss,35
1h,15min,2023-04-05 20:15:00+00:00,short,28208.14,28313.681628000002,27805.1,28127.0,28300.0,0.6132981472723831,0.37415309197984226,3.818777553819718,4,0.020873508014285294,20,2,0,3.818777553819718,win,55
1h,15min,2023-04-06 04:15:00+00:00,short,28092.48,28159.308495999998,27805.1,28090.0,28137.67,0.1696895396917547,0.23788749159916914,4.300261373531562,9,0.35663133079496023,4,3,0,4.300261373531562,win,23
1h,15min,2023-04-07 18:30:00+00:00,short,27894.36,27990.328872,27766.94,27984.75,27999.9,0.054312054479835545,0.3440440002925238,1.3277221805837731,16,0.5241754249756773,18,4,0,-1.0,loss,35
1h,15min,2023-04-08 08:15:00+00:00,long,28097.99,28058.270402,28154.99,28040.72,28086.28,0.16214682971983999,0.14136099414941536,1.4350598412399653,2,0.2822102292100387,8,5,1,-1.0,loss,2
1h,15min,2023-04-08 23:30:00+00:00,short,27942.29,27992.998458,27872.11,27955.0,27995.93,0.14648047815694523,0.18147567003276158,1.3839900239128544,13,0.22269725077172287,23,5,0,-1.0,loss,3
1h,15min,2023-04-10 00:00:00+00:00,long,28364.48,28279.937104,28530.0,28160.67,28360.0,0.7027451234783847,0.29805903721837673,1.957822689206227,4,1.222510379646489,0,0,0,-1.0,loss,5
1h,15min,2023-04-14 03:15:00+00:00,long,30674.19,30513.865162,30893.79,30388.71,30682.09,0.9564392735390926,0.5226701601574498,1.3697191448277126,3,2.2919491767901774,3,4,0,1.3697191448277126,win,13
1h,15min,2023-04-14 18:45:00+00:00,short,30277.1,30363.85542,29966.0,30269.41,30483.21,0.7061442476326969,0.28653807663217856,3.585943103036027,6,-0.2823926224662397,18,4,0,-1.0,loss,6
1h,15min,2023-04-14 23:45:00+00:00,long,30466.93,30364.426614,30850.0,30346.99,30393.26,0.15186958449701626,0.3364414662061465,3.737144839293392,2,0.8119089608472715,23,4,0,-1.0,loss,5
1h,15min,2023-04-17 03:30:00+00:00,short,29975.29,30107.305058,29740.64,29993.89,30245.0,0.8377233381228357,0.44041294679718146,1.7774487513386534,4,0.9729544329156067,3,0,0,1.7774487513386534,win,32
1h,15min,2023-04-18 16:00:00+00:00,long,30256.57,30093.318686,30485.0,29971.71,30279.8,1.018258183263999,0.5395565789512857,1.3992536684880765,8,1.0674331528303733,16,1,0,-1.0,loss,7
1h,15min,2023-04-19 06:00:00+00:00,short,30220.69,30331.554138,29945.58,30259.4,30282.95,0.07792674488901237,0.36684846706015256,2.4815057868396986,11,-0.6067057205371008,6,2,0,2.4815057868396986,win,8
1h,15min,2023-04-20 02:00:00+00:00,short,28891.4,29005.77828,28520.0,28965.99,29036.95,0.24560942010424947,0.39589040337262016,3.247119995160013,2,2.772799618168538,2,3,0,-1.0,loss,17
1h,15min,2023-04-22 18:00:00+00:00,short,27643.73,27809.908746,27184.24,27409.62,27712.75,1.0965596900273626,0.6011444403486845,2.7650347054610345,13,1.578877823536119,18,5,0,-1.0,loss,18
1h,15min,2023-04-22 19:00:00+00:00,long,27634.99,27518.143001999997,27804.38,27562.17,27567.6,0.019649002948798934,0.42282265345492986,1.449673529481629,2,-1.5635892532479676,19,5,0,1.449673529481629,win,14
1h,15min,2023-04-23 15:45:00+00:00,long,27474.47,27305.755106,27777.0,27358.41,27382.07,0.08611631088788921,0.6140787938766449,1.7931434079554214,2,-1.443503656155437,15,6,0,1.7931434079554214,win,36
1h,15min,2023-04-24 13:15:00+00:00,short,27415.42,27585.483084,27157.14,27546.69,27633.17,0.3154429149726671,0.6203190904972503,1.518730543543459,6,1.1206195810957174,13,0,1,-1.0,loss,1
1h,15min,2023-04-25 05:00:00+00:00,short,27333.58,27451.456716,26942.82,27429.99,27432.01,0.007390177210584192,0.43125238625894907,3.314988856662802,7,1.0174259433846822,5,1,0,-1.0,loss,3
1h,15min,2023-04-25 19:45:00+00:00,long,27611.4,27472.69772,27790.19,27419.06,27553.3,0.4861759997682043,0.5023370057295223,1.2890199065220522,3,0.2500771177352503,19,1,0,1.2890199065220522,win,1
1h,15min,2023-04-26 15:00:00+00:00,long,29775.09,29518.594982,30036.0,29138.83,29652.9,1.7265103144944303,0.8614416211672289,1.0172127397811617,3,5.862279313100494,15,2,0,-1.0,loss,17
1h,15min,2023-04-26 22:30:00+00:00,short,28298.54,28745.649708,27235.0,28420.9,29708.67,4.550658797238291,1.5799744721812499,2.37870030771061,6,-0.28634425944853875,22,2,0,-1.0,loss,7
1h,15min,2023-04-29 22:00:00+00:00,short,29192.96,29314.888592,29031.0,29300.0,29325.34,0.0868017494628847,0.41766436839566873,1.328318463646319,10,-0.21443607384192095,22,5,0,-1.0,loss,42
1h,15min,2023-05-01 09:30:00+00:00,short,28554.84,28719.650967999998,28250.15,28680.38,29215.93,1.8755139233839142,0.5771734949311499,1.8487240485111553,10,1.929732348066673,9,0,1,1.8487240485111553,win,23
1h,15min,2023-05-03 11:15:00+00:00,long,28634.61,28545.903078,28785.79,28524.12,28582.44,0.20366961519643437,0.3097891747085126,1.7042638453851235,2,0.2094878373535045,11,2,0,-1.0,loss,2
1h,15min,2023-05-03 15:30:00+00:00,long,28300.27,28108.029946,28767.93,28141.0,28263.7,0.4335647681099888,0.679286996201809,2.4326876229445697,11,-0.8774339822364619,15,2,0,2.4326876229445697,win,8
1h,15min,2023-05-04 19:30:00+00:00,long,28854.44,28657.869112,29379.83,28577.21,28923.52,1.2001965728671267,0.681250053717897,2.6727762454835498,25,0.35575932559473994,19,3,0,2.6727762454835498,win,26
1h,15min,2023-05-05 04:15:00+00:00,long,29240.31,29138.591937999998,29531.0,28961.21,29200.0,0.8166466087397871,0.3478693009752754,2.8578012034872287,3,1.4880941705488657,4,4,0,-1.0,loss,10
1h,15min,2023-05-05 19:30:00+00:00,long,29487.66,29309.882468,29677.0,29371.68,29454.24,0.2799815244749882,0.6028878927659911,1.0650389724163798,6,1.7972049462922093,19,4,0,1.0650389724163798,win,20
1h,15min,2023-05-07 01:45:00+00:00,short,28887.79,29144.067558000002,28300.0,29096.86,29200.01,0.3570712747496358,0.8871483696052954,2.2935679760144945,2,0.4814930786177561,1,6,0,2.2935679760144945,win,95
1h,15min,2023-05-07 11:30:00+00:00,long,28845.3,28636.23094,29349.0,28633.01,28669.48,0.12643307575237964,0.7247941952415056,2.409251756333556,56,-0.4853100403835224,11,6,0,-1.0,loss,49
1h,15min,2023-05-08 15:30:00+00:00,short,27868.26,28087.713652,27577.01,27989.11,28124.39,0.4854267901907003,0.7874680801743639,1.3271595042765558,2,2.7334697276950624,15,0,0,1.3271595042765558,win,9
1h,15min,2023-05-09 03:15:00+00:00,short,27575.08,27754.855016,27262.0,27613.74,27833.58,0.7972415673862057,0.6519473959821679,1.741510066115096,22,2.7986052536939936,3,1,0,-1.0,loss,35
1h,15min,2023-05-10 03:00:00+00:00,long,27701.58,27646.259684,27849.94,27659.59,27670.23,0.038409361487681995,0.19970094124595483,2.681835729210111,2,-1.056838173496124,3,2,0,-1.0,loss,12
1h,15min,2023-05-10 21:15:00+00:00,short,27539.42,27987.737884,26777.0,27539.57,28145.79,2.2012809274850422,1.6279133111735833,1.7006236583682621,9,1.3079725404429512,21,2,0,1.7006236583682621,win,82
1h,15min,2023-05-12 10:30:00+00:00,short,26361.38,26442.272276,26120.74,26318.62,26513.18,0.7380493737429576,0.3068590339352442,2.9748204884234357,14,3.554482849022253,10,4,0,-1.0,loss,8
1h,15min,2023-05-13 00:15:00+00:00,short,26710.68,26900.242136,25811.46,26889.99,26922.54,0.12186136781242288,0.7096866721476222,4.743668851674044,9,1.21126483863167,0,5,0,-1.0,loss,4
1h,15min,2023-05-17 04:30:00+00:00,long,27084.21,27035.583158,27238.55,27049.74,27058.61,0.03274970914787244,0.17953945121529427,3.1739671681744617,6,-0.018104705667129153,4,2,0,-1.0,loss,2
1h,15min,2023-05-17 10:00:00+00:00,short,26843.42,26882.788684,26760.0,26861.89,26931.54,0.25946768332798675,0.1466604627875321,2.118943066524557,3,0.8273792798654136,10,2,0,-1.0,loss,1
1h,15min,2023-05-18 16:30:00+00:00,long,27102.51,26976.139498,27472.14,26947.76,27064.95,0.43239537592644495,0.4662686297320726,2.924970575807375,7,-0.15918336893466595,16,3,0,-1.0,loss,4
1h,15min,2023-05-19 02:00:00+00:00,long,26823.1,26743.96538,27472.14,26771.53,26843.93,0.2699166017350771,0.2950241396408211,8.201720056279095,11,-0.9086499300457409,2,4,0,-1.0,loss,52
1h,15min,2023-05-19 21:15:00+00:00,long,26891.8,26624.62164,27183.6,26653.4,26691.2,0.14056329438713389,0.9935309648294205,1.0921543196836803,23,-0.34647550574029184,21,4,0,1.0921543196836803,win,110
1h,15min,2023-05-21 14:45:00+00:00,short,26898.32,26977.589664,26776.23,26955.0,27030.0,0.2788278227041689,0.2947011709281452,1.540185662954254,2,0.3347366539058698,14,6,1,1.540185662954254,win,25
1h,15min,2023-05-23 09:15:00+00:00,short,27292.36,27352.528471999998,26798.11,27324.28,27366.69,0.15539147219221736,0.22045902955991187,8.214434961885354,2,-1.1817446903554618,9,1,1,-1.0,loss,11
1h,15min,2023-05-23 10:15:00+00:00,long,27313.13,27199.547373999998,27495.83,27173.53,27338.35,0.6034460349289872,0.41585356932729084,1.6085206552628548,15,1.2254782558512285,10,1,0,-1.0,loss,13
1h,15min,2023-05-24 01:00:00+00:00,long,27185.66,27095.352868,27386.26,27110.0,27115.2,0.019127731311289583,0.33218664545940063,2.2213085008612916,24,0.44330696722996593,1,2,0,-1.0,loss,8
1h,15min,2023-05-24 09:15:00+00:00,long,26793.86,26607.641228,27343.7,26675.69,26691.66,0.059603207600551635,0.695005393026612,2.9526561371589306,23,-0.8446666218502272,9,2,1,-1.0,loss,18
1h,15min,2023-05-24 09:45:00+00:00,short,26750.8,26844.370160000002,26649.88,26812.63,27111.0,1.1153685123435522,0.3497845298084653,1.0785489733051121,19,0.9942177091556462,9,2,1,1.0785489733051121,win,15
1h,15min,2023-05-25 23:00:00+00:00,long,26524.55,26427.15509,26631.98,26413.08,26458.52,0.1713129911723241,0.3671877939493755,1.1030350559387685,8,-0.20681730561318482,23,3,0,-1.0,loss,7
1h,15min,2023-05-26 10:30:00+00:00,long,26472.5,26321.9455,26631.98,26320.03,26330.47,0.03943715176127048,0.5687203701954797,1.0592841794831858,18,-0.259008752999419,10,4,0,1.0592841794831858,win,14
1h,15min,2023-05-26 18:30:00+00:00,long,26744.53,26605.141094000002,26932.16,26593.35,26741.61,0.5543563487561831,0.5211865977827859,1.3460899104840218,3,0.6824336833389508,18,4,0,-1.0,loss,77
1h,15min,2023-05-27 19:15:00+00:00,long,26754.12,26697.279176,26846.0,26694.26,26702.63,0.03128490116663385,0.21245633943481967,1.616443843249047,1,0.438183483543557,19,5,0,1.616443843249047,win,17
1h,15min,2023-05-29 05:45:00+00:00,short,27990.72,28052.608143999998,27243.19,28004.41,28096.0,0.3272155914531678,0.2211023653553636,12.078727066044197,2,-2.942425021487577,5,0,0,12.078727066044197,win,189
1h,15min,2023-05-29 11:00:00+00:00,long,27897.45,27740.20051,28447.14,27593.84,27835.02,0.8645234600295019,0.5636697619316532,3.4956552164334003,1,2.250458046579629,11,0,0,-1.0,loss,15
1h,15min,2023-05-30 04:30:00+00:00,short,27763.15,27946.102629999998,27524.6,27841.94,27862.44,0.07383888355608063,0.658976485016996,1.3038894275529571,5,-1.121485207753738,4,1,0,-1.0,loss,23
1h,15min,2023-06-01 00:30:00+00:00,short,27111.73,27355.422346,26839.01,27282.58,27600.0,1.1707847488891274,0.8988446919469906,1.1191159856945256,4,1.0084770283268814,0,3,0,1.1191159856945256,win,9
1h,15min,2023-06-01 06:15:00+00:00,short,26811.63,26888.962325999997,26605.05,26838.89,27059.74,0.8237097110470425,0.2884282902605925,2.671327899797197,4,1.8700084701396176,6,3,0,-1.0,loss,10
1h,15min,2023-06-03 04:30:00+00:00,long,27149.22,27086.570156,27300.0,27093.82,27131.02,0.13702051108650903,0.23076111947230737,2.406709903379805,13,0.09407334284417364,4,5,0,2.406709903379805,win,45
1h,15min,2023-06-03 07:45:00+00:00,short,27174.42,27218.214883999997,27006.22,27189.4,27229.9,0.14903721956163188,0.1611621664786185,3.840631248161336,6,-0.17102732055952005,7,5,1,-1.0,loss,30
1h,15min,2023-06-04 10:00:00+00:00,short,27206.39,27255.301278,26914.93,27183.09,27227.19,0.16209427270578178,0.17977864023856008,5.958952861546607,4,-0.3040177126130398,10,6,0,-1.0,loss,14
1h,15min,2023-06-05 23:45:00+00:00,short,25728.2,25863.565639999997,25388.0,25809.7,26000.0,0.7396553198435929,0.5261372346296916,2.5131931559590006,2,3.999715687429576,23,0,0,2.5131931559590006,win,49
1h,15min,2023-06-06 20:30:00+00:00,short,26939.17,27227.387834,25351.02,27129.33,27188.27,0.21878922030633718,1.0698838679885192,5.510241951231868,3,-1.8813039063081873,20,1,0,-1.0,loss,11
1h,15min,2023-06-07 03:45:00+00:00,long,26909.01,26715.088198,27391.77,26782.52,26857.92,0.2802035452065974,0.7206575121121034,2.4894570647606153,2,1.3391954117494898,3,2,0,-1.0,loss,22
1h,15min,2023-06-07 11:00:00+00:00,long,26667.76,26346.666448,27391.77,26401.0,26637.64,0.8873636180916562,1.2040514538903848,2.25482572132126,6,0.2810692173295645,11,2,0,-1.0,loss,15
1h,15min,2023-06-07 17:30:00+00:00,long,26527.57,26230.694486,26980.04,26143.69,26290.56,0.5536504097435333,1.1191206507041518,1.5241068348937734,10,-0.24393678319902962,17,2,0,-1.0,loss,17
1h,15min,2023-06-09 11:45:00+00:00,long,26610.19,26554.677962,26685.43,26500.0,26591.0,0.34197425873321463,0.20861195654746215,1.3553816921656796,2,0.32100444402730527,11,4,0,1.3553816921656796,win,4
1h,15min,2023-06-12 00:30:00+00:00,short,25869.99,25978.513998,25672.68,25938.8,25972.64,0.13080793614531797,0.41949764186223854,1.818123213632499,2,0.5475604473384231,0,0,0,-1.0,loss,1
1h,15min,2023-06-12 07:45:00+00:00,short,25802.98,25910.790596000003,25602.11,25848.84,25891.66,0.16594982440012632,0.4178222670404852,1.863174933194817,6,0.6822578273849108,7,0,1,-1.0,loss,2
1h,15min,2023-06-12 16:45:00+00:00,short,25825.41,25910.395082,25734.47,25878.84,25899.89,0.08150887052712531,0.3290754415902758,1.0700701565481752,2,0.5303785943581288,16,0,0,1.0700701565481752,win,2
1h,15min,2023-06-12 22:15:00+00:00,short,25898.08,25975.229616,25652.04,25933.11,25936.3,0.012317515429710196,0.2978970487387435,3.189127992548981,18,0.1871867654492115,22,0,0,-1.0,loss,8
1h,15min,2023-06-14 09:00:00+00:00,short,25914.97,25948.062994,25808.1,25925.13,25967.16,0.16218425103327858,0.12769836893501602,3.2293844431243284,2,0.16640694659619507,9,2,1,-1.0,loss,2
1h,15min,2023-06-15 02:45:00+00:00,short,25083.79,25211.536758000002,24820.56,25190.03,25833.88,2.566797122763355,0.5092801287205846,2.0605610985446474,8,2.909043455218461,2,3,0,2.0605610985446474,win,34
1h,15min,2023-06-17 04:15:00+00:00,long,26297.33,26175.740534,26518.0,25993.61,26274.21,1.0670284777960293,0.4623643008624878,1.8148776144801553,10,2.054713301796531,4,5,0,1.8148776144801553,win,5
1h,15min,2023-06-17 18:30:00+00:00,long,26522.65,26305.69547,26839.99,26293.06,26342.19,0.18523790043603253,0.8179971835393623,1.462702806896893,13,1.9242032920284695,18,5,0,-1.0,loss,114
1h,15min,2023-06-17 18:30:00+00:00,long,26522.65,26305.69547,26839.99,26363.69,26648.74,1.0747417773111017,0.8179971835393623,1.462702806896893,46,1.9242032920284695,18,5,0,-1.0,loss,114
1h,15min,2023-06-19 04:00:00+00:00,long,26424.89,26374.715022,26700.0,26400.0,26422.6,0.08552542697433572,0.18987771756097793,5.483011870976914,4,0.44141153008048784,4,0,0,-1.0,loss,2
1h,15min,2023-06-19 14:15:00+00:00,short,26448.01,26582.159602,26256.61,26487.01,26600.01,0.4272533169792359,0.507220021468539,1.426765321301482,8,-0.40068772246036105,14,0,1,-1.0,loss,11
1h,15min,2023-06-20 04:15:00+00:00,long,26946.02,26870.570796,27179.03,26857.8,26881.35,0.08739695138651003,0.2800012914708757,3.08830295943211,9,1.7383244913602907,4,1,0,-1.0,loss,5
1h,15min,2023-06-21 04:15:00+00:00,long,28767.99,28672.246402,29088.09,28490.35,28759.15,0.9343718487110254,0.3328129563448851,3.3433044786973167,5,5.9322418166954884,4,2,0,3.3433044786973167,win,25
1h,15min,2023-06-22 17:00:00+00:00,short,29956.6,30182.95132,29525.61,29963.58,30107.47,0.4803282081411089,0.7555974977133639,1.9040754876092394,4,-3.6454886778155435,17,3,0,-1.0,loss,3
1h,15min,2023-06-23 23:45:00+00:00,long,30688.5,30446.9623,31431.94,30356.3,30666.67,1.0113560454241783,0.7870625804454462,3.077946010084539,17,3.1456351194688814,23,4,0,-1.0,loss,5
1h,15min,2023-06-24 06:30:00+00:00,long,30701.26,30625.269748,31431.94,30629.88,30702.8,0.23751468180784197,0.24751509221445506,9.61544383350649,10,2.6587317586072317,6,5,0,-1.0,loss,4
1h,15min,2023-06-24 07:30:00+00:00,short,30602.0,30956.1204,29911.07,30944.42,31007.18,0.2050846349911837,1.1571805764329122,1.9511160610910885,43,-2.2732811808267117,7,5,1,-1.0,loss,84
1h,15min,2023-06-24 07:30:00+00:00,short,30602.0,30800.2304,29911.07,30669.35,30788.51,0.38938631461995904,0.6477694268348486,3.4854896120877474,31,-2.2732811808267117,7,5,1,-1.0,loss,82
1h,15min,2023-06-25 10:30:00+00:00,long,30674.0,30578.3752,31046.01,30582.0,30592.0,0.03260089978483406,0.3117454521744846,3.890308790188245,4,1.213015284936646,10,6,0,-1.0,loss,11
1h,15min,2023-06-26 04:15:00+00:00,short,30228.0,30334.675600000002,29963.6,30240.0,30391.75,0.5020179965594813,0.3529032684927958,2.4785424220721115,4,0.43899284106505815,4,0,0,-1.0,loss,9
1h,15min,2023-06-26 19:00:00+00:00,short,30089.67,30245.637934,29930.0,30170.38,30325.0,0.513864060323689,0.5183437837636645,1.0237360712875636,2,0.838723791156979,19,0,0,-1.0,loss,3
1h,15min,2023-06-29 23:15:00+00:00,long,30482.19,30243.903562,30843.98,30242.0,30337.23,0.3124119362814797,0.7817234850907996,1.5182987459823547,12,0.284582849237154,23,3,0,1.5182987459823547,win,17
1h,15min,2023-06-30 01:00:00+00:00,short,30402.81,30532.500561999997,30250.0,30454.76,30495.89,0.13528354780364388,0.4265742607344391,1.17826615632991,10,-0.015730917227540896,1,4,0,-1.0,loss,4
1h,15min,2023-06-30 19:00:00+00:00,long,30414.68,30281.927064,31137.36,30213.0,30376.59,0.5378652676931013,0.4364765172607464,5.443796738325969,4,-0.20722460833120857,19,4,0,-1.0,loss,177
1h,15min,2023-06-30 23:00:00+00:00,short,30467.73,30754.173546,29500.0,30312.98,30892.0,1.9004369541150603,0.9401538808437723,3.3784318533746682,26,0.021821825492311767,23,4,0,-1.0,loss,189
1h,15min,2023-07-02 04:15:00+00:00,long,30535.85,30457.05283,30661.6,30465.87,30469.97,0.013426840909953983,0.2580480648156118,1.5958694963283984,8,0.09500045149585389,4,6,0,-1.0,loss,44
1h,15min,2023-07-02 04:15:00+00:00,long,30535.85,30457.05283,30661.6,30491.88,30503.94,0.039494561310714035,0.2580480648156118,1.5958694963283984,8,0.09500045149585389,4,6,0,-1.0,loss,44
1h,15min,2023-07-03 09:30:00+00:00,short,30642.01,30765.928401999998,30425.47,30704.3,30750.46,0.15064285926412743,0.40440689758928783,1.7474402228007944,9,-0.2650019640204604,9,0,1,-1.0,loss,22
1h,15min,2023-07-04 23:45:00+00:00,short,30766.51,30849.883302,30620.0,30808.49,30839.0,0.09916626877731144,0.27098719354258893,1.7572771676957026,11,0.17775932164256714,23,1,0,-1.0,loss,9
1h,15min,2023-07-05 05:00:00+00:00,long,30861.07,30613.827786,31130.0,30696.83,30736.27,0.12779855008267274,0.8011459550819141,1.087718782521509,40,0.1253864221172438,5,2,0,-1.0,loss,21
1h,15min,2023-07-05 18:15:00+00:00,short,30464.5,30597.6629,30200.0,30489.99,30678.0,0.6171445452904147,0.437108437689768,1.9862889738808729,5,0.8890557282958825,18,2,0,-1.0,loss,45
1h,15min,2023-07-05 20:30:00+00:00,long,30492.83,30377.731434,30815.0,30422.45,30448.91,0.08677449748022445,0.37746108183464955,2.7990791822723198,8,-0.7437294793760747,20,2,0,-1.0,loss,19
1h,15min,2023-07-06 16:30:00+00:00,short,30257.14,30500.051428,29888.0,30438.2,30500.0,0.20424931107169836,0.8028234922401768,1.5196485527226833,4,1.3811078193849176,16,3,0,1.5196485527226833,win,27
1h,15min,2023-07-08 06:15:00+00:00,short,30196.45,30260.76929,30116.0,30241.16,30272.35,0.10329028743444574,0.21300281986789657,1.2507911701139955,1,0.6235666009795421,6,5,0,-1.0,loss,8
1h,15min,2023-07-08 14:00:00+00:00,short,30196.0,30245.4092,30145.21,30210.0,30222.79,0.04235660352364841,0.16362829513842309,1.0279462124463195,3,0.515404660090403,14,5,1,-1.0,loss,8
1h,15min,2023-07-09 07:00:00+00:00,long,30283.5,30227.2733,30402.98,30225.3,30246.47,0.06990605445210063,0.18566777287961847,2.1249690983109653,4,-0.09237044733063843,7,6,1,-1.0,loss,28
1h,15min,2023-07-11 00:30:00+00:00,short,30371.04,30514.124208,30143.21,30397.04,30765.43,1.2129647190218031,0.4711205411470935,1.5922791423635052,6,-0.25450862937143476,0,1,0,-1.0,loss,4
1h,15min,2023-07-13 02:45:00+00:00,short,30337.55,30439.31751,30210.0,30348.0,30430.0,0.27029209675797816,0.33545065438705995,1.2533469670231432,23,0.43404335201297706,2,3,0,-1.0,loss,25
1h,15min,2023-07-13 11:00:00+00:00,short,30555.86,30643.171172000002,30251.0,30538.44,30652.0,0.3716472061332959,0.2857428067807665,3.4916493848003234,6,-0.32405932599184983,11,3,0,-1.0,loss,10
1h,15min,2023-07-13 22:00:00+00:00,long,31311.91,30993.737618,31804.2,30975.0,31056.08,0.25894300283822275,1.0161385300353785,1.5472430287805428,4,2.2738538074740537,22,3,0,-1.0,loss,77
1h,15min,2023-07-15 02:00:00+00:00,short,30320.0,30396.964,29900.0,30250.0,30648.0,1.3126649076517152,0.2538390501319259,5.457096824489375,20,1.4233114103529867,2,5,0,-1.0,loss,145
1h,15min,2023-07-17 11:45:00+00:00,short,30161.7,30267.932340000003,29965.39,30209.99,30258.24,0.15997108916274613,0.3522093913804669,1.8479306772306539,3,0.7185044278927282,11,0,0,-1.0,loss,6
1h,15min,2023-07-17 23:45:00+00:00,long,30138.0,30068.5124,30308.0,29991.91,30101.7,0.36429092839604776,0.2305647355498055,2.446479659680275,3,-0.5329910992945764,23,0,0,-1.0,loss,17
1h,15min,2023-07-19 09:15:00+00:00,long,29984.13,29861.173174,30189.09,29865.0,29950.7,0.2858178643168927,0.4100730152917609,1.6669265681922913,2,-0.3685009108278761,9,2,1,-1.0,loss,16
1h,15min,2023-07-21 06:15:00+00:00,long,29851.39,29720.369722,30316.0,29769.75,29798.39,0.09594193101225577,0.43890846623892543,3.5460923079403077,29,-0.4467933489202232,6,4,0,-1.0,loss,164
1h,15min,2023-07-22 09:15:00+00:00,long,29945.88,29914.030824,29999.0,29894.0,29927.85,0.11303725253690505,0.10635578583765018,1.6678610460753978,1,0.04021465151007204,9,5,1,-1.0,loss,2
1h,15min,2023-07-23 11:30:00+00:00,long,29915.13,29878.786974,29980.88,29885.13,29898.01,0.043055136313956785,0.12148710702578355,1.8091503993089588,20,0.05073101895529341,11,6,0,-1.0,loss,6
1h,15min,2023-07-23 23:00:00+00:00,long,30059.14,29914.358172,30350.0,29914.21,29936.53,0.0742536213610892,0.4816565876468829,2.008953775607821,6,0.4328299610132506,23,6,0,-1.0,loss,10
1h,15min,2023-07-24 00:45:00+00:00,short,30010.01,30105.582002000003,29852.29,30042.58,30093.12,0.16841047370526446,0.31846707815160485,1.6502741043343447,7,-0.24847210862202684,0,0,0,1.6502741043343447,win,5
1h,15min,2023-07-24 08:30:00+00:00,short,29770.56,29875.954112,29660.0,29799.64,29859.0,0.1993916137284639,0.35402126127287536,1.0490149582550046,15,0.46515965864658143,8,0,1,1.0490149582550046,win,5
1h,15min,2023-07-25 03:15:00+00:00,short,29095.08,29176.529016,28861.9,29114.0,29161.24,0.16236422102981535,0.27994085597976925,2.8628952374329986,4,1.7644852755739724,3,1,0,-1.0,loss,21
1h,15min,2023-07-26 00:00:00+00:00,short,29208.0,29261.8316,29082.84,29241.35,29256.6,0.052211722815666946,0.18430430019173288,2.3250284219677053,11,0.754717338330589,0,2,0,-1.0,loss,11
1h,15min,2023-07-27 02:15:00+00:00,short,29353.37,29424.040674,29195.0,29360.87,29430.44,0.23700856153824829,0.24075829793989884,2.240957826438687,5,0.041710828317761406,2,3,0,-1.0,loss,2
1h,15min,2023-07-30 08:45:00+00:00,short,29292.52,29312.228504,29268.65,29298.51,29312.16,0.04659892696156375,0.06728169512216209,1.211152302579687,2,0.09075217910012558,8,6,1,1.211152302579687,win,8
1h,15min,2023-07-31 06:15:00+00:00,long,29430.01,29354.773998,29530.0,29284.0,29384.21,0.34050277251009814,0.255643820712252,1.329017987957474,7,0.34411157297817113,6,0,0,-1.0,loss,13
1h,15min,2023-08-01 09:15:00+00:00,short,28937.47,29001.377494,28720.0,28951.12,29169.37,0.7542124449718652,0.22084686048918284,3.4028873045781474,11,1.0395276009525465,9,1,1,3.4028873045781474,win,25
1h,15min,2023-08-02 05:45:00+00:00,long,29649.99,29576.110002,30047.5,29256.32,29682.01,1.4357171789939849,0.24917377037901306,5.38048200813428,9,1.286536571785627,5,2,0,-1.0,loss,4
1h,15min,2023-08-03 13:00:00+00:00,long,29155.36,29072.598928,29275.8,29104.53,29105.14,0.002092239643072773,0.2838622881007168,1.45527356146374,2,-0.2997860652194532,13,3,1,1.45527356146374,win,6
1h,15min,2023-08-03 17:30:00+00:00,short,29250.66,29439.180132,28968.0,29412.05,29465.25,0.18187623800625602,0.6444987292594474,1.49936241292255,11,-0.01657991372474118,17,3,0,1.49936241292255,win,101
1h,15min,2023-08-03 18:45:00+00:00,long,29269.76,29131.696047999998,29433.33,29163.31,29184.81,0.07345465080683955,0.47169485503126923,1.1847408221372864,3,0.08468821870582212,18,3,0,-1.0,loss,30
1h,15min,2023-08-04 07:45:00+00:00,long,29212.92,29162.157416,29361.14,29178.7,29198.7,0.0684628582147899,0.17376757955041833,2.9198671210275857,4,-0.07897872700019855,7,4,1,-1.0,loss,11
1h,15min,2023-08-05 01:00:00+00:00,short,29113.01,29158.052602,28807.54,29104.99,29197.2,0.31673124833192834,0.1547164034223921,6.781801815090264,16,0.312198848764404,1,5,0,-1.0,loss,175
1h,15min,2023-08-05 21:15:00+00:00,long,29071.85,29046.68563,29099.0,29049.37,29060.19,0.037218133692901244,0.08655923169663644,1.0789064061608922,3,-0.24188240869574862,21,5,0,-1.0,loss,17
1h,15min,2023-08-06 17:15:00+00:00,short,29062.42,29095.802484,28991.88,29083.59,29092.67,0.03124309675518456,0.11486477726218797,2.1130842150630227,2,0.15749315783514986,17,6,0,-1.0,loss,2
1h,15min,2023-08-07 03:00:00+00:00,short,29152.0,29235.450399999998,28991.88,29200.01,29250.7,0.1738817233809081,0.2862596048298501,1.9187445476594842,23,-0.14601022082744386,3,0,0,1.9187445476594842,win,45
1h,15min,2023-08-07 11:30:00+00:00,short,29089.9,29159.67798,29018.25,29127.62,29157.42,0.10244105342403814,0.2398701267450178,1.026828234351332,4,0.06846875093320726,11,0,0,1.026828234351332,win,10
1h,15min,2023-08-08 14:30:00+00:00,long,29489.25,29348.10215,29674.7,29318.6,29363.14,0.15103809015149885,0.4786417084191738,1.3138705265436148,3,1.1109179893080185,14,1,1,1.3138705265436148,win,8
1h,15min,2023-08-09 07:00:00+00:00,long,29768.86,29607.046228,30244.0,29600.99,29696.0,0.3191590138151021,0.5435672444292504,2.936338447137834,34,1.2806209097794212,7,2,1,-1.0,loss,39
1h,15min,2023-08-09 23:45:00+00:00,short,29581.99,29631.916398,29376.67,29594.22,29676.86,0.2793591641400711,0.16877295273238754,4.112453696339259,4,-0.28755148964888966,23,2,0,-1.0,loss,3
1h,15min,2023-08-11 21:30:00+00:00,short,29409.69,29450.611938,29252.45,29431.03,29464.78,0.11475809503602384,0.13914440444628795,3.8424377652886306,2,0.18243840251118368,21,4,0,-1.0,loss,13
1h,15min,2023-08-12 04:00:00+00:00,long,29416.36,29375.676728000002,29555.99,29377.6,29396.76,0.0651338234914172,0.1383015165710455,3.432123158629093,5,-0.13286353330735814,4,5,0,-1.0,loss,101
1h,15min,2023-08-13 00:30:00+00:00,long,29442.31,29419.171538000002,29481.35,29420.39,29426.49,0.02071848302664493,0.07858915282122558,1.6872340088982125,2,-0.001967999996818981,0,6,0,-1.0,loss,10
1h,15min,2023-08-14 07:30:00+00:00,long,29430.4,29386.71392,29474.65,29361.99,29395.24,0.11297841687506795,0.14843862128956156,1.0129084596282576,1,0.07460810187354748,7,0,1,1.0129084596282576,win,4
1h,15min,2023-08-14 23:30:00+00:00,long,29440.81,29251.111838,29695.32,29298.52,29319.99,0.07292598267507301,0.6443374418027241,1.3416577014594249,22,0.06833166523846895,23,0,0,-1.0,loss,78
1h,15min,2023-08-15 00:30:00+00:00,short,29420.74,29477.194148000002,29257.0,29392.42,29480.1,0.2980210558945842,0.19188554740635588,2.9004068930417573,17,0.0010142883324817265,0,1,0,-1.0,loss,58
1h,15min,2023-08-15 01:00:00+00:00,long,29449.99,29398.820002,29695.32,29408.76,29423.01,0.0483871132044527,0.1737521744489598,4.79441097496217,4,0.09732763146820862,1,1,0,-1.0,loss,2
1h,15min,2023-08-15 22:30:00+00:00,short,29204.0,29248.920800000004,29059.6,29234.51,29302.66,0.23335844404876543,0.1538172853033951,3.214546490712324,5,0.6230630783810878,22,1,0,-1.0,loss,9
1h,15min,2023-08-16 11:00:00+00:00,short,29170.15,29222.29403,29111.0,29209.24,29223.16,0.04772001515247009,0.1787581825941912,1.1343580463574077,15,0.5524572870617072,11,2,0,1.1343580463574077,win,5
1h,15min,2023-08-17 04:15:00+00:00,short,28641.45,28712.03829,28342.0,28635.93,28723.08,0.304279287536076,0.24645501537107822,4.242205045624452,9,1.8648712228882105,4,3,0,4.242205045624452,win,40
1h,15min,2023-08-18 19:00:00+00:00,short,26071.69,26318.544338000003,25619.0,26307.24,26322.0,0.05661313094777669,0.9468290624811996,1.8338344939273061,1,6.2596951235061145,19,4,0,-0.01750019884195686,timeout,288
1h,15min,2023-08-19 09:15:00+00:00,short,25914.0,26014.3628,25619.0,26002.01,26014.0,0.046268426333262336,0.3872918113760862,2.939336088670334,19,4.755824634108946,9,5,1,-1.0,loss,20
1h,15min,2023-08-19 18:30:00+00:00,long,26128.87,26021.734226,26281.0,26051.36,26117.0,0.251216374837486,0.41002834795380927,1.4199738735261591,5,-2.914273306429442,18,5,0,-1.0,loss,82
1h,15min,2023-08-23 01:30:00+00:00,long,26060.26,25988.907948,26187.99,25856.63,26030.56,0.6674146765995439,0.27379639343582285,1.790137724420401,2,-0.23952096396856293,1,2,0,-1.0,loss,10
1h,15min,2023-08-23 22:30:00+00:00,long,26470.0,26217.136,26819.27,26185.0,26372.0,0.7064601435587458,0.95528522856064,1.3812563275120164,3,1.180594126359804,22,2,0,-1.0,loss,63
1h,15min,2023-08-24 01:15:00+00:00,short,26430.0,26553.176,25812.82,26489.66,26538.71,0.185584562996592,0.46604615966704305,5.010554004026782,8,-0.9437521354493738,1,3,0,-1.0,loss,31
1h,15min,2023-08-25 01:30:00+00:00,short,26112.01,26212.372402,25864.0,26168.0,26291.39,0.4725411793270584,0.38435341438672277,2.47114452282631,7,0.37643890794036283,1,4,0,-1.0,loss,48
1h,15min,2023-08-25 10:15:00+00:00,long,26096.01,26068.930798,26207.15,26064.99,26078.67,0.052421807011863705,0.10376759512276845,4.104256838883756,1,-0.3252549007820719,10,4,0,4.104256838883756,win,13
1h,15min,2023-08-25 10:45:00+00:00,short,26088.01,26133.967602,25974.22,26111.11,26121.71,0.04063169249014603,0.17616369358951575,2.4759777501008804,6,0.3515560311812486,10,4,0,-1.0,loss,5
1h,15min,2023-08-25 19:30:00+00:00,short,25978.58,26071.815715999997,25777.15,26056.33,26060.01,0.014165516360003714,0.3588945816129888,2.1604381737145646,3,0.6389535735625358,19,4,0,-1.0,loss,5
1h,15min,2023-08-26 22:45:00+00:00,short,26030.2,26052.82604,25985.92,26041.93,26050.01,0.031040867914953047,0.08692226721269598,1.9570371129903443,10,0.232544580507707,22,5,0,1.9570371129903443,win,9
1h,15min,2023-08-28 16:15:00+00:00,long,26140.0,26038.882,26253.99,26004.0,26090.0,0.32899770466717676,0.3868324407038966,1.127296821535268,9,0.2938146053226155,16,0,0,-1.0,loss,12
1h,15min,2023-08-28 21:15:00+00:00,long,26008.28,25912.798344,26253.99,25968.69,25991.44,0.08747214348661274,0.36712022478995127,2.573373884508276,8,-0.21704475547038404,21,0,0,2.573373884508276,win,68
1h,15min,2023-08-29 23:30:00+00:00,long,27675.15,27527.25497,28142.85,27550.0,27793.33,0.8792364269028414,0.534396489269253,3.162378073150924,12,4.452218386609095,23,1,0,-1.0,loss,6
1h,15min,2023-08-30 01:00:00+00:00,short,27542.61,27784.628522,25961.97,27733.32,27823.91,0.32890855296575067,0.8787058379725033,6.5310703781589465,5,-3.811188248991477,1,2,0,6.5310703781589465,win,168
1h,15min,2023-08-30 15:30:00+00:00,long,27253.92,27011.789216,27562.07,26103.43,27265.24,4.26290970253087,0.8884255329141542,1.2726593244748465,8,1.701424973518979,15,2,0,1.2726593244748465,win,80
1h,15min,2023-09-04 02:45:00+00:00,long,25983.16,25872.463368,26135.0,25888.0,25929.8,0.16087342725057024,0.42603221471137165,1.371676782361375,15,-0.09769111403666461,2,0,0,-1.0,loss,31
1h,15min,2023-09-04 06:15:00+00:00,long,25984.73,25907.013054,26135.0,25926.46,25975.67,0.18938045536743744,0.29908698685728297,1.9335551348093316,5,-0.08396344828823607,6,0,0,-1.0,loss,17
1h,15min,2023-09-05 00:15:00+00:00,short,25772.19,25880.124438000003,25631.21,25842.23,25853.15,0.04237125366529539,0.41880196444308326,1.306163284048364,3,0.69965833527859,0,1,0,1.306163284048364,win,11
1h,15min,2023-09-06 02:15:00+00:00,long,25806.81,25767.958638,25915.49,25771.68,25778.71,0.027240871692389857,0.15054693702941682,2.797327928940993,2,-0.1578695383317429,2,2,0,-1.0,loss,9
1h,15min,2023-09-07 23:45:00+00:00,long,26255.0,26129.249,26443.14,26025.0,26159.99,0.5141496857741443,0.4789601980575136,1.4961312434891103,1,1.6381083560184024,23,3,0,1.4961312434891103,win,4
1h,15min,2023-09-08 13:00:00+00:00,short,25830.67,25910.166134,25647.26,25896.24,26035.99,0.5410235197151294,0.30775869925170696,2.307156219697398,2,0.34598485313274646,13,4,1,-1.0,loss,2
1h,15min,2023-09-09 03:00:00+00:00,short,25874.03,25898.824806,25719.8,25889.42,25897.91,0.03281282428752537,0.09582892962558094,6.220254354883397,1,0.11542452201356748,3,5,0,-1.0,loss,23
1h,15min,2023-09-09 06:30:00+00:00,long,25874.43,25831.315114,25934.36,25834.97,25850.13,0.05859066267353467,0.16663124946133842,1.3900071543735764,3,-0.1011040332587346,6,5,0,-1.0,loss,28
1h,15min,2023-09-11 23:15:00+00:00,short,25122.14,25255.514428000002,24951.0,25203.65,25605.0,1.597594790889624,0.5309039277704957,1.2831545189456843,29,2.1564099823963616,23,0,0,-1.0,loss,15
1h,15min,2023-09-12 05:45:00+00:00,long,25773.08,25607.545384,25990.0,25218.04,25742.82,2.0361555545553687,0.6422771977582843,1.3104207762803954,3,0.5611708370134177,5,1,0,1.3104207762803954,win,18
1h,15min,2023-09-12 19:00:00+00:00,long,26070.0,25877.216,26567.0,25875.85,26031.63,0.597545070962802,0.7394859992328333,2.578014773010213,7,1.2224122855657522,19,1,0,-1.0,loss,16
1h,15min,2023-09-15 06:15:00+00:00,long,26597.18,26565.350563999997,26860.49,26520.51,26573.63,0.19972042148830296,0.11967222088959666,8.272531124961539,1,1.261811970134129,6,4,0,-1.0,loss,2
1h,15min,2023-09-15 13:30:00+00:00,long,26476.53,26328.834694,26690.0,26341.9,26342.08,0.0006798473969220704,0.5578348295641378,1.445340449750003,4,0.6215793909793371,13,4,1,-1.0,loss,4
1h,15min,2023-09-16 01:00:00+00:00,long,26669.21,26566.086158,26888.0,26506.26,26591.73,0.3204819340355457,0.38667752813075784,2.121623823906784,4,1.188577748537224,1,5,0,-1.0,loss,13
1h,15min,2023-09-16 10:30:00+00:00,long,26533.19,26439.693362,26888.0,26444.1,26469.13,0.09433468045117256,0.3523761673586813,3.794895812189665,15,0.5029309680678176,10,5,0,-1.0,loss,57
1h,15min,2023-09-17 05:15:00+00:00,short,26533.52,26575.306704,26416.16,26559.68,26560.0,0.001206021666178136,0.15748646994442608,2.8085488628154405,2,-0.30047443014630754,5,6,0,-1.0,loss,18
1h,15min,2023-09-18 00:15:00+00:00,short,26487.4,26558.857480000002,26399.0,26531.16,26538.47,0.027598027741497125,0.2697791402704718,1.237099321162743,2,-0.01813319395886046,0,0,0,1.237099321162743,win,1
1h,15min,2023-09-18 04:45:00+00:00,long,26621.75,26561.76565,26750.0,26489.38,26581.71,0.3468216777634757,0.22532083728529798,2.1380576767107176,1,0.48289177337258055,4,0,0,2.1380576767107176,win,11
1h,15min,2023-09-19 06:30:00+00:00,long,26823.56,26745.515288000002,26943.83,26734.77,26787.37,0.19609626760951396,0.2909558313661534,1.5410397055472767,2,0.49020327518809376,6,1,0,1.5410397055472767,win,8
1h,15min,2023-09-19 14:30:00+00:00,long,27144.84,26875.941032,27466.0,26874.73,27027.7,0.563532516677207,0.9906080418967338,1.1943519247719772,3,1.369248375038192,14,1,1,1.1943519247719772,win,4
1h,15min,2023-09-21 02:15:00+00:00,short,26961.77,27061.602354,26800.0,27052.59,27078.59,0.09643283805180446,0.370273739446625,1.6204165635521646,1,0.11818182596566433,2,3,0,-1.0,loss,9
1h,15min,2023-09-24 11:00:00+00:00,long,26587.56,26569.592488,26611.8,26563.44,26581.82,0.0691300743656094,0.06757864204162736,1.349101645235804,3,-0.18716681483821543,11,6,0,1.349101645235804,win,8
1h,15min,2023-09-24 17:15:00+00:00,long,26584.82,26557.853035999997,26628.8,26561.85,26563.43,0.005943241293346151,0.10143745189925273,1.6308843665158157,3,-0.16632431504432743,17,6,0,1.6308843665158157,win,2
1h,15min,2023-09-27 23:15:00+00:00,short,26311.69,26367.862338,26112.06,26332.35,26536.86,0.7772590814197113,0.21348814158269697,3.5538844760208534,4,0.06482739319102429,23,2,0,-1.0,loss,1
1h,15min,2023-09-28 19:15:00+00:00,long,27075.79,26843.294842,27308.48,26913.47,27019.99,0.3934141903154088,0.8586828232897417,1.000838047560531,3,2.2793821304131052,19,3,0,-1.0,loss,75
1h,15min,2023-09-30 17:30:00+00:00,long,27028.3,26965.31434,27094.99,26979.0,26979.73,0.002700872788890028,0.23303596600599544,1.058812434449428,5,0.7817329672914745,17,5,0,-1.0,loss,16
1h,15min,2023-10-01 19:30:00+00:00,long,27107.75,27030.35845,27289.08,27047.77,27071.72,0.08835111730040571,0.28549602973319543,2.343020652771538,7,0.5419767811460187,19,6,0,2.343020652771538,win,11
1h,15min,2023-10-02 01:45:00+00:00,long,27920.0,27821.066000000003,28065.51,27187.99,27861.47,2.412177650429798,0.3543481375358076,1.4707784987971995,3,3.0559059903095154,1,0,0,1.4707784987971995,win,7
1h,15min,2023-10-02 12:15:00+00:00,long,28299.84,28182.030032,28484.28,28103.83,28252.84,0.526540079378535,0.41629199317028437,1.5655721084653593,12,3.367722494743249,12,0,1,1.5655721084653593,win,6
1h,15min,2023-10-03 07:15:00+00:00,short,27585.83,27682.037166000002,27281.44,27558.46,27821.3,0.9528080177395428,0.34875574162532047,3.163901533072938,33,-0.2461890058266689,7,1,1,3.163901533072938,win,30
1h,15min,2023-10-06 10:45:00+00:00,short,27670.5,27806.5341,27388.0,27617.57,27924.98,1.1109665528270174,0.49162140185396275,2.0766851840825087,12,-0.3841160846299968,10,4,0,2.0766851840825087,win,8
1h,15min,2023-10-07 10:45:00+00:00,long,27947.1,27922.36058,28137.53,27918.03,27935.72,0.0632981597375124,0.08852231537439686,7.697431871887668,2,0.8051756238548322,10,5,0,-1.0,loss,11
1h,15min,2023-10-09 18:45:00+00:00,short,27565.31,27755.543062,27260.0,27608.0,27715.0,0.38816904290211135,0.690117622475493,1.6049260669525593,3,0.7511677605119665,18,0,0,1.6049260669525593,win,127
1h,15min,2023-10-09 21:30:00+00:00,long,27638.02,27524.462396000003,27909.09,27549.86,27565.31,0.05590125486558273,0.4108745995552424,2.3870704422400895,10,-0.43918847499710134,21,0,0,-1.0,loss,14
1h,15min,2023-10-11 11:45:00+00:00,short,27196.26,27337.439252,26964.89,27158.81,27420.0,0.9603894064845634,0.519112745649592,1.6388385454825625,10,1.1365168197941067,11,2,0,1.6388385454825625,win,14
1h,15min,2023-10-11 12:00:00+00:00,long,27241.47,27170.931706,27477.39,27117.31,27219.0,0.37329116233448006,0.25893717923446047,3.3445662862216703,2,-0.9619668454239477,12,2,1,-1.0,loss,2
1h,15min,2023-10-11 20:00:00+00:00,short,26735.32,26800.977064000002,26538.66,26793.81,27030.0,0.8834380886407894,0.24558173981086714,2.995260342436142,1,2.385568198593134,20,2,0,-1.0,loss,13
1h,15min,2023-10-13 02:45:00+00:00,long,26809.2,26780.90816,26876.06,26765.6,26789.49,0.08911120063263005,0.10553034033093744,2.363225580237857,3,-0.8032378312123799,2,4,0,-1.0,loss,3
1h,15min,2023-10-14 00:00:00+00:00,long,26873.09,26749.635381999997,27130.0,26780.73,26839.84,0.21995981853966395,0.45939866982175626,2.081007613664098,5,-0.2288072402039416,0,5,0,2.081007613664098,win,178
1h,15min,2023-10-14 10:45:00+00:00,short,26878.78,26905.375756,26755.01,26897.18,26901.4,0.01570011734163963,0.09894703554254485,4.6537500193635815,1,0.16351639210129373,10,5,0,-1.0,loss,10
1h,15min,2023-10-14 15:00:00+00:00,long,26901.43,26864.379714,26989.58,26878.79,26881.49,0.010036641174839878,0.13772608370633646,2.3791989082081004,2,-0.062372923869756874,15,5,0,-1.0,loss,16
1h,15min,2023-10-14 23:45:00+00:00,short,26852.48,26888.940496,26815.0,26864.29,26870.0,0.021264330147528748,0.13578073980503735,1.0279618796189685,11,0.20385511059895425,23,5,0,-1.0,loss,7
1h,15min,2023-10-15 15:15:00+00:00,long,26895.4,26846.60092,26965.28,26852.48,26857.15,0.01736356402954368,0.18144024628747177,1.4319942097268308,1,-0.008009678232200602,15,6,0,1.4319942097268308,win,8
1h,15min,2023-10-16 11:45:00+00:00,long,27749.6,27636.17008,27980.0,27275.0,27789.0,1.8522789517686742,0.40876236053852555,2.0312101075272215,11,2.300864664083393,11,0,0,2.0312101075272215,win,6
1h,15min,2023-10-16 22:30:00+00:00,long,28501.75,28224.66965,30000.0,28182.54,28231.04,0.17016498986904313,0.9721520608383702,5.407276264809103,6,3.8154042808144726,22,0,0,-1.0,loss,22
1h,15min,2023-10-16 22:30:00+00:00,long,28501.75,28224.66965,30000.0,28241.63,28394.04,0.5347390949678523,0.9721520608383702,5.407276264809103,7,3.8154042808144726,22,0,0,-1.0,loss,22
1h,15min,2023-10-18 23:30:00+00:00,short,28311.43,28443.072286,28142.87,28418.48,28469.99,0.18194065082548652,0.4649792892835099,1.2804396301656698,25,-0.6078670838588752,23,2,0,1.2804396301656698,win,8
1h,15min,2023-10-20 17:30:00+00:00,long,29495.63,29315.100874,30207.55,29400.0,29651.68,0.8532789433553387,0.6120538059366804,3.943518787101386,21,2.5424951213968376,17,4,0,3.943518787101386,win,98
1h,15min,2023-10-20 19:00:00+00:00,short,29478.47,29736.395694,28641.32,29665.07,29795.44,0.44225497456278756,0.8749629611034688,3.245702229263009,20,-2.381676810701441,19,4,0,-1.0,loss,16
1h,15min,2023-10-21 05:15:00+00:00,long,29574.94,29535.945012,29790.59,29539.35,29553.53,0.04794599752358007,0.1318514526149455,5.530197880815079,1,2.016607074718107,5,5,0,5.530197880815079,win,18
1h,15min,2023-10-21 09:15:00+00:00,long,29684.16,29628.623168000002,29790.59,29584.91,29651.78,0.22527166003686472,0.1870924829942904,1.916385868030863,1,2.1343669271736134,9,5,1,1.916385868030863,win,2
1h,15min,2023-10-22 12:30:00+00:00,short,29897.56,29997.029512,29640.0,29882.79,30053.86,0.5721871617616946,0.33270110336763153,2.5893361173824014,14,-1.273226076375915,12,6,1,-1.0,loss,40
1h,15min,2023-10-23 11:15:00+00:00,long,30640.99,30348.931802000003,30985.12,30398.0,30565.0,0.5450215544602182,0.9531617548910749,1.1782925538696873,14,2.5361213473190403,11,0,0,1.1782925538696873,win,20
1h,15min,2023-10-24 04:15:00+00:00,long,34498.39,34026.220322,35280.0,33760.0,34124.66,1.057034835538712,1.3686716336617402,1.6553583095609186,2,10.84890122099736,4,1,0,-1.0,loss,6
1h,15min,2023-10-26 12:00:00+00:00,long,34197.24,33953.550552,34824.13,34027.6,34042.7,0.044155610218832124,0.712599753664323,2.5724954656223202,2,1.716357162636532,12,3,1,-1.0,loss,10
1h,15min,2023-10-26 13:45:00+00:00,short,34176.0,34376.8352,33960.39,34325.86,34405.27,0.23235603932583163,0.5876498127340863,1.0735667851053956,5,-1.563891038056384,13,3,1,1.0735667851053956,win,3
1h,15min,2023-10-28 13:45:00+00:00,long,34129.55,33900.96409,34493.33,33916.1,34006.33,0.2643750064094112,0.6697595192435927,1.591436672540299,4,0.635565421931243,13,5,1,1.591436672540299,win,93
1h,15min,2023-10-30 22:00:00+00:00,short,34465.05,34576.57301,34062.84,34464.66,34600.64,0.3945446183887617,0.32358290500085496,3.606520304644007,3,-0.525161693739328,22,0,0,-1.0,loss,10
1h,15min,2023-10-31 14:00:00+00:00,long,34303.36,34018.139328,34600.0,34035.11,34060.0,0.07255848989719788,0.8314656989869305,1.0400368175277148,24,-0.017575540932202673,14,1,1,1.0400368175277148,win,24
1h,15min,2023-11-01 10:30:00+00:00,short,34411.48,34505.452296,34316.0,34494.2,34500.15,0.01729074134563339,0.27308414517480767,1.0160441328368022,13,-0.11060052632568328,10,2,0,-1.0,loss,9
1h,15min,2023-11-02 11:30:00+00:00,long,35407.88,35056.168424,35984.99,34720.43,35086.57,1.0340636039209337,0.9933144147573767,1.6408615450291861,21,1.879007791284402,11,3,0,-1.0,loss,8
1h,15min,2023-11-02 23:15:00+00:00,long,34846.87,34293.030626,35548.25,34311.24,34350.0,0.11122950210449901,1.5893518528349975,1.2663960580021776,27,0.18865115364250482,23,3,0,-1.0,loss,38
1h,15min,2023-11-03 04:30:00+00:00,short,34539.33,34718.637866000005,34300.0,34622.22,34706.51,0.24404063425666006,0.5191411240461319,1.334743451801484,10,0.6551338353934588,4,4,0,1.334743451801484,win,17
1h,15min,2023-11-03 18:15:00+00:00,long,34574.52,34316.455096000005,34848.79,34281.76,34334.75,0.15326315448485753,0.7464019862025321,1.0627946526196872,2,-0.28183461325953213,18,4,0,1.0627946526196872,win,47
1h,15min,2023-11-04 03:30:00+00:00,long,34715.7,34625.52686,34848.79,34635.25,34653.84,0.053549258692742796,0.2597474341580293,1.4759384002820053,9,0.1425786771251836,3,5,0,-1.0,loss,6
1h,15min,2023-11-05 01:45:00+00:00,long,35064.77,34927.987046,35255.0,34884.39,35007.43,0.3508935036505327,0.39008655696299965,1.3907434693946619,7,0.9485274331219838,1,6,0,1.3907434693946619,win,8
1h,15min,2023-11-05 20:15:00+00:00,long,35084.5,34958.8131,35278.54,34964.14,34996.22,0.09143638928872222,0.3582405335689567,1.5438363107054112,3,0.634468220491916,20,6,0,-1.0,loss,4
1h,15min,2023-11-06 14:00:00+00:00,long,35079.3,34895.04414,35276.33,34922.54,34938.16,0.04452768441788353,0.5252552359938902,1.0693282699393862,2,0.48933162549003506,14,0,1,-1.0,loss,16
1h,15min,2023-11-06 20:00:00+00:00,short,34960.01,35097.192001999996,34810.64,35028.38,35061.71,0.09533750133367165,0.39239691865075005,1.0888454594795098,2,-0.10168687223562888,20,0,0,-1.0,loss,10
1h,15min,2023-11-08 06:30:00+00:00,long,35281.84,35160.723632,35888.0,34859.0,35336.29,1.3527922580001521,0.3432824591914578,5.0047735909652316,34,0.7301601404921843,6,2,0,-1.0,loss,35
1h,15min,2023-11-08 13:15:00+00:00,short,35341.1,35476.35822,35167.78,35432.1,35457.63,0.07223883806672354,0.38272215635620666,1.281400864213616,9,-0.7531188659210292,13,2,1,1.281400864213616,win,8
1h,15min,2023-11-09 19:45:00+00:00,long,36382.2,35592.72356,37972.24,36079.64,36172.4,0.25495984300015406,2.1699524492746414,2.014043636311685,13,1.5906653617600044,19,3,0,0.9155561374320509,timeout,288
1h,15min,2023-11-10 00:15:00+00:00,short,36585.15,36791.88703,35600.0,36709.81,37059.71,0.9563989760872962,0.5650845493321651,4.765232430784256,12,-1.8977940444483632,0,4,0,-1.0,loss,9
1h,15min,2023-11-11 18:30:00+00:00,long,37131.93,37013.893614,37274.3,37014.89,37059.63,0.12048929317705263,0.3178837889654531,1.2061534991422298,11,1.1928294596058238,18,5,0,-1.0,loss,8
1h,15min,2023-11-11 23:30:00+00:00,long,36947.2,36659.54056,37274.3,36750.0,36822.0,0.1948726831803222,0.7785689849298345,1.137108519713487,6,0.5907626108492431,23,5,0,1.137108519713487,win,103
1h,15min,2023-11-11 23:30:00+00:00,long,36947.2,36659.54056,37274.3,36564.25,36745.8,0.4913768837692786,0.7785689849298345,1.137108519713487,6,0.5907626108492431,23,5,0,1.137108519713487,win,103
1h,15min,2023-11-13 07:45:00+00:00,short,36960.29,37052.272057999995,36755.0,36957.41,37105.13,0.3996721887192819,0.24886725185325692,2.231848302415825,4,-0.09693502182658885,7,0,1,2.231848302415825,win,16
1h,15min,2023-11-14 09:15:00+00:00,short,36595.98,36751.319196,36190.17,36605.47,36743.74,0.37782838442910066,0.4244706549735614,2.6124121306770625,15,0.5255811473631918,9,1,1,2.6124121306770625,win,25
1h,15min,2023-11-14 23:30:00+00:00,short,35568.0,35680.2536,34800.0,35485.96,36070.0,1.6420377867746312,0.31560278902383143,6.841651403607767,8,2.6820712764585695,23,1,0,-1.0,loss,34
1h,15min,2023-11-15 06:45:00+00:00,long,35581.84,35515.343632,36125.74,35508.72,35536.21,0.07725851164526051,0.1868828818296077,8.179394098637099,3,-2.1222832112606014,6,2,0,8.179394098637099,win,18
1h,15min,2023-11-16 05:00:00+00:00,short,37369.69,37548.183938,36104.7,37521.65,37670.24,0.39762170893040993,0.47764361438374153,7.087019392221645,8,-2.034518860274108,5,3,0,-1.0,loss,7
1h,15min,2023-11-16 23:00:00+00:00,short,36077.98,36280.535596,35500.0,36265.83,36305.22,0.10918017028669404,0.5614382956030196,2.8534388158795077,3,1.5715531513750869,23,3,0,-1.0,loss,6
1h,15min,2023-11-17 20:00:00+00:00,long,36467.08,36220.576584,36800.0,36206.0,36349.27,0.39287488880381094,0.6759614863597512,1.3505695190852804,2,-0.1094681010260292,20,4,0,-1.0,loss,44
1h,15min,2023-11-18 09:45:00+00:00,short,36397.45,36486.49949,36178.58,36456.53,36487.0,0.08371465583440918,0.24465859558844066,2.4578467546527594,5,0.2145838546880235,9,5,1,-1.0,loss,5
1h,15min,2023-11-18 23:30:00+00:00,long,36568.19,36435.786362,36845.49,36483.13,36505.14,0.06018892376134021,0.36207326094073405,2.0943533288714353,6,0.17827108358396926,23,5,0,-1.0,loss,7
1h,15min,2023-11-20 06:45:00+00:00,long,37182.62,37030.863476000006,37500.0,37033.98,37138.0,0.27975435835343715,0.4081383291440912,2.0913763153932297,13,1.3168926470279347,6,0,0,-1.0,loss,29
1h,15min,2023-11-22 07:45:00+00:00,short,36439.81,36566.157962000005,35632.01,36422.44,36719.88,0.8162501396137769,0.3467305729640388,6.393454925691245,14,1.1554203340778229,7,2,1,-1.0,loss,5
1h,15min,2023-11-23 02:00:00+00:00,short,37334.76,37542.566952,36239.2,37487.57,37515.33,0.0743543014606282,0.5566044940425464,5.272008416734828,8,-1.1535397630115276,2,3,0,-1.0,loss,30
1h,15min,2023-11-23 16:15:00+00:00,long,37162.2,36862.56756,37653.44,36638.43,37105.0,1.2554961762220744,0.8062828357847327,1.6394753518678256,4,0.32177760141247364,16,3,0,1.6394753518678256,win,69
1h,15min,2023-11-25 23:15:00+00:00,long,37769.82,37704.206036,37888.0,37712.0,37739.01,0.07151212264183954,0.1737206160897682,1.8011409888298566,5,0.5750180119473356,23,5,0,-1.0,loss,8
1h,15min,2023-11-27 05:45:00+00:00,short,37306.32,37401.031264,37150.0,37332.0,37458.0,0.33774438218510966,0.2538745821083338,1.650490062090222,7,0.6063246783797754,5,0,0,-1.0,loss,2
1h,15min,2023-11-28 04:00:00+00:00,long,37143.34,37095.041332,37343.57,37084.0,37191.1,0.2883424053948798,0.13003318495319974,4.145662981844977,11,-0.5042663674334522,4,1,0,-1.0,loss,1
1h,15min,2023-11-29 00:30:00+00:00,long,37884.77,37663.393046000005,38377.0,37568.28,37768.62,0.5288140854491232,0.5843428744585017,2.2234925140401955,4,1.1935429635665125,0,2,0,2.2234925140401955,win,37
1h,15min,2023-11-29 20:15:00+00:00,short,37783.02,37940.326603999994,37570.0,37890.27,38094.32,0.5400574120332439,0.4163420605340643,1.3541707378032268,5,-0.3299544404105246,20,2,0,-1.0,loss,29
1h,15min,2023-11-30 10:45:00+00:00,short,37680.01,37772.536002,37553.6,37737.9,37767.11,0.07752121084893322,0.24555726497949099,1.366210549116834,2,0.08125263010792684,10,3,0,-1.0,loss,3
1h,15min,2023-11-30 16:00:00+00:00,long,37643.96,37492.471208,38145.85,37457.0,37513.19,0.14926697403780667,0.4024252283766014,3.3130503806513363,8,-0.19183935633739654,16,3,0,3.3130503806513363,win,49
1h,15min,2023-11-30 18:45:00+00:00,short,37739.36,37814.917872000005,37500.0,37781.04,37826.23,0.1197423591709089,0.2002097332864279,3.1679028758245757,2,-0.06165589850376709,18,3,0,-1.0,loss,26
1h,15min,2023-12-02 00:30:00+00:00,long,38709.31,38617.868138,38999.0,38446.54,38703.18,0.6629929595748398,0.23622705235510447,3.168023853232597,23,1.5925733139383609,0,5,0,3.168023853232597,win,74
1h,15min,2023-12-03 04:00:00+00:00,long,39416.17,39266.976766,39717.14,38965.03,39286.54,0.8156804681936424,0.3785076885958187,2.0173166834094114,4,2.06070793428569,4,6,0,2.0173166834094114,win,39
1h,15min,2023-12-03 04:30:00+00:00,short,39350.01,39430.150002,38703.44,39385.0,39476.0,0.23125788278071593,0.20365941965453144,8.068005788170543,2,-1.869208479596177,4,6,0,-1.0,loss,4
1h,15min,2023-12-03 20:30:00+00:00,short,39564.24,39645.852848,39381.34,39585.27,39650.0,0.16360733834392677,0.20627932698822046,2.241068710161809,2,-1.5683983445039271,20,6,0,-1.0,loss,3
1h,15min,2023-12-07 11:15:00+00:00,long,43355.71,42812.428858,44047.33,42800.0,43316.0,1.1901546532163814,1.2530786417752122,1.273042530896467,8,1.0305495276461765,11,3,0,1.273042530896467,win,133
1h,15min,2023-12-07 13:30:00+00:00,short,43231.77,43515.646354,42821.1,43428.0,43536.59,0.2511810180337204,0.6566382870745288,1.4466509598752924,2,-0.7010253395399554,13,3,1,-1.0,loss,5
1h,15min,2023-12-07 16:00:00+00:00,short,43622.89,43933.724578,42821.1,43633.99,43866.54,0.533091686497623,0.7125492556774706,2.5794749257272023,4,-1.497489933584063,16,3,0,-1.0,loss,90
1h,15min,2023-12-09 03:00:00+00:00,long,44193.85,44034.77123,44700.0,43970.0,44229.14,0.5863711806054449,0.35995680394444046,3.181757062868925,15,1.7076534007998685,3,5,0,-1.0,loss,22
1h,15min,2023-12-10 02:00:00+00:00,short,43748.9,43872.78978,43584.51,43794.83,43900.14,0.24071462368196153,0.2831837600488188,1.3269052540088655,3,-0.1599729154706824,2,6,0,-1.0,loss,9
1h,15min,2023-12-12 05:15:00+00:00,long,41642.02,41367.861596,41938.8,41297.9,41587.91,0.6964359557965778,0.6583696083907418,1.0825128672692894,3,-2.4132354107715046,5,1,0,1.0825128672692894,win,10
1h,15min,2023-12-13 09:00:00+00:00,short,41149.23,41288.229846,40555.0,41145.45,41300.0,0.3755841846858444,0.33779452495222584,4.275040707599118,8,1.8746012262265779,9,2,1,-1.0,loss,16
1h,15min,2023-12-13 16:30:00+00:00,short,41752.08,42223.980416,40628.64,42118.91,42181.1,0.1489506630567748,1.1302440884382208,2.380671772919162,2,0.17512616593621416,16,2,0,-1.0,loss,10
1h,15min,2023-12-13 21:30:00+00:00,short,42738.94,42896.547788,40953.17,42550.0,43201.63,1.5246751557244924,0.36876859369933174,11.330468009613782,8,-1.9591086698676596,21,2,0,-1.0,loss,1
1h,15min,2023-12-14 00:15:00+00:00,short,42778.95,43483.755789999996,40953.17,43236.59,43610.0,0.8728825742567395,1.6475528034231757,2.5904724761128914,9,-1.8629621626810589,0,3,0,0.770212174335287,timeout,288
1h,15min,2023-12-14 19:45:00+00:00,long,43094.13,42797.991174,43420.0,42689.11,42839.63,0.3492819091602425,0.6871906359404283,1.1003960689707342,3,1.7718364478095328,19,3,0,-1.0,loss,30
1h,15min,2023-12-16 05:30:00+00:00,short,42205.55,42419.43111,41605.0,42358.6,42597.79,0.5667264139431953,0.5067606274530122,2.8078683526563775,7,0.38047346245628627,5,5,0,-1.0,loss,28
1h,15min,2023-12-16 05:45:00+00:00,long,42266.09,42191.456782,42410.99,42198.0,42244.23,0.1093784639175358,0.1765794233627842,1.9414947376382778,2,-0.2350550825628911,5,5,0,-1.0,loss,2
1h,15min,2023-12-18 15:00:00+00:00,short,41458.36,41758.291672,40542.93,41748.78,41911.1,0.3915253763052849,0.7234528138594937,3.0521284861173448,1,0.8320057428695256,15,0,0,-1.0,loss,20
1h,15min,2023-12-19 19:45:00+00:00,long,42341.96,41802.631607999996,43268.74,41735.5,41962.21,0.5354263241474867,1.273744512535563,1.7183964607596507,11,0.27512406707852993,19,1,0,1.7183964607596507,win,70
1h,15min,2023-12-20 23:00:00+00:00,short,43514.17,43752.272834,42743.79,43705.88,43738.0,0.07381503542409891,0.5471845929728288,3.2354927787209027,2,-1.8184772263550486,23,2,0,-1.0,loss,31
1h,15min,2023-12-23 11:30:00+00:00,long,43573.18,43481.295364000005,44048.16,43526.43,43537.85,0.02620878255844135,0.21087429469227453,5.169308174655313,8,0.10500424590030584,11,5,0,-1.0,loss,72
1h,15min,2023-12-23 16:00:00+00:00,short,43706.84,43864.741368,43291.1,43683.57,43785.04,0.2321604581800038,0.36127381435035383,2.632909424825133,16,-0.3620353079204974,16,5,0,-1.0,loss,36
1h,15min,2023-12-23 20:45:00+00:00,long,43711.33,43624.027733999996,43856.0,43616.81,43642.27,0.05824576831681655,0.19972457026589227,1.6571162081862596,2,0.3173355867005348,20,5,0,-1.0,loss,14
1h,15min,2023-12-24 10:00:00+00:00,short,43630.16,43703.446032,43401.0,43561.1,43758.32,0.4520267631381621,0.16797103654902099,3.126926015042197,12,-0.03790861074775852,10,6,0,-1.0,loss,13
1h,15min,2023-12-25 06:45:00+00:00,short,43239.94,43343.777987999994,42500.0,43186.52,43458.0,0.6278454595450483,0.2401436912261951,7.1259084873645575,11,0.6041302296567763,6,0,0,-1.0,loss,24
1h,15min,2023-12-25 07:30:00+00:00,long,43264.01,43176.227198,43677.99,43201.1,43214.0,0.02981693097796865,0.20290029056484024,4.71595791622132,2,-0.5350226162489459,7,0,1,-1.0,loss,5
1h,15min,2023-12-27 01:00:00+00:00,short,42333.35,42600.35667,41637.6,42434.2,42543.5,0.25818887472879637,0.6307241690062385,2.6057401487385823,12,1.6879212808070532,1,2,0,-1.0,loss,30
1h,15min,2023-12-27 07:30:00+00:00,long,42485.0,42385.903,42591.89,42340.0,42411.1,0.1673531834765177,0.23325173590679435,1.0786401202861613,2,-1.0607976310075762,7,2,1,1.0786401202861613,win,4
1h,15min,2023-12-27 21:00:00+00:00,short,43331.66,43574.116332,42628.01,43542.08,43572.9,0.07112582347410579,0.5595362190139825,2.902172090931484,1,-0.8751868101108017,21,2,0,-1.0,loss,4
1h,15min,2023-12-29 13:15:00+00:00,short,42710.0,42942.542,42088.92,42933.42,43012.76,0.18576445797238067,0.544467337859989,2.6708293555572684,8,0.25945645158755565,13,4,1,-1.0,loss,5
1h,15min,2023-12-30 16:45:00+00:00,short,42406.97,42614.481394,41520.3,42351.1,42764.86,0.975688666273497,0.4893332251750149,4.272873806630559,4,0.018456043542723233,16,5,0,-1.0,loss,59
1h,15min,2023-12-31 15:00:00+00:00,long,42588.21,42344.242358,42899.0,42283.9,42369.15,0.20017277082084456,0.5728525382963876,1.2738984459258986,9,0.4317174592534035,15,6,0,-1.0,loss,31
1h,15min,2024-01-03 00:30:00+00:00,long,45147.36,44590.970528,45879.63,44184.1,44686.0,1.1116929096186385,1.232385397507191,1.31611045293106,14,2.7010765245728563,0,2,0,-1.0,loss,43
1h,15min,2024-01-03 16:30:00+00:00,short,42950.81,43576.510162,40750.0,42820.92,43500.0,1.581064478178646,1.456783147977887,3.5173556499734357,3,2.538990963425222,16,2,0,-1.0,loss,89
1h,15min,2024-01-04 17:30:00+00:00,short,43830.29,44338.756058,42616.28,43716.0,45045.95,3.0343171354786773,1.1600791553056073,2.3875929983904776,11,-0.5527797468907616,17,3,0,-1.0,loss,7
1h,15min,2024-01-06 09:45:00+00:00,short,43651.9,43764.73038,43397.05,43700.34,43832.0,0.3016134463792034,0.25847759204066584,2.258700183408049,6,0.19489362767482935,9,5,1,-1.0,loss,3
1h,15min,2024-01-07 20:45:00+00:00,short,44120.01,44278.744002,43700.0,44185.0,44277.12,0.2087941503186482,0.35977780150094574,2.645998933486279,5,-0.4771900359793251,20,6,0,2.645998933486279,win,11
1h,15min,2024-01-09 02:15:00+00:00,long,46684.97,46220.663006,47248.99,45668.88,46540.01,1.8659752806952743,0.9945534804884711,1.2147566314712857,7,4.3852572874335465,2,1,0,-1.0,loss,42
1h,15min,2024-01-10 20:00:00+00:00,short,45548.56,46675.109712,44300.36,46261.09,46591.6,0.7256211831943798,2.473293803360633,1.1079848378674986,10,0.13014439652044918,20,2,0,-1.0,loss,9
1h,15min,2024-01-12 20:45:00+00:00,short,43653.38,43989.830676,43212.0,43836.88,44333.44,1.1375064198923541,0.7707322457046863,1.3118713424727875,11,4.7427654186346455,20,4,0,1.3118713424727875,win,5
1h,15min,2024-01-13 06:30:00+00:00,short,42988.5,43193.5977,41500.0,42958.0,43213.73,0.5948800260534869,0.4770989915907706,7.257516783464716,26,4.761189423632485,6,5,0,-1.0,loss,2
1h,15min,2024-01-13 19:30:00+00:00,long,42974.46,42715.795108,43257.0,42791.1,42856.1,0.15125262772353626,0.6019037633049973,1.0923013085208337,12,-3.28400692225041,19,5,0,-1.0,loss,2
1h,15min,2024-01-15 10:15:00+00:00,short,42620.0,42833.204,41718.05,42745.98,42836.0,0.21121539183481183,0.5002440168934723,4.230455338549024,21,1.498835980891362,10,0,0,-1.0,loss,14
1h,15min,2024-01-15 22:30:00+00:00,long,42773.17,42333.625366,43400.43,42473.99,42521.1,0.11013913628566828,1.027617625721914,1.4270678140049933,2,-0.7634025911580845,22,0,0,-1.0,loss,64
1h,15min,2024-01-16 01:30:00+00:00,short,42568.0,42735.4836,42163.32,42639.99,42710.0,0.16446626573952744,0.39344953956023204,2.416236574804944,5,1.1543156977074196,1,1,0,-1.0,loss,6
1h,15min,2024-01-16 11:45:00+00:00,long,42900.54,42744.969892,43153.66,42791.14,42896.41,0.2453815266661074,0.3626297198123844,1.627047787355157,7,-0.23515495104754663,11,1,0,1.627047787355157,win,4
1h,15min,2024-01-17 09:45:00+00:00,short,42678.57,43206.535714,42050.0,43175.99,43202.0,0.06094393509436243,1.2370745177263391,1.190550793985842,34,0.738792022771023,9,2,1,1.190550793985842,win,123
1h,15min,2024-01-20 03:45:00+00:00,long,41634.65,41447.97307,42196.86,41250.0,41575.4,0.7815605511274899,0.4483691588616728,3.011673697440786,28,-0.6435307027924707,3,5,0,-1.0,loss,181
1h,15min,2024-01-20 08:15:00+00:00,short,41585.97,42205.177194,40280.0,42178.39,42611.1,1.0405191943340486,1.4889810048917995,2.1091001730189785,49,0.6882303516884857,8,5,1,2.1091001730189785,win,234
1h,15min,2024-01-21 19:00:00+00:00,short,41649.99,41738.099998,41525.0,41673.06,41757.25,0.20213690327417205,0.21154866543785464,1.41856773166648,7,0.24631795425267472,19,6,0,-1.0,loss,4
1h,15min,2024-01-24 05:00:00+00:00,long,39759.74,39549.058052,40250.0,39554.7,39784.34,0.5775691692148878,0.5298876401103167,2.3270147473670004,13,-1.2407462643030573,5,2,0,2.3270147473670004,win,22
1h,15min,2024-01-25 06:00:00+00:00,long,39952.5,39784.0195,40207.0,39792.75,39849.06,0.1409423690632568,0.4217020211501104,1.5105605693240658,4,-0.40302833673678495,6,3,0,1.5105605693240658,win,20
1h,15min,2024-01-25 14:30:00+00:00,short,39936.94,40098.177388000004,39731.64,39965.03,40080.12,0.28817931468961766,0.40372995026659875,1.2732778826707436,2,0.4007090527173862,14,3,1,1.2732778826707436,win,5
1h,15min,2024-01-27 04:15:00+00:00,long,41868.23,41699.626354,42246.82,41588.0,41752.83,0.39368752870613766,0.40270067781705415,2.2454437313887583,14,2.768049521332443,4,5,0,-1.0,loss,10
1h,15min,2024-01-28 08:15:00+00:00,long,42501.97,42285.159606,42842.68,42244.0,42453.41,0.49270657336590157,0.5101184580385334,1.5714652499547554,9,2.537823812759208,8,6,1,-1.0,loss,20
1h,15min,2024-01-29 00:00:00+00:00,short,41916.63,42082.193326,41681.72,42025.0,42100.0,0.17892659786819695,0.3949824353723168,1.4188528684184065,9,-0.5366056983708241,0,0,0,-1.0,loss,4
1h,15min,2024-01-31 12:15:00+00:00,long,42681.11,42346.463778,43474.79,42104.98,42518.0,0.9676880474757963,0.7840616656877082,2.3716986710819437,6,-0.2106371639371714,12,2,1,2.3716986710819437,win,15
1h,15min,2024-02-01 05:15:00+00:00,short,42053.62,42206.410724,41884.28,42176.87,42220.85,0.10458077093005531,0.36332359497232003,1.108313355462635,9,1.6109186033475626,5,3,0,-1.0,loss,3
1h,15min,2024-02-01 15:45:00+00:00,short,42516.12,42955.103224,41889.95,42707.68,43041.1,0.7842201969511757,1.0325100785302044,1.4264098620771242,3,0.23508839544392354,15,3,0,-1.0,loss,6
1h,15min,2024-02-02 01:30:00+00:00,short,43151.18,43441.260235999995,41981.17,43361.1,43474.13,0.2619395344461005,0.6722417231695502,4.03340129659859,5,-1.025612066217066,1,4,0,-1.0,loss,58
1h,15min,2024-02-04 10:00:00+00:00,short,42905.14,42994.981028,42720.07,42960.09,43022.64,0.14578672858310895,0.2093945573887011,2.059971976277859,2,0.14068439605703187,10,6,0,-1.0,loss,4
1h,15min,2024-02-05 05:30:00+00:00,long,42715.72,42633.456856,42985.73,42529.68,42670.12,0.3287782577468022,0.1925828336734207,3.2822718275876808,2,-0.3651942441335546,5,0,0,3.2822718275876808,win,8
1h,15min,2024-02-06 04:15:00+00:00,long,42918.96,42565.416208,43569.76,42530.23,42591.1,0.14182543099831715,0.8237473415012776,1.8407903482576464,13,0.1638143503999215,4,1,0,1.8407903482576464,win,149
1h,15min,2024-02-09 05:15:00+00:00,long,46080.58,45845.783884,46384.27,45500.0,46033.09,1.1568647790457423,0.5095337688892045,1.2934200325527898,5,3.9306031883215624,5,4,0,1.2934200325527898,win,9
1h,15min,2024-02-10 06:45:00+00:00,long,47349.99,47245.920002,48200.0,47250.0,47275.06,0.05292503757656057,0.21978884895223638,8.16767575992468,4,3.3650549376525736,6,5,0,-1.0,loss,3
1h,15min,2024-02-11 00:30:00+00:00,long,47728.0,47596.7344,48170.0,47660.0,47775.01,0.24096966141468745,0.27502849480388625,3.367218829609616,10,2.780531764747102,0,6,0,-1.0,loss,3
1h,15min,2024-02-11 08:00:00+00:00,long,48255.91,48051.448818,48592.66,47776.2,48261.49,1.0056592031939733,0.4237018470898308,1.6470119007723896,12,3.182981790301831,8,6,1,-1.0,loss,11
1h,15min,2024-02-12 08:15:00+00:00,long,48258.58,47746.158284,48826.81,47759.05,47774.22,0.03143482464672241,1.0618251013602231,1.108910848735363,6,1.6757814336136945,8,0,1,-1.0,loss,7
1h,15min,2024-02-13 05:00:00+00:00,short,49845.59,49981.069118,49451.9,49959.24,49990.0,0.06171057459647291,0.27179760135250264,2.9059090862990895,1,-3.0707916482098243,5,1,0,-1.0,loss,3
1h,15min,2024-02-13 17:30:00+00:00,long,48794.75,48291.191049999994,50247.0,48049.99,48669.39,1.2693988595084542,1.0319941182196979,2.883972174459381,13,0.2442069089652763,17,1,0,2.883972174459381,win,61
1h,15min,2024-02-13 22:00:00+00:00,short,49458.63,49753.231726,48300.95,49651.3,49791.1,0.28266047806013966,0.5956528233798647,3.9296443225862063,4,-1.4396909982697381,22,1,0,-1.0,loss,7
1h,15min,2024-02-14 03:00:00+00:00,long,49570.27,49305.775946,50128.0,49268.21,49341.94,0.1487383465936401,0.5335739627805038,2.1086674409701978,19,1.4650521439000985,3,2,0,-1.0,loss,6
1h,15min,2024-02-18 07:00:00+00:00,long,51568.75,51395.206249999996,52030.18,51480.0,51541.24,0.11875409041327929,0.33652890558721,2.6588684409550254,2,0.0978943563984003,7,6,1,2.6588684409550254,win,12
1h,15min,2024-02-19 04:15:00+00:00,long,52158.48,51894.398304,52428.78,51922.57,51975.05,0.10061642900637288,0.50630634941816,1.0235468951244333,11,0.8939683553183407,4,0,0,1.0235468951244333,win,8
1h,15min,2024-02-20 21:15:00+00:00,long,52141.11,51890.671777999996,52985.0,51544.46,51953.46,0.7844098447463048,0.4803085741749731,3.3696533750346815,1,0.547312517670697,21,1,0,-1.0,loss,29
1h,15min,2024-02-21 17:15:00+00:00,short,51203.84,51452.500768000005,50625.0,51413.33,51530.29,0.22842036847236288,0.4856291403144937,2.3278300178015052,17,1.0481866092236967,17,2,0,-1.0,loss,22
1h,15min,2024-02-23 01:45:00+00:00,short,51311.11,51558.802222,50940.78,51482.69,51545.26,0.12194240194764781,0.4827262984566069,1.4951216352688093,4,0.567179361544685,1,4,0,1.4951216352688093,win,24
1h,15min,2024-02-25 17:30:00+00:00,long,51500.0,51269.5,51800.03,51215.04,51407.07,0.37287378640776475,0.4475728155339806,1.301648590021687,4,0.17494878480688428,17,6,0,1.301648590021687,win,10
1h,15min,2024-02-26 05:15:00+00:00,short,51445.36,51599.169072,51279.8,51546.0,51621.06,0.14590237098155726,0.29897559663300316,1.07639944671145,6,0.04467038538397137,5,0,0,1.07639944671145,win,12
1h,15min,2024-02-26 10:00:00+00:00,long,51134.0,50891.213200000006,51860.0,50857.12,50922.0,0.12688230922673246,0.4748050220987883,2.9902778899018263,1,-0.618893177330323,10,0,0,2.9902778899018263,win,20
1h,15min,2024-02-26 13:45:00+00:00,short,51228.5,51447.5357,50901.44,51374.66,51484.21,0.21384580848550247,0.42756610090086644,1.4931812485361844,3,0.38508223332940483,13,0,1,-1.0,loss,3
1h,15min,2024-02-27 05:30:00+00:00,long,56086.01,55506.222798,57073.84,54638.0,55592.0,1.7009589378884324,1.0337465653199425,1.703780277647445,7,6.339890430138249,5,1,0,1.703780277647445,win,28
1h,15min,2024-02-28 22:00:00+00:00,long,61105.99,58687.778802,64000.0,59433.49,59800.0,0.5997938990923837,3.957404499951637,1.1967565125798434,18,7.365510960574162,22,2,0,0.3440559702511149,timeout,288
1h,15min,2024-02-29 03:45:00+00:00,long,61561.33,61008.787734,64000.0,60605.0,61264.34,1.0710294920528787,0.8975476423267724,4.413544718767235,12,6.858281360902311,3,3,0,-1.0,loss,55
1h,15min,2024-03-01 14:00:00+00:00,short,62361.74,62689.532348,60777.0,62406.7,62566.01,0.2554611208731587,0.5256305356457384,4.834585095317677,6,-3.5683885088887,14,4,1,-1.0,loss,27
1h,15min,2024-03-02 04:15:00+00:00,short,62140.57,62439.128114,61131.01,62306.7,62355.3,0.07820977503103982,0.4804560273586153,3.381452228761063,3,-2.1508869438980347,4,5,0,-1.0,loss,128
1h,15min,2024-03-02 06:00:00+00:00,long,62040.96,61739.891808,63114.23,61626.16,61822.82,0.31698413435252487,0.4852732646303326,3.5648734357165446,3,1.90179526193908,6,5,0,-1.0,loss,14
1h,15min,2024-03-05 07:15:00+00:00,short,66861.19,67478.572238,65089.0,67326.18,67535.31,0.31278234802581983,0.9233790753649329,2.870490744503777,4,-3.667674481005735,7,1,1,-1.0,loss,23
1h,15min,2024-03-05 08:15:00+00:00,long,66544.21,65075.691158,68686.8,65646.11,65843.17,0.29613395365276357,2.2068318821427213,1.4590143066070305,13,3.126986314198352,8,1,1,1.4590143066070305,win,26
1h,15min,2024-03-05 17:30:00+00:00,long,64971.58,63357.565684,69000.0,63698.0,64000.11,0.46498792241161535,2.484185109858804,2.4959010338790555,2,-0.009429484624273309,17,1,0,-1.0,loss,6
1h,15min,2024-03-08 16:45:00+00:00,long,67810.6,66069.09788,69990.0,66192.4,66341.11,0.21930199703292166,2.56818568188455,1.2514483760720247,3,1.811227186808217,16,4,0,1.2514483760720247,win,249
1h,15min,2024-03-09 10:00:00+00:00,short,68196.82,68554.73936400001,67807.58,68428.57,68816.0,0.5681056682701524,0.5248329232946656,1.087507520269297,13,-1.3939954383896391,10,5,0,-1.0,loss,60
1h,15min,2024-03-13 16:00:00+00:00,short,72388.0,73105.8876,71634.52,73030.74,73041.43,0.014767641045460264,0.9917218323479055,1.0495793491905892,3,-1.422117909780335,16,2,0,-1.0,loss,4
1h,15min,2024-03-15 19:45:00+00:00,short,68964.0,70663.7928,65600.0,69440.91,71604.01,3.1365640044080845,2.4647537845832543,1.979064742479206,4,2.094885623666764,19,4,0,1.979064742479206,win,109
1h,15min,2024-03-17 20:45:00+00:00,short,68269.06,68707.403812,64533.0,68563.92,68842.07,0.4074320050693663,0.6420826828434528,8.52312704713154,12,-0.08253760202718011,20,6,0,-1.0,loss,7
1h,15min,2024-03-20 13:15:00+00:00,short,63436.3,64366.25726,60775.0,64109.98,64386.3,0.43558656479019064,1.465970209485729,2.861744420383379,4,2.5696864870738794,13,2,1,-1.0,loss,7
1h,15min,2024-03-21 05:45:00+00:00,long,67009.51,66058.798098,68240.47,66000.0,66913.93,1.3638810371841148,1.4187716071942558,1.2947771006237094,8,2.2312651165712016,5,3,0,-1.0,loss,37
1h,15min,2024-03-21 07:45:00+00:00,short,66985.19,67343.397038,63857.52,66948.0,67500.0,0.8240627517814012,0.5347555750756148,8.731458816283965,8,-2.070027982447151,7,3,1,-1.0,loss,1
1h,15min,2024-03-21 22:00:00+00:00,long,65761.62,64515.857676,67693.6,64776.72,65100.3,0.4920499221278335,1.8943607593608487,1.5508415712851635,15,-0.1267171200852758,22,3,0,-1.0,loss,55
1h,15min,2024-03-21 22:45:00+00:00,short,65392.19,65959.738438,64529.01,65867.92,66183.9,0.4832075512381462,0.8679147127508622,1.5208922132563483,10,0.6823053394943128,22,3,0,-1.0,loss,6
1h,15min,2024-03-23 15:15:00+00:00,short,64818.93,65427.653786,63000.0,64956.0,65344.41,0.5992230973266659,0.9391142155540091,2.9881040331155937,3,0.052913660456131946,15,5,0,-1.0,loss,5
1h,15min,2024-03-23 19:15:00+00:00,short,65121.98,66012.024396,63720.76,65600.0,65805.23,0.3151470517327574,1.3667342362747419,1.5743259620501184,11,-0.32299139251076037,19,5,0,-1.0,loss,93
1h,15min,2024-03-27 21:00:00+00:00,long,69112.22,68345.35755599999,71769.54,68000.0,69136.88,1.6449768217545389,1.1095902345489885,3.4651846896285705,28,0.07128130631283162,21,2,0,0.7781186895625074,timeout,288
1h,15min,2024-03-28 18:30:00+00:00,short,70726.0,70990.1352,69646.0,70838.7,70974.96,0.19265899386365595,0.37346265871108825,4.088815121952631,2,-1.5698357581858706,18,3,0,-1.0,loss,18
1h,15min,2024-03-29 06:30:00+00:00,long,70478.0,70010.9044,71074.03,69939.42,70192.71,0.3593887454241156,0.6627537671330068,1.2760342850585578,4,0.8144558895659241,6,4,0,-1.0,loss,4
1h,15min,2024-03-29 10:00:00+00:00,long,69882.32,69552.023536,71074.03,69373.13,69610.0,0.338955546982406,0.47264667801528865,3.6080010835354948,2,-0.03731962926167454,10,4,0,-1.0,loss,22
1h,15min,2024-03-29 21:15:00+00:00,short,69465.71,69724.953142,69009.0,69591.43,70034.46,0.6377679001625599,0.37319584295617514,1.7617052334600247,11,0.5796787843802002,21,4,0,-1.0,loss,4
1h,15min,2024-03-30 00:30:00+00:00,long,69871.55,69696.02569,70636.04,69625.26,69746.09,0.172931615228232,0.2512099846074804,4.35546506350007,1,0.021650443211894625,0,5,0,-1.0,loss,75
1h,15min,2024-03-31 04:15:00+00:00,long,69967.99,69750.716402,70280.06,69779.3,69838.25,0.08425281332220218,0.3105328565248191,1.4362996833144577,4,0.09096352290181779,4,6,0,1.4362996833144577,win,6
1h,15min,2024-04-01 11:30:00+00:00,short,69510.96,69813.88219199999,68888.0,69671.64,70417.61,1.0731688930781578,0.43579054583620136,2.056501690704919,18,0.9226967013246654,11,0,0,-1.0,loss,5
1h,15min,2024-04-03 11:45:00+00:00,long,66059.76,65524.848048,66642.36,65610.0,65683.74,0.11162620027684819,0.8097394722596555,1.0891512104407257,3,-2.200580455424652,11,2,0,1.0891512104407257,win,9
1h,15min,2024-04-04 19:45:00+00:00,short,68500.0,69323.61,65064.52,67278.78,69250.0,2.877693430656936,1.2023503649635046,4.171246099488837,26,-2.203323997110706,19,3,0,-1.0,loss,205
1h,15min,2024-04-05 10:30:00+00:00,long,67187.88,66366.562424,69309.91,66431.34,66690.0,0.3849801482053065,1.222419245852081,2.5836899903381534,21,0.010813480665353115,10,4,0,-1.0,loss,6
1h,15min,2024-04-05 15:15:00+00:00,short,67724.13,68580.204826,65952.56,68161.82,68166.66,0.007146640348124822,1.264061754650811,2.0694102269980945,3,-0.7990108752666844,15,4,0,-1.0,loss,124
1h,15min,2024-04-07 05:00:00+00:00,long,69394.31,69040.091138,69777.0,69150.0,69300.0,0.21615605083471542,0.510443668940572,1.0803772499274997,8,2.140414449851382,5,6,0,1.0803772499274997,win,40
1h,15min,2024-04-08 17:45:00+00:00,long,71699.23,71230.830154,72797.99,70850.0,71650.32,1.1162184029033604,0.6532843462893538,2.345773614964017,15,3.049096240287154,17,0,0,-1.0,loss,29
1h,15min,2024-04-08 19:15:00+00:00,short,71843.74,72118.418748,69280.0,71985.38,72137.48,0.21170946835450277,0.3823280191148055,9.333594312145648,14,-3.1087286991707477,19,0,0,9.333594312145648,win,77
1h,15min,2024-04-09 03:30:00+00:00,short,71289.66,71656.227932,70833.33,71439.8,71610.01,0.23875832764526,0.5141950908448586,1.244871578128152,5,-1.7922814629010415,3,1,0,1.244871578128152,win,12
1h,15min,2024-04-09 08:45:00+00:00,long,70500.01,69562.509998,72104.05,69818.04,70642.0,1.1687374228741336,1.3297870482571572,1.7109759963499254,9,0.5398473644853315,8,1,1,-1.0,loss,23
1h,15min,2024-04-09 08:45:00+00:00,long,70500.01,69562.509998,72000.0,69500.0,69632.73,0.1882694768412032,1.3297870482571572,1.5999893299200272,3,0.5398473644853315,8,1,1,-1.0,loss,23
1h,15min,2024-04-11 00:45:00+00:00,long,70520.01,70271.02599800001,71172.08,70036.81,70488.38,0.6403430742565224,0.3530685857815149,2.618923283272039,3,1.2688357614397725,0,3,0,2.618923283272039,win,26
1h,15min,2024-04-12 20:45:00+00:00,short,67120.0,67453.424,65086.86,67335.22,67444.0,0.1620679380214524,0.49675804529201295,6.097761408896796,2,4.057003720704702,20,4,0,-1.0,loss,31
1h,15min,2024-04-14 09:00:00+00:00,short,64408.02,65620.97160399999,60660.57,64853.9,66444.0,2.468791929949094,1.8832306970467254,3.0895296956959335,40,4.199830639570785,9,6,1,-1.0,loss,57
1h,15min,2024-04-14 12:30:00+00:00,long,64492.26,63842.551547999996,65608.09,63576.36,63921.0,0.5343897081603272,1.0074208160793345,1.7174318674247195,12,-3.651954131857973,12,6,1,-1.0,loss,7
1h,15min,2024-04-15 05:15:00+00:00,long,65111.73,64669.987654000004,65867.45,63848.49,65057.01,1.8560710950238983,0.6784374274804233,1.7107710112989607,14,-1.4300639403185116,5,0,0,1.7107710112989607,win,4
1h,15min,2024-04-15 12:00:00+00:00,long,66131.31,65784.503738,66582.84,65512.2,66151.41,0.9665769512202412,0.5244206745639823,1.3019661104043188,16,0.08217778543377989,12,0,1,-1.0,loss,7
1h,15min,2024-04-17 19:00:00+00:00,short,61159.42,61968.651884,59678.16,61538.35,62128.99,0.9657383932025507,1.323151664943848,1.830451851054343,4,3.983039709657131,19,2,0,-1.0,loss,32
1h,15min,2024-04-18 07:30:00+00:00,short,61056.82,61374.531364,60727.38,61320.0,61556.47,0.3872949819528779,0.520353605051823,1.0369160103445332,1,3.1151656547993145,7,3,1,-1.0,loss,4
1h,15min,2024-04-18 22:30:00+00:00,long,63535.99,63150.062802,64117.09,63219.0,63272.0,0.08341728837466765,0.6074151012677974,1.5057244034922934,1,0.9526865084889533,22,3,0,-1.0,loss,6
1h,15min,2024-04-19 06:00:00+00:00,short,61922.74,62812.454548,59600.01,61390.0,62654.56,2.0421576952182634,1.436813920055869,2.610646308101041,12,1.3843159400310339,6,4,0,-1.0,loss,2
1h,15min,2024-04-23 21:15:00+00:00,long,66441.52,65966.711696,67130.0,66165.0,66420.0,0.3837961563793242,0.7146258905575994,1.4500167629755436,23,1.0017050927764943,21,1,0,-1.0,loss,65
1h,15min,2024-04-24 04:30:00+00:00,long,66774.4,66427.96512000001,67130.0,66433.31,66682.33,0.3729273494033703,0.518813916710575,1.0264555347314337,10,1.2762901524266066,4,2,0,-1.0,loss,18
1h,15min,2024-04-25 01:00:00+00:00,short,64456.98,64754.361396,63606.06,64486.0,64766.33,0.434910230048013,0.46136414706366485,2.861376035776004,3,1.8406824744064532,1,3,0,2.861376035776004,win,36
1h,15min,2024-04-25 21:30:00+00:00,short,64806.27,65310.901254000004,62794.0,65243.73,65834.28,0.9112544202898819,0.7786765910150472,3.987604778835138,1,0.3065728479740536,21,3,0,3.987604778835138,win,111
1h,15min,2024-04-26 05:30:00+00:00,long,64342.01,63877.951598,65297.94,63867.74,63971.48,0.16123214055638802,0.7212370300523754,2.0599346889963117,18,-0.8443707575206549,5,4,0,-1.0,loss,30
1h,15min,2024-04-27 09:00:00+00:00,short,62898.85,63337.69977,62391.24,63272.72,63756.25,0.7687421948096013,0.697707144089281,1.1566828438807197,26,2.078445999380768,9,5,1,-1.0,loss,20
1h,15min,2024-04-28 05:45:00+00:00,long,63953.99,63797.209202,64370.0,63698.74,63932.78,0.3659505841621467,0.24514623403481123,2.6534499460833376,5,0.17126700048248278,5,6,0,-1.0,loss,11
1h,15min,2024-04-29 02:00:00+00:00,short,63159.99,63379.681998,62781.0,63164.7,63609.0,0.703451662991085,0.3478341241029362,1.7250969696219633,8,0.898109677316189,2,0,0,1.7250969696219633,win,2
1h,15min,2024-04-30 06:15:00+00:00,long,63376.91,62983.024617999996,64228.35,63172.58,63810.0,1.0057606153408207,0.6214966649525949,2.1616440693398937,25,0.025240134426225386,6,1,0,-1.0,loss,7
1h,15min,2024-05-01 13:00:00+00:00,short,57853.19,58287.440638,56552.82,57596.63,59500.55,3.2909507669326534,0.7506079405474403,2.994514886584944,16,5.988630519545172,13,2,1,-1.0,loss,22
1h,15min,2024-05-02 20:15:00+00:00,short,59111.29,59587.112258,57556.57,59569.23,59931.59,0.6130131824225005,0.8049600304781034,3.267438573670088,6,0.6403526557274737,20,3,0,-1.0,loss,5
1h,15min,2024-05-03 08:30:00+00:00,long,59364.39,59049.757121999995,59999.0,59131.1,59255.22,0.20908157230286137,0.530002713748097,2.0169856501773236,7,-0.15037535309672478,8,4,1,-1.0,loss,8
1h,15min,2024-05-03 15:45:00+00:00,long,61690.74,61323.351852,62115.64,60779.29,61347.1,0.9204136633796218,0.5955320814760825,1.1565424805157394,2,3.3670102479453194,15,4,0,1.1565424805157394,win,3
1h,15min,2024-05-04 08:30:00+00:00,long,63145.24,62839.330952,63595.14,62884.62,62956.0,0.11304098297828527,0.4844530609116401,1.470698571818639,7,3.7752394133680514,8,5,1,1.470698571818639,win,8
1h,15min,2024-05-07 10:15:00+00:00,short,63824.0,64435.1748,62832.6,64359.39,65111.1,1.1777857859112546,0.9575940085234406,1.622121854500546,7,-0.6907629301326876,10,1,0,1.622121854500546,win,33
1h,15min,2024-05-09 03:30:00+00:00,long,61672.0,61410.9056,62760.0,61468.14,61490.34,0.03599688675573533,0.4233597094305386,4.16707520345129,1,-1.6133468885073003,3,3,0,-1.0,loss,16
1h,15min,2024-05-09 04:15:00+00:00,short,61545.13,61819.289026000006,60888.0,61763.37,61949.42,0.3022984921796341,0.4454601460749347,2.3968935460106904,5,1.7885502456695341,4,3,0,2.3968935460106904,win,26
1h,15min,2024-05-10 01:00:00+00:00,short,62736.51,63441.577302,60630.0,63269.2,63310.84,0.06637283457431632,1.1238548366812178,2.9876722321750986,9,-0.6004609172802431,1,4,0,-1.0,loss,44
1h,15min,2024-05-10 01:00:00+00:00,short,62736.51,63441.577302,60630.0,63393.52,63455.56,0.09888978523032421,1.1238548366812178,2.9876722321750986,9,-0.6004609172802431,1,4,0,-1.0,loss,44
1h,15min,2024-05-11 19:00:00+00:00,short,61136.56,61527.227312,60487.09,61326.01,62812.26,2.431033083968087,0.6390076772392903,1.6624631241223293,15,0.8084936679496297,19,5,0,-1.0,loss,82
1h,15min,2024-05-12 01:15:00+00:00,short,60920.0,61116.234000000004,60643.94,61016.58,61058.31,0.06849967170058426,0.32211753118845043,1.4067898529306442,4,0.9933907759598124,1,6,0,-1.0,loss,14
1h,15min,2024-05-14 07:45:00+00:00,long,62035.39,61391.932922,63193.59,61560.0,62334.36,1.248255229797057,1.0372419323873026,1.7999646590257852,7,0.03219190643367304,7,1,1,-1.0,loss,19
1h,15min,2024-05-14 07:45:00+00:00,long,62035.39,61391.932922,63193.59,61016.0,61460.0,0.7157204943823195,1.0372419323873026,1.7999646590257852,6,0.03219190643367304,7,1,1,-1.0,loss,19
1h,15min,2024-05-15 00:00:00+00:00,long,61623.79,61460.085242,62300.0,61463.15,61561.14,0.15901326419552897,0.26565188217083024,4.1306679675125855,11,-0.4265867592152547,0,2,0,-1.0,loss,3
1h,15min,2024-05-16 18:30:00+00:00,long,65109.99,64589.748002,66752.01,64500.0,64720.0,0.33788977697585276,0.7990202394440512,3.156261905637238,5,1.5609066474388236,18,3,0,3.156261905637238,win,81
1h,15min,2024-05-21 02:30:00+00:00,long,71301.8,70691.73964,71979.0,69949.0,71125.37,1.6498461469415853,0.8556030282545505,1.1100540936637706,6,5.43521489953926,2,1,0,-1.0,loss,45
1h,15min,2024-05-22 00:15:00+00:00,long,70260.0,70035.93800000001,71455.09,69806.12,70100.0,0.4182749786507325,0.31890407059492004,5.333746909337798,1,2.090550941080611,0,2,0,-1.0,loss,3
1h,15min,2024-05-24 00:00:00+00:00,short,67713.06,68379.352612,66312.16,68345.39,68946.17,0.8872439083390986,0.9839942427649921,2.1025296915643787,12,1.8218341874086594,0,4,0,-1.0,loss,61
1h,15min,2024-05-24 22:30:00+00:00,long,68818.2,68724.56636,69220.0,68473.85,68840.0,0.5320540205933811,0.13605941451534626,4.291192780714312,14,0.46254755183169444,22,4,0,-1.0,loss,1
1h,15min,2024-05-25 17:45:00+00:00,long,69065.14,68833.83697199999,69610.0,68811.89,68850.0,0.055179791136310705,0.33490560940006686,2.3556111855136566,8,0.5639316369437863,17,5,0,-1.0,loss,36
1h,15min,2024-05-26 01:15:00+00:00,long,69244.0,69036.16119999999,69610.0,69044.0,69065.14,0.030529720986655042,0.3001542371902436,1.7609801442270567,14,0.6855021131603399,1,6,0,-1.0,loss,4
1h,15min,2024-05-27 08:30:00+00:00,short,68689.27,68957.937854,68128.01,68901.74,69020.49,0.17287998547662536,0.39113511324257677,2.0890478397166587,1,0.20154565051449988,8,0,1,-1.0,loss,19
1h,15min,2024-05-27 08:30:00+00:00,short,68689.27,68957.937854,68128.01,68784.4,68826.91,0.06188739522200383,0.39113511324257677,2.0890478397166587,2,0.20154565051449988,8,0,1,-1.0,loss,19
1h,15min,2024-05-27 21:45:00+00:00,long,69805.0,69055.039,70687.56,69045.8,69499.99,0.6506553971778559,1.0743657331136676,1.1768078606754255,8,1.137837169837479,21,0,0,-1.0,loss,16
1h,15min,2024-05-28 01:30:00+00:00,short,69317.02,69901.763404,68250.0,69724.21,69882.11,0.22779398191092776,0.8435783938778578,1.8247662012105672,18,-0.3793379299296843,1,1,0,1.8247662012105672,win,7
1h,15min,2024-05-28 10:30:00+00:00,short,68483.13,68916.40662600001,67486.65,68842.36,69100.0,0.3762094401935183,0.6326764357879178,2.2998701988599684,1,0.5363900162192794,10,1,0,2.2998701988599684,win,32
1h,15min,2024-05-31 05:00:00+00:00,short,68470.02,68743.424004,68050.01,68657.41,69084.0,0.623031802824063,0.3993046942296736,1.5362247584348285,11,-0.23689900318226684,5,4,0,1.5362247584348285,win,17
1h,15min,2024-05-31 21:30:00+00:00,short,67551.01,68012.510202,66670.0,67548.38,68025.02,0.7056001087178407,0.6831877154760679,1.9090132489258917,9,0.8801732330746557,21,4,0,-1.0,loss,153
1h,15min,2024-06-01 19:30:00+00:00,long,67782.64,67672.163472,67900.0,67719.99,67726.32,0.009338674327234446,0.1629864637907276,1.062307099296254,2,-0.22392628176340362,19,5,0,1.062307099296254,win,21
1h,15min,2024-06-03 00:15:00+00:00,short,67665.4,67997.54307999999,67257.47,67879.28,67980.0,0.14885007699651692,0.4908610308961366,1.2281755200198659,13,0.31746588853464547,0,0,0,-1.0,loss,3
1h,15min,2024-06-03 03:30:00+00:00,long,68434.25,68187.31315,68793.97,67873.87,68404.51,0.7754012062673288,0.36083810372729774,1.456728714244163,2,0.7575891899511893,3,0,0,1.456728714244163,win,10
1h,15min,2024-06-03 17:30:00+00:00,long,69339.07,68486.132186,70288.0,68600.0,68632.01,0.04616444956644899,1.2300969914941235,1.1125430065643545,11,1.4815823543774094,17,0,0,1.1125430065643545,win,89
1h,15min,2024-06-07 09:15:00+00:00,long,71204.92,71033.87901599999,71449.98,71015.2,71170.0,0.21740070770390996,0.24020950237709218,1.4327560229657488,10,0.8040093986143659,9,4,1,1.4327560229657488,win,9
1h,15min,2024-06-08 01:00:00+00:00,short,69339.99,69599.82799800001,68420.0,69448.0,69800.37,0.508177171643658,0.3747303655509651,3.540629188499196,9,1.6451354922681647,1,5,0,-1.0,loss,143
1h,15min,2024-06-08 06:45:00+00:00,short,69333.45,69428.75669,68528.02,69342.79,69411.3,0.09881233372925956,0.1374613408102404,8.450928261174669,2,1.4221626457889147,6,5,0,-1.0,loss,2
1h,15min,2024-06-10 16:00:00+00:00,short,69874.04,70209.914808,69172.29,69887.99,70779.0,1.2751659987028012,0.4806861146142513,2.0893201374006702,3,-0.29601378938204526,16,0,0,2.0893201374006702,win,39
1h,15min,2024-06-12 01:45:00+00:00,long,67180.01,66891.563998,67588.22,66805.98,67070.51,0.3937629660966095,0.42936284469144465,1.4152042225220745,2,-1.9579301805756417,1,2,0,1.4152042225220745,win,2
1h,15min,2024-06-12 07:15:00+00:00,long,67383.74,67182.493252,67624.89,67240.0,67317.77,0.1154135997794187,0.2986577295947138,1.1982802325828796,7,-1.4187535450274438,7,2,1,1.1982802325828796,win,10
1h,15min,2024-06-13 17:15:00+00:00,short,66722.86,67093.474572,66251.78,67019.42,67150.0,0.19570504022159985,0.555453666104849,1.2710779218902226,1,2.0465111968512395,17,3,0,-1.0,loss,49
1h,15min,2024-06-15 01:15:00+00:00,short,66104.95,66640.74099,65078.0,65753.23,66344.67,0.8946985059363971,0.8105156875544247,1.9166988978295074,20,1.5484249401737142,1,5,0,-1.0,loss,134
1h,15min,2024-06-15 01:15:00+00:00,short,66104.95,66640.74099,65078.0,66520.0,66561.3,0.06247641061675852,0.8105156875544247,1.9166988978295074,15,1.5484249401737142,1,5,0,-1.0,loss,134
1h,15min,2024-06-16 00:15:00+00:00,long,66251.09,66176.649782,66478.48,66149.0,66199.99,0.07696477144754184,0.11236074455530222,3.0546659602741775,1,-0.6730845920815682,0,6,0,-1.0,loss,2
1h,15min,2024-06-17 11:45:00+00:00,short,65817.2,66064.66344,65556.0,65960.01,65984.01,0.03646463234534438,0.3759859732714349,1.0555094522244979,3,1.019833755362703,11,0,0,1.0555094522244979,win,4
1h,15min,2024-06-17 20:30:00+00:00,long,66620.0,66150.686,67298.81,66056.65,66550.03,0.7405884118883288,0.7044641248874189,1.4463877063117654,2,0.33136689866669333,20,0,0,-1.0,loss,16
1h,15min,2024-06-19 16:15:00+00:00,long,65074.24,64743.265152,65727.54,64738.83,64797.48,0.09012782938379527,0.5086111616516736,1.9738660020473808,2,-0.7838621790492449,16,2,0,-1.0,loss,16
1h,15min,2024-06-20 21:45:00+00:00,short,65050.46,65230.220091999996,64559.15,65188.99,65864.88,1.0390241667776166,0.2763394632413004,2.7331427934516546,14,0.5304175228353263,21,3,0,2.7331427934516546,win,24
1h,15min,2024-06-21 20:30:00+00:00,short,64130.01,64472.966002,63379.35,64372.15,64562.5,0.29681891520054116,0.534782392829814,2.188793884995212,2,1.1117481163943241,20,4,0,-1.0,loss,40
1h,15min,2024-06-22 12:00:00+00:00,long,64294.0,64201.5712,64460.14,64221.45,64271.95,0.07854543192210782,0.14375960431766804,1.7974916909015017,31,-0.5433078395340277,12,5,1,1.7974916909015017,win,50
1h,15min,2024-06-28 22:15:00+00:00,short,60306.01,60424.461202,60063.0,60357.93,60669.74,0.517046310972982,0.19641691101765238,2.0515621276684817,4,1.8076637112297358,22,4,0,-1.0,loss,3
1h,15min,2024-06-29 14:30:00+00:00,short,60989.57,61236.197914,60377.01,61191.62,61233.92,0.0693561210547896,0.40437719760935675,2.4837415605761692,12,0.3594594499438034,14,5,1,-1.0,loss,66
1h,15min,2024-06-30 22:00:00+00:00,long,62104.0,61822.7792,62412.42,61864.01,61892.0,0.04506956073682527,0.4528223624887331,1.096718308176334,4,1.2471858576351482,22,6,0,1.096718308176334,win,1
1h,15min,2024-07-01 00:30:00+00:00,long,62804.6,62560.759079999996,63058.76,62014.0,62762.32,1.1915050808380274,0.38825328081064503,1.042318902012021,2,2.1893890182088036,0,0,0,1.042318902012021,win,2
1h,15min,2024-07-01 05:00:00+00:00,long,63340.31,63210.531938,63818.33,62944.0,63288.53,0.5439348181276644,0.2048901592050901,3.683365220849214,2,2.647644242356838,5,0,0,-1.0,loss,13
1h,15min,2024-07-03 07:00:00+00:00,short,60982.58,61194.036516,60600.0,60988.0,61245.96,0.4230060453329444,0.3467490486627466,1.8092608695019108,8,1.936448270775895,7,2,1,1.8092608695019108,win,7
1h,15min,2024-07-03 17:30:00+00:00,short,60332.01,60752.266401999994,59600.0,60667.18,60845.01,0.29475232136307367,0.696572850796769,1.7418176059100614,14,2.30743381417652,17,2,0,1.7418176059100614,win,13
1h,15min,2024-07-04 04:15:00+00:00,short,58804.23,59167.560846,57800.01,59106.84,60208.57,1.8735556948879413,0.6178651535782325,2.7639271783712225,2,4.118393835749216,4,3,0,2.7639271783712225,win,17
1h,15min,2024-07-04 12:00:00+00:00,short,57606.0,58130.4812,56952.0,57873.53,58104.0,0.40007985279311387,0.910462799013995,1.2469465063762009,5,5.2617111248532344,12,3,1,1.2469465063762009,win,5
1h,15min,2024-07-04 20:15:00+00:00,short,58151.11,58687.870222,56771.0,58506.18,58535.8,0.05093625899832801,0.9230438112015354,2.5711853141010286,4,3.2964062427988465,20,3,0,-1.0,loss,7
1h,15min,2024-07-05 06:15:00+00:00,short,54308.54,54829.161708,53485.93,54812.96,55000.0,0.3444025562093933,0.9586369068290157,1.5800532082308072,1,8.987145158737464,6,4,0,-1.0,loss,15
1h,15min,2024-07-07 08:00:00+00:00,long,57484.99,57061.863002,58475.0,57127.64,57185.76,0.10110465358000867,0.7360651850161228,2.3397467064959128,2,-0.20738788996656635,8,6,1,-1.0,loss,21
1h,15min,2024-07-08 03:00:00+00:00,short,55151.35,55500.03027,54260.16,55109.88,55724.37,1.1141885012787633,0.6322243607817477,2.555894544879135,4,3.7201046433873834,3,0,0,-1.0,loss,7
1h,15min,2024-07-08 10:45:00+00:00,short,56815.98,58248.093196,54260.16,58007.87,58113.99,0.18677843803802263,2.5206169039062574,1.7846494307423466,7,0.35315853337927283,10,0,0,-1.0,loss,128
1h,15min,2024-07-09 01:00:00+00:00,long,57079.53,56144.214093999995,58236.73,56114.0,56160.0,0.08058931108928193,1.638618793812779,1.2372290394898942,23,0.3939645431004102,1,1,0,1.2372290394898942,win,71
1h,15min,2024-07-10 10:45:00+00:00,long,58656.01,58299.928798,59470.0,58208.0,58820.44,1.044121480475747,0.6070668666348107,2.285967345167508,11,1.9270434345398675,10,2,0,-1.0,loss,7
1h,15min,2024-07-12 20:30:00+00:00,long,57533.63,57138.553274,58526.68,57278.0,57355.8,0.13522525868783686,0.6866883351528477,2.5135623909164537,1,-0.14554000629104233,20,4,0,2.5135623909164537,win,53
1h,15min,2024-07-13 02:00:00+00:00,short,57815.31,57981.263062,56767.05,57646.0,58065.0,0.7247215313729184,0.28703999338583586,6.316605354350085,20,-0.304327372116709,2,5,0,-1.0,loss,4
1h,15min,2024-07-16 12:45:00+00:00,short,63743.31,64278.078662,62373.24,63880.61,64473.68,0.9304035199929213,0.8389408425762677,2.561986326715596,2,-2.9731693274334487,12,1,1,-1.0,loss,9
1h,15min,2024-07-16 22:45:00+00:00,long,64616.92,64098.636615999996,65200.0,63898.71,64207.96,0.4785898182705087,0.8020861780474867,1.12502159629335,23,3.3035714649395795,22,1,0,1.12502159629335,win,2
1h,15min,2024-07-17 13:45:00+00:00,long,65141.95,64524.381610000004,66128.63,64623.21,64932.31,0.4745022216866375,0.9480348531169133,1.597685399668883,22,2.590885560442716,13,2,1,-1.0,loss,9
1h,15min,2024-07-19 00:00:00+00:00,short,63790.01,64135.188002,63238.48,63995.4,64505.6,0.7998117573582401,0.5411160807154609,1.5978132928644682,7,0.2749830397070541,0,4,0,-1.0,loss,14
1h,15min,2024-07-20 06:00:00+00:00,long,66588.17,66209.142366,67386.0,65849.65,66248.01,0.5982444028721627,0.5692116692799911,2.104938871027028,17,2.4977327217713543,6,5,0,2.104938871027028,win,45
1h,15min,2024-07-23 00:00:00+00:00,long,67664.91,67210.577018,68256.0,67314.43,67322.5,0.011926417991255711,0.6714454833384204,1.301006141790488,4,1.008019050131236,0,1,0,-1.0,loss,5
1h,15min,2024-07-23 09:45:00+00:00,short,66938.2,67179.39764,66256.39,66945.48,67439.22,0.7376057318541659,0.3603288406321032,2.8267689518023555,5,0.07847953434578891,9,1,1,2.8267689518023555,win,15
1h,15min,2024-07-24 04:00:00+00:00,short,65946.31,66159.199262,65441.08,66118.29,66333.33,0.3260834457606622,0.3228220987648846,2.3732056528055563,16,1.0516243856928498,4,2,0,-1.0,loss,16
1h,15min,2024-07-25 18:15:00+00:00,short,64894.47,65200.798894,63456.7,64482.0,65269.4,1.2133545431529087,0.47204159923025546,4.693550063873542,15,1.105220237267137,18,3,0,-1.0,loss,10
1h,15min,2024-07-25 22:45:00+00:00,short,65644.0,66188.61880000001,63456.7,66102.0,66315.44,0.32514776674182305,0.8296551093778732,4.016203627197515,3,-0.11980262106703701,22,3,0,-1.0,loss,6
1h,15min,2024-07-26 08:00:00+00:00,long,67047.62,66857.410476,67480.0,66570.01,66933.56,0.5422265547979226,0.28369317807252636,2.273177446151569,15,1.8163394536980737,8,4,1,2.273177446151569,win,7
1h,15min,2024-07-27 18:00:00+00:00,long,68703.38,68414.43932399999,69399.99,68471.79,68794.46,0.46965666026913494,0.4205625341868375,2.4109101205258114,12,2.2182277188839543,18,5,0,-1.0,loss,4
1h,15min,2024-07-28 08:15:00+00:00,short,67390.96,67604.298192,66650.0,67500.0,67940.94,0.6543014077852612,0.31656796697954087,3.4731708985328873,9,0.05842935297817435,8,6,1,-1.0,loss,8
1h,15min,2024-07-28 21:30:00+00:00,long,68035.14,67788.012972,68318.43,67753.26,67939.81,0.2741965401996717,0.36323439328559126,1.1463335366133671,2,0.6975266946018918,21,6,0,1.1463335366133671,win,10
1h,15min,2024-07-29 21:00:00+00:00,short,67151.65,67563.16033,66428.0,67177.52,67668.34,0.730912792165185,0.6128074738297639,1.7585220764688607,12,1.367048968674967,21,0,0,1.7585220764688607,win,13
1h,15min,2024-07-30 01:30:00+00:00,short,66398.01,66899.279602,65862.0,66862.45,67140.0,0.41800951564663297,0.7549467250599835,1.0693048169316168,1,2.313340821820583,1,1,0,-1.0,loss,22
1h,15min,2024-08-02 00:15:00+00:00,short,65208.03,65672.821606,62302.0,65422.0,66138.0,1.0980242770713975,0.7127827753729087,6.252328920070914,8,0.30820084422389954,0,4,0,6.252328920070914,win,80
1h,15min,2024-08-02 06:30:00+00:00,long,64201.27,63655.159746,65659.78,63509.83,64628.01,1.7416789418651693,0.8506221979720952,2.670724435802306,21,-1.6399183368517374,6,4,0,-1.0,loss,33
1h,15min,2024-08-02 12:15:00+00:00,short,64508.01,64986.901602,63668.0,64821.99,64895.83,0.11446640502474621,0.7423754073331297,1.7540712689298923,6,0.98818069741822,12,4,1,-1.0,loss,5
1h,15min,2024-08-05 10:00:00+00:00,short,51927.96,53228.755592,49000.0,52994.28,53394.01,0.7697779770281813,2.5050003735944992,2.2508993865040665,10,14.446501919804138,10,0,0,-1.0,loss,16
1h,15min,2024-08-05 19:45:00+00:00,long,53470.09,52544.305982,55600.0,52534.09,53500.0,1.8064491756045364,1.731405385702546,2.300655399734938,5,-8.251012106397654,19,0,0,2.300655399734938,win,18
1h,15min,2024-08-05 21:45:00+00:00,short,54372.01,55610.874402,49000.0,54720.0,55701.0,1.8042371433390083,2.2784966051466538,4.336237276111518,27,6.100237885866761,21,0,0,-1.0,loss,10
1h,15min,2024-08-06 22:15:00+00:00,short,56056.01,57052.201202,54371.94,56294.0,58001.81,3.0466135566908843,1.7771354079607067,1.6905088065614224,33,1.2715464445461844,22,1,0,-1.0,loss,16
1h,15min,2024-08-09 08:45:00+00:00,long,61095.73,60576.410853999994,62745.14,59683.5,60621.22,1.5348372136645245,0.8500089056960427,3.1761008865249267,15,4.619473094354964,8,4,1,-1.0,loss,6
1h,15min,2024-08-09 09:15:00+00:00,short,60938.0,61237.1876,59237.59,60998.0,61171.86,0.2853063769733181,0.4909704946010658,5.68342404564901,13,-4.31169465673793,9,4,1,-1.0,loss,60
1h,15min,2024-08-09 09:15:00+00:00,short,60938.0,61585.457599999994,58640.0,61550.08,61583.22,0.054383143522923984,1.0624858052446655,3.5492671643672424,24,-4.31169465673793,9,4,1,-1.0,loss,192
1h,15min,2024-08-13 21:15:00+00:00,long,60869.32,60231.596136,61578.1,59729.84,60904.84,1.9303649194701042,1.0476934258506578,1.111421478811085,12,2.0364610838513,21,1,0,1.111421478811085,win,60
1h,15min,2024-08-16 04:15:00+00:00,long,58121.11,57086.995778000004,59849.38,57133.02,57382.9,0.429929848208344,1.7792403173304785,1.6712563885423506,16,-1.4096890635309252,4,4,0,1.6712563885423506,win,186
1h,15min,2024-08-16 10:00:00+00:00,short,58388.01,58695.147602000005,56078.54,57963.04,58782.9,1.4041581482225556,0.5260285493545722,7.519333305206903,30,0.8074829462387403,10,4,0,-1.0,loss,13
1h,15min,2024-08-16 13:00:00+00:00,long,58105.26,57514.688947999995,59849.38,57616.0,57801.0,0.31838769846309956,1.0163813947308842,2.9532771613058606,36,-1.2120613938983795,13,4,1,2.9532771613058606,win,151
1h,15min,2024-08-16 14:00:00+00:00,short,58108.01,58926.801602,57098.62,58878.15,59428.57,0.9472360178915062,1.409085601107313,1.2327801085580778,3,1.1870330051872409,14,4,1,-1.0,loss,14
1h,15min,2024-08-17 00:45:00+00:00,long,59187.25,58692.15255,59817.76,58728.39,59081.42,0.5964629206459141,0.836493417078849,1.2735068621339105,14,0.5957888809947924,0,5,0,1.2735068621339105,win,104
1h,15min,2024-08-17 05:45:00+00:00,short,59163.17,59401.012634,57647.05,59314.91,59410.25,0.16114755176234896,0.40201130872466867,6.374466909073972,17,-0.48008711239745155,5,5,0,-1.0,loss,15
1h,15min,2024-08-17 23:00:00+00:00,long,59385.61,59101.802878,59700.0,59189.43,59190.0,0.0009598284837012013,0.47790554311052513,1.1077593746925112,7,0.5606500014938499,23,5,0,1.1077593746925112,win,6
1h,15min,2024-08-19 03:30:00+00:00,long,58759.01,58198.278198,60284.99,58223.04,58385.13,0.27585556666117506,0.9542907581322457,2.7214079789253516,14,-0.875068582093641,3,0,0,-1.0,loss,25
1h,15min,2024-08-19 04:00:00+00:00,short,58657.08,58775.561416000004,58210.03,58710.0,59350.0,1.0910873845066955,0.20198996608764425,3.7731655739157777,6,1.0368089701137924,4,0,0,3.7731655739157777,win,23
1h,15min,2024-08-20 13:00:00+00:00,short,60467.6,60764.34352,59363.31,60734.91,60752.3,0.02875920327580294,0.4907479708141279,3.7213618009248774,3,-1.5205681730975469,13,1,1,-1.0,loss,2
1h,15min,2024-08-20 20:45:00+00:00,short,59317.57,59734.583514,58548.23,59483.52,60324.33,1.4174720913213488,0.703018539026461,1.8448802596838612,5,0.3351325563388147,20,1,0,-1.0,loss,38
1h,15min,2024-08-21 11:15:00+00:00,short,59358.69,59521.211738,58783.47,59508.0,59580.0,0.12129647739867574,0.27379603222374993,3.539341918679309,1,0.1701020162172636,11,2,0,-1.0,loss,5
1h,15min,2024-08-22 03:45:00+00:00,long,60548.9,59712.760220000004,61820.93,60046.0,60588.64,0.8962012522110218,1.380933064019326,1.5213126207199499,5,1.1791686826781314,3,3,0,1.5213126207199499,win,137
1h,15min,2024-08-23 02:45:00+00:00,short,60625.7,60980.365139999994,60100.0,60934.03,61097.59,0.2697865756601535,0.5850079091870236,1.482243222437934,9,-0.6669782733898612,2,4,0,-1.0,loss,10
1h,15min,2024-08-25 02:15:00+00:00,long,64240.66,64029.571868,64507.04,64000.0,64107.16,0.16681024136427533,0.32858960664477044,1.2619373598890524,3,2.4892956194543965,2,6,0,-1.0,loss,5
1h,15min,2024-08-26 08:00:00+00:00,long,63788.14,63407.242372,65000.0,63411.23,63484.18,0.11436295210990176,0.5971292280978859,3.181589778763349,5,0.5381300378474784,8,0,1,-1.0,loss,6
1h,15min,2024-08-28 17:45:00+00:00,short,58650.0,59266.73,57860.0,59195.26,59310.16,0.1959079283887493,1.0515430520034155,1.2809495241029234,4,4.695333023789164,17,2,0,-1.0,loss,4
1h,15min,2024-08-29 16:30:00+00:00,short,60476.0,61179.0852,58878.46,60420.0,61846.33,2.3585058535617462,1.1625854884582336,2.2721855046870534,19,0.20315584042502735,16,3,0,2.2721855046870534,win,22
1h,15min,2024-08-31 13:30:00+00:00,short,59168.01,59255.873602,58831.88,59188.99,59211.88,0.03868644559788206,0.14849849099200332,3.8255886663969654,4,0.6821128729058714,13,5,1,3.8255886663969654,win,17
1h,15min,2024-09-01 20:45:00+00:00,short,58431.1,58800.61622,57201.0,58672.01,58819.78,0.2528961460591993,0.6323964806413108,3.3289472380941274,10,0.8285133254864732,20,6,0,3.3289472380941274,win,16
1h,15min,2024-09-03 08:30:00+00:00,short,58788.01,59270.757602,58301.0,59236.0,59300.0,0.10886573639760895,0.8211667685298343,1.0088294545272671,14,-0.14350108805026898,8,1,1,-1.0,loss,16
1h,15min,2024-09-03 10:15:00+00:00,long,59181.0,58705.1638,59809.65,58559.0,58875.03,0.5340058464709938,0.8040354167722714,1.3211479076203203,16,0.790360210727089,10,1,0,-1.0,loss,13
1h,15min,2024-09-04 00:30:00+00:00,short,57724.01,57955.074801999996,57415.0,57899.0,57957.5,0.10134431062568244,0.4002923601461394,1.3373304688786427,1,1.3862802920316386,0,2,0,1.3373304688786427,win,1
1h,15min,2024-09-04 09:45:00+00:00,short,56596.99,56921.259398,55606.0,56823.0,57100.0,0.48942532102855646,0.5729446000573599,3.0560700643111125,25,2.6459244316354815,9,2,1,-1.0,loss,19
1h,15min,2024-09-04 18:30:00+00:00,short,57661.53,58530.532306,56187.61,58398.99,59057.34,1.1417491003100309,1.5070746579218453,1.6961059709777049,10,0.4303823695668223,18,2,0,1.6961059709777049,win,83
1h,15min,2024-09-04 19:00:00+00:00,long,57847.99,57634.430402,58519.0,57581.4,58121.1,0.9329624071640122,0.36917375694470944,3.1420268921839916,7,-0.10324820055876618,19,2,0,-1.0,loss,32
1h,15min,2024-09-04 20:15:00+00:00,short,57920.83,58192.584166,56187.61,57997.99,58121.1,0.21254874973304178,0.4691820990824869,6.377896705362775,2,-0.01847663490779358,20,2,0,-1.0,loss,7
1h,15min,2024-09-05 07:00:00+00:00,long,57159.0,56530.2482,58519.0,56700.0,57365.0,1.163421333473294,1.100004898616138,2.1630156764561215,16,-1.1916411338729984,7,3,1,-1.0,loss,21
1h,15min,2024-09-06 00:30:00+00:00,short,56083.0,56345.0366,55643.65,56259.97,56506.3,0.43922400727493494,0.4672299983952346,1.6766741745237095,2,2.184069763023191,0,4,0,-1.0,loss,4
1h,15min,2024-09-06 05:45:00+00:00,long,56491.01,56284.191798,56858.88,56333.82,56499.87,0.2939405756774448,0.36610816836166,1.7787119143410377,3,-1.2696491093740354,5,4,0,-1.0,loss,3
1h,15min,2024-09-06 11:15:00+00:00,short,55984.0,56273.3068,55280.0,55938.42,56278.57,0.6075843098028033,0.5167669334095429,2.4334028788815325,5,1.8768579277251298,11,4,0,-1.0,loss,5
1h,15min,2024-09-07 18:30:00+00:00,long,54360.01,53989.127998,54850.0,53873.81,54007.67,0.2462471953187657,0.6822699296780822,1.3211479590751347,3,-1.9968427036877296,18,5,0,-1.0,loss,10
1h,15min,2024-09-07 20:00:00+00:00,short,54307.01,54468.681402,54000.0,54396.88,54434.84,0.0698988951886674,0.2976989563594091,1.8989753054779728,2,2.0136915195697953,20,5,0,1.8989753054779728,win,4
1h,15min,2024-09-08 07:00:00+00:00,long,54485.01,54250.202998,54850.0,54190.17,54274.99,0.1556758455215475,0.43095706874239603,1.5544255362537946,14,-1.125215461399167,7,6,1,-1.0,loss,23
1h,15min,2024-09-09 04:15:00+00:00,short,54930.0,55381.216,53629.01,55000.0,55849.8,1.547059894411074,0.8214381940651746,2.8832975781000605,24,-0.12498224819603239,4,0,0,-1.0,loss,19
1h,15min,2024-09-10 09:30:00+00:00,long,57220.0,56867.206,58088.0,56945.45,56990.0,0.07785739252010296,0.6165571478504048,2.46035930316274,2,2.664596502207619,9,1,1,-1.0,loss,15
1h,15min,2024-09-14 08:00:00+00:00,short,60036.0,60186.0072,59633.4,60079.36,60184.86,0.1757278965953761,0.2498620827503498,2.683871174183629,3,-2.5423892758461486,8,5,1,2.683871174183629,win,15
1h,15min,2024-09-15 03:30:00+00:00,short,60174.4,60292.09488,59400.0,60242.47,60287.99,0.07564678667339733,0.19558961950596176,6.5797254731899235,9,-1.7624231170732338,3,6,0,-1.0,loss,39
1h,15min,2024-09-16 11:30:00+00:00,short,58658.0,58847.571599999996,58112.0,58750.0,58854.86,0.17876504483616998,0.3231811517610482,2.880178254548743,2,0.9908626853133519,11,0,0,2.880178254548743,win,8
1h,15min,2024-09-17 06:15:00+00:00,short,58450.0,58790.770000000004,57608.0,58610.1,58652.0,0.07168520102652089,0.583011120615918,2.470874783578337,2,0.5324138839033477,6,1,0,-1.0,loss,7
1h,15min,2024-09-17 11:00:00+00:00,short,59118.49,59311.823698,57610.01,59210.7,59392.0,0.3066722441659165,0.32702746298155144,7.80246804155155,2,-0.5911536730726733,11,1,0,-1.0,loss,6
1h,15min,2024-09-17 20:15:00+00:00,long,60184.15,59606.223170000005,61320.0,59416.0,60220.9,1.3373953108916574,0.9602641725437622,1.9653872100037388,3,1.7991007681553373,20,1,0,-1.0,loss,55
1h,15min,2024-09-20 09:00:00+00:00,long,63383.98,63077.753204,64133.32,63125.01,63670.3,0.8602962452026535,0.4831296425374403,2.4470098952411403,13,2.7003831733071926,9,4,1,-1.0,loss,16
1h,15min,2024-09-20 23:45:00+00:00,long,63201.05,63059.35979,63700.0,62947.72,63116.03,0.2663088667039514,0.22418964558342094,3.5214147822915556,3,1.668043710422583,23,4,0,-1.0,loss,1
1h,15min,2024-09-21 12:30:00+00:00,long,63089.98,62953.392004,63310.37,62946.0,62974.0,0.04438105702363513,0.21649712997214776,1.6135385718668582,7,1.0867976526961236,12,5,1,1.6135385718668582,win,18
1h,15min,2024-09-22 18:00:00+00:00,short,62931.6,63146.58632,62429.16,63044.63,63077.69,0.05253322655073914,0.34161902764271623,2.337078935999214,2,-0.3391152414960307,18,6,0,-1.0,loss,7
1h,15min,2024-09-24 10:15:00+00:00,long,63684.0,63471.2632,63948.0,63394.0,63540.0,0.2292569562213429,0.3340506249607417,1.2409700625373774,3,0.8055804173759192,10,1,0,-1.0,loss,3
1h,15min,2024-09-25 10:15:00+00:00,long,63722.51,63394.955497999996,64817.99,63372.45,63540.48,0.26369017792928445,0.514032642468111,3.3444205263891464,1,0.2897188448737676,10,2,0,-1.0,loss,13
1h,15min,2024-09-25 19:15:00+00:00,short,63267.58,63480.653516,63000.0,63393.86,63440.0,0.0729283465560077,0.3367815174849374,1.2558106939954274,1,0.4315195531935924,19,2,0,-1.0,loss,6
1h,15min,2024-09-26 00:30:00+00:00,short,63176.0,63298.485199999996,62947.08,63270.0,63410.0,0.22160314043307583,0.19387932126123136,1.86896049481902,2,0.5221434577769712,0,3,0,1.86896049481902,win,1
1h,15min,2024-09-26 23:30:00+00:00,long,65081.76,64719.353648000004,65839.0,64869.85,64967.22,0.14961181135851676,0.5568478049763838,2.0894777252690147,2,1.7508478888196615,23,3,0,2.0894777252690147,win,38
1h,15min,2024-09-28 16:15:00+00:00,long,65667.13,65537.196574,66087.0,65602.0,65618.57,0.025233324495842875,0.1978667653055695,3.23142406789139,1,0.7943550378707006,16,5,0,-1.0,loss,1
1h,15min,2024-09-30 14:30:00+00:00,long,63909.99,63558.498002,64810.0,63665.6,63760.83,0.14900643858652335,0.5499797418212673,2.560541933020074,2,-1.8145158971677475,14,0,1,-1.0,loss,5
1h,15min,2024-10-02 23:45:00+00:00,short,60649.28,61011.369856,60000.0,60926.0,61242.0,0.5210284441958751,0.5970225137050246,1.7931460637218215,12,3.07388512019826,23,2,0,-1.0,loss,3
1h,15min,2024-10-03 11:15:00+00:00,short,60722.05,61082.61441,60126.56,60978.0,61106.01,0.21081304073232382,0.59379485705769,1.6515495802816669,2,2.270501046591198,11,3,0,1.6515495802816669,win,8
1h,15min,2024-10-05 01:15:00+00:00,short,62003.97,62226.400794,60753.97,62213.15,62274.45,0.09886463721596477,0.3587363744611835,5.619725477399504,5,-0.5210810396233821,1,5,0,-1.0,loss,22
1h,15min,2024-10-05 08:15:00+00:00,long,62152.01,62063.759598000004,62484.85,62020.0,62076.19,0.09040737379209832,0.1419912276368823,3.7715408933775127,2,0.6552810597629456,8,5,1,-1.0,loss,32
1h,15min,2024-10-07 04:00:00+00:00,long,63631.99,63333.243602,63970.19,62912.33,63660.0,1.1749907554360601,0.46949089286693013,1.132063858390049,6,2.1662356491455594,4,0,0,-1.0,loss,6
1h,15min,2024-10-07 11:45:00+00:00,long,63135.44,62637.322911999996,63970.19,62624.03,62657.44,0.05291798077276961,0.7889658930071705,1.6758108085623222,3,1.0614833164586899,11,0,0,1.6758108085623222,win,10
1h,15min,2024-10-08 02:15:00+00:00,short,62457.21,62750.331441999995,62128.0,62665.83,63002.29,0.5387048188671879,0.46931561944569095,1.1231181102063614,2,0.3728103734792574,2,1,0,-1.0,loss,2
1h,15min,2024-10-10 12:30:00+00:00,short,60959.99,61333.871998,60355.0,61218.0,61666.98,0.7365158688510337,0.6133235881436405,1.6181308627755617,4,1.3824206514297015,12,3,1,1.6181308627755617,win,17
1h,15min,2024-10-12 08:45:00+00:00,short,62725.58,63086.325116,61181.26,62910.0,62924.0,0.022319442881197752,0.5751164293737869,4.280917277893257,32,-1.4949604589894177,8,5,1,-1.0,loss,9
1h,15min,2024-10-13 15:45:00+00:00,long,62229.31,62037.554138,62990.0,61950.0,62123.0,0.2780040466461865,0.3081439630296369,3.9669712939467248,2,-0.30146814289554685,15,6,0,3.9669712939467248,win,23
1h,15min,2024-10-14 18:00:00+00:00,long,65813.62,65445.837276,66299.93,65292.0,65800.0,0.7718767027250591,0.5588246384259018,1.3222752681553407,8,3.792044861847036,18,0,0,1.3222752681553407,win,19
1h,15min,2024-10-18 04:15:00+00:00,long,67819.96,67508.436008,68260.92,67457.07,67800.0,0.5056475999101047,0.4593396870183971,1.415492903673335,3,1.464443424788024,4,4,0,1.415492903673335,win,8
1h,15min,2024-10-18 23:00:00+00:00,long,68334.03,68190.43319400001,69000.0,68196.0,68293.04,0.14200830830553035,0.21013952491897056,4.637777249725612,5,1.3441839793798955,23,4,0,-1.0,loss,48
1h,15min,2024-10-20 05:15:00+00:00,short,68187.2,68329.63744,68010.0,68253.3,68304.0,0.07435413098059034,0.20889175681067532,1.244054933871222,4,-0.4189497059627438,5,6,0,-1.0,loss,6
1h,15min,2024-10-21 06:15:00+00:00,long,69058.56,68900.048288,69519.52,68940.0,68951.27,0.016319483059021322,0.22953231576214778,2.9080501004243073,1,1.0757311162743868,6,0,0,-1.0,loss,2
1h,15min,2024-10-21 10:30:00+00:00,short,68323.99,68496.534798,68119.01,68426.0,68488.33,0.09122710778454499,0.25253911254302924,1.1879813380408295,2,0.02052312939577054,10,0,0,1.1879813380408295,win,8
1h,15min,2024-10-21 21:30:00+00:00,short,67692.0,67954.7084,66840.67,67620.25,68046.0,0.6289517225078296,0.3880937186078165,3.2405891855760665,16,0.6719614526640751,21,0,0,3.2405891855760665,win,12
1h,15min,2024-10-22 12:15:00+00:00,short,67179.82,67540.105964,66571.42,67402.14,67572.0,0.25284378552964354,0.5363008772574787,1.6886586234039829,4,1.055750611792876,12,1,1,-1.0,loss,7
1h,15min,2024-10-25 08:15:00+00:00,long,67603.99,67236.479202,68850.0,67123.0,67262.0,0.20560916596786666,0.5436229400069478,3.3904037834555942,4,0.18131114119821523,8,4,1,-1.0,loss,38
1h,15min,2024-10-26 03:00:00+00:00,short,66795.99,67063.559198,65596.29,66800.0,66938.0,0.2065992284866202,0.40057673821437095,4.483699951143192,11,0.9187264276871351,3,5,0,-1.0,loss,8
1h,15min,2024-10-26 08:15:00+00:00,long,67138.0,66982.1824,67392.52,66994.31,67047.54,0.0792844588757424,0.23208555512525672,1.6334483395971475,4,-0.3344137708924576,8,5,1,-1.0,loss,11
1h,15min,2024-10-28 03:30:00+00:00,short,67815.8,68004.84316,67540.88,67907.2,67988.0,0.11914627564668248,0.2787597580504854,1.454271077567666,2,-0.5569823112505012,3,0,0,-1.0,loss,14
1h,15min,2024-10-31 01:00:00+00:00,long,72304.99,72038.519002,72961.0,72060.0,72112.7,0.07288570263269116,0.3685374937469797,2.46184389642277,2,1.7137055308986269,1,3,0,-1.0,loss,2
1h,15min,2024-10-31 21:15:00+00:00,long,70310.92,69671.697816,72700.0,70010.0,70221.11,0.30025208033119266,0.9091364243278262,3.7374797993556617,11,-1.343661140509709,21,3,0,-1.0,loss,17
1h,15min,2024-11-01 06:00:00+00:00,short,69400.01,69728.330002,68830.0,69600.0,70146.8,0.7878961400726066,0.4730835082012347,1.7361415586248121,12,2.244711283811821,6,4,0,-1.0,loss,17
1h,15min,2024-11-01 08:45:00+00:00,short,69376.1,69551.87522,68830.0,69420.13,69526.0,0.15260298575445339,0.2533656691569516,3.106808798191341,3,2.107140241365461,8,4,1,-1.0,loss,4
1h,15min,2024-11-01 15:00:00+00:00,short,71090.9,71647.16818,68830.0,71386.0,71966.0,0.8158568818231307,0.7824745220555642,4.06440648825176,4,-0.46923915712136716,15,4,0,4.06440648825176,win,16
1h,15min,2024-11-02 06:30:00+00:00,long,69660.0,69432.068,70396.0,69455.95,69479.91,0.03439563594603274,0.32720643123744003,3.2290332204341547,8,-0.9792937752050453,6,5,0,-1.0,loss,15
1h,15min,2024-11-03 05:45:00+00:00,short,68432.0,68710.6564,67864.16,68454.55,69000.21,0.7973754968435871,0.4072018938508404,2.037778425329481,6,2.0107883615452815,5,6,0,-1.0,loss,4
1h,15min,2024-11-04 06:00:00+00:00,long,68991.99,68686.101602,69500.0,68775.99,68882.0,0.1536555185609152,0.4433679880809498,1.6607691018080981,2,-0.3516916489257401,6,0,0,-1.0,loss,7
1h,15min,2024-11-04 20:00:00+00:00,short,67684.0,68113.5368,67251.5,67934.39,68234.0,0.4426600082737435,0.6346208852904699,1.0068985940203454,7,1.9163942870080675,20,0,0,1.0068985940203454,win,5
1h,15min,2024-11-05 01:45:00+00:00,long,67997.31,67463.030538,69264.52,67622.0,67639.9,0.02632457078080615,0.7857361739751049,2.371811177724116,2,-1.1734890748083349,1,1,0,2.371811177724116,win,50
1h,15min,2024-11-05 22:45:00+00:00,long,69594.0,68718.8512,70577.91,68914.02,69216.5,0.4346351696985314,1.257506106848285,1.1242773800295547,12,0.9089422981791347,22,1,0,1.1242773800295547,win,7
1h,15min,2024-11-06 10:00:00+00:00,short,73458.33,74097.701666,68888.88,73539.53,74200.01,0.8991219920191431,0.8703868792007549,7.146782134696685,4,-4.6213534567559735,10,2,0,-1.0,loss,5
1h,15min,2024-11-06 10:30:00+00:00,long,73867.38,72641.536524,75407.1,71412.03,73070.05,2.2445902372603497,1.6595193656523475,1.2560494305718275,12,5.081655203015851,10,2,0,1.2560494305718275,win,35
1h,15min,2024-11-07 22:45:00+00:00,long,75872.0,75478.8256,76849.99,75000.0,75555.17,0.7317192113032452,0.5182075073808565,2.4874203406935864,2,3.2515056742251685,22,3,0,2.4874203406935864,win,79
1h,15min,2024-11-08 00:45:00+00:00,short,76005.25,76373.20105,74512.19,75984.0,76268.52,0.3743425618625083,0.48411267642696165,4.0577680101741365,7,-3.237199872057181,0,4,0,-1.0,loss,58
1h,15min,2024-11-10 07:00:00+00:00,long,79017.49,78596.196502,79788.96,77426.68,78803.38,1.742272501948634,0.5331648702078478,1.8311937014513402,2,3.8366286022933895,7,6,1,1.8311937014513402,win,16
1h,15min,2024-11-12 11:15:00+00:00,long,87407.28,85211.518544,89940.0,84880.03,85314.0,0.4964918253948655,2.5121036325578294,1.15345862961537,2,5.526712816070239,11,1,0,-1.0,loss,9
1h,15min,2024-11-12 11:15:00+00:00,long,87407.28,85211.518544,89940.0,85832.65,86052.0,0.2509516369803589,2.5121036325578294,1.15345862961537,2,5.526712816070239,11,1,0,-1.0,loss,9
1h,15min,2024-11-12 22:30:00+00:00,long,88505.06,87594.298988,89876.94,87878.0,88620.01,0.838381443953594,1.0290496520763928,1.5063007549998206,5,5.153195927527644,22,1,0,-1.0,loss,3
1h,15min,2024-11-13 22:15:00+00:00,long,89555.27,87953.068946,93265.64,87997.2,88623.64,0.6995009897240021,1.7890639534669535,2.315795505649433,5,3.4906660695452127,22,2,0,-1.0,loss,70
1h,15min,2024-11-14 08:30:00+00:00,short,90835.64,91456.577128,87970.98,91184.02,92050.07,0.9534253295292496,0.6835831486407814,4.613446145871277,2,-3.8673597878211603,8,3,1,-1.0,loss,13
1h,15min,2024-11-15 04:00:00+00:00,short,88071.67,88491.314334,87029.65,88280.91,89111.54,0.9431296125076203,0.4764805004832961,2.4831027505306715,24,-0.06277283149586559,4,4,0,-1.0,loss,20
1h,15min,2024-11-15 06:30:00+00:00,short,87708.95,88097.54179,86668.21,87860.46,88116.0,0.29134997055601924,0.44304690684360704,2.6782346585345382,2,0.32732367733690415,6,4,0,-1.0,loss,1
1h,15min,2024-11-15 16:00:00+00:00,long,89152.01,87736.61959799999,90709.74,88165.91,88943.53,0.8722405697863631,1.5876146841781857,1.1005656091767149,6,1.0250145511319717,16,4,0,1.1005656091767149,win,15
1h,15min,2024-11-16 01:00:00+00:00,long,91283.49,90831.743302,91850.0,90844.9,91067.6,0.2439652559296447,0.49488324559019664,1.2540434772585576,11,2.7617489059127918,1,5,0,-1.0,loss,44
1h,15min,2024-11-17 07:30:00+00:00,long,90643.97,90349.871206,91396.03,90247.86,90374.45,0.13965628381016026,0.3244548909320774,2.5571679154861986,6,0.7860380996268482,7,6,1,2.5571679154861986,win,6
1h,15min,2024-11-21 15:45:00+00:00,long,96672.0,95580.6656,98384.86,95904.0,96692.0,0.8151274412446209,1.1289043363124867,1.5695097671254472,5,2.841213682343387,15,3,0,1.5695097671254472,win,11
1h,15min,2024-11-21 15:45:00+00:00,long,96672.0,95580.6656,98384.86,94757.57,95798.11,1.0763613042038993,1.1289043363124867,1.5695097671254472,1,2.841213682343387,15,3,0,1.5695097671254472,win,11
1h,15min,2024-11-22 12:30:00+00:00,short,98606.06,98968.721212,97840.0,98847.79,98875.82,0.02842624479673297,0.36778795542586973,2.1123295644861635,4,-2.727892440252996,12,4,1,2.1123295644861635,win,3
1h,15min,2024-11-23 22:15:00+00:00,short,97765.19,98087.213038,97336.06,98051.29,98400.0,0.3566811459170758,0.3293841478751275,1.3326065199099373,17,-0.36663808435098183,22,5,0,-1.0,loss,11
1h,15min,2024-11-24 04:45:00+00:00,long,98169.21,97852.566158,98670.0,97998.95,98182.4,0.18687121960133637,0.32254903752409225,1.581556100497245,5,0.6658942599464396,4,6,0,-1.0,loss,18
1h,15min,2024-11-24 04:45:00+00:00,long,98169.21,97852.566158,98564.0,97727.28,97919.5,0.19580477422605436,0.32254903752409225,1.2467951295259594,1,0.6658942599464396,4,6,0,-1.0,loss,18
1h,15min,2024-11-25 02:15:00+00:00,long,97594.01,96868.481198,98369.46,96844.46,96974.89,0.13364549730049316,0.7434152997709601,1.068806638499254,4,0.21466015706753808,2,0,0,1.068806638499254,win,16
1h,15min,2024-11-25 02:15:00+00:00,long,97594.01,96868.481198,98369.46,96997.32,97531.0,0.5468368396789854,0.7434152997709601,1.068806638499254,7,0.21466015706753808,2,0,0,1.068806638499254,win,16
1h,15min,2024-11-28 03:45:00+00:00,long,95471.43,94803.44571399999,97208.21,94885.0,95184.79,0.3140101703724283,0.6996693000199183,2.6000312228901703,2,0.5916477397807375,3,3,0,-1.0,loss,25
1h,15min,2024-11-28 05:15:00+00:00,short,95619.08,95941.513816,94822.54,95789.33,96084.0,0.3081707123724661,0.3372065658862272,2.470398452251663,3,-0.7120474322612697,5,3,0,2.470398452251663,win,19
1h,15min,2024-11-28 19:00:00+00:00,short,95098.5,95454.6997,94640.0,95308.0,95359.18,0.053817883562824874,0.37455869440632333,1.2871992873660572,1,-0.05773341092320878,19,3,0,-1.0,loss,14
1h,15min,2024-11-29 20:45:00+00:00,short,97307.98,97644.08159599999,95600.03,97359.36,97700.0,0.35006378716319,0.3453998284621602,5.081647990746322,4,-1.4948418376138655,20,4,0,-1.0,loss,196
1h,15min,2024-11-30 11:15:00+00:00,long,96362.73,96072.737454,97486.27,95998.76,96293.61,0.30597929303165844,0.30093849146863527,3.8743754468779734,2,0.19547905974358104,11,5,0,-1.0,loss,58
1h,15min,2024-12-05 17:45:00+00:00,long,101282.36,100513.15352800001,103550.0,98648.47,101248.19,2.566804328019214,0.7594673662817403,2.948025117500606,9,2.7804286128001965,17,3,0,-1.0,loss,4
1h,15min,2024-12-06 02:00:00+00:00,short,97668.0,98848.23359999999,90500.0,97457.55,98801.93,1.376479501986311,1.208413810050367,6.073373949021657,6,0.7752429097629859,2,4,0,-1.0,loss,46
1h,15min,2024-12-07 12:30:00+00:00,short,99529.99,99841.735998,98844.0,99666.31,99868.0,0.2026424397309819,0.31321815464866265,2.2004773257747114,13,-0.4995194762859144,12,5,1,-1.0,loss,24
1h,15min,2024-12-07 22:00:00+00:00,long,100028.1,99679.99438,100439.18,99717.8,99920.31,0.2024531106758948,0.34800782979982836,1.1809059560715645,2,0.8226985993709514,22,5,0,-1.0,loss,3
1h,15min,2024-12-08 01:30:00+00:00,short,99882.36,100278.976472,99036.01,100046.92,100077.45,0.030565957792746224,0.3970836011483852,2.1339254916271306,8,-0.6155843799953032,1,6,0,-1.0,loss,5
1h,15min,2024-12-08 07:45:00+00:00,short,99675.11,99883.28502200001,99336.0,99783.56,99912.0,0.12885864886429754,0.20885356635173047,1.6289658420210649,5,-0.32114116444433904,7,6,1,1.6289658420210649,win,2
1h,15min,2024-12-08 15:30:00+00:00,long,99735.29,99337.212942,100500.0,99409.02,99452.0,0.04309407432413936,0.3991336045646384,1.9210099769176234,2,0.3275585468870843,15,6,0,1.9210099769176234,win,31
1h,15min,2024-12-09 22:30:00+00:00,short,96474.65,97591.81493000001,94150.05,97330.49,97365.48,0.03626859491067414,1.1579880621489826,2.0808028766172986,4,2.616482943619972,22,0,0,-1.0,loss,7
1h,15min,2024-12-11 09:00:00+00:00,short,97883.18,98492.146636,95658.24,98398.0,98856.0,0.46790470027639075,0.6221361382006715,3.6536320193409484,2,-0.15085178697129703,9,2,1,-1.0,loss,14
1h,15min,2024-12-12 23:15:00+00:00,short,100085.84,100496.20716800001,99311.64,100464.73,100831.0,0.36595586348678705,0.41001521094293814,1.8866031699689367,3,-0.5020301234520592,23,3,0,1.8866031699689367,win,10
1h,15min,2024-12-13 00:15:00+00:00,long,100248.04,99291.590392,102540.0,98865.47,99414.72,0.5478910111359784,0.9540831002780658,2.3963207061087712,19,0.6495107411812364,0,4,0,-1.0,loss,6
1h,15min,2024-12-13 15:30:00+00:00,short,100783.25,101395.41665,99484.98,101052.77,101227.27,0.1731438507886975,0.6074091180826171,2.1207787127900644,2,-0.992694322351109,15,4,0,-1.0,loss,8
1h,15min,2024-12-14 06:00:00+00:00,long,101858.83,101570.528234,102650.0,101519.42,101668.45,0.14631033951597405,0.28304052383087863,2.744242641926747,6,1.4626146947661853,6,5,0,-1.0,loss,14
1h,15min,2024-12-14 06:30:00+00:00,short,101763.19,102016.342638,101090.9,101816.71,102022.39,0.20211630551282148,0.24876641347426273,2.655670528702961,2,-1.3495984969458905,6,5,0,2.655670528702961,win,27
1h,15min,2024-12-14 20:15:00+00:00,short,101169.38,101432.003876,100826.38,101175.75,101420.01,0.24143668766181503,0.25958830231044,1.3060503303210818,5,-0.4495263681884838,20,5,0,1.3060503303210818,win,2
1h,15min,2024-12-16 10:45:00+00:00,long,104684.99,104238.54300199999,106648.0,103385.8,104324.5,0.8966901558666597,0.42646705893558756,4.396960913151741,28,2.052770235560067,10,0,0,-1.0,loss,3
1h,15min,2024-12-18 09:00:00+00:00,long,104283.51,103116.963298,107276.0,103197.67,103246.07,0.04641193991265612,1.1186300710438233,2.5652552057020217,9,-0.6766178536795566,9,2,1,-1.0,loss,43
1h,15min,2024-12-19 11:30:00+00:00,short,102217.16,102630.163432,98802.0,101745.45,102817.82,1.0491095624257314,0.4040451055380503,8.269083826886995,13,1.2956420601372662,11,3,0,-1.0,loss,12
1h,15min,2024-12-22 20:30:00+00:00,long,95250.0,94404.95,97351.57,94244.0,94745.87,0.5268976377952708,0.8871916010498718,2.4869179338500675,3,-2.4603614796249724,20,6,0,-1.0,loss,6
1h,15min,2024-12-23 07:00:00+00:00,long,95211.43,94686.02771400001,96509.98,94786.45,95644.0,0.9006796767993118,0.5518269035555735,2.4715347355760207,8,-1.8609409129817702,7,0,1,2.4715347355760207,win,16
1h,15min,2024-12-24 02:30:00+00:00,long,94134.38,93550.193124,95621.54,93530.01,93911.5,0.4052610746466968,0.6205882229213249,2.5456922452327926,2,-1.9208686000518171,2,1,0,2.5456922452327926,win,45
1h,15min,2024-12-25 06:15:00+00:00,short,97984.66,98601.496932,97250.0,98353.99,98393.6,0.040424695049205234,0.629523980590422,1.191011695129847,6,-1.5081132465815104,6,2,0,-1.0,loss,15
1h,15min,2024-12-26 12:15:00+00:00,long,95815.59,95179.976882,99963.7,94410.39,95864.5,1.5176131566898463,0.663371292709249,6.526155427773976,15,-1.607036069495606,12,3,1,-1.0,loss,77
1h,15min,2024-12-30 20:45:00+00:00,short,94338.8,95043.36776,91530.45,94794.79,94800.0,0.00552264815749872,0.7468483381174986,3.9859189696673636,2,0.02683343295067535,20,0,0,-1.0,loss,65
1h,15min,2024-12-31 06:30:00+00:00,short,92706.93,93058.641386,91901.57,93027.69,94296.75,1.3688944289278027,0.3793798219831139,2.2898320385907645,2,1.345781280617264,6,1,0,-1.0,loss,7
1h,15min,2024-12-31 21:30:00+00:00,long,93920.5,93170.80589999999,94741.68,92910.03,93831.24,0.9808401786617473,0.7982220069101079,1.0953534248168477,46,-0.18165061345687247,21,1,0,-1.0,loss,47
1h,15min,2025-01-03 02:45:00+00:00,short,96966.85,97361.83337000001,96040.04,97212.69,97300.0,0.09004108104986154,0.4073385595180226,2.3464532190304825,2,-1.6380299482274363,2,4,0,-1.0,loss,49
1h,15min,2025-01-04 02:00:00+00:00,short,97922.75,98532.52455,96402.82,98419.14,98491.53,0.07392561994020737,0.6227097890939561,2.492609768643162,16,-1.5595843874157536,2,5,0,-1.0,loss,74
1h,15min,2025-01-04 02:30:00+00:00,long,98141.1,97780.37178,98976.91,97660.0,97837.63,0.180994506888556,0.36756080785726314,2.3170075243904877,6,1.755751855854247,2,5,0,-1.0,loss,27
1h,15min,2025-01-05 14:45:00+00:00,long,97855.06,97257.218988,98522.76,97342.44,97406.54,0.06550504388837049,0.6109454247945936,1.1168521171979955,2,0.4201043144644505,14,6,1,1.1168521171979955,win,22
1h,15min,2025-01-05 17:30:00+00:00,short,97849.49,98352.109898,97276.79,98268.78,98304.82,0.036832077510069956,0.5136663440964178,1.1394296212284518,8,-0.3727211146703016,17,6,0,-1.0,loss,11
1h,15min,2025-01-06 01:30:00+00:00,long,98275.0,97900.345,98836.85,97927.98,98024.0,0.0977054184685872,0.38123123887051524,1.4996463413006835,1,0.6463659726589335,1,0,0,1.4996463413006835,win,2
1h,15min,2025-01-09 10:15:00+00:00,short,93300.76,93806.410152,92750.0,93400.98,94048.07,0.6935527642004322,0.5419571630499066,1.0892115780477263,4,3.4452444589790714,10,3,0,-1.0,loss,4
1h,15min,2025-01-10 09:45:00+00:00,short,94793.08,95019.508616,91203.67,94800.69,94966.66,0.1750866202469644,0.23886618727865438,15.852280791222647,9,0.22585854822858276,9,4,1,-1.0,loss,4
1h,15min,2025-01-10 22:15:00+00:00,long,94803.53,94354.88929400001,95836.0,94062.94,94581.87,0.5473741325876716,0.4732320684683271,2.3013292957862403,13,-0.07268051779317111,22,4,0,-1.0,loss,13
1h,15min,2025-01-12 03:45:00+00:00,long,94622.4,94278.06552,95050.94,94327.4,94575.75,0.26246427907134656,0.3639037690863796,1.2445457103221846,20,-0.01496095758829269,3,6,0,-1.0,loss,13
1h,15min,2025-01-12 12:45:00+00:00,short,94328.2,94618.86564,93711.19,94441.42,94500.0,0.06210231934882861,0.30814288834092723,2.1227483234687834,2,0.25054585701195375,12,6,1,-1.0,loss,2
1h,15min,2025-01-15 18:15:00+00:00,long,99087.21,98582.232558,99799.98,97194.35,98613.99,1.4327177039296992,0.5096292871703654,1.411488792800343,2,3.095709776232438,18,2,0,1.411488792800343,win,6
1h,15min,2025-01-20 13:15:00+00:00,long,107338.17,105451.482366,109588.0,102825.73,106923.0,3.817160288832951,1.7577043040700264,1.1924761467960094,4,3.1945649724425413,13,0,1,-1.0,loss,10
1h,15min,2025-01-21 19:00:00+00:00,short,106347.98,107262.079596,101388.0,107050.0,107277.28,0.21371350917995702,0.859536397400308,5.4260826956978505,2,-2.359974631919648,19,1,0,5.4260826956978505,win,158
1h,15min,2025-01-24 23:30:00+00:00,long,104713.21,104435.947358,107120.0,104298.0,104543.21,0.23417293768379976,0.2647828693247027,8.680541967857252,2,0.17503800045139303,23,4,0,-1.0,loss,5
1h,15min,2025-01-26 08:00:00+00:00,long,105085.67,104869.542866,105500.0,104718.16,104978.82,0.24804523775696866,0.2056675605722406,1.917066091294264,6,0.3790895444595451,8,6,1,-1.0,loss,2
1h,15min,2025-01-27 15:30:00+00:00,short,101341.19,102338.208238,97777.77,102085.04,102520.44,0.42963774157379514,0.9838232983054612,3.5740770471241703,3,1.7668708523510268,15,0,0,-1.0,loss,22
1h,15min,2025-01-28 06:15:00+00:00,short,102849.98,103391.80999600001,98864.0,103260.0,104300.01,1.0111912515685417,0.5268158496482109,7.356514090076117,7,-0.25397158706441253,6,1,0,-1.0,loss,37
1h,15min,2025-01-28 22:45:00+00:00,long,101265.63,100252.426874,103800.0,99952.0,100954.0,0.9894768837166174,1.0005399917030167,2.501344434264977,5,-1.223528939839435,22,1,0,2.501344434264977,win,83
1h,15min,2025-01-29 21:45:00+00:00,short,103741.11,104803.42822199999,101400.01,104330.21,104552.48,0.2142545033497227,1.0240089218247106,2.203765266863731,6,-1.2151840186040364,21,2,0,-1.0,loss,23
1h,15min,2025-01-29 21:45:00+00:00,short,103741.11,104803.42822199999,101400.01,104730.98,104918.52,0.18077693597071415,1.0240089218247106,2.203765266863731,5,-1.2151840186040364,21,2,0,-1.0,loss,23
1h,15min,2025-01-30 08:15:00+00:00,long,105167.01,104778.626598,105595.81,104668.35,104842.37,0.1654701412543625,0.36930155378572826,1.1040636592395148,5,2.038657960191078,8,3,1,-1.0,loss,23
1h,15min,2025-02-03 12:00:00+00:00,long,95310.99,94780.227802,98022.2,94600.0,94850.85,0.2631910548825543,0.5568740792641134,5.108144495248952,7,-4.026717381076963,12,0,1,-1.0,loss,3
1h,15min,2025-02-04 15:00:00+00:00,short,99207.32,100434.841464,97860.0,100094.09,100534.03,0.4434551805249877,1.237329527700164,1.0975938421554294,2,0.09759356749578801,15,1,0,-1.0,loss,17
1h,15min,2025-02-05 01:30:00+00:00,short,98095.93,98950.059186,96150.0,98673.86,98782.6,0.11085067443675313,0.8707080772872081,2.2782619209080397,2,1.0186681335181789,1,2,0,-1.0,loss,52
1h,15min,2025-02-05 03:30:00+00:00,long,98200.01,96130.359998,100777.93,95400.0,96190.47,0.8049591848310415,2.107586345459634,1.2455825852239941,22,-0.8432525191281933,3,2,0,-1.0,loss,156
1h,15min,2025-02-07 04:45:00+00:00,short,97434.79,97902.60695799999,95676.64,97547.71,97795.76,0.25458052508758766,0.4801333876739467,3.758200659327125,12,0.4155471074623702,4,4,0,-1.0,loss,31
1h,15min,2025-02-07 13:00:00+00:00,short,97627.07,98105.37541400001,96409.65,98064.34,98166.7,0.10484796890862398,0.4899311369274958,2.5452774824748423,1,0.10257774939416318,13,4,1,-1.0,loss,2
1h,15min,2025-02-08 01:45:00+00:00,short,96509.2,96870.78184,95620.34,96174.79,96856.78,0.7066580180956895,0.37466048832650045,2.4582539875343388,11,1.0872374415901789,1,5,0,-1.0,loss,5
1h,15min,2025-02-08 21:30:00+00:00,long,96517.01,96339.196598,96750.0,96391.03,96399.27,0.008537355228892025,0.1842301186081083,1.3103061826577365,6,-0.5044273654374429,21,5,0,1.3103061826577365,win,15
1h,15min,2025-02-09 06:00:00+00:00,short,96877.37,97342.465474,95688.0,96944.1,97300.01,0.36738197991955085,0.4800868087149781,2.5572598885363296,17,0.08700612660548218,6,6,0,2.5572598885363296,win,62
1h,15min,2025-02-14 02:45:00+00:00,short,96528.47,96984.81569399999,95217.36,96929.67,97430.0,0.5183237649990741,0.47275761648349834,2.8730631563711717,9,0.004189000566983708,2,4,0,-1.0,loss,4
1h,15min,2025-02-15 00:15:00+00:00,short,97352.36,97557.580472,96252.82,97492.69,97656.0,0.16775145461291097,0.21080174327566467,5.357847534820936,9,-0.5359962435912685,0,5,0,-1.0,loss,3
1h,15min,2025-02-16 15:45:00+00:00,short,96911.01,97111.732202,96645.35,97029.9,97096.0,0.06820690445802373,0.20712012185200057,1.323520753324453,3,0.33159367510429205,15,6,0,-1.0,loss,3
1h,15min,2025-02-18 01:00:00+00:00,long,95976.19,95518.814762,97046.59,95596.24,95917.51,0.3347392723132576,0.476550734093537,2.3403103427299574,9,-0.6421548575509047,1,1,0,-1.0,loss,20
1h,15min,2025-02-19 03:00:00+00:00,short,95660.0,95980.67199999999,93388.09,95730.77,96107.77,0.39410411875392015,0.33522057286221135,7.08484058477218,12,0.31338799098615266,3,2,0,-1.0,loss,27
1h,15min,2025-02-20 07:45:00+00:00,short,96867.92,97108.243584,95885.28,96999.3,97034.59,0.036431049618897156,0.24809408935383143,4.0888205129298,1,-0.6921628012018225,7,3,1,-1.0,loss,4
1h,15min,2025-02-20 22:15:00+00:00,long,98176.78,97980.364644,98711.36,97999.99,98241.99,0.24649413028212985,0.2000629436003072,2.721681292576778,4,1.5017444123931285,22,3,0,2.721681292576778,win,44
1h,15min,2025-02-22 00:00:00+00:00,short,95986.51,96221.877302,94871.95,95671.9,96515.49,0.8788630819060003,0.24520872985172473,4.735407129746525,7,1.215914809584282,0,5,0,-1.0,loss,4
1h,15min,2025-02-22 13:30:00+00:00,short,96658.87,96999.331774,96091.3,96829.0,96832.01,0.0031140442672201334,0.352230244363513,1.6670593979809762,3,0.2765342287715709,13,5,1,1.6670593979809762,win,84
1h,15min,2025-02-24 17:45:00+00:00,short,94644.0,95213.51879999999,93817.06,94960.0,95339.35,0.4008178014454226,0.6017484468111985,1.451997721585338,7,1.502333091437456,17,0,0,1.451997721585338,win,7
1h,15min,2025-02-25 21:00:00+00:00,short,87947.31,89031.249462,86050.99,87781.4,88750.41,1.101807434474129,1.2324873404314576,1.749470396161272,14,5.487853012702438,21,1,0,-1.0,loss,4
1h,15min,2025-02-26 22:15:00+00:00,short,84410.02,85416.882004,82256.01,85084.64,85687.81,0.7145715638972698,1.1928228473349431,2.1393299096030045,4,6.6801067245031955,22,2,0,-1.0,loss,12
1h,15min,2025-02-27 09:30:00+00:00,long,86253.08,85829.61938399999,86737.0,85944.76,86106.26,0.18723969045511185,0.4909512982029293,1.1427745148322965,5,-2.9281033420473253,9,3,1,1.1427745148322965,win,5
1h,15min,2025-03-01 09:30:00+00:00,short,85195.89,85525.829178,83600.0,85075.63,85569.91,0.5801688320880254,0.387271238084373,4.836921791688518,5,-0.19840602088393222,9,5,1,-1.0,loss,40
1h,15min,2025-03-02 03:00:00+00:00,long,85984.02,85594.59319599999,86498.0,85595.95,85668.3,0.08414354202095438,0.45290602137468916,1.3198372446904643,1,0.9475828232283259,3,6,0,-1.0,loss,5
1h,15min,2025-03-03 03:00:00+00:00,short,92883.99,93461.406798,85050.6,93419.99,93800.0,0.40912325148822176,0.621653740327037,13.566266217284728,1,-5.769900882788353,3,0,0,-1.0,loss,42
1h,15min,2025-03-03 15:15:00+00:00,long,91083.99,89098.783202,93721.37,88673.09,90636.0,2.1550549114064976,2.1795342935679467,1.3285165065206426,2,2.366499367767506,15,0,0,-1.0,loss,12
1h,15min,2025-03-04 12:00:00+00:00,short,83650.57,84598.33011400001,82464.84,84413.62,85880.0,1.7529826754318645,1.1329989909214058,1.2510866225374886,36,4.369137848580295,12,1,1,1.2510866225374886,win,6
1h,15min,2025-03-04 20:45:00+00:00,short,86825.27,88857.395054,81500.0,87724.13,89912.0,2.519853954960342,2.340476515650327,2.6205424658870586,7,-0.05768597508811593,20,1,0,-1.0,loss,2
1h,15min,2025-03-05 06:30:00+00:00,long,87433.97,86317.043206,88967.52,85529.8,86537.71,1.152767053812155,1.2774517661728035,1.3730085160800647,24,0.6085305527683758,6,2,0,1.3730085160800647,win,15
1h,15min,2025-03-06 07:00:00+00:00,short,91700.0,92828.98,87600.0,91307.0,92882.38,1.7179716466739419,1.2311668484187523,3.631596662474105,21,-3.4501462164110563,7,3,1,3.631596662474105,win,69
1h,15min,2025-03-06 12:15:00+00:00,short,90857.02,91685.671404,89986.73,91590.99,91784.35,0.21281789783552285,0.9120389420652244,1.050248627829537,8,-2.1525034263772183,12,3,1,1.050248627829537,win,2
1h,15min,2025-03-07 01:15:00+00:00,long,87119.31,84649.606138,91457.03,83825.72,85148.68,1.5185611548117082,2.834852413316858,1.7563725217189665,2,-2.1626673490795203,1,4,0,-1.0,loss,232
1h,15min,2025-03-07 12:30:00+00:00,short,88455.99,89721.691198,84667.03,88983.8,89889.24,1.0236050718555094,1.4308824060416883,2.9935659427257812,13,0.4197324188744743,12,4,1,-1.0,loss,2
1h,15min,2025-03-08 05:15:00+00:00,short,86225.09,86517.245018,85218.47,86341.13,86538.59,0.2290052698118284,0.3388283131974753,3.4454996080196656,3,2.3189608327373215,5,5,0,-1.0,loss,3
1h,15min,2025-03-10 03:00:00+00:00,short,81909.37,82760.381874,80000.0,82066.23,82615.38,0.6704361173819414,1.0389676712200369,2.243646720257146,4,4.262634084664177,3,0,0,-1.0,loss,8
1h,15min,2025-03-11 13:00:00+00:00,short,80765.36,82108.493072,76606.0,81528.93,82634.16,1.3684455811253864,1.6630063581713705,3.0967594251897106,16,2.0286828190841897,13,1,1,-1.0,loss,1
1h,15min,2025-03-12 01:00:00+00:00,long,83040.01,82533.91199800001,83617.4,81727.27,82846.31,1.347591359875792,0.609462838455805,1.140865993776473,20,0.8227697149063666,1,2,0,1.140865993776473,win,3
1h,15min,2025-03-13 23:15:00+00:00,short,81104.01,81500.45080199999,79939.9,81264.73,81546.52,0.3474427466656805,0.48880542651343306,2.9364031001027193,2,1.4744090959751828,23,3,0,-1.0,loss,5
1h,15min,2025-03-14 04:00:00+00:00,long,82008.36,80802.43832799999,83900.0,80882.65,81046.57,0.1998820608045482,1.47048626749762,1.5686259264772395,16,-0.25819283971029205,4,4,0,1.5686259264772395,win,44
1h,15min,2025-03-14 23:30:00+00:00,short,83999.07,84528.849814,82640.59,84299.7,84458.44,0.18897828273575557,0.6306972374813126,2.5642351107020955,5,-1.4342395786514617,23,4,0,-1.0,loss,7
1h,15min,2025-03-15 00:15:00+00:00,long,84226.27,83700.844746,85309.71,83602.15,83949.19,0.41203296786146193,0.6238258609813797,2.062024982149029,16,1.6674953326812287,0,5,0,-1.0,loss,32
1h,15min,2025-03-17 06:45:00+00:00,long,83220.91,82665.97581799999,84094.52,82632.0,82825.55,0.2325737606089658,0.6668206127522659,1.5742587649790547,1,-0.2854994841833023,6,0,0,-1.0,loss,29
1h,15min,2025-03-18 20:15:00+00:00,short,82020.33,82492.664066,81134.66,81978.86,82330.38,0.42857667117409076,0.5758743789497016,1.8750923631242091,19,1.3113902288464079,20,1,0,-1.0,loss,10
1h,15min,2025-03-19 14:15:00+00:00,short,83964.33,84406.50286600001,82547.16,84251.86,84311.07,0.07051804022018207,0.5266198944242252,3.2050134890004136,4,-0.9951747554111333,14,2,1,-1.0,loss,3
1h,15min,2025-03-20 13:30:00+00:00,long,85622.28,84738.015544,87453.67,84705.56,84926.73,0.2583089354780067,1.0327504196337733,2.0710885613160848,13,1.541811689638081,13,3,1,-1.0,loss,9
1h,15min,2025-03-21 04:00:00+00:00,long,84614.17,84253.327166,85987.13,84360.0,84371.37,0.013437465615978203,0.426456743592705,3.8048697954745125,3,0.289934804593588,4,4,0,-1.0,loss,8
1h,15min,2025-03-23 02:00:00+00:00,short,84022.62,84149.394524,83625.1,84103.99,84162.04,0.06908853830074373,0.15088142216942016,3.1356457705963505,3,0.2126346427769218,2,6,0,-1.0,loss,2
1h,15min,2025-03-23 16:30:00+00:00,short,85102.64,85359.03052799999,83625.1,84908.0,85471.1,0.6616716003169888,0.30127212034783996,5.762849398243203,21,-0.919687381361404,16,6,0,-1.0,loss,1
1h,15min,2025-03-25 04:00:00+00:00,long,86617.31,86292.676538,88536.0,85950.0,86532.06,0.6719903908352703,0.3747905147366017,5.9103272601023935,2,0.6372099832019638,4,1,0,5.9103272601023935,win,64
1h,15min,2025-03-26 22:00:00+00:00,short,86938.38,87421.727676,85860.0,87294.05,87586.72,0.33664073335619804,0.5559658185487126,2.2310648287880177,7,0.010550434833040034,22,2,0,-1.0,loss,15
1h,15min,2025-03-29 00:45:00+00:00,short,84396.89,84641.609378,83585.0,84530.45,84904.96,0.44374857888721886,0.2899625543073854,3.3176367422771817,7,1.901525784498671,0,5,0,3.3176367422771817,win,35
1h,15min,2025-03-31 17:45:00+00:00,short,82680.34,83959.616068,81290.88,83559.23,83666.65,0.1299220588594559,1.547255451537822,1.0861299095294144,14,0.5962287288954514,17,0,0,-1.0,loss,58
1h,15min,2025-04-01 06:15:00+00:00,long,83134.58,82870.243084,83694.29,82741.8,82926.08,0.221664679126302,0.317962652845543,2.117411402348325,9,0.0740016781186139,6,1,0,2.117411402348325,win,7
1h,15min,2025-04-02 06:30:00+00:00,long,84319.63,83887.856074,85579.46,83912.62,84182.89,0.32053034388315516,0.5120680984961734,2.917800089670018,4,0.5936751942483005,6,2,0,2.917800089670018,win,29
1h,15min,2025-04-02 12:30:00+00:00,long,84969.57,84445.696086,85579.46,84462.16,84635.6,0.20412013383144378,0.6165429741494639,1.1641923441906423,4,1.1910428589993312,12,2,1,1.1641923441906423,win,5
1h,15min,2025-04-03 02:15:00+00:00,short,83423.04,84014.704608,82175.98,82845.42,84207.26,1.6324506994710293,0.7092340533262831,2.107714375912078,8,1.0370548904216028,2,3,0,2.107714375912078,win,42
1h,15min,2025-04-05 19:30:00+00:00,short,82908.0,83162.5816,82379.95,83026.0,83121.77,0.11551358131905735,0.307065180682208,2.074187608216747,6,0.6329697002961395,19,5,0,-1.0,loss,7
1h,15min,2025-04-05 20:15:00+00:00,long,83048.04,82763.010392,83894.7,82827.37,82854.8,0.03302907570125384,0.34321051767145516,2.970428251088961,2,-0.45150921341568445,20,5,0,-1.0,loss,48
1h,15min,2025-04-07 23:30:00+00:00,short,79314.53,81259.442906,74508.0,80808.81,81920.0,1.4009917224498492,2.452152091174212,2.471334312797246,37,1.243407682114653,23,0,0,-1.0,loss,168
1h,15min,2025-04-08 04:15:00+00:00,long,80253.84,79743.849232,80867.99,79599.99,79891.38,0.36308542993082876,0.6354721070044789,1.2042374853342537,5,0.003429094646197713,4,1,0,-1.0,loss,3
1h,15min,2025-04-10 06:00:00+00:00,long,82262.03,81456.387594,83588.0,78361.59,81690.03,4.046143767665352,0.9793612022460412,1.6458542774373308,11,3.2037250804929673,6,3,0,-1.0,loss,6
1h,15min,2025-04-11 11:15:00+00:00,short,82348.12,83002.17962400001,78969.58,82753.21,82956.52,0.24689088226907632,0.7942617560668245,5.16549237413241,4,-2.527366183554109,11,4,0,-1.0,loss,9
1h,15min,2025-04-11 23:30:00+00:00,long,83448.41,83145.310318,84300.0,83022.98,83520.0,0.5956015219463188,0.3632180433395915,2.809603739538059,5,2.83063773580443,23,4,0,-1.0,loss,8
1h,15min,2025-04-13 08:15:00+00:00,long,84540.01,84260.121998,86100.0,83936.45,84314.62,0.44732665633703883,0.33107164524819954,5.573622266237934,1,1.652711316270688,8,6,1,-1.0,loss,14
1h,15min,2025-04-16 23:30:00+00:00,short,84116.49,84696.353298,83140.89,84472.31,84701.23,0.2721464007830073,0.6893574589239239,1.682465511035002,15,0.20177907745570237,23,2,0,-1.0,loss,28
1h,15min,2025-04-17 11:15:00+00:00,long,84445.97,84174.280806,85053.38,84188.59,84308.25,0.14170007165528856,0.3217313910894812,2.2356796420839253,5,0.17221061571328516,11,3,0,-1.0,loss,11
1h,15min,2025-04-19 17:15:00+00:00,long,85030.81,84677.483838,85677.99,84596.5,84779.0,0.2146280859843626,0.41552722125074143,1.831678685599319,2,0.3300453235377712,17,5,0,-1.0,loss,60
1h,15min,2025-04-19 17:15:00+00:00,long,85030.81,84677.483838,85677.99,84829.05,84883.71,0.06428258180770416,0.41552722125074143,1.831678685599319,2,0.3300453235377712,17,5,0,-1.0,loss,60
1h,15min,2025-04-19 22:15:00+00:00,short,85232.85,85384.97657,84694.49,85330.06,85357.54,0.032241090143056254,0.17848349550671258,3.5388952764794808,4,-0.49612728581249055,22,5,0,3.5388952764794808,win,37
1h,15min,2025-04-20 15:15:00+00:00,short,84381.11,84680.876222,83949.52,84647.31,84678.18,0.036584017441812916,0.3552527597705288,1.4397552770304733,5,0.4916080554831172,15,6,0,-1.0,loss,19
1h,15min,2025-04-20 22:45:00+00:00,long,84835.28,84652.762944,85250.0,84664.09,84913.04,0.29345102650689325,0.21514286980604877,2.2722259995252614,3,0.06382658198012792,22,6,0,2.2722259995252614,win,2
1h,15min,2025-04-21 22:00:00+00:00,short,87095.52,87505.419104,86389.78,87319.69,87862.93,0.6237289816973257,0.4706316742812907,1.7217407725780522,10,-1.3125752620050175,22,0,0,-1.0,loss,7
1h,15min,2025-04-21 23:00:00+00:00,long,87230.11,86372.333978,88465.99,85298.0,86625.68,1.5220432485984405,0.9833485501737937,1.4407956952660035,24,1.4282621515964906,23,0,0,1.4407956952660035,win,9
1h,15min,2025-04-22 05:30:00+00:00,long,88287.21,87808.422558,88877.0,87731.81,87896.8,0.18687871097071165,0.5423066851925672,1.23184099719974,10,2.2321834246329235,5,1,0,1.23184099719974,win,28
1h,15min,2025-04-23 15:45:00+00:00,long,93195.28,91916.770944,94696.05,91509.75,92537.93,1.1032532978064908,1.3718603088053336,1.1738438558232704,2,3.5067914697254934,15,2,0,-1.0,loss,66
1h,15min,2025-04-28 20:00:00+00:00,short,94565.22,94938.913044,93444.0,94900.0,95056.0,0.16496551269060655,0.395169644822906,3.0003769617932794,2,-0.5100389662387727,20,0,0,-1.0,loss,12
1h,15min,2025-04-30 06:30:00+00:00,short,94773.83,95198.954766,93742.54,94968.0,95224.93,0.27109804468173654,0.4485676752749082,2.4258525554825563,11,-0.2646643949244343,6,2,0,-1.0,loss,20
1h,15min,2025-04-30 22:45:00+00:00,short,94114.05,94802.92281,92910.0,94649.5,94928.44,0.2963850774671819,0.731955335042962,1.7478553116358324,11,0.3788953026976308,22,2,0,-1.0,loss,13
1h,15min,2025-05-02 06:15:00+00:00,long,96820.75,96584.79585000001,97424.02,96500.0,96772.0,0.28093151519689735,0.243702047340049,2.556725533329371,17,1.3690066652026815,6,4,0,-1.0,loss,2
1h,15min,2025-05-05 07:30:00+00:00,long,94700.08,94509.41998400001,95758.08,94443.69,94573.59,0.13716989468223698,0.20133036424044662,5.54914460932402,2,-0.9255731545719246,7,0,1,-1.0,loss,4
1h,15min,2025-05-05 13:00:00+00:00,short,94199.99,94432.759998,93514.1,94282.48,94467.65,0.1965711461328162,0.24710193493649926,2.946642633901781,3,1.2781578092394124,13,0,1,-1.0,loss,4
1h,15min,2025-05-05 23:30:00+00:00,short,94837.73,95217.967546,93613.66,95037.4,95630.0,0.6248567948642443,0.40093488741242955,3.21922443713641,4,0.3333896175493636,23,0,0,3.21922443713641,win,57
1h,15min,2025-05-06 02:45:00+00:00,long,94334.99,93857.133002,94900.0,93977.13,94060.59,0.08847194450329814,0.5065532926859937,1.1823830191139972,25,-0.8065074866688974,2,1,0,-1.0,loss,35
1h,15min,2025-05-07 07:15:00+00:00,long,96788.05,96188.74239,97732.0,96293.88,96729.67,0.4502518647704893,0.6191958718044257,1.575067601761292,19,1.5974722858086303,7,2,1,-1.0,loss,43
1h,15min,2025-05-07 09:00:00+00:00,short,96945.25,97102.85905,94216.0,96663.51,97192.93,0.546102052447127,0.1625753195747075,17.316581757202492,20,-1.673594150214659,9,2,1,-1.0,loss,7
1h,15min,2025-05-07 10:30:00+00:00,long,97054.34,96813.919132,97732.0,96667.55,96861.57,0.19990862850646768,0.24771779190915222,2.818640518343027,1,1.7152057789668027,10,2,0,-1.0,loss,11
1h,15min,2025-05-08 14:45:00+00:00,short,99371.95,99842.47439,97706.52,99544.98,99682.97,0.13886212356706823,0.47349819541631816,3.539518960961773,5,-2.4417593026573936,14,3,1,-1.0,loss,2
1h,15min,2025-05-09 19:45:00+00:00,long,103189.17,102873.362166,104361.3,102929.51,102932.69,0.0030817187501436124,0.30604746021311346,3.7115292079804276,2,2.9436422307119807,19,4,0,-1.0,loss,6
1h,15min,2025-05-10 12:00:00+00:00,long,103605.56,103345.278888,104100.0,103361.0,103632.66,0.2622060051603442,0.2512231119642584,1.8996384186341118,13,2.2176836647068763,12,5,1,-1.0,loss,14
1h,15min,2025-05-11 03:30:00+00:00,long,104045.43,103445.24091400001,104984.57,103317.47,103544.02,0.21774142314564215,0.5768529055048204,1.5647402158859636,3,1.8265438862667942,3,6,0,-1.0,loss,16
1h,15min,2025-05-11 15:30:00+00:00,short,104277.43,104703.395486,103345.06,104290.97,104525.23,0.22465072259643795,0.40849250504160006,2.188839308919956,2,-1.4910291535448748,15,6,0,-1.0,loss,13
1h,15min,2025-05-12 10:30:00+00:00,long,104388.0,104056.82239999999,105819.45,104072.71,104152.84,0.07676169674674302,0.31725638962333796,4.322303199250052,10,1.0045886751280275,10,0,0,-1.0,loss,5
1h,15min,2025-05-13 05:30:00+00:00,short,102284.33,102787.696866,100718.37,102714.29,102791.31,0.07529990175426098,0.4921251045981302,3.110971551313862,3,0.7587526463733073,5,1,0,-1.0,loss,7
1h,15min,2025-05-18 11:15:00+00:00,long,103906.81,103779.218638,104088.2,103679.02,103819.43,0.1351307002880648,0.1227940324604248,1.4216479639116235,4,0.5012577993855688,11,6,0,-1.0,loss,3
1h,15min,2025-05-20 10:30:00+00:00,short,105173.68,105437.694736,104847.16,105249.11,105381.02,0.12542111296286626,0.25102738251624546,1.236749148729239,6,-0.6896015116627998,10,1,0,1.236749148729239,win,7
1h,15min,2025-05-23 02:00:00+00:00,long,111477.49,111179.564502,111980.0,111252.03,111382.97,0.11745869053923112,0.26725170973979717,1.6866968533185953,4,2.4753391578688406,2,4,0,-1.0,loss,5
1h,15min,2025-05-23 13:30:00+00:00,long,109055.92,107294.188816,111783.38,107415.83,107725.0,0.28349676019421804,1.6154383769354328,1.5481703592300156,5,-0.12719102293692783,13,4,1,-1.0,loss,40
1h,15min,2025-05-23 14:15:00+00:00,short,109550.16,110014.660032,107316.0,109096.39,110816.34,1.5700113993443707,0.42400671254153915,4.809816676180598,3,-0.3150759373825511,14,4,1,4.809816676180598,win,37
1h,15min,2025-05-24 07:00:00+00:00,long,108111.14,107662.33777200001,109809.53,107900.11,108300.0,0.36988787649450316,0.4151304185673983,3.784272657398779,8,-0.711910602776765,7,5,1,-1.0,loss,3
1h,15min,2025-05-25 20:00:00+00:00,short,107527.28,107962.455456,106600.64,107938.0,107972.02,0.031638482811063455,0.40471167502795313,2.1293480301425944,1,0.6638814465741913,20,6,0,-1.0,loss,8
1h,15min,2025-05-27 03:00:00+00:00,long,108937.04,107494.782592,110422.22,107914.44,108570.16,0.6019256627497875,1.323936659193228,1.029760701357422,7,0.07152259204594999,3,1,0,1.029760701357422,win,40
1h,15min,2025-05-29 07:30:00+00:00,short,107843.61,108506.178722,106769.43,108253.03,108784.27,0.4926022042474332,0.6143792126394845,1.6212356006748134,27,0.6279352208971832,7,3,1,-1.0,loss,5
1h,15min,2025-05-30 12:00:00+00:00,short,105342.3,106002.81846,104600.5,105850.0,106018.79,0.1602300310511481,0.6270211111775537,1.1230571814753094,5,1.8876205111848967,12,4,1,1.1230571814753094,win,18
1h,15min,2025-05-30 20:00:00+00:00,short,104446.09,105009.859218,103706.71,104292.69,105291.12,0.9559285560617856,0.5397705342536052,1.31149409437957,8,2.3144025564797666,20,4,0,1.31149409437957,win,13
1h,15min,2025-05-31 18:00:00+00:00,long,104526.85,104240.48463,104846.15,104200.0,104443.39,0.23284926313191243,0.2739634553227228,1.115009122786002,8,-0.9737329479397446,18,5,0,1.115009122786002,win,12
1h,15min,2025-06-01 02:15:00+00:00,long,104164.58,103903.687084,104900.0,103523.81,103978.0,0.43603113457569,0.2504622166191205,2.8188576802905856,1,-1.1308719684953272,2,6,0,-1.0,loss,29
1h,15min,2025-06-03 05:00:00+00:00,long,105357.78,105095.128444,106500.0,105096.66,105575.47,0.4544609804800345,0.24929488453533954,4.348803477105667,8,0.303252727211456,5,1,0,-1.0,loss,12
1h,15min,2025-06-03 23:00:00+00:00,short,105686.88,105924.06737599999,105031.6,105847.71,106013.15,0.15653787868464636,0.22442461732240285,2.762710271730627,2,-0.3775884134105186,23,1,0,-1.0,loss,44
1h,15min,2025-06-05 10:15:00+00:00,short,104699.91,104940.939982,104380.0,104696.73,105032.95,0.32112730564906994,0.2302103048608091,1.3272622656546236,5,0.4096672948827995,10,3,0,-1.0,loss,7
1h,15min,2025-06-06 12:15:00+00:00,short,103849.52,104057.699904,100372.26,103581.4,104330.18,0.7210240355468169,0.2004630392128819,16.703149214634006,14,0.19929120927660568,12,4,1,-1.0,loss,1
1h,15min,2025-06-07 17:00:00+00:00,long,105495.71,105257.96085799999,105800.0,105264.0,105309.56,0.04318659024143983,0.22536380104936507,1.279878435901881,1,0.9404598756378869,17,5,0,1.279878435901881,win,6
1h,15min,2025-06-10 04:30:00+00:00,long,109496.91,109344.100618,110530.17,108736.19,109734.92,0.9121079307169452,0.13955588518434606,6.761757599411986,14,2.496954696115219,4,1,0,-1.0,loss,4
1h,15min,2025-06-11 21:15:00+00:00,short,108849.06,109241.279812,108412.01,109072.91,109341.79,0.24702096646492872,0.36033366939502803,1.1142986321150132,1,-0.2621746999175247,21,2,0,1.1142986321150132,win,2
1h,15min,2025-06-11 22:45:00+00:00,long,108443.38,108042.311324,110392.01,108127.16,108284.5,0.14508953889116746,0.3698415486496362,4.858594342082058,2,-0.10768398597077583,22,2,0,-1.0,loss,18
1h,15min,2025-06-13 05:45:00+00:00,short,104002.25,104610.80045,102664.31,103938.59,105671.72,1.6664351011636813,0.5851320043556704,2.198568746436738,14,3.2104284549769297,5,4,0,-1.0,loss,4
1h,15min,2025-06-13 15:45:00+00:00,short,105436.87,105768.557374,103782.75,105694.0,105726.65,0.030966397238455755,0.3145838585686402,4.986985124130744,2,1.2331099644423884,15,4,0,-1.0,loss,1
1h,15min,2025-06-13 17:45:00+00:00,long,105390.94,104846.571812,105981.0,105011.76,105308.83,0.28187432430150733,0.5165227561306576,1.0839354925714164,2,-1.2139109448462047,17,4,0,-1.0,loss,3
1h,15min,2025-06-15 01:15:00+00:00,short,105446.24,105701.089248,104300.0,105611.67,105703.61,0.0871913498290715,0.24168642523431713,4.497717803742593,2,0.31847346676868,1,6,0,-1.0,loss,17
1h,15min,2025-06-17 00:45:00+00:00,long,107238.63,106093.90227400001,108952.38,105966.0,106312.33,0.322952652416393,1.06745836458373,1.4970808875122887,3,0.7813543563043204,0,1,0,-1.0,loss,36
1h,15min,2025-06-18 08:30:00+00:00,short,104807.5,105331.5815,104203.85,105000.9,105375.05,0.3569878109868175,0.5000419817284071,1.1518246684914348,2,0.9145485711345612,8,2,1,1.1518246684914348,win,9
1h,15min,2025-06-21 00:00:00+00:00,short,103145.03,103848.629006,102345.0,103761.84,103888.0,0.1223132127645932,0.6821453307057102,1.1370539087998572,15,1.5232289870782403,0,5,0,-1.0,loss,39
1h,15min,2025-06-21 05:15:00+00:00,long,103460.56,103312.307888,104196.98,103339.99,103377.44,0.0361973683498302,0.14329335932455994,4.967349132941786,3,-1.044514489649454,5,5,0,-1.0,loss,41
1h,15min,2025-06-23 01:15:00+00:00,short,100610.95,101640.12219,98200.0,101239.06,102584.36,1.3371307993811836,1.022922644105833,2.3426109094533567,3,1.8432296125383303,1,0,0,-1.0,loss,18
1h,15min,2025-06-23 12:30:00+00:00,long,101386.75,100473.97265,102831.0,99667.01,100645.88,0.9654811896031876,0.9002925431577636,1.582258806049464,50,-0.7989474863835497,12,0,1,-1.0,loss,15
1h,15min,2025-06-23 13:15:00+00:00,short,101136.94,101704.927388,100564.19,101577.01,101746.61,0.167693426358367,0.5616023067338147,1.008385066465606,2,1.03106282201699,13,0,1,-1.0,loss,1
1h,15min,2025-06-24 01:45:00+00:00,long,105450.76,104888.599848,106074.2,104214.28,105115.65,0.8547780973792842,0.533102039283545,1.1090078117098665,5,2.7394874971991485,1,1,0,-1.0,loss,1
1h,15min,2025-06-27 11:15:00+00:00,short,106921.85,107181.33437,106438.33,107087.85,107202.67,0.10738684375550218,0.24268600851929797,1.8633877639721452,6,-0.3054600941034889,11,4,0,-1.0,loss,4
1h,15min,2025-06-29 17:45:00+00:00,long,107544.44,107294.95111200001,108528.5,107310.0,107330.0,0.018596963264674582,0.23198678425401872,3.9443039242694726,4,0.27292433681632633,17,6,0,-1.0,loss,13
1h,15min,2025-06-29 19:00:00+00:00,short,107548.99,107739.529798,107316.46,107592.17,107650.0,0.05377084433800982,0.17716558565542825,1.2203749685931824,3,-0.2667000639265363,19,6,0,1.2203749685931824,win,8
1h,15min,2025-06-30 10:30:00+00:00,long,107611.12,107228.477776,108528.5,107272.77,107309.99,0.034587503596283695,0.3555787022753742,2.397487633251931,54,0.08254114295249458,10,0,0,-1.0,loss,14
1h,15min,2025-06-30 11:45:00+00:00,short,107654.2,107985.86084000001,107250.0,107746.13,108168.48,0.3923209684341078,0.30807979623647885,1.218714877523627,15,-0.11580958621244442,11,0,0,1.218714877523627,win,9
1h,15min,2025-07-02 12:45:00+00:00,long,107379.92,107164.624016,107860.23,107186.78,107506.52,0.2977651687578136,0.20049929633026053,2.230928747839556,4,0.44170403187008456,12,2,1,2.230928747839556,win,4
1h,15min,2025-07-03 04:00:00+00:00,long,108816.17,108508.636766,109730.0,108171.8,108650.97,0.4403481578151467,0.2826172194812612,2.9714837258856877,7,1.1140260447272192,4,3,0,2.9714837258856877,win,21
1h,15min,2025-07-04 23:30:00+00:00,short,107991.23,108300.928246,107245.0,108110.75,108611.53,0.4637228411973814,0.2867809228582728,2.4095389936434968,5,0.4004320663607955,23,4,0,-1.0,loss,19
1h,15min,2025-07-05 02:30:00+00:00,long,107953.68,107734.719264,108279.33,107813.04,107886.84,0.06836265331575812,0.20282841307493515,1.4872529474874354,2,-0.4046552755981225,2,5,0,1.4872529474874354,win,7
1h,15min,2025-07-06 19:00:00+00:00,long,108550.01,108244.95999799999,109127.03,108233.0,108612.0,0.3491478259651934,0.2810225461978342,1.8915587484572358,3,0.24142179680808457,19,6,0,1.8915587484572358,win,9
1h,15min,2025-07-07 00:00:00+00:00,long,109273.06,108955.685388,109700.0,108840.0,109203.86,0.33298234715857744,0.2904417721989295,1.345224173129522,4,0.8129975484345204,0,0,0,-1.0,loss,2
1h,15min,2025-07-07 00:30:00+00:00,short,108847.16,109721.769432,107800.01,109373.08,109445.86,0.06686439958561972,0.8035206724732161,1.1972772779335996,12,-0.41804010950448334,0,0,0,1.1972772779335996,win,71
1h,15min,2025-07-08 14:00:00+00:00,short,108627.81,109238.285562,107429.57,109201.65,109364.52,0.1499339809943788,0.5619882809015545,1.9627976524963289,1,-0.19040001990794914,14,1,1,-1.0,loss,88
1h,15min,2025-07-08 21:30:00+00:00,long,108903.91,108602.219218,109216.56,108562.95,108909.94,0.3186203323645636,0.2770247477799513,1.036325995535352,8,0.3934679925578397,21,1,0,-1.0,loss,21
1h,15min,2025-07-10 23:45:00+00:00,long,116010.0,115622.678,116868.0,113580.0,115800.0,1.9136281355055598,0.33386949400913724,2.2152111163321466,2,4.620479019194068,23,3,0,-1.0,loss,2
1h,15min,2025-07-14 01:30:00+00:00,long,119180.5,118881.34389999999,119488.0,118774.64,118916.17,0.11875264829397328,0.251010945582547,1.0278914586732224,1,1.7486508331664656,1,0,0,1.0278914586732224,win,3
1h,15min,2025-07-14 12:00:00+00:00,long,121791.99,121331.191602,123218.0,121438.27,122017.81,0.4758441010775779,0.3783486894335161,3.094650515690373,11,2.918625242722432,12,0,1,-1.0,loss,6
1h,15min,2025-07-14 16:45:00+00:00,long,120268.87,119177.946226,123218.0,119238.1,119592.7,0.2948393877817188,0.9070707773341475,2.7033327811591144,3,1.4100572487244885,16,0,0,-1.0,loss,31
1h,15min,2025-07-14 17:30:00+00:00,short,119926.54,120550.015308,119202.0,120299.58,120600.0,0.2505033498006349,0.5198810104919297,1.1620989487525688,2,-1.1007379952661736,17,0,0,1.1620989487525688,win,28
1h,15min,2025-07-16 03:30:00+00:00,long,117476.23,116993.79475399999,118388.66,116725.02,117263.66,0.45850977682889504,0.4106662649967642,1.8913004544448067,5,-0.459802019714269,3,2,0,1.8913004544448067,win,20
1h,15min,2025-07-16 19:00:00+00:00,short,119213.77,119927.972754,117211.25,119537.22,119766.05,0.19194930250087866,0.5990941767884683,2.8038536519001007,16,-0.7968694947154424,19,2,0,-1.0,loss,6
1h,15min,2025-07-17 05:30:00+00:00,long,118566.34,117659.81673199999,120063.84,117700.7,117760.0,0.0500141945850761,0.7645705079536101,1.651915679234383,15,0.1506150621166846,5,3,0,-1.0,loss,27
1h,15min,2025-07-18 04:30:00+00:00,long,120261.57,119725.947686,120998.71,119786.52,119869.97,0.0693904129141147,0.4453811088612991,1.376230938728197,2,1.2330969936119127,4,4,0,-1.0,loss,11
1h,15min,2025-07-18 11:15:00+00:00,short,118897.99,119305.70959799999,118395.0,118974.99,119287.72,0.26302379039376184,0.3429154672841664,1.2336664768320214,2,-0.0016877268111141763,11,4,0,-1.0,loss,3
1h,15min,2025-07-19 04:15:00+00:00,short,118206.56,118395.061312,116812.76,118265.96,118500.0,0.197992395684295,0.15946772497229222,7.394112991637675,6,0.2879326393111102,4,5,0,-1.0,loss,25
1h,15min,2025-07-21 10:00:00+00:00,long,118797.23,118503.360554,119676.73,118430.24,119162.62,0.6164958560060618,0.2473706213520273,2.9928255964385255,6,0.46616531356871865,10,0,0,-1.0,loss,2
1h,15min,2025-07-21 12:15:00+00:00,long,118441.53,117755.011694,119676.73,117441.62,118131.75,0.582675688164451,0.5796263405243061,1.7992236903293886,2,0.15721128969463274,12,0,1,-1.0,loss,16
1h,15min,2025-07-21 15:45:00+00:00,short,118313.16,119257.37263200001,116922.91,119086.05,119162.62,0.06471807531807318,0.7980622206354812,1.4723908078365824,8,-0.025178174841912846,15,0,0,1.4723908078365824,win,15
1h,15min,2025-07-24 03:45:00+00:00,short,118488.92,119297.057784,117301.0,119116.68,119379.63,0.22191948411717455,0.6820365853617418,1.4699473573926962,13,-0.03535448734746868,3,3,0,1.4699473573926962,win,13
1h,15min,2025-07-24 10:00:00+00:00,short,118350.79,118838.140158,117103.1,118610.25,118808.44,0.16745980318340278,0.4117844570365784,2.56015101158536,8,0.04517081708933626,10,3,0,-1.0,loss,19
1h,15min,2025-07-24 10:45:00+00:00,long,118373.99,117931.915202,119273.36,117855.0,118224.76,0.3123659175465782,0.37345602526365923,2.0344294767963507,2,-0.02210323684782451,10,3,0,-1.0,loss,13
1h,15min,2025-07-26 01:30:00+00:00,short,117243.23,117653.448646,114908.0,117396.96,117652.85,0.21825567241707639,0.3498868514625607,5.69264713530342,8,0.16752141378900454,1,5,0,-1.0,loss,4
1h,15min,2025-07-28 23:30:00+00:00,long,118023.14,117403.895372,119490.01,117382.76,117458.0,0.06375021034011233,0.5246806922778028,2.368805369757676,20,-0.24315805066585627,23,0,0,-1.0,loss,64
1h,15min,2025-07-29 11:15:00+00:00,long,118502.2,118137.16956,119273.36,118102.79,118416.66,0.26486428100069864,0.3080368465733145,2.1125909389912763,2,0.105496087351495,11,1,0,-1.0,loss,11
1h,15min,2025-07-29 13:45:00+00:00,short,118621.27,119297.084254,117450.0,119102.69,119440.0,0.2843587832097883,0.5697243453893194,1.7331241433093671,24,-0.1834596280025301,13,1,1,1.7331241433093671,win,7
1h,15min,2025-07-29 23:30:00+00:00,short,117772.59,118080.60451800001,116950.75,117955.39,118527.01,0.4853591145443905,0.2615332803668586,2.668185919729821,25,0.38315088579216855,23,1,0,-1.0,loss,10
1h,15min,2025-08-01 09:45:00+00:00,short,114938.67,115362.987734,114116.0,115300.0,115385.92,0.07475290952992432,0.36916882194651857,1.9388065453799885,2,2.0406279978074937,9,4,1,-1.0,loss,9
1h,15min,2025-08-01 22:00:00+00:00,short,113645.99,114116.809198,113168.22,113922.47,114345.0,0.3717949045100481,0.4142857992613707,1.0147632085300113,5,2.5268702926788484,22,4,0,1.0147632085300113,win,2
1h,15min,2025-08-03 20:30:00+00:00,long,114403.74,114140.60925200001,114799.97,114165.09,114259.95,0.0829168696757646,0.23000187581279766,1.5058293377404985,2,0.016201223455695583,20,6,0,-1.0,loss,7
1h,15min,2025-08-03 22:00:00+00:00,short,114228.23,114822.815646,113551.0,114496.59,114817.81,0.28120894458401496,0.5205242574449476,1.1389948690419414,11,0.13823776651485067,22,6,0,-1.0,loss,11
1h,15min,2025-08-06 22:00:00+00:00,long,115155.22,114769.97895599999,115716.0,114390.88,114832.38,0.38339555948918336,0.3345406695415192,1.4556600568240208,2,0.6654137475605212,22,2,0,-1.0,loss,15
1h,15min,2025-08-10 06:45:00+00:00,long,118074.24,117719.825152,118741.77,117318.0,118380.0,0.8994341187374993,0.30016271796456223,1.883470751202834,7,1.2739924025215421,6,6,0,-1.0,loss,3
1h,15min,2025-08-10 07:30:00+00:00,short,117638.95,118262.39778999999,116359.89,118161.05,118380.0,0.18612032834362863,0.5299671494857707,2.0515912006040087,2,-0.8843670701717857,7,6,1,-1.0,loss,5
1h,15min,2025-08-11 08:15:00+00:00,long,121730.0,121182.99399999999,122335.16,119999.0,121559.11,1.2816150497001566,0.4493600591473002,1.1063132762711818,2,2.937266374587225,8,0,1,-1.0,loss,5
1h,15min,2025-08-11 13:30:00+00:00,long,120192.09,119358.871582,122335.16,119500.0,119937.59,0.3640755394136141,0.6932389793704307,2.572038680018754,4,1.4067626063988803,13,0,1,-1.0,loss,18
1h,15min,2025-08-14 09:00:00+00:00,long,121899.77,121289.480046,124474.0,121343.06,121421.76,0.06456123748223404,0.5006489790751919,4.218044198708809,11,1.0512249995328131,9,3,1,-1.0,loss,6
1h,15min,2025-08-16 11:45:00+00:00,short,117378.52,117563.475704,117036.53,117447.05,117501.16,0.046098724025486586,0.15757201913944108,1.8490373240936584,3,1.0569286593198535,11,5,0,-1.0,loss,3
1h,15min,2025-08-17 10:30:00+00:00,long,118291.99,118166.341602,118484.0,118030.15,118235.0,0.17317317935052562,0.10621885556241367,1.5281531882323514,2,0.06303118927061008,10,6,0,-1.0,loss,9
1h,15min,2025-08-17 12:15:00+00:00,short,118250.0,118507.65,117172.21,118274.0,118510.0,0.19957716701902747,0.21788583509513249,4.1831554434310805,14,-0.023511012957220204,12,6,1,-1.0,loss,6
1h,15min,2025-08-17 20:30:00+00:00,long,117733.7,117297.98326,118575.0,117491.44,117505.93,0.012307436188610982,0.37008667866549977,1.9308415829972385,7,-0.36986320218285906,20,6,0,-1.0,loss,15
1h,15min,2025-08-18 19:00:00+00:00,short,116279.99,116823.255998,114640.14,116339.61,117020.0,0.5851307692750914,0.46720506081913843,3.0185029176076688,12,0.7099549420194673,19,0,0,-1.0,loss,12
1h,15min,2025-08-23 09:45:00+00:00,long,115765.82,115435.046836,117429.05,112662.27,115808.23,2.7175205945934575,0.28572610119291936,5.0283099749891775,29,0.8785401496120008,9,5,1,-1.0,loss,8
1h,15min,2025-08-24 22:15:00+00:00,short,112656.11,113429.33122200001,110680.0,112987.88,114301.22,1.1657956235130047,0.6863553357203683,2.555685156815292,3,1.8022884317551564,22,6,0,-1.0,loss,2
1h,15min,2025-08-25 18:30:00+00:00,short,112293.46,112959.718692,110588.0,112863.24,112905.16,0.037330758175942086,0.5933192298108798,2.559756473691207,9,1.1925682140949976,18,0,0,2.559756473691207,win,6
1h,15min,2025-08-25 22:45:00+00:00,short,110153.23,110621.100646,109274.1,110280.5,110655.01,0.33999003025149127,0.42474528073303913,1.8790022573888312,2,2.840229365701131,22,0,0,1.8790022573888312,win,7
1h,15min,2025-08-26 21:00:00+00:00,short,111113.68,111402.252736,109393.93,111092.54,112250.13,1.0418069134241716,0.2597094579173347,5.959502702292668,7,0.6572773919433073,21,1,0,-1.0,loss,2
1h,15min,2025-08-27 06:30:00+00:00,short,111141.0,111759.48819999999,109450.0,111469.07,111737.38,0.2414140596179607,0.5564896842749233,2.734086115143378,17,0.5507516499246926,6,2,0,-1.0,loss,28
1h,15min,2025-08-27 12:30:00+00:00,short,111067.75,111419.95355,110345.42,111129.94,111337.85,0.18719205169817835,0.31710694598567596,2.050887902748255,9,0.5091045329992764,12,2,1,-1.0,loss,4
1h,15min,2025-08-28 20:30:00+00:00,long,112017.4,111849.65652,113485.9,111761.58,111945.07,0.16380490888023222,0.14974769991089784,8.754438622592584,3,-0.05268478223041286,20,3,0,-1.0,loss,19
1h,15min,2025-09-01 10:15:00+00:00,short,108859.99,109934.17199799999,107255.0,109560.14,110070.73,0.4690336642507467,0.9867555545430287,1.4941509008606817,9,0.16838948038103058,10,0,0,-1.0,loss,66
1h,15min,2025-09-01 12:00:00+00:00,long,108904.93,108164.629014,109912.4,108128.0,109424.0,1.1900287709656487,0.6797681115078881,1.3608924195057308,8,-0.10896839727450366,12,0,1,-1.0,loss,37
1h,15min,2025-09-01 16:45:00+00:00,short,108774.23,109541.754846,107255.0,108857.35,109485.57,0.5775448835629553,0.7056127595663055,1.9793886906952265,19,0.22783588185435674,16,0,0,-1.0,loss,36
1h,15min,2025-09-02 13:15:00+00:00,long,109365.77,108371.516846,110711.1,108500.04,108883.8,0.35089589731778903,0.9091081734257487,1.3531060923343015,3,0.08633495636216802,13,1,1,1.3531060923343015,win,2
1h,15min,2025-09-02 17:15:00+00:00,long,110866.68,110447.52666399999,111771.52,109836.34,110780.61,0.851716674477854,0.37806971039450543,2.158732669611878,6,1.2764925860109844,17,1,0,-1.0,loss,4
1h,15min,2025-09-05 18:00:00+00:00,long,110733.33,110184.813334,113384.62,110113.19,110328.96,0.1948555145952931,0.4953492015457278,4.833563252205747,12,-0.2610786995257229,18,4,0,-1.0,loss,88
1h,15min,2025-09-05 21:15:00+00:00,short,110965.16,111722.193032,110206.96,111017.8,112706.71,1.5220182623086413,0.6822258734182801,1.00154150208865,12,0.07569649161893792,21,4,0,1.00154150208865,win,75
1h,15min,2025-09-06 02:00:00+00:00,short,110799.5,110939.6199,110206.96,110917.46,111299.98,0.3452362149648595,0.1264625742895998,4.228806900375834,1,0.193357956647557,2,5,0,-1.0,loss,3
1h,15min,2025-09-06 09:00:00+00:00,short,110722.01,110990.144402,110375.6,110876.13,111000.12,0.11198315493007278,0.24216901589847456,1.2919267256126845,2,0.2396508644879042,9,5,1,-1.0,loss,20
1h,15min,2025-09-06 21:30:00+00:00,short,110165.24,110307.68304799999,109977.0,110275.5,110358.11,0.07498735535818792,0.12929944871902102,1.321510615246194,11,0.6076033299318897,21,5,0,-1.0,loss,13
1h,15min,2025-09-07 04:00:00+00:00,short,110522.93,110755.224586,109977.0,110402.0,110781.96,0.3437838645790574,0.21017773053972022,2.3501623925061454,12,0.21670993142816836,4,6,0,-1.0,loss,14
1h,15min,2025-09-08 04:15:00+00:00,long,111135.76,110927.772848,111600.0,110994.58,111026.91,0.029090546553154222,0.18714692012724035,2.2320609496109736,1,0.19624116076520168,4,0,0,-1.0,loss,5
1h,15min,2025-09-09 02:30:00+00:00,long,111384.13,111088.723174,112924.37,111197.86,111252.9,0.04941457997651334,0.26521446636967566,5.2139621174493795,2,-0.009612733550656272,2,1,0,5.2139621174493795,win,17
1h,15min,2025-09-09 02:30:00+00:00,long,111384.13,111088.723174,112924.37,111061.05,111113.25,0.046864845108542025,0.26521446636967566,5.2139621174493795,1,-0.009612733550656272,2,1,0,5.2139621174493795,win,17
1h,15min,2025-09-09 12:00:00+00:00,long,112723.3,112370.85534,113293.29,112248.84,112753.61,0.44779561989402733,0.31266353983604833,1.617246804079759,7,0.9445646937489582,12,1,1,-1.0,loss,8
1h,15min,2025-09-09 12:30:00+00:00,short,112613.22,112846.522644,111111.0,112800.0,112900.0,0.08879952105090326,0.20717163047109013,6.438932599495222,1,-0.8350090061178231,12,1,1,-1.0,loss,4
1h,15min,2025-09-09 20:00:00+00:00,short,111209.72,111410.28194399999,110766.66,111148.17,111511.11,0.3263563652529674,0.18034569640134548,2.2090930670278492,12,0.38406018344295756,20,1,0,-1.0,loss,3
1h,15min,2025-09-10 19:30:00+00:00,long,113482.02,113132.333596,114313.13,112409.49,113384.61,0.8592726847830126,0.30814256214333097,2.3767295224894793,5,1.2499566000341849,19,2,0,2.3767295224894793,win,33
1h,15min,2025-09-12 08:15:00+00:00,long,115185.19,114926.962962,116331.81,114517.6,115084.0,0.4917298829823471,0.2241842358379556,4.440356086956346,19,1.2841599643193715,8,4,1,-1.0,loss,4
1h,15min,2025-09-12 22:00:00+00:00,long,116031.1,115729.47378,116665.63,115514.77,115769.88,0.21986346763927994,0.25995290917694097,2.103696422678331,1,1.5057652943337145,22,4,0,-1.0,loss,15
1h,15min,2025-09-13 00:00:00+00:00,short,116011.22,116383.632244,114740.99,116157.34,116238.64,0.07007942852424352,0.32101398812976184,3.4108169655131517,7,-1.4068229167997317,0,5,0,-1.0,loss,213
1h,15min,2025-09-13 23:30:00+00:00,long,115889.28,115786.722144,116079.9,115800.88,115839.98,0.03373909994090158,0.08849641312811629,1.8586581997189604,4,0.7068978141392723,23,5,0,-1.0,loss,6
1h,15min,2025-09-17 05:00:00+00:00,long,116559.15,116136.90817,117077.16,116068.92,116226.12,0.13486714685204645,0.3622554128097185,1.226808817117931,2,0.7117742542112042,5,2,0,1.226808817117931,win,3
1h,15min,2025-09-17 17:30:00+00:00,long,116028.0,115363.0044,117286.73,115306.71,115608.28,0.25991140069637714,0.5731337263419128,1.8928395917206158,13,0.1094989487215433,17,2,0,-1.0,loss,3
1h,15min,2025-09-18 00:00:00+00:00,short,116281.12,117013.93622399999,114720.81,116860.01,117125.78,0.228558170062349,0.6302108407624512,2.1291968557726815,4,-0.31920644879924265,0,3,0,-1.0,loss,12
1h,15min,2025-09-18 11:15:00+00:00,long,117243.39,116864.571322,117896.0,116869.46,116896.93,0.023429892294982782,0.3231045076400435,1.7227503233090515,19,0.8604626459233584,11,3,0,1.7227503233090515,win,28
1h,15min,2025-09-19 23:45:00+00:00,long,115632.38,115424.88352399999,116529.08,115445.23,115465.39,0.01743456287936259,0.17944495823748918,4.321519176065106,2,-0.6575685715492383,23,4,0,-1.0,loss,16
1h,15min,2025-09-20 01:00:00+00:00,short,115615.4,115753.53308000001,115100.0,115644.73,115800.0,0.13429871799085943,0.11947636733515965,3.7311844490830244,9,0.6503048070794261,1,5,0,-1.0,loss,26
1h,15min,2025-09-21 00:00:00+00:00,long,115725.09,115580.274982,116121.81,115582.38,115625.85,0.03756315938056403,0.1251370968905653,2.73949487752726,2,-0.3142403245884211,0,6,0,-1.0,loss,2
1h,15min,2025-09-22 14:45:00+00:00,short,112933.16,113455.346632,111800.0,112999.0,113623.0,0.5525392187732991,0.4623855668255428,2.1700287417545563,4,1.8143193480393682,14,0,1,2.1700287417545563,win,48
1h,15min,2025-09-23 22:15:00+00:00,short,112002.16,112234.230432,111458.73,112200.0,112486.37,0.25568256897902264,0.207201746823448,2.341659794040559,3,1.382585653712891,22,1,0,-1.0,loss,8
1h,15min,2025-09-24 15:45:00+00:00,short,113346.41,113912.669282,111042.66,113698.38,114397.32,0.6166406152607765,0.4995828998906971,4.0683659822109615,4,-0.12454452511131581,15,2,0,-1.0,loss,7
1h,15min,2025-09-25 19:30:00+00:00,short,109549.37,109995.309874,108631.51,109801.78,110904.91,1.0069706471155468,0.40706749294861605,2.058259540163914,2,2.6795957946907203,19,3,0,2.058259540163914,win,63
1h,15min,2025-09-27 00:30:00+00:00,short,109475.49,109709.585098,108620.07,109347.59,109700.0,0.32190767084029814,0.2138333411432921,3.654155970408369,14,1.1886419935940262,0,5,0,-1.0,loss,12
1h,15min,2025-09-27 07:00:00+00:00,long,109559.99,109459.528002,110203.14,109482.64,109514.63,0.029198615297432243,0.09169588095070003,6.401923242657403,2,-0.9240138279282936,7,5,1,-1.0,loss,2
1h,15min,2025-09-27 11:30:00+00:00,short,109293.66,109499.548732,109064.4,109411.2,109481.44,0.06426722281969992,0.1883812217469816,1.1135140703087045,4,1.0349287289921314,11,5,0,-1.0,loss,42
1h,15min,2025-09-29 03:45:00+00:00,long,111857.51,111565.69849800001,112350.0,110896.33,111938.51,0.9317031999013683,0.26087788115432065,1.6876990681472013,8,1.4095136954273386,3,0,0,-1.0,loss,14
1h,15min,2025-09-30 12:30:00+00:00,long,113236.46,112633.62270800001,114792.0,112515.0,113220.21,0.6227764449718812,0.5323703089976466,2.5803645870003717,13,0.9292087472491427,12,1,1,2.5803645870003717,win,79
1h,15min,2025-10-01 00:00:00+00:00,long,114156.18,113742.588764,114754.87,113714.56,114110.09,0.34648146074964914,0.3623029747491489,1.4475403439158285,7,1.3679916352183976,0,2,0,1.4475403439158285,win,33
1h,15min,2025-10-02 08:15:00+00:00,long,118628.9,118255.58422,119456.92,118080.0,118397.32,0.2674896252093773,0.3146921028518261,2.218015000598224,29,2.7839657776738522,8,3,1,2.218015000598224,win,21
1h,15min,2025-10-03 06:30:00+00:00,short,119927.34,120099.605468,119746.81,120065.41,120157.82,0.07705499012985988,0.14364153161405713,1.0479755582819485,2,-2.082248710622181,6,4,0,1.0479755582819485,win,4
1h,15min,2025-10-03 18:15:00+00:00,long,122474.4,121441.75512,123894.99,120975.0,122258.04,1.0475985185475445,0.8431516137249847,1.3756810569767424,5,3.318134415180506,18,4,0,1.3756810569767424,win,129
1h,15min,2025-10-04 09:00:00+00:00,long,122414.15,122173.14717000001,122800.0,122030.0,122219.3,0.15463898577084667,0.196874977279982,1.6010185440562374,2,2.1996800267907495,9,5,1,-1.0,loss,7
1h,15min,2025-10-05 16:00:00+00:00,long,123070.0,122495.626,125708.42,122410.0,123344.98,0.7597139839115917,0.46670512716339985,4.593557507825939,26,1.172797051277481,16,6,0,-1.0,loss,3
1h,15min,2025-10-05 17:45:00+00:00,short,123057.05,123563.07141,122136.0,123130.0,124558.0,1.160437374372293,0.4112087929947948,1.8201799010836335,27,-1.104999018215487,17,6,0,-1.0,loss,26
1h,15min,2025-10-07 23:30:00+00:00,short,121465.81,122316.913162,120574.94,122084.14,122568.0,0.39835077870884045,0.7006936042331579,1.0467238752897454,14,1.362816391382212,23,1,0,-1.0,loss,36
1h,15min,2025-10-08 00:30:00+00:00,long,121889.93,121233.702014,125126.0,121306.13,121637.18,0.27159749784087034,0.5383775230652754,4.931319707538375,5,-0.9757519481868147,0,2,0,-1.0,loss,13
1h,15min,2025-10-08 12:30:00+00:00,short,122670.21,123224.534042,121066.14,122865.36,123288.0,0.344533526110373,0.4518815464651058,2.8937406254517595,8,0.10190190955014157,12,2,1,-1.0,loss,6
1h,15min,2025-10-08 22:00:00+00:00,long,123354.71,122769.729058,124197.25,122622.55,122958.05,0.27197988629700476,0.47422667687355363,1.4402862375642662,5,0.398561347012094,22,2,0,-1.0,loss,12
1h,15min,2025-10-08 23:00:00+00:00,short,123140.0,124221.878,121068.96,124000.0,124340.0,0.2761084943966217,0.8785756050024338,1.9143008731113853,22,-0.21659550685318354,23,2,0,1.9143008731113853,win,63
1h,15min,2025-10-09 23:00:00+00:00,short,121460.13,121792.30202599999,119651.47,121734.27,122277.76,0.44746370681473063,0.2734823567206668,5.444949780328828,1,0.7058306245977303,23,3,0,-1.0,loss,3
1h,15min,2025-10-09 23:45:00+00:00,long,121662.4,121316.88752,123762.94,121199.97,121411.55,0.17390746853588435,0.28399281947420923,6.079490963684052,2,-0.5256563708277548,23,3,0,-1.0,loss,9
1h,15min,2025-10-12 21:30:00+00:00,short,114622.81,115622.924562,111139.87,115112.69,115952.47,0.7326464950562622,0.8725266480554809,3.4825410331341558,5,-0.07851062731076307,21,6,0,-1.0,loss,2
1h,15min,2025-10-14 05:00:00+00:00,long,113517.56,112764.296488,115891.3,112990.9,113198.2,0.18261491878437391,0.6635656298461581,3.151274371033168,2,-1.0262161097553464,5,1,0,-1.0,loss,2
1h,15min,2025-10-14 15:00:00+00:00,short,111199.62,112222.239924,109866.0,112194.0,112390.0,0.17625959513170997,0.9196253764176521,1.3041208847012422,3,2.4379383236409464,15,1,0,-1.0,loss,2
1h,15min,2025-10-15 06:00:00+00:00,short,112229.93,112681.445986,111692.31,112465.5,112673.9,0.18569021650462955,0.40231334546855113,1.1906998127857642,4,1.1382197859214853,6,2,0,-1.0,loss,8
1h,15min,2025-10-17 20:15:00+00:00,long,107027.92,106050.014416,108888.21,105989.01,106239.75,0.23427531806654306,0.9136920384886419,1.9023206641184511,12,-2.1096554709946207,20,4,0,1.9023206641184511,win,177
1h,15min,2025-10-17 22:00:00+00:00,short,107171.76,107597.034352,103528.23,106901.85,108299.12,1.3037669624908554,0.39681568353455027,8.56748116331251,24,1.881392205469659,22,4,0,-1.0,loss,143
1h,15min,2025-10-20 09:45:00+00:00,long,110964.13,110669.76717400001,111445.67,110535.13,111001.91,0.4206584596301515,0.2652774603829155,1.6358723230901402,6,2.2220822682662176,9,0,1,-1.0,loss,4
1h,15min,2025-10-20 18:15:00+00:00,long,110660.21,109833.697958,111705.56,108970.51,109951.96,0.8869041546189109,0.7468918069105437,1.2647728609863238,3,1.50841021776935,18,0,0,-1.0,loss,30
1h,15min,2025-10-22 04:00:00+00:00,long,108454.02,107819.509196,110489.41,107866.72,108169.81,0.27946405306137706,0.5850505163386336,3.2078098389637244,60,-0.8814211699416702,4,2,0,-1.0,loss,12
1h,15min,2025-10-23 19:45:00+00:00,short,110200.0,111315.65,108651.13,111111.0,111562.94,0.4101088929219622,1.012386569872953,1.3883117465154873,8,-1.0390463822403666,19,3,0,-1.0,loss,35
1h,15min,2025-10-24 15:00:00+00:00,long,110447.01,109677.920598,112104.98,109727.22,109839.0,0.10120690455993227,0.6963424378803897,2.1557571794494783,3,0.6322494514326745,15,4,0,2.1557571794494783,win,169
1h,15min,2025-10-27 11:15:00+00:00,short,115283.27,115573.076654,113497.06,115356.99,115489.53,0.11496898032125008,0.25138656632484485,6.163454066172016,5,-2.196278965930223,11,0,0,-1.0,loss,22
1h,15min,2025-10-28 11:45:00+00:00,short,114357.73,114696.55154599999,113483.3,114626.99,114790.81,0.14325223139703144,0.2962821542540167,2.5807980936372146,11,-0.6574905192524546,11,1,0,-1.0,loss,5
1h,15min,2025-10-28 23:00:00+00:00,short,113028.51,113311.625702,112211.0,113225.53,113566.44,0.30161416796523594,0.25048167227897644,2.8875473674715706,2,0.6693609660523426,23,1,0,2.8875473674715706,win,9
1h,15min,2025-10-29 01:30:00+00:00,long,112689.65,112077.46207,116086.0,111850.0,112189.33,0.3011190468689908,0.5432512480072483,5.547887884689274,1,-0.9041268955380768,1,2,0,-1.0,loss,55
1h,15min,2025-10-31 03:15:00+00:00,long,109093.82,108543.441236,110042.16,108334.53,109180.0,0.774993487257116,0.5045004052475275,1.7230679343579876,5,-1.5315595105364215,3,4,0,1.7230679343579876,win,5
1h,15min,2025-10-31 09:45:00+00:00,short,109848.39,110471.969678,107400.0,110231.92,110681.22,0.4090182842006177,0.5676730246114619,3.926346682516521,3,0.6781093574753018,9,4,1,-1.0,loss,8
1h,15min,2025-11-01 05:30:00+00:00,long,110281.22,110027.943756,110564.49,109872.29,110109.58,0.21516809480345622,0.22966398449346848,1.1184230922186105,2,0.01781511392709587,5,5,0,-1.0,loss,3
1h,15min,2025-11-03 13:30:00+00:00,long,107856.5,107553.19870000001,109910.33,107621.06,107713.1,0.0853356079605848,0.2812081793864921,6.771583240823751,2,-1.5780582699292474,13,0,1,-1.0,loss,3
1h,15min,2025-11-05 00:15:00+00:00,short,100973.18,101913.284636,100010.73,101492.74,102164.0,0.6647903928548105,0.9310439029453204,1.023769017984072,21,5.102029757613231,0,2,0,1.023769017984072,win,4
1h,15min,2025-11-08 07:45:00+00:00,long,102352.96,101882.169408,104096.36,101628.43,102282.2,0.6387406871281535,0.4599677351783522,3.7031326233468493,8,-0.3413673390920598,7,5,1,-1.0,loss,16
1h,15min,2025-11-08 09:45:00+00:00,short,102399.46,103353.809892,99519.32,103240.32,103329.79,0.08737350763371858,0.9319872311826629,3.0179078178174135,30,0.2821179271374658,9,5,1,-1.0,loss,114
1h,15min,2025-11-10 19:45:00+00:00,long,105817.99,105386.836402,106599.47,105352.86,105478.0,0.11825966454286216,0.4074482968349752,1.8125327113702712,3,1.6215674066341002,19,0,0,-1.0,loss,8
1h,15min,2025-11-11 21:00:00+00:00,long,102967.65,102637.76647,105500.0,102425.19,102769.99,0.33486245437280826,0.32037589475917133,7.676497217063453,4,-1.421554177039615,21,1,0,-1.0,loss,2
1h,15min,2025-11-13 04:00:00+00:00,short,102009.61,102624.401922,100813.59,102285.18,103604.57,1.2933977494865572,0.6026803964842175,1.9454061727245602,12,1.4489386758346225,4,3,0,-1.0,loss,7
1h,15min,2025-11-13 23:45:00+00:00,short,99692.02,100521.248404,98000.4,99922.0,100550.0,0.6299400894876039,0.8317901513079923,2.0399928316975764,5,2.8557747450165083,23,3,0,2.0399928316975764,win,19
1h,15min,2025-11-14 02:15:00+00:00,long,99683.35,98680.06333,103483.83,98905.45,99569.99,0.6666509502339238,1.006473668872486,3.7880299954548295,9,-2.6456611566529724,2,4,0,-1.0,loss,9
1h,15min,2025-11-15 10:15:00+00:00,long,95867.3,95623.43654,97411.11,95800.0,96132.0,0.3463120375769423,0.25437605940712604,6.3306327237379,25,-2.9365077458951347,10,5,0,-1.0,loss,7
1h,15min,2025-11-17 23:00:00+00:00,short,92020.12,92417.884024,91292.0,92234.53,92413.31,0.19428359797835393,0.4322576671275844,1.8305325672187702,8,3.6223360370938775,23,0,0,1.8305325672187702,win,7
1h,15min,2025-11-18 12:00:00+00:00,short,91117.31,91635.39346199999,89253.78,90927.69,91624.5,0.7647394331549051,0.5685895051115919,3.5969687061734787,15,3.1915711139060754,12,1,1,-1.0,loss,2
1h,15min,2025-11-18 22:00:00+00:00,long,93074.81,92444.105038,93836.01,92450.23,92579.23,0.13859818784480998,0.6776322852552731,1.2069034586095313,1,-0.6722084241440678,22,1,0,-1.0,loss,9
1h,15min,2025-11-19 06:30:00+00:00,long,90960.02,90006.867996,93766.0,90233.16,90509.79,0.3041226244233347,1.0478801609762214,2.9438956097499704,4,-2.623226429216284,6,2,0,-1.0,loss,37
1h,15min,2025-11-19 09:00:00+00:00,short,91349.76,92047.189952,90025.06,91976.12,92280.0,0.3326554990401777,0.7634721229700066,1.899402221257033,5,2.0524659522973616,9,2,1,-1.0,loss,24
1h,15min,2025-11-19 14:30:00+00:00,long,91784.04,91019.143192,93423.74,91104.0,91287.34,0.1997515036383194,0.8333658095677533,2.1436878580882146,22,-1.303479682862404,14,2,1,-1.0,loss,4
1h,15min,2025-11-21 05:30:00+00:00,short,86066.15,86476.74323,85360.0,86135.58,86834.81,0.8124332272327691,0.4770670350654683,1.7198286489039203,2,5.12906056127209,5,4,0,1.7198286489039203,win,7
1h,15min,2025-11-21 11:30:00+00:00,short,82517.34,83357.223468,81648.0,82911.99,83521.07,0.7381236477084716,1.0178266386192285,1.0350721655114141,2,8.417846080125473,11,4,0,1.0350721655114141,win,3
1h,15min,2025-11-21 15:15:00+00:00,short,83623.77,85512.724754,80600.0,84709.89,85550.0,1.0046306211738607,2.258872990299279,1.6007635935148599,3,6.280300671425697,15,4,0,-1.0,loss,8
1h,15min,2025-11-23 11:30:00+00:00,long,86256.38,85797.668724,86860.0,85911.72,86080.02,0.19511600185401115,0.5317998228073121,1.3159039936048857,3,0.09487471157689754,11,6,0,1.3159039936048857,win,4
1h,15min,2025-11-25 05:15:00+00:00,short,88005.95,88537.59119,86950.51,88300.01,88598.0,0.338602105880347,0.6040968707229561,1.9852487351478234,3,-1.0958027359565026,5,1,0,1.9852487351478234,win,15
1h,15min,2025-11-27 14:15:00+00:00,long,90951.57,90420.23968599999,91950.0,90597.32,90879.76,0.31053889449075783,0.5841903707654752,1.879113563996565,5,2.2985219171244973,14,3,1,1.879113563996565,win,83
1h,15min,2025-11-28 23:45:00+00:00,short,90890.7,91265.33814,90180.63,91208.43,91976.59,0.8451469732326888,0.4121853390941098,1.895348935909124,13,-0.5888472666965531,23,4,0,1.895348935909124,win,73
1h,15min,2025-11-30 12:00:00+00:00,long,91244.57,90980.091086,91632.0,91037.72,91138.65,0.1106148015164004,0.28985715423943215,1.4648804857085254,2,0.6249624159232203,12,6,1,1.4648804857085254,win,5
1h,15min,2025-12-01 09:00:00+00:00,short,86642.43,86955.338486,85604.0,86800.0,86941.4,0.16319948551765479,0.3611492498536806,3.3186380250486147,2,3.756813734549121,9,0,1,3.3186380250486147,win,14
1h,15min,2025-12-02 16:15:00+00:00,short,90277.71,91314.775542,86214.99,90417.0,91049.22,0.7003057565372461,1.1487503858925936,3.917515176683032,5,-2.387117162365418,16,1,0,-1.0,loss,4
1h,15min,2025-12-04 08:00:00+00:00,short,93148.0,93618.6296,92669.82,93380.39,93402.38,0.023607592218840165,0.505249280714562,1.0160431898036009,1,-1.973171730874524,8,3,1,-1.0,loss,4
1h,15min,2025-12-05 18:30:00+00:00,short,89107.99,89813.41159799999,88056.0,89540.71,90258.24,0.805236432782289,0.7916479745531082,1.4912925872734983,2,2.700098024961085,18,4,0,-1.0,loss,79
1h,15min,2025-12-07 22:30:00+00:00,long,90075.48,88977.314904,91760.0,89106.0,89115.85,0.010935273395163501,1.2191609703328776,1.533940576089853,2,-0.05303549232839202,22,6,0,1.533940576089853,win,36
1h,15min,2025-12-10 02:15:00+00:00,long,92502.87,91957.499426,94588.99,90644.02,92693.5,2.2155853110287236,0.5895715170783355,3.8251422050504837,19,1.4616698109751343,2,2,0,-1.0,loss,37
1h,15min,2025-12-11 09:45:00+00:00,short,90234.19,90522.236838,89389.63,90074.01,90658.24,0.6474596824108584,0.3192213926893949,2.9320231593724806,23,1.2813152594141435,9,3,1,2.9320231593724806,win,20
1h,15min,2025-12-11 19:45:00+00:00,short,90839.81,91556.427962,89260.63,91407.04,91942.56,0.5895212682633353,0.7888809564881343,2.2036567372560283,1,0.29594322458566286,19,3,0,-1.0,loss,3
1h,15min,2025-12-12 02:00:00+00:00,long,92392.01,91429.831598,93555.0,91538.26,91706.06,0.18161743639953598,1.0414086694293052,1.208705160688087,5,1.1859423818632329,2,4,0,-1.0,loss,53
1h,15min,2025-12-12 23:45:00+00:00,short,90268.42,90684.053684,89480.0,90441.17,91903.34,1.619802362775374,0.46044196187326686,1.8969107422005709,26,1.1619447560536307,23,4,0,1.8969107422005709,win,143
1h,15min,2025-12-14 06:15:00+00:00,short,90101.36,90263.36027199999,89766.39,90228.66,90245.6,0.018801048064093957,0.17979780993315775,2.067712577667903,1,0.6722868646728848,6,6,0,-1.0,loss,6
1h,15min,2025-12-15 02:45:00+00:00,short,89321.85,90070.50437,87577.36,89853.7,90001.1,0.1650212126148403,0.8381536768438956,2.3301673908615936,2,0.752128348798826,2,0,0,2.3301673908615936,win,49
1h,15min,2025-12-15 02:45:00+00:00,short,89321.85,90070.50437,87577.36,89666.0,89785.0,0.13322608074060266,0.8381536768438956,2.3301673908615936,2,0.752128348798826,2,0,0,2.3301673908615936,win,49
1h,15min,2025-12-17 07:00:00+00:00,short,86662.31,87022.60246200001,86209.11,86756.74,87150.01,0.4537958888933258,0.4157429706178063,1.257867004722352,4,1.4085176830337676,7,2,1,-1.0,loss,2
1h,15min,2025-12-21 06:30:00+00:00,short,88112.15,88219.21243,87869.35,88149.99,88306.0,0.17705844199692639,0.12150699988594696,2.2678356917545783,13,-0.32308607007184265,6,6,0,-1.0,loss,7
1h,15min,2025-12-21 16:15:00+00:00,long,88224.39,87582.39512199999,89081.77,87466.09,87614.79,0.16854749576619016,0.7276841222705108,1.3354935208688508,10,0.31175225013395874,16,6,0,1.3354935208688508,win,31
1h,15min,2025-12-23 12:15:00+00:00,short,87654.97,87957.530994,87051.52,87780.0,87930.99,0.17225492176884577,0.3451726627708611,1.9944738811903762,4,0.816070692426698,12,1,1,-1.0,loss,2
1h,15min,2025-12-24 13:15:00+00:00,short,87269.99,87496.043998,86863.88,87392.61,87500.0,0.12305490123237027,0.25902833035730666,1.7965176621208054,37,0.6780792538870468,13,2,1,1.7965176621208054,win,5
1h,15min,2025-12-26 14:30:00+00:00,short,88405.94,89067.681188,86891.7,88886.0,88996.58,0.12508209290009442,0.7485257076617249,2.288266209598556,19,-0.3782414527365938,14,4,1,2.288266209598556,win,2
1h,15min,2025-12-26 23:30:00+00:00,short,87360.0,87810.17199999999,86655.08,87381.0,88618.14,1.4161401098901092,0.5153067765567667,1.5658903707916347,24,0.6322925152169393,23,4,0,-1.0,loss,90
1h,15min,2025-12-29 08:15:00+00:00,long,89789.3,89462.70214000001,90406.08,89383.74,89952.81,0.6337837581983515,0.3637380623303605,1.8884998205438621,10,1.8803961984085744,8,0,1,-1.0,loss,2
1h,15min,2025-12-30 17:30:00+00:00,short,88533.43,89417.706686,86845.66,88270.02,89444.47,1.326561051571138,0.9988054071778446,1.9086446886149915,13,-0.7028719410660448,17,1,0,-1.0,loss,257
1h,15min,2025-12-30 23:45:00+00:00,short,88485.49,88591.347098,87735.09,88493.62,88577.42,0.09470479284230997,0.11963215437920174,7.088801924270184,3,-0.5791895005380254,23,1,0,-1.0,loss,6
1h,15min,2025-12-31 05:30:00+00:00,long,88526.05,88154.44479,89400.0,88226.15,88287.28,0.06905312052215665,0.41976933343350215,2.35182386167292,20,0.5369627610118232,5,2,0,-1.0,loss,38
1h,15min,2026-01-01 00:45:00+00:00,long,87809.23,87232.438154,89200.0,87359.43,87369.98,0.012014682283403362,0.6568692676157084,2.4112164720165294,17,-0.32243765564955434,0,3,0,2.4112164720165294,win,128
1h,15min,2026-01-01 18:00:00+00:00,short,88170.38,88517.634076,87596.0,88487.68,88741.54,0.28791982069261873,0.39384436814267715,1.6540626581443176,2,-0.1737818372706865,18,3,0,-1.0,loss,16
1h,15min,2026-01-03 15:00:00+00:00,short,90015.72,90267.99314400001,89314.01,90198.0,90200.0,0.0022218341418587776,0.2802545422066347,2.7815485583356003,3,-0.9269510478555256,15,5,0,-1.0,loss,22
1h,15min,2026-01-04 15:15:00+00:00,short,91233.33,91437.46666600001,91014.1,91360.0,91422.67,0.06869200104829917,0.22375229096647659,1.0739373983897127,5,-1.2580226573774071,15,6,0,-1.0,loss,3
1h,15min,2026-01-05 08:30:00+00:00,short,92485.13,92792.777026,91150.47,92720.73,92871.26,0.1627613001138657,0.3326448543673901,4.338283445652553,1,-1.7904971209276872,8,0,1,-1.0,loss,5
1h,15min,2026-01-05 09:15:00+00:00,long,92630.3,92136.47394,93388.0,91590.0,92280.69,0.7456415449372422,0.533115039031512,1.5343459192898545,12,1.9070080188113898,9,0,1,1.5343459192898545,win,22
1h,15min,2026-01-06 18:45:00+00:00,long,92034.09,91244.533182,94444.44,91401.98,91514.81,0.12259587724505316,0.8578960448242573,3.052788532819704,3,-0.47688773033147097,18,1,0,-1.0,loss,82
1h,15min,2026-01-07 02:30:00+00:00,long,92925.06,92217.48498800001,94444.44,92361.82,92372.4,0.011385518610358922,0.761446925081336,2.1473059028828922,5,0.39302161837890326,2,2,0,-1.0,loss,27
1h,15min,2026-01-07 04:45:00+00:00,short,92670.29,93127.224058,91262.94,92902.52,93333.32,0.4648739094266382,0.49307502760594957,3.0799849023290573,9,-0.10064563421534407,4,2,0,3.0799849023290573,win,42
1h,15min,2026-01-07 12:45:00+00:00,short,91997.86,92271.559572,91600.0,92000.0,92698.09,0.758811128867559,0.29750645504145173,1.4536376403248592,7,0.5814320291888978,12,2,1,-1.0,loss,2
1h,15min,2026-01-09 14:00:00+00:00,short,90343.86,90956.688772,89694.66,90481.2,90738.34,0.284623658984683,0.6783291880599229,1.0593497395386717,16,1.0143466576420732,14,4,1,-1.0,loss,5
1h,15min,2026-01-10 17:30:00+00:00,short,90663.79,90850.132758,90408.23,90820.3,91012.0,0.21144053210217342,0.20553162183051626,1.3714512049884937,27,0.3183723855397998,17,5,0,1.3714512049884937,win,18
1h,15min,2026-01-14 06:45:00+00:00,long,95028.87,94540.274226,96495.0,94507.99,95055.01,0.5756355936885176,0.5141550920262455,3.0007013527710145,6,2.589450368581004,6,2,0,3.0007013527710145,win,32
1h,15min,2026-01-14 08:30:00+00:00,short,94954.92,95334.140984,94062.0,95270.25,95285.5,0.016060252591440234,0.39936949449275466,2.354616536726246,2,-2.387807671676836,8,2,1,-1.0,loss,22
1h,15min,2026-01-15 04:15:00+00:00,long,96244.04,95757.751192,97924.49,95241.7,96188.25,0.983489471140242,0.505266412340959,3.455662504163617,7,2.046394518152354,4,3,0,-1.0,loss,42
1h,15min,2026-01-16 12:45:00+00:00,short,95458.55,95588.09171,95133.03,95470.0,95601.5,0.13775612556444655,0.13570466972313155,2.5128585997516026,3,-0.24355770981907363,12,4,1,-1.0,loss,6
1h,15min,2026-01-16 22:45:00+00:00,long,95514.0,95241.5372,95809.08,95055.31,95359.69,0.3186757962183603,0.2852595431036224,1.0830102311214902,3,0.3163689401442459,22,4,0,-1.0,loss,15
1h,15min,2026-01-17 10:30:00+00:00,short,95167.98,95309.113596,95021.67,95240.08,95275.05,0.03674555244316541,0.148299455342017,1.036677333722851,8,0.07421787279843298,10,5,0,-1.0,loss,4
1h,15min,2026-01-19 12:00:00+00:00,short,93060.04,93387.052008,91910.2,92875.68,93615.4,0.7948846787514827,0.35139895491126505,3.5162011543012768,15,1.564476734041906,12,0,1,-1.0,loss,19
1h,15min,2026-01-19 13:30:00+00:00,long,93069.99,92788.726002,95531.12,92861.41,92950.0,0.09518642905193876,0.30220697133416413,8.750248938720937,14,-1.4890277802162872,13,0,1,-1.0,loss,4
1h,15min,2026-01-21 06:30:00+00:00,short,89616.78,90138.363356,87895.98,89958.0,90023.99,0.07363576330236953,0.5820152832985104,3.2991850299762895,3,2.5434899430300986,6,2,0,-1.0,loss,34
1h,15min,2026-01-21 09:45:00+00:00,short,89112.3,89511.28246,87895.98,89385.4,89491.96,0.11957945199485617,0.44772995422629563,3.048555066806719,2,2.8740178276040482,9,2,1,-1.0,loss,17
1h,15min,2026-01-21 13:30:00+00:00,short,88715.45,89038.06309000001,88196.72,88849.39,89080.0,0.25994344840723976,0.3636492741681562,1.60790127889719,2,3.0317091156883818,13,2,1,-1.0,loss,2
1h,15min,2026-01-22 00:30:00+00:00,long,89939.99,89326.992002,90574.0,88657.23,89392.0,0.81695583911006,0.6815633379545697,1.0342774398424517,3,-1.0537700603179883,0,3,0,-1.0,loss,56
1h,15min,2026-01-26 04:00:00+00:00,long,87466.02,87045.266796,88749.24,87167.84,87435.18,0.3056501256144918,0.48104761597704776,3.049816347922516,3,-1.4790212384164318,4,0,0,3.049816347922516,win,44
1h,15min,2026-01-26 14:00:00+00:00,short,87688.02,88441.987604,86074.72,88108.24,88340.75,0.2651559471863941,0.8598296597414224,2.1397471077550745,24,0.976400489743761,14,0,1,-1.0,loss,2
1h,15min,2026-01-28 05:45:00+00:00,long,89084.1,88822.18318,89523.16,88549.32,89008.75,0.5157261509068318,0.2940107381676399,1.6763337306859487,10,0.6220329017626629,5,2,0,1.6763337306859487,win,16
1h,15min,2026-01-29 05:15:00+00:00,short,88206.12,88425.72122400001,87704.0,88265.39,88548.87,0.32138359560537966,0.2489637045592899,2.2865082027045815,2,0.7257152695291319,5,3,0,-1.0,loss,10
1h,15min,2026-01-30 05:45:00+00:00,short,82914.19,83348.782838,81118.0,82535.89,84100.0,1.8864201652334787,0.5241477218796889,4.133040959133375,8,4.923853088014496,5,4,0,-1.0,loss,35
1h,15min,2026-01-31 03:45:00+00:00,short,84022.69,84637.964538,81871.37,84192.01,84445.7,0.30193034762396004,0.7322718875103831,3.496520442716605,35,1.6195943306400857,3,5,0,3.496520442716605,win,42
1h,15min,2026-02-01 00:30:00+00:00,short,78755.54,79439.751108,75719.9,79143.64,80098.01,1.2118131626041742,0.8687783843523937,4.436700843506308,5,5.861983246338892,0,6,0,4.436700843506308,win,90
1h,15min,2026-02-03 22:00:00+00:00,short,75838.59,76975.167718,72945.5,76525.44,77055.54,0.6989845143481588,1.498679917440449,2.545439659938851,6,3.44610096649033,22,1,0,2.545439659938851,win,76
1h,15min,2026-02-03 23:30:00+00:00,long,75859.34,75391.61813199999,78560.0,75291.1,76124.05,1.0980190441941586,0.6165646418753549,5.774072552023499,6,-3.276205906441269,23,1,0,-1.0,loss,56
1h,15min,2026-02-06 09:15:00+00:00,long,65631.89,63757.043622,68681.81,63861.87,64201.28,0.5171418955023179,2.856608849752768,1.6267572830439097,22,-7.928651412080345,9,4,1,1.6267572830439097,win,25
1h,15min,2026-02-07 12:00:00+00:00,long,68849.66,67286.230068,71751.33,67690.7,67772.0,0.11808337179879017,2.2707881665646554,1.8559642108732506,19,-1.6261991377061455,12,5,1,1.8559642108732506,win,140
1h,15min,2026-02-07 13:30:00+00:00,short,68902.15,70013.77043,67300.0,69084.55,69800.0,1.0383565679735642,1.6133319932687296,1.4412743385797433,5,1.4978568177727147,13,5,1,-1.0,loss,75
1h,15min,2026-02-07 15:00:00+00:00,long,69114.22,68344.927156,71690.07,68157.21,68821.64,0.9613506453519884,1.1130746234277056,3.348334798757103,2,-1.127562406457592,15,5,0,3.348334798757103,win,128
1h,15min,2026-02-10 18:15:00+00:00,short,68903.74,70007.430748,67800.0,69906.5,69982.27,0.10996500335105766,1.6017864168185842,1.0000446248191361,3,1.2794858129815123,18,1,0,1.0000446248191361,win,40
1h,15min,2026-02-12 00:00:00+00:00,long,67365.56,66774.22688799999,68834.34,66921.12,67105.79,0.2741311732582617,0.8777973670819444,2.4838453490830057,3,-1.7108080554247926,0,3,0,-1.0,loss,20
1h,15min,2026-02-13 00:30:00+00:00,short,65952.16,66540.280432,65118.0,66265.06,67014.98,1.1370666252629151,0.891737938529983,1.418348954759676,7,2.618390104988397,0,4,0,-1.0,loss,5
1h,15min,2026-02-13 01:00:00+00:00,long,66251.12,65859.209776,68410.52,65900.0,66156.47,0.3871179838167282,0.5915526016767597,5.50993535703231,3,-2.1221442007177416,1,4,0,5.50993535703231,win,56
1h,15min,2026-02-13 14:00:00+00:00,short,67164.48,67628.772896,66002.98,67232.04,67493.78,0.3897000319216426,0.6912774371215247,2.501653611344513,3,0.2958076946450963,14,4,1,-1.0,loss,3
1h,15min,2026-02-14 16:45:00+00:00,long,69755.1,69050.64898000001,70560.01,68936.98,69218.71,0.40388444715871735,1.0098917785222772,1.1426060537182512,14,2.007392472137809,16,5,0,1.1426060537182512,win,58
1h,15min,2026-02-15 21:45:00+00:00,long,68852.01,67986.229598,70983.0,68028.45,68540.83,0.7441758054703191,1.2574511651874642,2.4613516257440433,16,-0.2547040843439595,21,6,0,-1.0,loss,71
1h,15min,2026-02-16 18:30:00+00:00,short,68002.04,68258.940408,67294.11,67974.86,68260.39,0.41988446228965903,0.37778338414553647,2.7556593059205627,6,1.1842540235000756,18,0,0,-1.0,loss,8
1h,15min,2026-02-17 04:00:00+00:00,long,68588.01,68373.482398,69042.74,68130.0,68427.18,0.4332827268206106,0.3127771194994606,2.1196806180680023,8,-0.2533867630974618,4,1,0,-1.0,loss,2
1h,15min,2026-02-19 02:30:00+00:00,short,66662.72,66972.232544,65870.0,66619.0,67057.13,0.6572339082473753,0.46429630234109476,2.5611886024238415,6,1.5767348688436496,2,3,0,-1.0,loss,5
1h,15min,2026-02-19 17:45:00+00:00,short,66369.42,67063.263884,65631.83,66680.7,66741.77,0.09201526847757142,1.0454270716845224,1.0630489322004237,11,1.4804983094114383,17,3,0,-1.0,loss,4
1h,15min,2026-02-20 16:15:00+00:00,short,67316.87,68097.443374,66280.2,67594.0,67843.42,0.3705163356525612,1.1595509030648627,1.3280878320094978,5,0.07945870927689003,16,4,0,-1.0,loss,25
1h,15min,2026-02-21 01:00:00+00:00,long,67928.82,67773.604236,68233.99,67840.0,67914.0,0.10893756140618958,0.22849765975620917,1.9661018451707197,3,0.7004294146482639,1,5,0,-1.0,loss,8
1h,15min,2026-02-21 20:15:00+00:00,long,68565.05,68464.64699,68698.7,68474.01,68526.81,0.0770071632705043,0.14643467772576418,1.3311353912595059,1,1.183691905068292,20,5,0,-1.0,loss,1
1h,15min,2026-02-22 16:00:00+00:00,short,67581.6,67826.71631999999,67303.5,67682.47,67871.59,0.2798394829361769,0.3626968287225908,1.134563377909807,2,0.3929169394869323,16,6,0,1.134563377909807,win,6
1h,15min,2026-02-22 20:00:00+00:00,short,67385.78,67502.17715599999,67190.0,67461.41,67513.83,0.07779089297474669,0.17273252012515372,1.6819998591719252,4,0.6218355554203627,20,6,0,-1.0,loss,5
1h,15min,2026-02-23 08:15:00+00:00,short,65682.68,66028.356536,64290.71,64916.85,66715.01,2.7376471240211213,0.5262826303677219,4.026799203981665,21,2.4341696534481225,8,0,1,-1.0,loss,5
1h,15min,2026-02-23 09:30:00+00:00,long,66275.84,65552.524832,67751.44,65294.8,65641.55,0.5231921617289197,1.0913708042025585,2.0400512325493,5,-1.4436007826718733,9,0,1,-1.0,loss,20
1h,15min,2026-02-23 12:30:00+00:00,long,66419.33,65873.226134,67730.98,65958.94,66220.0,0.3930482285804414,0.8222062252058323,2.401832474850091,4,-1.1115925278995096,12,0,1,-1.0,loss,8
1h,15min,2026-02-24 00:00:00+00:00,long,64895.02,64525.920996,66511.51,64487.94,64555.59,0.10424528723466636,0.5687632178863586,4.379556656836753,1,-2.5977472097579795,0,1,0,-1.0,loss,4
1h,15min,2026-02-24 17:30:00+00:00,short,64099.75,64532.81995,62510.28,64500.0,64656.01,0.2433862846578997,0.675618781664511,3.6702384914954522,2,2.035637094636391,17,1,0,-1.0,loss,6
1h,15min,2026-02-25 08:15:00+00:00,long,65192.31,64742.221538000005,66310.0,64319.29,65866.66,2.373546818635515,0.690401156209977,2.483267389333835,21,-0.05137282661360957,8,2,1,2.483267389333835,win,21
1h,15min,2026-02-25 12:00:00+00:00,long,65498.32,65187.700336,66310.0,65193.25,65396.47,0.31026749999084124,0.4742406583863495,2.6130992144785963,7,0.38158307599807045,12,2,1,2.6130992144785963,win,6
1h,15min,2026-02-26 00:15:00+00:00,long,68280.8,67586.34384,69988.83,67578.0,68016.53,0.6422449649096068,1.0170592025869667,2.459521706884989,3,3.2448690665450295,0,3,0,-1.0,loss,58
1h,15min,2026-02-26 05:00:00+00:00,short,68301.57,68873.660314,66025.39,68696.97,68773.83,0.11253035618361419,0.8375946760813644,3.978707459815622,16,-2.8691224550277776,5,3,0,3.978707459815622,win,122
1h,15min,2026-02-26 22:30:00+00:00,long,67600.21,67136.619958,68722.64,67044.1,67285.99,0.3578243322025174,0.6857819554111011,2.421169348585721,8,1.0756676635497793,22,3,0,-1.0,loss,8
1h,15min,2026-02-27 00:15:00+00:00,short,67307.23,67916.581446,66500.0,67743.36,67848.69,0.15649136058637644,0.9053283666554107,1.3247363328649508,21,-0.602797999107623,0,4,0,-1.0,loss,15
1h,15min,2026-02-27 15:00:00+00:00,long,66034.27,65636.133146,68216.8,65485.91,66025.39,0.816969734048693,0.6029245935481853,5.481858758043879,14,-1.3830380154600241,15,4,0,-1.0,loss,7
1h,15min,2026-02-28 15:15:00+00:00,long,64752.83,64187.049434,65982.34,64082.66,64278.5,0.30244237973845545,0.8737541911295634,2.173121655083487,1,-1.8655577757733572,15,5,0,2.173121655083487,win,14
1h,15min,2026-02-28 18:15:00+00:00,short,65187.71,65568.037542,63030.0,64327.22,65500.0,1.7990814526235066,0.583434426519978,5.6732940997472205,18,1.0754230172877806,18,5,0,-1.0,loss,1
1h,15min,2026-03-01 05:15:00+00:00,long,67451.26,67065.869748,68199.99,67121.8,67339.36,0.3225440117797617,0.5713610865089807,1.9427839601921626,5,1.892179631746524,5,6,0,-1.0,loss,3
1h,15min,2026-03-02 03:00:00+00:00,long,66493.01,65877.201398,67320.19,66080.0,66358.45,0.4187658221518279,0.9261253205411969,1.3432420354531212,4,0.3593558894199852,3,0,0,-1.0,loss,16
1h,15min,2026-03-02 09:45:00+00:00,short,66168.62,66734.073724,65056.0,66209.46,66547.81,0.5113451058825034,0.8545647831253037,1.9676588070361403,4,0.16660895742076096,9,0,1,-1.0,loss,20
1h,15min,2026-03-03 11:00:00+00:00,long,66963.61,66326.747278,69539.77,66157.28,66975.29,1.2215739264952932,0.9510579283285433,4.045078964442799,9,-0.31891638626668267,11,1,0,-1.0,loss,15
1h,15min,2026-03-04 12:30:00+00:00,long,70973.65,70573.80527,71893.0,69668.0,70724.26,1.488242467450941,0.5633706734823376,2.2992675181688966,1,4.20989649864575,12,2,1,2.2992675181688966,win,7
1h,15min,2026-03-05 05:15:00+00:00,short,72480.45,73537.80609,70588.0,73322.93,73516.0,0.26637527774731945,1.4588155702675702,1.7897943917833727,29,-3.72993900363321,5,3,0,-1.0,loss,22
1h,15min,2026-03-05 14:00:00+00:00,long,72613.91,72175.177218,73558.15,72370.21,72517.06,0.20223397968790174,0.6041993634553027,2.1521984194925667,3,3.0611327125292958,14,3,1,-1.0,loss,2
1h,15min,2026-03-09 04:45:00+00:00,short,67130.14,67682.066028,65618.49,67650.94,67680.99,0.0447637976026907,0.8221732116155301,2.738863404354595,6,1.12127857873,4,0,0,-1.0,loss,3
1h,15min,2026-03-10 23:30:00+00:00,long,69931.68,69252.073664,71300.0,69389.06,69390.0,0.0013441690518550798,0.971814685418679,2.0134008874219984,37,1.1168879171686417,23,1,0,-1.0,loss,49
1h,15min,2026-03-14 07:00:00+00:00,long,70706.74,70302.858652,71491.03,70305.26,70386.01,0.11420410557748807,0.5712062923563014,1.9418821985311745,2,-0.06706492723169644,7,5,1,1.9418821985311745,win,79
1h,15min,2026-03-16 10:15:00+00:00,long,73453.71,72874.109258,74451.03,72852.28,73573.31,0.9816114121396984,0.789069390776871,1.7207017309166521,11,2.36700743183163,10,0,0,1.7207017309166521,win,13
1h,15min,2026-03-18 03:00:00+00:00,short,74267.56,74908.793512,73399.19,74712.89,75114.67,0.5409899019167976,0.8634099625731695,1.3542180559022108,48,-1.1305393751448776,3,2,0,1.3542180559022108,win,34
1h,15min,2026-03-18 03:00:00+00:00,short,74267.56,74490.853512,73535.36,74398.74,74450.01,0.0690341785834751,0.3006608968976547,3.2790921394974726,2,-1.1305393751448776,3,2,0,-1.0,loss,1
1h,15min,2026-03-22 06:45:00+00:00,short,69164.06,69602.62281199999,68228.5,69155.86,70265.55,1.6044315501432427,0.6340906129570607,2.1332406086451776,18,1.9078746071752213,6,6,0,2.1332406086451776,win,20
1h,15min,2026-03-23 21:00:00+00:00,short,70827.66,71260.175532,67502.48,70753.43,71127.14,0.5276328485227472,0.6106590730231527,7.688001364076058,14,-1.5587227448357979,21,0,0,-1.0,loss,43
1h,15min,2026-03-24 18:30:00+00:00,long,69530.83,68909.163834,71400.0,68714.28,69671.95,1.3773314657684919,0.8940870776315994,3.0067101962888745,15,-0.7476584972352035,18,1,0,3.0067101962888745,win,56
1h,15min,2026-03-24 23:45:00+00:00,short,70556.74,70846.651348,68923.07,70462.91,70860.18,0.5630503903666602,0.4108910757498067,5.635067448273984,7,-0.7093855427067269,23,1,0,-1.0,loss,3
1h,15min,2026-03-26 22:45:00+00:00,long,68892.67,68589.46146600001,69877.45,68681.54,68879.05,0.28669232880654694,0.4401172635637294,3.2478637293237607,3,-1.7549813670823977,22,3,0,-1.0,loss,7
1h,15min,2026-03-28 17:15:00+00:00,short,66778.5,67302.2957,65932.09,66848.05,67548.67,1.049170017295979,0.7843777563137873,1.6159162818633288,15,1.4850920243722068,17,5,0,1.6159162818633288,win,117
1h,15min,2026-03-29 01:30:00+00:00,short,66477.88,66633.295576,66281.4,66500.0,66588.22,0.13270579627389015,0.23378539748860733,1.2642233491449482,2,1.6140571243987372,1,6,0,-1.0,loss,2
1h,15min,2026-03-29 02:30:00+00:00,long,66712.21,66268.057558,67288.94,66358.0,66407.65,0.07442415713704309,0.6657738396014852,1.2984956187632266,14,-1.2199421090920008,2,6,0,-1.0,loss,59
1h,15min,2026-03-29 06:00:00+00:00,long,66817.01,66583.736598,67130.5,66620.0,66760.48,0.21024586403970477,0.3491227787654545,1.3438737434798353,5,-0.9610672881879256,6,6,0,-1.0,loss,4
1h,15min,2026-03-30 22:00:00+00:00,short,66771.62,67007.524324,66233.13,66929.18,67222.0,0.43853960709655837,0.3533002853607608,2.282662695067786,3,0.5541964566165092,22,0,0,-1.0,loss,11
1h,15min,2026-04-01 14:15:00+00:00,long,68517.23,67905.126554,69310.0,67913.98,68005.33,0.1333241288359232,0.8933569643723102,1.295156897384976,3,1.2360252902371047,14,2,1,-1.0,loss,43
1h,15min,2026-04-02 18:45:00+00:00,long,66981.99,66583.403602,67430.99,66285.81,66646.36,0.5382790209726568,0.5950650286741248,1.1264809894491197,3,-0.5818779736094124,18,3,0,-1.0,loss,27
1h,15min,2026-04-02 21:30:00+00:00,short,66779.26,67444.345852,65712.12,67359.27,68050.0,1.0343480895116177,0.995946723578554,1.6045146604622005,17,0.8400290347208569,21,3,0,-1.0,loss,166
1h,15min,2026-04-03 21:45:00+00:00,long,66964.21,66738.467158,67370.42,66735.62,66823.3,0.13093561471121298,0.33710969187870193,1.7994369008607562,18,-0.19083932570932305,21,4,0,1.7994369008607562,win,69
1h,15min,2026-04-04 17:15:00+00:00,long,67390.28,67278.521944,67562.93,67223.51,67331.06,0.15959274839042503,0.16583705543292895,1.5448550751454093,1,0.46864924597729035,17,5,0,-1.0,loss,6
1h,15min,2026-04-06 02:00:00+00:00,long,69112.58,68762.787484,69588.0,68374.75,69034.18,0.9541388847008648,0.5061198930788017,1.3591485759517978,4,2.6167199806800814,2,0,0,1.3591485759517978,win,28
1h,15min,2026-04-07 13:00:00+00:00,long,68616.77,68058.236646,69247.9,67682.42,68266.13,0.8506812547428367,0.8139895742687965,1.1299772797453935,9,0.3177240446252246,13,1,1,-1.0,loss,4
1h,15min,2026-04-08 16:15:00+00:00,long,71394.28,70692.95114399999,72857.0,70216.68,71194.9,1.370165789192077,0.9823319963448155,2.0856406912194494,7,2.3455660653363424,16,2,0,-1.0,loss,34
1h,15min,2026-04-10 00:45:00+00:00,long,71963.03,71558.95739400001,73145.0,71250.39,71729.66,0.665994747580812,0.5615002675679261,2.9251426165723275,6,1.631707070368595,0,4,0,-1.0,loss,28
1h,15min,2026-04-12 00:15:00+00:00,long,73090.0,72858.632,73790.0,72896.03,72942.06,0.06297715145710608,0.3165521959228379,3.0254832128902582,5,1.094000038564455,0,6,0,-1.0,loss,5
1h,15min,2026-04-12 20:00:00+00:00,short,71017.36,71236.783472,70604.07,71146.03,71412.57,0.3753166831321358,0.3089715979304144,1.8835268452957628,9,1.2591561580211328,20,6,0,-1.0,loss,2
1h,15min,2026-04-12 20:30:00+00:00,long,71321.85,70942.56563,71805.85,70959.51,71056.2,0.1355685529750032,0.5317926694274033,1.2760873853040375,2,-0.8129025886426151,20,6,0,-1.0,loss,6
1h,15min,2026-04-14 06:00:00+00:00,long,74328.27,73939.994346,74900.0,73368.08,74405.64,1.395915712823664,0.5223795118600194,1.4724848032835969,24,2.767544178221963,6,1,0,1.4724848032835969,win,4
1h,15min,2026-04-14 15:30:00+00:00,long,75284.0,74549.28319999999,76038.0,74485.06,75013.61,0.7020748100526047,0.9759268901758796,1.0262457589100868,2,3.2545568696169287,15,1,0,-1.0,loss,5
1h,15min,2026-04-15 09:15:00+00:00,short,73957.34,74196.69146799999,73514.0,74048.95,74261.47,0.28735484537437944,0.3236345006459041,1.8522551948585024,3,-0.76641474799044,9,2,1,-1.0,loss,6
1h,15min,2026-04-16 02:15:00+00:00,long,74896.51,74436.510698,75425.0,74399.75,74512.06,0.1499535826168638,0.6141798890228618,1.1488930476681662,8,1.484687053787252,2,3,0,-1.0,loss,31
1h,15min,2026-04-16 09:30:00+00:00,short,74697.89,74916.439578,74451.49,74744.35,74853.72,0.14641645165612488,0.29257798044898664,1.1274329708382593,2,-0.9514472143069269,9,3,1,1.1274329708382593,win,2
1h,15min,2026-04-16 12:00:00+00:00,long,74748.87,74262.390226,75425.0,74242.0,74355.46,0.15178824776883773,0.650818900673672,1.3898419546626732,7,0.9759032755352655,12,3,1,-1.0,loss,7
1h,15min,2026-04-17 05:00:00+00:00,short,74627.48,74886.035496,73912.23,74802.98,74886.82,0.11234467517864877,0.3464615125688297,2.7663306758716035,6,-0.4589685804424125,5,4,0,-1.0,loss,7
1h,15min,2026-04-17 06:00:00+00:00,long,74757.62,74514.44847599999,75534.76,74438.31,74717.97,0.3740889557479271,0.3252799166158646,3.1958511721133265,19,0.6178639034936736,6,4,0,3.1958511721133265,win,11
1h,15min,2026-04-17 12:00:00+00:00,long,75688.01,75080.79239799999,76370.25,75089.51,75518.78,0.5671572023098561,0.8022639279325805,1.1235510923150092,7,1.6230685366092152,12,4,1,1.1235510923150092,win,4
1h,15min,2026-04-17 21:00:00+00:00,long,77381.04,76984.523792,78333.0,76265.82,77015.39,0.9686739800860683,0.5124203655055378,2.4008098049803785,8,2.9544083884471375,21,4,0,-1.0,loss,9
1h,15min,2026-04-18 01:30:00+00:00,short,77200.01,77627.120002,74993.24,77565.63,77705.2,0.18079013202199384,0.5532512262627962,5.166748588575509,22,-2.3991094845919565,1,5,0,5.166748588575509,win,119
1h,15min,2026-04-18 12:00:00+00:00,long,76210.29,75748.51794199999,77420.08,75609.77,76061.57,0.5928333299873323,0.6059182532962443,2.6198856752826782,4,0.650308034769294,12,5,1,-1.0,loss,17
1h,15min,2026-04-18 13:15:00+00:00,short,76088.92,76315.217784,75763.76,76189.56,76409.37,0.2888856879556152,0.29741226974964935,1.436867804238025,5,-0.4721585087952317,13,5,1,-1.0,loss,7
1h,15min,2026-04-20 05:45:00+00:00,long,74264.15,74080.32716999999,75381.76,74054.22,74214.67,0.21605310233806904,0.24752566345942775,6.079821532504817,2,-1.4138817959713836,5,0,0,6.079821532504817,win,6
1h,15min,2026-04-20 10:30:00+00:00,short,75174.45,75587.03489,73724.31,75382.87,75401.44,0.024702541887578807,0.5488365927519234,3.5147675912222707,13,0.12103870106766516,10,0,0,-1.0,loss,7
1h,15min,2026-04-21 06:30:00+00:00,long,75992.06,75688.65158800001,76558.62,75721.12,75782.75,0.08110057813935384,0.3992633072455067,1.8673180359943902,2,0.6795496616242893,6,1,0,1.8673180359943902,win,9
1h,15min,2026-04-21 09:15:00+00:00,short,76246.75,76942.81935,75474.77,76738.63,76890.0,0.19852649457189367,0.912916747271202,1.109056159418584,2,-0.9379459022065342,9,1,1,1.109056159418584,win,23
1h,15min,2026-04-22 01:45:00+00:00,long,76297.99,76117.690402,76595.3,75650.04,76220.4,0.7475426285803866,0.23630976124012223,1.648977608923883,2,0.8230959043730637,1,2,0,1.648977608923883,win,1
1h,15min,2026-04-22 10:15:00+00:00,long,78067.9,77809.38642,78452.18,77700.0,77900.0,0.2561872421315291,0.3311394055687407,1.4864983108430918,12,2.489974572565461,10,2,0,1.4864983108430918,win,7
1h,15min,2026-04-24 07:15:00+00:00,short,77720.32,78073.194064,76960.0,77854.57,78067.17,0.27354493651080086,0.45403063703287466,2.1546497109519254,6,-0.2713133662222293,7,4,1,-1.0,loss,15
1h,15min,2026-04-25 21:30:00+00:00,short,77468.03,77545.493606,77140.23,77454.31,77638.0,0.23711716949560008,0.09999428925713588,4.231664609055026,3,0.12388024615477378,21,5,0,-1.0,loss,2
1h,15min,2026-04-26 04:00:00+00:00,long,77476.89,77311.01462199999,77722.7,77343.81,77415.2,0.09214360566099054,0.2140965880277481,1.4818956433665553,2,-0.10362840992521126,4,6,0,1.4818956433665553,win,3
1h,15min,2026-04-27 10:00:00+00:00,short,77814.84,77995.562968,77465.05,77871.9,78872.42,1.285770169289051,0.23224743249488383,1.9355038480775173,2,0.1456556830074712,10,0,0,-1.0,loss,18
1h,15min,2026-04-27 14:30:00+00:00,long,78178.37,77449.414326,79485.66,77541.96,77719.77,0.22744142657361324,0.9324262887548016,1.7933737902423041,36,0.3362845907417222,14,0,1,-1.0,loss,2
1h,15min,2026-04-28 21:00:00+00:00,short,76365.38,76496.573076,75666.6,76421.94,76484.7,0.08218383775474536,0.17179653397913547,5.326348167947678,4,1.032580615205669,21,1,0,-1.0,loss,15
1h,15min,2026-04-30 11:00:00+00:00,long,76150.47,75959.699906,76473.26,75867.9,76019.57,0.19917145619720114,0.2505172903069499,1.6920366983725557,8,-0.5330889712791413,11,3,0,-1.0,loss,2
1h,15min,2026-05-01 10:00:00+00:00,short,77159.42,77515.431884,76111.0,77240.0,77485.81,0.31857419353333355,0.46139782284522984,2.9449016932254377,27,-0.7005791523039021,10,4,0,-1.0,loss,5
1h,15min,2026-05-01 21:30:00+00:00,long,78117.06,77736.376588,78914.12,77600.0,77896.0,0.37891851024603335,0.48732429510275793,2.093760786193649,3,1.3771742564805,21,4,0,2.093760786193649,win,96
1h,15min,2026-05-03 08:45:00+00:00,short,78387.86,78521.597572,78084.08,78309.09,78490.61,0.23156646960384436,0.17061005620002662,2.271463399978601,8,-0.6775987491114889,8,6,1,-1.0,loss,2
1h,15min,2026-05-03 10:15:00+00:00,short,78430.59,78620.356118,78084.08,78542.33,78631.9,0.11420288945931995,0.2419542145481751,1.8259845522054448,3,-0.6993694973494691,10,6,0,-1.0,loss,5
1h,15min,2026-05-03 14:00:00+00:00,long,78730.0,78338.784,79199.48,78337.26,78363.24,0.03299885685254729,0.49690842118633344,1.2000531675595976,20,0.979400268593529,14,6,1,1.2000531675595976,win,26
1h,15min,2026-05-04 12:15:00+00:00,long,78960.0,78186.208,80635.51,78260.75,78288.29,0.03487841945287943,0.9799797365754828,2.165323497787509,8,0.5034533893405766,12,0,1,2.165323497787509,win,22
1h,15min,2026-05-06 00:00:00+00:00,long,81156.91,80773.768618,81791.48,80831.87,80932.54,0.12404365814321695,0.4720995193138842,1.656229344602588,6,1.4265523031608827,0,2,0,-1.0,loss,3
1h,15min,2026-05-09 17:45:00+00:00,short,80812.7,80944.72254,80135.0,80685.7,80846.87,0.1994364747125121,0.16336855469499892,5.133214373848355,6,-0.5753719520843715,17,5,0,-1.0,loss,2
1h,15min,2026-05-10 00:00:00+00:00,long,80714.49,80594.497102,81080.0,80600.0,80625.0,0.03097337293464903,0.1486633911705461,3.046096944837187,2,0.3642871276062773,0,6,0,-1.0,loss,4
1h,15min,2026-05-11 10:45:00+00:00,short,80940.0,81216.188,80525.0,81188.97,81291.23,0.12634049913515535,0.34122559920928425,1.5025996784799052,2,-0.16921003946758917,10,0,0,-1.0,loss,5
1h,15min,2026-05-11 21:15:00+00:00,short,81639.26,82153.587852,80462.97,81744.85,82044.49,0.36702929448405025,0.6300006295990461,2.2870431679441476,21,-0.8034444029976773,21,0,0,2.2870431679441476,win,66
1h,15min,2026-05-13 07:45:00+00:00,long,81026.92,80872.914616,81299.99,80768.95,80934.69,0.20454930287366868,0.19006693577887904,1.7731198280704292,2,0.10917052179864202,7,2,1,1.7731198280704292,win,5
1h,15min,2026-05-13 19:45:00+00:00,long,79642.41,79384.071518,81324.64,79222.22,79514.97,0.3675805390620399,0.32437300930497515,6.511728283670699,3,-1.2936487142443442,19,2,0,-1.0,loss,5
1h,15min,2026-05-15 07:00:00+00:00,long,80768.0,80297.8464,82048.13,80059.71,80816.08,0.9364723652931797,0.5821038034865356,2.7227910197858547,18,0.21494066938786133,7,4,1,-1.0,loss,24
1h,15min,2026-05-15 18:15:00+00:00,short,79282.49,79577.796498,78659.0,79353.32,80340.83,1.245558760831042,0.3724737933937125,2.111331800088004,12,1.4250524283938275,18,4,0,2.111331800088004,win,50
1h,15min,2026-05-18 13:00:00+00:00,short,77480.86,77815.496172,76583.33,77477.99,77830.0,0.45431865366491125,0.43189527323263915,2.6821069421030868,4,0.9539161663908887,13,0,1,2.6821069421030868,win,5
1h,15min,2026-05-18 20:30:00+00:00,short,76966.21,77197.533242,76051.0,76954.25,77275.96,0.4179886212404202,0.3005516862529655,3.9564117815710538,3,1.2358885013091936,20,0,0,-1.0,loss,7
1h,15min,2026-05-18 23:30:00+00:00,long,77118.54,76784.576292,77800.0,76706.38,76874.73,0.21830029458544115,0.4330524255256852,2.0405211215346046,10,-0.9463157275305938,23,0,0,-1.0,loss,7
1h,15min,2026-05-21 07:30:00+00:00,long,77720.25,77505.45595,78180.01,77559.34,77800.0,0.30964902969303815,0.27636819233082344,2.1404689748156507,7,0.34444334376587954,7,3,1,2.1404689748156507,win,2
1h,15min,2026-05-23 23:00:00+00:00,long,76679.63,76380.724074,77404.18,76012.22,76538.04,0.685736224861795,0.38981138276228866,2.424006809419938,2,0.3487201753607339,23,5,0,2.424006809419938,win,45
1h,15min,2026-05-24 03:30:00+00:00,short,76757.39,77419.53147799999,74417.88,77290.0,77395.45,0.13738090886101922,0.8626419918655265,3.53324792016734,27,-0.39005366508981015,3,6,0,-1.0,loss,27
1h,15min,2026-05-26 11:00:00+00:00,short,77267.73,77637.203546,76475.59,77500.0,77543.38,0.05614245429496202,0.47817315973952956,2.1439694629720027,2,-0.41499449656297066,11,1,0,-1.0,loss,13
1h,15min,2026-05-26 11:00:00+00:00,short,77267.73,77637.203546,76475.59,77543.39,77550.39,0.009059409406747163,0.47817315973952956,2.1439694629720027,2,-0.41499449656297066,11,1,0,-1.0,loss,13
1h,15min,2026-05-26 19:30:00+00:00,long,76027.01,75764.094598,78080.0,75522.0,75780.9,0.3405368697256333,0.3458184163759679,7.808557370100422,3,-1.1178423086963996,19,1,0,-1.0,loss,10
1h,15min,2026-05-28 08:15:00+00:00,short,73263.27,73526.792654,72728.85,73260.01,74127.57,1.1841677282491105,0.3596927273379967,2.0279850399502943,4,3.1363351830889665,8,3,1,-1.0,loss,6
1h,15min,2026-05-29 20:45:00+00:00,short,73673.61,73774.734722,72512.49,73727.95,73925.33,0.2679114000250628,0.13726044101815182,11.482058759084385,2,0.8180423318449077,20,4,0,-1.0,loss,1
1h,15min,2026-05-29 21:00:00+00:00,long,73804.15,73172.48917,74514.1,73198.17,73565.73,0.49802077525450494,0.8558608560629631,1.1239417837576204,9,-0.6352947676228113,21,4,0,-1.0,loss,229
1h,15min,2026-05-30 06:00:00+00:00,short,73536.51,73649.707302,73187.25,73575.0,73613.85,0.0528308999162536,0.153933470598483,3.0854092264495248,4,0.7789156057206588,6,5,0,-1.0,loss,2
1h,15min,2026-06-03 06:45:00+00:00,short,66983.27,67529.396654,66193.0,66868.62,67412.0,0.811217487590565,0.8153179950754754,1.447045285579515,27,4.8395912876877745,6,2,0,1.447045285579515,win,36
1h,15min,2026-06-03 07:15:00+00:00,long,67191.55,66858.57169,67923.24,66623.44,66962.95,0.5052867510869964,0.4955657519435195,2.1974103958903193,1,-4.451117568378798,7,2,1,-1.0,loss,8
1h,15min,2026-06-04 04:30:00+00:00,short,64415.99,64777.203198,61383.56,64428.0,64778.15,0.5435762145392805,0.5607508291031542,8.395125141579015,4,5.665722032556997,4,3,0,8.395125141579015,win,103
1h,15min,2026-06-04 06:30:00+00:00,long,64336.0,63635.1428,66189.8,63622.7,64265.73,0.9994870678935683,1.0893701815468766,2.6450466657116554,6,-5.469208233268083,6,3,0,-1.0,loss,3
1h,15min,2026-06-04 17:45:00+00:00,long,63540.97,62932.201806000005,64494.92,62833.82,63068.41,0.3691948675004549,0.958071924303322,1.5670168208557926,1,-4.923025306472975,17,3,0,-1.0,loss,34
1h,15min,2026-06-06 00:00:00+00:00,long,61425.56,60505.714888,62931.81,60459.41,61444.2,1.6032251069424415,1.4974956874629968,1.6375039453381446,8,-4.216678435072351,0,5,0,-1.0,loss,16
1h,15min,2026-06-07 17:45:00+00:00,short,62160.01,62344.432002,61184.0,61907.64,62359.44,0.7268338599044674,0.2966891446767774,5.292264422983574,14,0.18324040036250133,17,6,0,5.292264422983574,win,8
1h,15min,2026-06-08 07:00:00+00:00,long,63084.57,62395.383086,64234.68,62017.71,62803.42,1.245486812385341,1.0924809569122815,1.66879256793318,23,1.0619334833973166,7,0,1,-1.0,loss,121
1h,15min,2026-06-09 18:30:00+00:00,short,61602.01,61976.320402,60780.0,61706.86,62140.0,0.7031264077259807,0.6076269297056955,2.196065072217822,5,1.723007145820775,18,1,0,-1.0,loss,4
1h,15min,2026-06-11 06:45:00+00:00,short,62772.0,63010.0844,61104.24,62944.43,63012.0,0.107643535334225,0.37928439431593663,7.004910863542525,2,-0.973737930386147,6,3,0,-1.0,loss,8
1h,15min,2026-06-11 12:15:00+00:00,short,62684.01,63269.746802,61166.0,63208.86,63230.0,0.033724709060571297,0.9344277783122034,2.5916247618670263,6,-0.6617430572363833,12,3,1,-1.0,loss,21
1h,15min,2026-06-11 21:00:00+00:00,long,63557.61,63257.288478,63933.02,62842.0,63324.35,0.758917775542533,0.47251858904071187,1.2500269627695821,2,1.7383021638628142,21,3,0,-1.0,loss,37
1h,15min,2026-06-14 03:15:00+00:00,long,64530.19,64367.793961999996,64762.77,64296.6,64383.61,0.1348361131433241,0.25165901107684047,1.4321777973424792,14,1.4187375165800709,3,6,0,-1.0,loss,6
1h,15min,2026-06-15 14:15:00+00:00,long,66559.99,66238.268002,66949.22,66385.12,66412.0,0.04038462145202344,0.48335643980716964,1.2098333418903673,1,2.9361572788458803,14,0,1,1.2098333418903673,win,6
1h,15min,2026-06-16 07:15:00+00:00,short,66338.01,66586.25760200001,65650.0,66476.64,66489.86,0.0199282432499877,0.37421623289576766,2.7714668518729373,3,-1.5983301078042758,7,1,1,-1.0,loss,4
1h,15min,2026-06-16 09:15:00+00:00,short,66618.0,67005.3236,65650.0,66933.86,67088.83,0.23262481611576627,0.581409829175303,2.499202217473946,2,-1.9062945972264427,9,1,1,2.499202217473946,win,20
1h,15min,2026-06-17 11:30:00+00:00,long,64790.71,64552.041858,66200.0,64092.4,64946.12,1.317658040790109,0.368367844711074,5.904809867753475,12,-1.143352740475075,11,2,0,5.904809867753475,win,19
1h,15min,2026-06-17 16:45:00+00:00,short,65864.12,66459.10282399999,64565.0,66265.8,66368.0,0.1551679427281456,0.9033489311023841,2.183457988360373,2,-0.548201177240943,16,2,0,2.183457988360373,win,10
1h,15min,2026-06-17 20:15:00+00:00,long,64361.11,63985.477778,66445.93,63861.86,64007.24,0.22588174753356083,0.5836322928551111,5.550162839864125,2,-1.7296575585218341,20,2,0,-1.0,loss,7
1h,15min,2026-06-18 00:45:00+00:00,short,64468.01,64714.893602,63915.77,64488.96,64800.0,0.48247184921638014,0.38295520832734625,2.236843579429053,6,1.3617799251034304,0,3,0,-1.0,loss,1
1h,15min,2026-06-18 21:00:00+00:00,short,62920.0,63286.774000000005,62272.07,62814.0,63587.3,1.2290209790209836,0.5829211697393594,1.766564696516088,11,2.722986640954665,21,3,0,-1.0,loss,67
1h,15min,2026-06-20 20:45:00+00:00,long,63925.99,63717.424802,64388.0,63655.1,63836.0,0.28298349388097305,0.3262604114539276,2.2151826116263633,13,0.30457519771345937,20,5,0,2.2151826116263633,win,26
1h,15min,2026-06-22 18:00:00+00:00,long,64673.82,64375.225236000006,65622.83,64272.0,64579.08,0.4748134562022187,0.4616934085538693,3.178253989745182,6,0.8082892729192893,18,0,0,-1.0,loss,3
1h,15min,2026-06-23 12:15:00+00:00,short,62408.0,62656.4716,61938.0,62528.13,62872.0,0.5510030765286543,0.39814062299704706,1.8915642673046154,9,2.353147165446936,12,1,1,-1.0,loss,7
1h,15min,2026-06-24 04:00:00+00:00,short,62664.97,63131.982994,61960.0,63095.0,63342.34,0.39470217571315597,0.7452536784107564,1.509529732699484,10,1.2039437067720609,4,2,0,-1.0,loss,31
1h,15min,2026-06-24 21:00:00+00:00,short,60728.0,61220.62560000001,59102.7,61150.13,61255.74,0.17390659992096,0.8112001053879704,3.299260127772452,1,3.2268410070693783,21,2,0,-1.0,loss,4
1h,15min,2026-06-25 10:30:00+00:00,short,61393.82,61974.678764000004,59102.7,61456.0,62585.2,1.8392730734135734,0.9461192738943499,3.9443667583192155,22,1.394639146147637,10,3,0,3.9443667583192155,win,13
1h,15min,2026-06-26 07:45:00+00:00,short,60532.0,60772.096399999995,58337.0,60485.51,61080.0,0.9821086367541101,0.39664375867309015,9.142161231905378,3,1.0510367715025255,7,4,1,-1.0,loss,125
1h,15min,2026-07-01 10:30:00+00:00,short,58624.01,59103.714801999995,57800.19,58823.9,59126.42,0.5160343006218728,0.818273608373076,1.7173478284255572,7,1.3264833071408788,10,2,0,-1.0,loss,13
1h,15min,2026-07-01 16:45:00+00:00,short,59920.0,60548.534,58326.0,60276.54,60350.0,0.1225967957276354,1.0489552736982637,2.536060101760606,6,-0.8776345680896007,16,2,0,-1.0,loss,18
1h,15min,2026-07-02 23:00:00+00:00,short,61351.9,61665.70038,60376.13,61596.0,61664.39,0.11147169036329668,0.51147622160031,3.1095245964966716,8,-1.6844764001468455,23,3,0,-1.0,loss,8
1h,15min,2026-07-05 15:15:00+00:00,short,62770.0,62956.14399999999,62436.59,62756.25,62900.0,0.2290106738888004,0.29654930699377563,1.791140192539196,17,-0.8154798078246946,15,6,0,-1.0,loss,25
1h,15min,2026-07-07 00:15:00+00:00,long,64250.0,63984.65,64700.0,63892.65,64151.01,0.40211673151751065,0.4129961089494141,1.695873374788025,4,2.170894443586329,0,1,0,-1.0,loss,3
1h,15min,2026-07-07 04:15:00+00:00,long,63265.17,63134.146966,64700.0,62411.41,63386.01,1.5405000887534146,0.2071013703116549,10.950975230813413,6,0.5240221175921096,4,1,0,-1.0,loss,2
1h,15min,2026-07-07 07:15:00+00:00,short,63248.02,63458.349603999995,62800.0,63414.0,63767.04,0.5581834814749946,0.33254733349755244,2.130085311243203,1,-0.4697335845149125,7,1,1,-1.0,loss,11
1h,15min,2026-07-07 23:30:00+00:00,short,63446.0,63914.4392,62671.39,63894.58,63896.21,0.002569113892124611,0.7383273965261808,1.6535977347753976,14,-0.4338381506221763,23,1,0,1.6535977347753976,win,12
1h,15min,2026-07-08 03:30:00+00:00,short,62952.58,63106.590516,62525.47,63066.0,63307.36,0.38339969545330876,0.24464528062232688,2.7732521849353127,2,0.35697430885596,3,2,0,2.7732521849353127,win,11
1h,15min,2026-07-09 11:45:00+00:00,long,62786.34,62602.10273200001,63283.26,62624.61,62788.06,0.26032732597567737,0.29343527270420583,2.6971741678238135,9,0.1330605601051972,11,3,0,-1.0,loss,2
1h,15min,2026-07-09 17:15:00+00:00,long,62838.99,62452.822202,63283.26,62456.29,62485.58,0.04661118837206148,0.6145353354660775,1.150458433615974,18,0.18417015626346464,17,3,0,1.150458433615974,win,3
1h,15min,2026-07-11 02:30:00+00:00,long,64145.57,63643.170886,64692.83,63255.49,63692.76,0.6816838637492878,0.7832171637106036,1.0892933222808237,25,1.073816802881595,2,5,0,-1.0,loss,111
1h,15min,2026-07-12 16:00:00+00:00,short,64061.23,64302.922246,63640.83,64246.0,64338.09,0.14375309371986222,0.3772831804821711,1.7394020989817096,5,-0.29600812970959434,16,6,0,-1.0,loss,33
1h,15min,2026-07-13 09:30:00+00:00,short,63109.32,63315.501864,62500.76,62911.94,63237.26,0.5154864606368753,0.3267058874980721,2.9515690089987867,9,0.9760287348942085,9,0,1,2.9515690089987867,win,15
1h,15min,2026-07-13 15:30:00+00:00,short,62650.9,62996.36018,62101.0,62766.37,62867.9,0.16205673023052955,0.5514049758263677,1.5917898265438248,3,1.4763874835063555,15,0,0,1.5917898265438248,win,8
1h,15min,2026-07-14 02:15:00+00:00,short,62384.0,62679.1368,61824.97,62370.0,62559.58,0.3038920235957966,0.47309694793536844,1.8941385825149504,9,1.3542572871165095,2,1,0,-1.0,loss,9
1h,15min,2026-07-14 03:45:00+00:00,long,62572.89,62301.485422,62983.83,62347.46,62460.03,0.17990219086892056,0.43374147813853814,1.5141233174040272,6,-1.0012247005565107,3,1,0,1.5141233174040272,win,34
1h,15min,2026-07-14 20:45:00+00:00,long,64572.02,64218.855595999994,64966.43,64346.49,64606.0,0.4018923366498401,0.5469310143929257,1.116788655744593,15,1.8591894078943592,20,1,0,1.116788655744593,win,6
1h,15min,2026-07-15 19:30:00+00:00,long,64988.76,64725.492247999995,65600.0,64767.37,64888.0,0.1856167127977167,0.4050973614514372,2.3217427708350002,12,1.3842377320346355,19,2,0,-1.0,loss,16
1h,15min,2026-07-17 11:00:00+00:00,short,63088.06,63225.507612,62666.0,62998.52,63320.0,0.5095734438497604,0.217866284048049,3.07069721953399,6,1.4202883001359654,11,4,0,-1.0,loss,2
1h,15min,2026-07-17 19:00:00+00:00,short,64076.0,64400.805199999995,62537.56,64330.0,64333.33,0.00519695361758185,0.5069061739184644,4.736500524006465,1,-0.30224028989882773,19,4,0,-1.0,loss,89
1h,15min,2026-07-18 01:15:00+00:00,long,63999.99,63871.550001999996,64387.99,63706.75,63894.0,0.2925781707153392,0.20068752823242889,3.020865820941503,9,0.14850703136160176,1,5,0,3.020865820941503,win,64
1h,15min,2026-07-18 04:30:00+00:00,short,63947.1,64045.38942,62537.56,64011.08,64064.0,0.08275590292600955,0.15370426493148395,14.340709305233329,17,-0.05687111757040837,4,5,0,-1.0,loss,29
1h,15min,2026-07-19 05:45:00+00:00,long,64724.01,64597.945198,64967.25,64597.9,64614.36,0.02543105719191244,0.1947728547721329,1.9294838538674455,7,0.8443858498286168,5,6,0,-1.0,loss,14
1h,15min,2026-07-19 14:00:00+00:00,long,64544.29,64272.331141999995,64967.25,64314.0,64462.0,0.22929991173502723,0.42135231172270293,1.5552352407656849,9,0.44311433713706483,14,6,1,1.5552352407656849,win,40
1h,15min,2026-07-20 20:00:00+00:00,long,65219.99,65028.006002,65799.0,64575.37,65336.0,1.1662528620442865,0.2943637341863991,3.015928442119504,5,1.0921147881593156,20,0,0,3.015928442119504,win,39
1h,15min,2026-07-21 19:15:00+00:00,long,66402.98,66039.34940400001,66956.15,65991.05,66129.19,0.20803283226144284,0.5476118632025071,1.521241628413513,6,1.7519754888534294,19,1,0,-1.0,loss,41
1h,15min,2026-07-21 21:15:00+00:00,short,66324.01,66516.06480200001,65866.0,66358.0,66462.32,0.15728843898311787,0.2895705522027593,2.3847880668975048,9,-1.539409616634584,21,1,0,-1.0,loss,10
1h,15min,2026-07-25 21:30:00+00:00,long,64333.86,64250.163228,64475.28,64241.71,64267.41,0.03994785949421403,0.1300975442791758,1.6896708991356708,2,-0.5079576454348987,21,5,0,1.6896708991356708,win,11
1h,15min,2026-07-26 16:45:00+00:00,short,64734.17,64953.456834000004,64293.81,64802.0,64857.14,0.0851791256456975,0.33874974221497844,2.008146097818115,5,-0.20112562565113182,16,6,0,-1.0,loss,21
1h,15min,2026-07-26 18:45:00+00:00,long,64734.38,64655.963124,64940.51,64571.42,64673.42,0.15756696827867975,0.12113636679612237,2.6286433547801114,5,0.19265133688696717,18,6,0,-1.0,loss,6
1h,15min,2026-07-27 12:45:00+00:00,long,65086.0,64822.9828,65744.6,64703.36,64858.03,0.23763943090679757,0.40410718126786416,2.5040187485837455,1,0.3790565355575748,12,0,1,-1.0,loss,7
1h,15min,2026-07-27 19:00:00+00:00,long,64974.0,64742.6752,65718.0,64776.0,64794.37,0.028272847600582726,0.3560267183796629,3.2162569685567353,2,0.19388618113269515,19,0,0,-1.0,loss,12
1h,15min,2026-07-28 18:00:00+00:00,long,63696.0,63491.2608,64100.0,63550.0,63773.65,0.3511209495101756,0.321431801055017,1.97324205623541,3,-0.9206785447764758,18,1,0,1.97324205623541,win,24
1h,15min,2026-07-28 22:15:00+00:00,short,63918.01,64112.783602,62742.47,63940.27,64790.28,1.3298442801958352,0.30472413330765635,6.035417468944247,28,0.4991544806505324,22,1,0,-1.0,loss,7
1h,15min,2026-07-31 21:30:00+00:00,long,63038.46,62833.392308,64034.06,62931.79,62966.0,0.05426845770026604,0.32530568164259865,4.854982227039517,8,-1.5551249138667371,21,4,0,-1.0,loss,79
1h,15min,2026-08-01 23:30:00+00:00,long,62835.15,62757.40297,63127.07,62674.98,62794.17,0.18968682337830825,0.12373174886985809,3.754741499450248,1,-0.9936296051885593,23,5,0,3.754741499450248,win,10
1h,15min,2026-08-02 05:00:00+00:00,short,63482.74,63646.696548,62275.0,63310.0,63627.66,0.5003879794728512,0.2582694886830687,7.366219981650161,12,-0.08069997430515007,5,6,0,-1.0,loss,66
1h,15min,2026-08-04 03:30:00+00:00,long,63836.03,63636.232794,64080.0,63585.09,63686.44,0.1587661388090798,0.3129850117558934,1.2210881467481907,1,0.7219166112735914,3,1,0,1.2210881467481907,win,5
1h,15min,2026-08-07 17:45:00+00:00,long,64764.33,64512.047134,65390.99,64436.13,64599.99,0.2530096428080096,0.38953983774710765,2.483957828511401,2,0.4710181450446222,17,4,0,2.483957828511401,win,209
1h,15min,2026-08-07 18:30:00+00:00,short,64727.27,64894.075454,64264.0,64828.82,64894.83,0.10198174587002053,0.25770506619544004,2.777307269581206,2,-0.4033510239115446,18,4,0,-1.0,loss,3
1h,15min,2026-08-08 16:45:00+00:00,long,65086.45,65025.98271,65192.54,65018.0,65061.31,0.06654226801430663,0.09290303895818638,1.754502310257379,1,0.5804403736880159,16,5,0,-1.0,loss,6
1h,15min,2026-08-09 04:45:00+00:00,short,64785.0,64839.087,64730.08,64820.01,64838.33,0.028278150806513403,0.08348691826811691,1.0154011130215899,2,-0.011604222963796929,4,6,0,-1.0,loss,6
1h,15min,2026-08-09 07:15:00+00:00,short,64840.85,64880.07817,64730.08,64863.16,64958.17,0.14652799893893242,0.06049916063716336,2.823736105966472,3,-0.09293617709941182,7,6,1,-1.0,loss,3
1h,15min,2026-08-10 12:15:00+00:00,short,65055.0,65250.811,64826.78,65074.61,65192.0,0.18044731381138948,0.30099300591807165,1.1655116413276037,4,-0.15373408545281356,12,0,1,1.1655116413276037,win,5
1h,15min,2026-08-10 21:00:00+00:00,short,64113.83,64228.032766,63806.27,64027.12,64203.15,0.2745585468845003,0.17812500984576166,2.6931046486213717,6,1.0780020839107265,21,0,0,-1.0,loss,50
1h,15min,2026-08-11 12:15:00+00:00,short,64324.7,64528.29494,63852.0,64354.0,64544.01,0.29539197229058517,0.3165112934844666,2.3217669358579878,5,0.371602350760404,12,1,1,2.3217669358579878,win,10
1h,15min,2026-08-11 23:30:00+00:00,long,63639.84,63530.822032000004,64515.43,63536.0,63622.0,0.13513547488491487,0.17130459158915678,8.031611816504059,2,-1.088534790228031,23,1,0,-1.0,loss,60
1h,15min,2026-08-12 04:30:00+00:00,short,63771.13,63920.764226,63238.0,63868.0,64050.0,0.28539560142653897,0.23464258199596266,3.5628880788275703,10,0.7649029561879234,4,2,0,-1.0,loss,19
1h,15min,2026-08-12 16:45:00+00:00,short,63492.12,63590.698424,63316.0,63570.01,63840.0,0.42523387154185116,0.15526087961781612,1.786597846198107,2,1.0170540365364422,16,2,0,1.786597846198107,win,10
1h,15min,2026-08-13 05:45:00+00:00,short,63878.0,64022.7756,63310.34,63926.13,63976.37,0.0786499264222506,0.22664391496289935,3.920964582429637,2,0.12551812898464143,5,3,0,3.920964582429637,win,43
1h,15min,2026-08-13 09:45:00+00:00,long,63782.64,63575.233472,64010.0,63582.0,63591.56,0.01498840436833231,0.32517708266700707,1.0962046479077125,2,-0.24919854081864923,9,3,1,-1.0,loss,6
1h,15min,2026-08-13 13:15:00+00:00,short,63607.68,63830.881536,63370.0,63786.49,63856.13,0.10948363468059111,0.350903438075403,1.0648672238527954,13,0.47456845265975894,13,3,1,-1.0,loss,1
1h,15min,2026-08-13 23:30:00+00:00,short,63459.97,63652.691994,62802.27,63568.97,63686.0,0.18441546694711458,0.30369064782098,3.4126878118540325,6,0.5324159418241723,23,3,0,3.4126878118540325,win,35
1h,15min,2026-08-14 05:45:00+00:00,long,63379.83,63263.324034,63727.29,63294.61,63310.0,0.024282173050952358,0.18382183417027823,2.9823365440357485,8,-0.5718183248236397,5,4,0,-1.0,loss,2
1h,15min,2026-08-14 19:30:00+00:00,long,62982.99,62817.403402,63379.83,62797.88,62966.86,0.26829466178090816,0.2629068546920278,2.3965707659506186,6,-0.789909378535021,19,4,0,-1.0,loss,11
1h,15min,2026-08-14 20:30:00+00:00,short,62912.51,63259.632502,62535.24,63110.0,63286.67,0.2808185526217254,0.5517543362997254,1.0868497369842243,17,0.8797698472888955,20,4,0,-1.0,loss,175
1h,15min,2026-08-15 18:00:00+00:00,long,63097.16,63053.590568,63155.76,63060.35,63066.73,0.01011139011645636,0.06905133606647886,1.3449796637237166,3,-0.28270514052993717,18,5,0,-1.0,loss,1
1h,15min,2026-08-16 19:15:00+00:00,long,63219.99,63107.356002,63390.0,63102.86,63137.35,0.05455552903440504,0.17816199907655397,1.5094021611485884,7,0.053715676637097816,19,6,0,-1.0,loss,2
1h,15min,2026-08-17 10:00:00+00:00,long,63336.9,63282.33262,63717.17,63246.91,63339.78,0.1466285846007546,0.08615416921257657,6.968815435155471,3,0.1965381255482141,10,0,0,6.968815435155471,win,7
1h,15min,2026-08-17 20:15:00+00:00,long,64416.09,64253.116782,64610.01,64216.42,64280.49,0.0994627274024234,0.25300079219337773,1.1898887582866928,1,1.5724052988374526,20,0,0,-1.0,loss,21
1h,15min,2026-08-18 23:00:00+00:00,long,64696.25,64549.31075,65058.81,64284.0,64652.0,0.5688119481422803,0.22712174198659596,2.467414254530291,13,1.148438435070369,23,1,0,-1.0,loss,5
1h,15min,2026-08-19 18:15:00+00:00,long,68279.63,67811.37407399999,69500.0,65970.0,68416.36,3.5828547987152253,0.6857915398780171,2.606203001902773,5,5.465239947277826,18,2,0,2.606203001902773,win,10
1h,15min,2026-08-20 04:00:00+00:00,long,69369.58,68888.346084,70000.0,68483.52,68984.78,0.7225933903592825,0.6937247075735465,1.3100074185128747,22,5.361877869673819,4,3,0,1.3100074185128747,win,12
1h,15min,2026-08-21 03:15:00+00:00,long,74609.12,74232.538176,75785.82,73990.0,74384.63,0.5289299753166968,0.5047396672149377,3.124686123991029,1,7.697201506461687,3,4,0,3.124686123991029,win,15
1h,15min,2026-08-23 08:15:00+00:00,long,76236.35,75530.42272999999,77469.64,75753.0,76235.76,0.6332412294135209,0.925972019909157,1.747049664195531,13,1.309104470802568,8,6,1,1.747049664195531,win,20
1h,15min,2026-08-23 08:15:00+00:00,long,76236.35,75530.42272999999,77469.64,75500.0,75620.0,0.15740522729642747,0.925972019909157,1.747049664195531,12,1.309104470802568,8,6,1,1.747049664195531,win,20
1h,15min,2026-08-24 09:00:00+00:00,long,77288.25,76654.55235,78052.85,76640.21,76744.94,0.13550572046850062,0.8199146053895668,1.206569094898811,17,1.3391835735451967,9,0,1,1.206569094898811,win,10
1h,15min,2026-08-25 18:30:00+00:00,short,79172.02,79579.544404,78120.74,79484.01,79622.0,0.1742913721286955,0.5147328614326073,2.5796737316374525,11,-1.316266388839495,18,1,0,2.5796737316374525,win,10
1h,15min,2026-08-26 07:00:00+00:00,long,78987.75,78622.20245,79380.0,78721.48,78748.56,0.034283797171082535,0.46279017948986134,1.0730478155304195,8,0.8214737975037816,7,2,1,-1.0,loss,7
1h,15min,2026-08-27 13:45:00+00:00,long,79533.15,78904.09337,80520.0,79095.99,79683.09,0.7381827577557174,0.7909363957041711,1.5687776790461911,14,1.1008698479426269,13,3,1,1.5687776790461911,win,5
1h,15min,2026-08-29 01:15:00+00:00,long,77789.49,77615.722102,79838.73,77537.33,77640.74,0.13293569606897215,0.2233822306843836,11.792972255438837,1,-1.4035266157696777,1,5,0,-1.0,loss,4
1h,15min,2026-08-29 21:30:00+00:00,short,78098.96,78345.619792,77382.37,78131.86,78312.64,0.23147555357971328,0.31582980362349417,2.905175562622855,27,0.41539331092327125,21,5,0,-1.0,loss,58
1h,15min,2026-08-31 08:15:00+00:00,short,78094.0,78364.4988,77000.0,78185.89,78280.0,0.12050861781955154,0.34637590595948625,4.044380233849449,4,0.2905811914799293,8,0,1,-1.0,loss,1
1h,15min,2026-08-31 13:00:00+00:00,long,78086.55,77659.42268999999,78802.0,77769.11,77864.16,0.12172390763838703,0.5469921644636763,1.675027522824469,2,-0.3127371366322253,13,0,1,1.675027522824469,win,15
1h,15min,2026-09-01 11:00:00+00:00,short,77989.14,78211.597828,77758.69,78062.24,78500.0,0.5613089207035682,0.2852420580609027,1.0359266835959509,2,0.5757758408599016,11,1,0,1.0359266835959509,win,6
1h,15min,2026-09-04 07:00:00+00:00,long,80938.02,80557.022396,82300.0,80561.0,80613.52,0.06488915839552793,0.4707276061361568,3.5747731368934867,2,2.407057394886181,7,4,1,-1.0,loss,4
1h,15min,2026-09-04 17:15:00+00:00,short,79511.59,79892.972318,78660.0,79704.0,81080.01,1.7305778943673429,0.4796562589177296,2.2329037289033113,3,-0.27557276149584525,17,4,0,-1.0,loss,92
1h,15min,2026-09-05 12:00:00+00:00,long,79662.46,79552.067508,79862.15,79600.01,79639.22,0.049220172211611846,0.1385752988296038,1.8089092508208184,16,0.2887274177631369,12,5,1,-1.0,loss,7
1h,15min,2026-09-05 22:30:00+00:00,short,79769.99,79963.943998,79545.96,79840.25,79930.0,0.11251098314040153,0.24314155987733888,1.1550677083748593,5,-0.295127251085958,22,5,0,-1.0,loss,10
1h,15min,2026-09-07 13:30:00+00:00,short,79374.99,79659.374998,79001.1,79530.47,79644.55,0.14372285275248758,0.35828035757862026,1.3147317988975185,18,0.3917674922552566,13,0,1,1.3147317988975185,win,4
1h,15min,2026-09-07 20:00:00+00:00,short,79236.76,79435.017352,78680.0,79396.36,79400.48,0.0051996068491383845,0.25020880712437077,2.8082691228519647,2,0.4478115388795938,20,0,0,-1.0,loss,21
1h,15min,2026-09-08 18:30:00+00:00,short,78608.21,79010.221642,78179.98,78929.24,78930.0,0.0009668201323942642,0.5114117749278322,1.0652179072963588,33,0.7229534630277709,18,1,0,-1.0,loss,40
1h,15min,2026-09-10 00:30:00+00:00,short,78159.97,78397.981994,77770.0,78340.01,78403.36,0.08105171995332881,0.3045190447232777,1.6384468423049323,2,0.9755487951441549,0,3,0,-1.0,loss,2
1h,15min,2026-09-11 01:15:00+00:00,short,76813.09,77015.362618,76464.0,76876.31,77100.02,0.29123942286400195,0.26333092185199514,1.7258391345881126,4,1.8209404600418186,1,4,0,-1.0,loss,12
1h,15min,2026-09-11 20:45:00+00:00,short,77339.33,77519.477866,76046.58,77372.01,77490.34,0.15300106685693002,0.23293176447222821,7.1760494792650205,3,0.71476215330168,20,4,0,-1.0,loss,214
1h,15min,2026-09-12 01:00:00+00:00,long,77365.88,76867.526824,79890.0,77049.25,77253.8,0.2643930373441146,0.6441511115752889,5.064922070447434,28,-0.5856419119014136,1,5,0,-1.0,loss,126
1h,15min,2026-09-12 22:15:00+00:00,short,77202.01,77315.440402,77059.75,77216.01,77336.0,0.15542341449400768,0.14692674711448334,1.2541611198732867,6,0.49099947176198083,22,5,0,-1.0,loss,12
1h,15min,2026-09-13 20:00:00+00:00,long,77300.0,77207.7,77413.52,77216.01,77249.35,0.04313065976715531,0.11940491591203482,1.2299024918743282,3,-0.08760182184745442,20,6,0,1.2299024918743282,win,5
1h,15min,2026-09-14 10:45:00+00:00,short,77906.6,78389.59131999999,76388.72,78068.01,78509.09,0.56616512593285,0.6199620057863986,3.142665172533633,4,-0.6490748303550975,10,0,0,-1.0,loss,12
1h,15min,2026-09-17 23:45:00+00:00,short,76417.01,76525.293402,76000.0,76458.55,76500.0,0.05424185008023357,0.14170065277351332,3.8510980657958194,3,0.1803247023748691,23,3,0,-1.0,loss,4
1h,15min,2026-09-20 19:30:00+00:00,long,81230.01,81014.723998,81497.33,80969.84,81068.08,0.12094052432100556,0.2650325932497035,1.2416970797758375,6,1.4501148859036739,19,6,0,-1.0,loss,6
1h,15min,2026-09-22 10:15:00+00:00,short,85866.02,86394.94320400001,85114.0,85973.79,86364.05,0.4544987644705197,0.615986631265786,1.4217943064566239,7,-3.132094202491632,10,1,0,-1.0,loss,15
1h,15min,2026-09-23 21:30:00+00:00,long,84499.29,83483.11014199999,87278.54,81725.74,83700.0,2.3364219983386785,1.2025898182103107,2.7349981188074204,22,-0.23611788621024687,21,2,0,-1.0,loss,45
1h,15min,2026-09-25 01:45:00+00:00,long,84610.73,84349.077854,84942.45,84368.01,84410.24,0.04991092737293541,0.30924227459093323,1.2677900986908395,1,0.2204282226490677,1,4,0,-1.0,loss,4
1h,15min,2026-09-26 17:30:00+00:00,long,84101.72,84025.09965599999,84336.96,84049.19,84098.18,0.058250889518062995,0.09110437218169846,3.070202869357709,2,-0.1070909675567234,17,5,0,-1.0,loss,4
1h,15min,2026-09-27 00:30:00+00:00,long,84350.5,84240.1999,84473.58,84262.85,84276.0,0.015589711975618615,0.13076401443974026,1.1158648088261882,1,0.1908609522376717,0,6,0,1.1158648088261882,win,5
1h,15min,2026-09-27 23:15:00+00:00,long,84408.0,84115.1184,85159.03,84097.88,84158.74,0.07210217041038833,0.3469832243389173,2.564278534397572,2,0.019175555769831043,23,6,0,-1.0,loss,7
1h,15min,2026-09-29 00:45:00+00:00,short,83185.69,83680.647138,82563.0,83613.8,83800.0,0.22383657573796295,0.5950027438613515,1.258068531986713,15,0.8674104627471164,0,1,0,-1.0,loss,21
1h,15min,2026-09-29 19:30:00+00:00,short,83436.0,83716.6872,82900.0,83290.0,83688.0,0.4770123208207488,0.33641018265496947,1.909599012708807,6,0.4278356136861331,19,1,0,-1.0,loss,10
1h,15min,2026-09-29 22:00:00+00:00,long,83658.41,83367.268318,84563.99,83218.01,83398.5,0.21574639059002584,0.34801244967481604,3.1104443505962767,3,-0.14269468789965495,22,1,0,-1.0,loss,11
1h,15min,2026-09-30 00:00:00+00:00,short,83529.04,83865.705808,82900.0,83756.25,84025.26,0.32205565872658753,0.40305240907833395,1.8684404090123221,4,0.29012022482395183,0,2,0,-1.0,loss,41
1h,15min,2026-09-30 16:00:00+00:00,long,84361.98,83356.127604,85649.95,83339.91,83632.01,0.3462460222009859,1.1923053441846696,1.2804761465219978,6,0.7282206044048516,16,2,0,-1.0,loss,61
1h,15min,2026-09-30 21:30:00+00:00,short,83708.25,83835.57165,83058.0,83771.16,83792.98,0.02606672580061396,0.15210167456612467,5.107143993185841,2,0.07405187141467227,21,2,0,-1.0,loss,4
1h,15min,2026-10-01 12:45:00+00:00,short,83736.02,84114.757204,83186.0,83582.44,84105.76,0.6249640238454042,0.45229902734807553,1.452247083706143,15,0.04475137992866951,12,3,1,-1.0,loss,6
1h,15min,2026-10-03 19:00:00+00:00,short,84869.85,85054.60397000001,84519.31,84900.0,85018.0,0.1390364187046401,0.2176909350022478,1.897334059993397,27,-0.2174169926072642,19,5,0,-1.0,loss,45
1h,5min,2022-10-06 09:05:00+00:00,long,20162.37,20098.147526,20407.3,20098.99,20114.73,0.07806621939780871,0.31852641331350595,3.8137739757581848,8,-0.22735120608807685,9,3,1,-1.0,loss,10
1h,5min,2022-10-06 12:45:00+00:00,short,20214.71,20328.982942,20080.01,20304.9,20322.57,0.08741159284500373,0.5652959750597442,1.1787567349058117,3,-0.07421138172238852,12,3,1,1.1787567349058117,win,7
1h,5min,2022-10-06 16:55:00+00:00,short,20052.31,20124.010462,19874.81,20118.16,20159.0,0.20366730815551992,0.35756709326754404,2.475576796144037,19,0.5375463328542704,16,3,0,-1.0,loss,5
1h,5min,2022-10-08 00:05:00+00:00,long,19559.57,19503.908086,19645.0,19485.91,19526.06,0.20527036126050552,0.2845763684988998,1.5348016958238249,6,-0.7891661657510932,0,5,0,-1.0,loss,46
1h,5min,2022-10-08 06:45:00+00:00,short,19486.13,19527.357226,19415.6,19520.98,19539.74,0.09627360589302256,0.21157215927430978,1.7107626887145906,10,0.7553389007864146,6,5,0,-1.0,loss,2
1h,5min,2022-10-10 12:15:00+00:00,short,19317.04,19380.753408,19107.0,19343.7,19386.09,0.2194435586404512,0.32983007748598964,3.296637342017588,27,0.4680762362285694,12,0,1,-1.0,loss,3
1h,5min,2022-10-11 04:15:00+00:00,short,19040.73,19098.548146,18950.01,19068.5,19119.4,0.2673216835699128,0.3036550909550287,1.5690575757998002,14,0.9519118999750263,4,1,0,-1.0,loss,27
1h,5min,2022-10-11 20:50:00+00:00,short,19030.39,19064.946078,18918.01,19039.35,19103.4,0.33656693320527276,0.18158365645686417,3.2521051723519188,5,0.4540638900259054,20,1,0,-1.0,loss,37
1h,5min,2022-10-13 06:35:00+00:00,short,19070.25,19119.81405,19017.8,19113.89,19126.67,0.06701537735477425,0.25990246588272764,1.0582266784090448,40,0.2342108063080093,6,3,0,1.0582266784090448,win,6
1h,5min,2022-10-13 16:10:00+00:00,short,18932.01,19053.776402000003,18190.0,19038.9,19041.52,0.013838995436823568,0.6431773594034904,6.093717050126598,6,-0.16702788873175337,16,3,0,-1.0,loss,6
1h,5min,2022-10-14 05:40:00+00:00,long,19822.16,19716.035568,19951.87,19445.96,19768.0,1.6246463553921515,0.5353827837127767,1.2222444686441147,2,2.440322969608253,5,4,0,-1.0,loss,19
1h,5min,2022-10-14 11:30:00+00:00,short,19663.95,19752.47279,19530.0,19674.64,19778.2,0.5266490201612661,0.45017806697026325,1.5131696594741548,17,-0.9839673967661959,11,4,0,-1.0,loss,15
1h,5min,2022-10-14 16:35:00+00:00,long,19348.91,19216.860217999998,19854.48,19228.0,19311.36,0.4308253023038537,0.6824662577892081,3.8286318412853766,16,-0.7256324164982632,16,4,0,-1.0,loss,22
1h,5min,2022-10-15 09:10:00+00:00,long,19101.94,19033.569612,19196.0,19049.99,19065.89,0.08323761879682283,0.3579237920336854,1.3757417904371434,4,-0.8166665720606067,9,5,1,1.3757417904371434,win,39
1h,5min,2022-10-20 02:35:00+00:00,short,19051.02,19086.720204,18900.0,19054.62,19084.23,0.155424748911085,0.18739261204912214,4.230227928109252,6,0.7316481819425984,2,3,0,-1.0,loss,20
1h,5min,2022-10-20 09:05:00+00:00,long,19127.25,19089.12455,19210.0,19068.24,19116.82,0.253983191519942,0.1993253081336812,2.1704661846614526,37,-0.17028597424560238,9,3,1,2.1704661846614526,win,18
1h,5min,2022-10-21 18:10:00+00:00,short,19159.12,19232.831824,18650.0,19187.8,19247.77,0.31301020088605935,0.38473491475601074,6.906897324912032,26,-0.5486120314584779,18,4,0,-1.0,loss,18
1h,5min,2022-10-23 23:40:00+00:00,long,19582.76,19514.013448,19695.0,19522.95,19538.11,0.07741503240605438,0.35105650071796257,1.6326637007192257,3,1.3977449505123236,23,6,0,-1.0,loss,12
1h,5min,2022-10-24 02:10:00+00:00,long,19438.06,19362.112388,19695.0,19203.98,19399.65,1.006633378022302,0.39071600766743153,3.38312151276065,11,0.48278529950681215,2,0,0,-1.0,loss,12
1h,5min,2022-10-24 20:40:00+00:00,long,19349.12,19297.240176,19425.05,19299.9,19330.0,0.1555626302384736,0.2681249793272234,1.4635747415026084,7,0.08429812193225922,20,0,0,-1.0,loss,40
1h,5min,2022-10-25 20:35:00+00:00,long,20108.37,20002.978326,20415.87,19840.7,20078.23,1.1812494001254148,0.5241184342639339,2.9176877862287687,5,2.5364969293986466,20,1,0,-1.0,loss,24
1h,5min,2022-10-26 10:20:00+00:00,long,20616.83,20533.676634,20783.27,20382.56,20542.51,0.7758224712528409,0.40332760177002125,2.0016026771543336,2,2.6437784120696675,10,2,0,-1.0,loss,24
1h,5min,2022-10-26 17:50:00+00:00,long,20814.75,20665.08705,21020.0,20617.49,20785.37,0.8065434367455646,0.7190235289878655,1.3714149026195035,14,2.1198128189018917,17,2,0,-1.0,loss,13
1h,5min,2022-10-27 11:40:00+00:00,short,20558.84,20637.111768,20451.71,20622.37,20683.05,0.29515283936253356,0.38072074105347725,1.3686927322250189,5,0.3899126050189998,11,3,0,-1.0,loss,10
1h,5min,2022-10-28 09:45:00+00:00,short,20186.63,20237.367326000003,20026.0,20211.0,20254.0,0.21301227594700053,0.251341239226172,3.1659137889922304,5,0.913275397882119,9,4,1,-1.0,loss,7
1h,5min,2022-10-29 05:25:00+00:00,long,20723.36,20646.815328,20823.81,20642.24,20666.2,0.11561831672083642,0.3693641957674817,1.3123055775848218,12,0.8107451018134827,5,5,0,-1.0,loss,5
1h,5min,2022-10-29 14:20:00+00:00,short,20820.93,20943.844186000002,20650.21,20805.67,20875.36,0.33471127370392356,0.5903395573588778,1.3889365056690746,4,-0.7043011874992811,14,5,1,-1.0,loss,15
1h,5min,2022-10-29 18:40:00+00:00,long,20844.1,20753.09118,20982.86,20785.93,20794.0,0.03871599157555236,0.4366166924933152,1.5246873874422655,9,0.5444964712081062,18,5,0,-1.0,loss,44
1h,5min,2022-10-31 00:20:00+00:00,short,20632.39,20679.126478,20515.0,20638.69,20665.02,0.12761488126194662,0.2265199426726564,2.5117425408051113,4,0.3077887566708156,0,0,0,2.5117425408051113,win,15
1h,5min,2022-10-31 12:20:00+00:00,long,20724.57,20641.645086,20845.92,20549.0,20686.5,0.6634637051576945,0.40012851412598316,1.4633720331624296,3,0.4731027816750378,12,0,1,-1.0,loss,14
1h,5min,2022-10-31 16:05:00+00:00,short,20357.87,20470.061574000003,20237.95,20430.72,20645.79,1.0564464749995934,0.5510968190680264,1.068885975340661,3,1.12986076976754,16,0,0,-1.0,loss,2
1h,5min,2022-11-03 08:45:00+00:00,long,20295.05,20246.84099,20390.0,20222.33,20275.28,0.2609010571543164,0.23754073037513418,1.9695488457448793,4,-0.2110103571604131,8,3,1,-1.0,loss,29
1h,5min,2022-11-04 16:15:00+00:00,long,20839.5,20665.4021,21302.05,20655.19,20690.49,0.16938986060127598,0.8354226349000727,2.6568384799586755,2,1.3784995933187898,16,4,0,2.6568384799586755,win,101
1h,5min,2022-11-05 10:05:00+00:00,long,21306.14,21230.638772000002,21465.89,21202.04,21319.01,0.5489966741981304,0.3543637092406102,2.1158596254885498,22,0.9272675241978865,10,5,0,-1.0,loss,55
1h,5min,2022-11-06 09:45:00+00:00,short,21252.1,21314.25042,21143.27,21280.64,21290.8,0.04780704024543389,0.2924436643908214,1.7510742485729787,12,-0.058035647367705764,9,6,1,1.7510742485729787,win,145
1h,5min,2022-11-07 00:35:00+00:00,long,20923.34,20881.945332,21211.62,20825.59,20914.8,0.4263659626044366,0.1978396756923169,6.964181956961054,12,-1.2494959618679615,0,0,0,-1.0,loss,3
1h,5min,2022-11-07 09:35:00+00:00,short,20728.44,20761.955688000002,20571.52,20726.49,20776.87,0.24304771608474823,0.16168938907126218,4.681986537169804,7,1.311726038242237,9,0,1,-1.0,loss,8
1h,5min,2022-11-08 06:25:00+00:00,short,19701.87,19772.530374,19344.0,19735.34,20116.13,1.932760697334826,0.3586480572656442,5.0646491058763,2,4.179793345674391,6,1,0,-1.0,loss,1
1h,5min,2022-11-08 17:05:00+00:00,short,20191.07,20704.918214,19229.0,20685.0,20797.29,0.5561369456893611,2.544928099402367,1.8722844096525302,7,-0.6227044082839815,17,1,0,1.8722844096525302,win,12
1h,5min,2022-11-08 22:25:00+00:00,short,18582.28,18733.716456,17166.83,18723.42,19324.99,3.2373314792372274,0.8149508886961098,9.346824650994224,5,5.214144161607619,22,1,0,9.346824650994224,win,206
1h,5min,2022-11-09 11:35:00+00:00,short,17678.1,17887.53562,17250.33,17870.33,18041.17,0.966393447259584,1.1847179278316122,2.0424892384590376,3,5.271011358142565,11,2,0,-1.0,loss,5
1h,5min,2022-11-10 01:15:00+00:00,short,16256.01,16448.711202,15588.0,16262.31,16590.0,2.0158083072045385,1.1854151295428483,3.4665585531739747,13,6.1271786421059335,1,3,0,-1.0,loss,22
1h,5min,2022-11-10 02:55:00+00:00,long,16211.61,16041.427678,16445.46,16000.0,16080.0,0.49347350448228144,1.0497558354784045,1.374114521718641,11,-5.549008886022096,2,3,0,1.374114521718641,win,2
1h,5min,2022-11-10 22:35:00+00:00,long,17842.27,17673.961546,18199.0,17500.0,17766.91,1.495941940123089,0.943313008938895,2.119501376918332,6,3.4152190728178757,22,3,0,-1.0,loss,8
1h,5min,2022-11-10 23:10:00+00:00,short,17736.72,18202.547344,17120.94,18156.82,18202.59,0.25805222160580105,2.6263443522815804,1.3219060837270338,27,-2.680801239124003,23,3,0,1.3219060837270338,win,36
1h,5min,2022-11-11 06:20:00+00:00,short,17209.59,17433.771918000002,16888.76,17362.01,17404.87,0.24904718822470834,1.3026569372076966,1.4311145290495677,7,0.3241355996683427,6,4,0,-1.0,loss,11
1h,5min,2022-11-12 02:55:00+00:00,short,16890.49,17152.338098,16555.77,17050.0,17292.38,1.4350086942415585,1.550269400118046,1.2782983819878768,37,0.7469935570384613,2,5,0,-0.019362370926978192,timeout,288
1h,5min,2022-11-14 17:30:00+00:00,long,16578.95,16353.394209999999,17190.0,16009.99,16385.11,2.262628212281241,1.3604950253182628,2.7090858541028515,15,0.1350693021327704,17,0,0,-1.0,loss,27
1h,5min,2022-11-17 07:15:00+00:00,short,16553.48,16627.430696,16410.74,16610.82,16682.38,0.43229580728645167,0.44673806353709244,1.9302049570973367,16,0.4685416023371924,7,3,1,-1.0,loss,9
1h,5min,2022-11-18 05:15:00+00:00,long,16841.79,16770.121642000002,17011.0,16730.0,16854.37,0.7384606980611857,0.4255388411801773,2.3610140475103605,36,0.7419687497624642,5,4,0,-1.0,loss,11
1h,5min,2022-11-20 00:20:00+00:00,long,16713.6,16683.167279999998,16822.41,16687.25,16691.3,0.024231763354389677,0.18208357265939537,3.5754280261507616,4,0.3080107420476766,0,6,0,-1.0,loss,19
1h,5min,2022-11-20 03:10:00+00:00,long,16691.1,16663.72178,16822.41,16648.73,16678.12,0.176081863987391,0.1640288537004673,4.796148179100306,15,0.11813433179269917,3,6,0,-1.0,loss,66
1h,5min,2022-11-20 17:00:00+00:00,short,16567.76,16631.803552,16461.0,16585.22,16597.29,0.07285233489620631,0.3865552856874003,1.6669906128878313,37,0.36271328825267524,17,6,0,1.6669906128878313,win,40
1h,5min,2022-11-23 03:00:00+00:00,short,16495.41,16573.319082,16117.32,16538.85,16552.0,0.07971914611398842,0.4723076419440435,4.852964382252517,6,-2.4408360921077024,3,2,0,-1.0,loss,5
1h,5min,2022-11-23 06:25:00+00:00,long,16494.76,16440.701048,16593.8,16234.6,16462.2,1.37983214063133,0.32773409252392527,1.832073992111463,6,1.8182127151192846,6,2,0,1.832073992111463,win,13
1h,5min,2022-11-24 05:40:00+00:00,long,16687.68,16641.742464000003,16812.63,16627.06,16678.67,0.3092700722928349,0.27527814531437345,2.7199978684099895,15,0.9891427840162947,5,3,0,-1.0,loss,4
1h,5min,2022-11-25 06:40:00+00:00,short,16410.06,16448.272012,16342.81,16421.27,16470.0,0.2969519916441473,0.23285723513503273,1.7599177975763718,3,0.7109156433559718,6,4,0,-1.0,loss,11
1h,5min,2022-11-26 04:45:00+00:00,long,16631.03,16598.793793999997,16701.99,16591.03,16617.33,0.15813813095161822,0.19383168691296573,2.2012515989009276,19,0.5132223513346822,4,5,0,-1.0,loss,16
1h,5min,2022-11-26 10:00:00+00:00,short,16583.67,16603.316734,16530.0,16600.0,16619.2,0.11577654403398482,0.11847036271224491,2.7317517506977746,4,-0.1376250079062994,10,5,0,-1.0,loss,2
1h,5min,2022-11-27 00:35:00+00:00,short,16463.79,16507.202758,16385.0,16483.69,16495.61,0.07240131221305598,0.26368629580429886,1.8149042730711433,2,0.38345326654630746,0,6,0,-1.0,loss,14
1h,5min,2022-11-27 10:10:00+00:00,long,16533.16,16509.693368,16594.97,16510.37,16517.08,0.04058510290835367,0.14193676224024726,2.6339527547030266,12,-0.004292377819477725,10,6,0,2.6339527547030266,win,141
1h,5min,2022-11-28 07:10:00+00:00,short,16191.64,16250.218327999999,16051.9,16191.58,16417.0,1.3921999253935986,0.36178131430787497,2.385523874973023,42,1.24654666590266,7,0,1,-1.0,loss,16
1h,5min,2022-11-29 06:25:00+00:00,short,16451.01,16544.880202,16164.35,16487.04,16559.02,0.4375415248060731,0.5706044917606998,3.0537912339849047,19,-1.0008492573837382,6,1,0,-1.0,loss,29
1h,5min,2022-11-29 08:20:00+00:00,long,16458.11,16426.708378,16541.59,16305.0,16432.19,0.7728104867448248,0.1907972543627502,2.658461400496965,2,0.8841719231845543,8,1,1,2.658461400496965,win,6
1h,5min,2022-11-30 07:40:00+00:00,long,16889.48,16790.782103999998,17162.2,16526.91,16825.16,1.7658921411434811,0.5843749837176839,2.7631794704113757,35,1.5688617185955485,7,2,1,-1.0,loss,63
1h,5min,2022-12-01 16:30:00+00:00,long,16967.3,16891.62654,17324.0,16876.52,16917.3,0.24034466296935186,0.4459958862046299,4.713673723918656,12,-0.39949604254717874,16,3,0,-1.0,loss,54
1h,5min,2022-12-02 06:30:00+00:00,short,16932.07,16956.936414,16857.89,16942.22,16951.46,0.05457100047423595,0.14685985824533018,2.9831402308350556,16,0.21655022495240375,6,4,0,-1.0,loss,14
1h,5min,2022-12-03 10:30:00+00:00,short,16966.51,16990.393302,16918.0,16984.33,17011.0,0.15719202122297546,0.14076732339179954,2.0311261817982427,9,0.1321530902208179,10,5,0,2.0311261817982427,win,7
1h,5min,2022-12-04 07:20:00+00:00,long,17012.15,16989.59757,17068.0,16979.28,17000.11,0.12244190181724086,0.132566606807486,2.476451539811861,5,0.24032986617370877,7,6,1,-1.0,loss,3
1h,5min,2022-12-04 12:15:00+00:00,long,16954.63,16901.619074,17050.0,16917.01,16935.0,0.10610670949470202,0.31266341996258634,1.799063083712105,9,-0.14042119280255533,12,6,1,1.799063083712105,win,34
1h,5min,2022-12-04 17:45:00+00:00,long,17013.04,16968.957392,17100.0,16959.0,17006.99,0.2820777474219869,0.25911070567047756,1.972660056773363,11,0.17509038138217722,17,6,0,1.972660056773363,win,3
1h,5min,2022-12-05 07:15:00+00:00,long,17306.05,17280.728789999997,17424.25,17277.96,17303.02,0.14480485148258157,0.14631420803708461,4.668023368551184,13,0.9879390967701243,7,0,1,-1.0,loss,58
1h,5min,2022-12-05 22:45:00+00:00,short,16949.86,16982.399972,16867.0,16951.4,17035.99,0.49906016922853724,0.19197782164571664,2.5464066164532646,20,0.92434757753897,22,0,0,-1.0,loss,10
1h,5min,2022-12-06 04:20:00+00:00,long,17007.19,16962.938562,17102.97,16989.59,17025.46,0.21091079713932157,0.2601925303356953,2.164449435518998,28,-0.39254238102131206,4,1,0,-1.0,loss,15
1h,5min,2022-12-07 01:45:00+00:00,long,17067.61,17015.526478,17142.21,16997.99,17046.43,0.28381243771095477,0.30516001947549076,1.4323148115827762,6,0.3114688798015283,1,2,0,-1.0,loss,34
1h,5min,2022-12-07 09:10:00+00:00,short,16797.66,16822.319531999998,16678.83,16816.0,16932.84,0.695573073868623,0.1468033761845272,4.81882624536461,1,1.0739448594844074,9,2,1,-1.0,loss,2
1h,5min,2022-12-08 22:00:00+00:00,long,17193.68,17151.501264,17299.0,16977.36,17187.0,1.2192852257341036,0.24531534843036315,2.4969927975080988,15,1.3969414046691366,22,3,0,2.4969927975080988,win,42
1h,5min,2022-12-11 02:15:00+00:00,short,17148.65,17174.02973,17092.0,17159.82,17166.73,0.040294717076853594,0.14799841386929538,2.232096243734993,5,0.03893093294834461,2,6,0,-1.0,loss,16
1h,5min,2022-12-12 11:10:00+00:00,short,16980.67,17011.796134,16903.49,16979.11,17071.0,0.5411447251492398,0.18330333255402712,2.4795883741935927,9,0.26366305202682544,11,0,0,-1.0,loss,37
1h,5min,2022-12-13 04:05:00+00:00,long,17156.8,17115.58864,17241.89,17124.99,17141.44,0.09588035064812254,0.24020423388975515,2.0647219601586864,33,0.42724088875692334,4,1,0,-1.0,loss,35
1h,5min,2022-12-13 07:25:00+00:00,long,17138.21,17076.712358,17208.47,17046.43,17118.0,0.417604872387488,0.3588335187863753,1.1424828288538902,5,0.202602232796288,7,1,1,1.1424828288538902,win,23
1h,5min,2022-12-13 17:00:00+00:00,long,17779.97,17718.534006,18000.0,17500.0,17832.16,1.8681696313323355,0.3455348574828837,3.5814509650482855,21,2.351567985612166,17,1,0,-1.0,loss,3
1h,5min,2022-12-15 04:05:00+00:00,short,17714.12,17758.512824,17561.0,17726.35,17783.03,0.3199707352101052,0.25060699600094327,3.4492061149340505,12,0.5629510518349401,4,3,0,3.4492061149340505,win,109
1h,5min,2022-12-15 18:10:00+00:00,long,17414.96,17338.287008,17692.87,17187.18,17357.74,0.9793878366645765,0.4402708475931027,3.6246139970643196,16,-1.3287424951401419,18,3,0,-1.0,loss,7
1h,5min,2022-12-16 11:50:00+00:00,short,17018.72,17047.853744,16918.97,17039.8,17180.01,0.8238574933955028,0.17118645820601572,3.423864780304377,5,2.124438644741299,11,4,0,3.423864780304377,win,29
1h,5min,2022-12-18 11:45:00+00:00,short,16713.99,16729.162798,16663.07,16717.37,16737.48,0.12031836802583093,0.0907790300221527,3.3560059258683355,7,0.14483593950074747,11,6,0,-1.0,loss,12
1h,5min,2022-12-19 04:55:00+00:00,short,16713.66,16739.322732,16627.35,16732.15,16750.27,0.10841431499742714,0.15354346085776957,3.3632428534888255,7,0.13747095875021645,4,0,0,-1.0,loss,23
1h,5min,2022-12-20 01:10:00+00:00,short,16456.28,16488.991256,16256.3,16459.18,16584.94,0.7642067344503035,0.19877673447463415,6.113491942956435,10,1.0256189984480588,1,1,0,-1.0,loss,2
1h,5min,2022-12-22 06:10:00+00:00,long,16823.36,16793.905328,16859.54,16794.18,16809.78,0.09272820649381898,0.17508198124512492,1.2283280560720717,1,0.003965507148845349,6,3,0,-1.0,loss,4
1h,5min,2022-12-22 16:20:00+00:00,long,16655.53,16607.588893999997,16846.08,16607.94,16673.69,0.3947637811585702,0.2878389699997661,3.9746684192057398,22,-0.8485841732154841,16,3,0,-1.0,loss,13
1h,5min,2022-12-23 01:40:00+00:00,long,16801.26,16766.639748,16847.49,16664.65,16771.09,0.63352391427785,0.20605747426084103,1.3353455659423632,11,0.19666635527273024,1,4,0,1.3353455659423632,win,15
1h,5min,2022-12-23 04:40:00+00:00,long,16828.26,16805.174348,16893.9,16807.87,16822.92,0.08943289442877204,0.1371838324342382,2.8433245030293675,6,0.2839626952512397,4,4,0,-1.0,loss,106
1h,5min,2022-12-24 02:30:00+00:00,short,16815.42,16834.363084,16765.67,16825.0,16830.01,0.029794081860568457,0.11265305297163124,2.6262883065922122,8,-0.00037631082482400704,2,5,0,-1.0,loss,8
1h,5min,2022-12-26 16:05:00+00:00,long,16816.8,16787.63664,16873.15,16795.25,16804.45,0.05470719756434475,0.17341801056085965,1.9322190584351322,9,-0.13506012372483855,16,0,0,1.9322190584351322,win,90
1h,5min,2022-12-27 15:35:00+00:00,short,16812.03,16842.852406,16733.21,16839.0,16850.55,0.06870080531618891,0.18333542112405793,2.557230606851138,3,0.20159448275168848,15,1,0,2.557230606851138,win,25
1h,5min,2022-12-27 21:10:00+00:00,short,16656.32,16700.851264,16592.37,16683.67,16757.75,0.4447561045897398,0.267353557088247,1.4360697239584115,18,0.8136529323882894,21,1,0,-1.0,loss,9
1h,5min,2022-12-30 10:10:00+00:00,short,16509.62,16534.401923999998,16429.0,16510.09,16534.52,0.14797433254066594,0.1501059624630911,3.253177598317318,13,0.4265319819123325,10,4,0,3.253177598317318,win,55
1h,5min,2022-12-30 17:05:00+00:00,short,16532.8,16584.00656,16333.0,16574.66,16590.86,0.09798703183974117,0.30972708797059395,3.901843826259567,16,0.07330062262884347,17,4,0,-1.0,loss,47
1h,5min,2022-12-31 00:20:00+00:00,long,16598.2,16564.68036,16677.35,16571.51,16577.57,0.03650998301021381,0.20194744008387808,2.361302209689379,16,0.24676396576074747,0,5,0,-1.0,loss,12
1h,5min,2023-01-02 05:35:00+00:00,long,16643.06,16616.111387999998,16707.25,16595.92,16629.29,0.20050399385691461,0.16192101692840002,2.381940858400785,6,0.34925170841526143,5,0,0,2.381940858400785,win,20
1h,5min,2023-01-02 14:15:00+00:00,long,16708.83,16681.658234,16772.01,16663.27,16707.52,0.2648300329825607,0.16261920194294344,2.3252077174516153,32,0.34152005786699907,14,0,1,-1.0,loss,4
1h,5min,2023-01-03 07:45:00+00:00,long,16726.3,16704.22474,16778.4,16699.63,16722.31,0.1355948416565546,0.13197933792887726,2.3601081029173554,9,0.1909340198629245,7,1,1,-1.0,loss,11
1h,5min,2023-01-04 05:55:00+00:00,long,16857.57,16836.988486000002,16910.98,16754.52,16849.44,0.5630704781293998,0.12209063346613834,2.595047186519215,10,0.8163380827200568,5,2,0,2.595047186519215,win,29
1h,5min,2023-01-04 22:55:00+00:00,short,16826.68,16857.075335999998,16777.0,16852.23,16872.07,0.11790798897940737,0.1806377490984423,1.6344612870870694,3,-0.06320822445575332,22,2,0,-1.0,loss,7
1h,5min,2023-01-10 09:30:00+00:00,short,17254.98,17281.320996,17187.73,17246.26,17293.34,0.2728487659794549,0.15265735457241328,2.553054561794192,14,-0.2608481029325237,9,1,1,-1.0,loss,24
1h,5min,2023-01-10 13:05:00+00:00,long,17237.9,17214.99242,17277.87,17211.0,17242.12,0.1805324314446596,0.1328907813596945,1.7448372983961062,36,0.10057880286226575,13,1,1,-1.0,loss,6
1h,5min,2023-01-11 00:25:00+00:00,short,17433.92,17459.846784,17403.73,17444.97,17448.75,0.021681870743922402,0.14871459774969115,1.164432889169565,2,-0.626138244209268,0,2,0,-1.0,loss,3
1h,5min,2023-01-11 03:25:00+00:00,long,17410.69,17363.097862000002,17510.0,17339.29,17398.28,0.3388148315775995,0.27335009698062707,2.086689192236099,6,0.351575886746139,3,2,0,-1.0,loss,146
1h,5min,2023-01-11 05:00:00+00:00,short,17400.85,17428.900169999997,17366.58,17425.2,17436.03,0.062238338931707986,0.16119999885062292,1.2217394760886828,10,-0.2516793565574781,5,2,0,-1.0,loss,8
1h,5min,2023-01-12 06:45:00+00:00,long,18155.88,18071.558824,18385.71,18000.0,18140.58,0.774294608688765,0.4644290224434249,2.7256498415059416,12,2.1219084208845054,6,3,0,-1.0,loss,17
1h,5min,2023-01-12 07:35:00+00:00,short,18151.73,18181.600346000003,18075.19,18164.19,18197.46,0.18328831466752998,0.16455922383157603,2.562407546266532,5,-1.9565741756670727,7,3,1,2.562407546266532,win,7
1h,5min,2023-01-12 15:10:00+00:00,long,18103.28,17888.429344,18337.03,17597.0,17907.25,1.713777834734921,1.1868051314457861,1.0879650281356432,20,0.7371344081967436,15,3,0,1.0879650281356432,win,29
1h,5min,2023-01-14 10:45:00+00:00,long,20455.94,20220.968812000003,21022.39,19942.2,20691.13,3.6611859440338614,1.1486697164735324,2.4107210965797674,18,1.649710769379969,10,5,0,2.4107210965797674,win,45
1h,5min,2023-01-14 15:55:00+00:00,long,20786.74,20563.962652,21200.0,20526.88,20575.06,0.23178237664973098,1.0717281690154552,1.8550359976454713,15,2.0661235213914715,15,5,0,-1.0,loss,137
1h,5min,2023-01-16 04:10:00+00:00,long,21106.75,21023.79865,21439.59,20999.25,21118.94,0.5670697762564046,0.3930086346784766,4.012472370853551,13,1.0929174019440944,4,0,0,-1.0,loss,47
1h,5min,2023-01-16 10:25:00+00:00,short,20845.0,20904.169,20666.0,20840.0,21066.23,1.0852962341088968,0.28385224274407145,3.0252328077201724,5,0.3637114019786901,10,0,0,3.0252328077201724,win,57
1h,5min,2023-01-16 23:15:00+00:00,long,21189.19,21043.922162,21474.05,21050.0,21053.55,0.016753825889518535,0.6855752296335998,1.9609295761667567,22,0.7964801623372816,23,0,0,-1.0,loss,23
1h,5min,2023-01-18 19:00:00+00:00,short,20903.01,21140.980602,20407.15,21042.73,21314.12,1.298329762077325,1.1384513617895282,2.0837027592172683,22,1.280668854933783,19,2,0,-0.2549054357563021,timeout,288
1h,5min,2023-01-19 05:25:00+00:00,short,20821.0,20878.9742,20659.19,20841.18,20881.19,0.1921617597617713,0.2784409970702683,2.7910691307512607,11,0.5782393581771681,5,3,0,-1.0,loss,111
1h,5min,2023-01-21 11:20:00+00:00,long,22779.77,22590.674046,23335.77,22670.0,22685.48,0.0679550320306112,0.8301047552279955,2.9403061685814755,10,2.476987520521016,11,5,0,2.9403061685814755,win,78
1h,5min,2023-01-21 11:20:00+00:00,long,22779.77,22590.674046,23335.77,22622.99,22626.62,0.01593519161957026,0.8301047552279955,2.9403061685814755,10,2.476987520521016,11,5,0,2.9403061685814755,win,78
1h,5min,2023-01-22 00:40:00+00:00,short,22864.7,22984.45294,22680.73,22964.6,23009.11,0.19466688826007794,0.5237459489956067,1.5362462082350836,3,-0.3507965283729455,0,6,0,1.5362462082350836,win,24
1h,5min,2023-01-22 08:30:00+00:00,long,22875.5,22804.984900000003,22967.33,22774.18,22832.56,0.2552075364472952,0.3082559944044803,1.3022742646611265,4,0.2784869281111084,8,6,1,-1.0,loss,33
1h,5min,2023-01-22 23:45:00+00:00,short,22701.79,22778.430357999998,22292.37,22736.0,22818.84,0.36490514624617765,0.33759610145277935,5.342094043976391,9,0.2926806731092916,23,6,0,-1.0,loss,8
1h,5min,2023-01-24 03:30:00+00:00,long,23033.36,22997.703328,23144.76,23009.79,23036.27,0.11496368745159005,0.1548044749007569,3.12423997393797,6,0.577271292143538,3,1,0,3.12423997393797,win,26
1h,5min,2023-01-24 13:15:00+00:00,short,22976.62,23039.905324000003,22770.0,22942.7,23033.8,0.396489997223258,0.275433566817069,3.26489598125445,10,-0.10145437014270477,13,1,1,3.26489598125445,win,15
1h,5min,2023-01-26 02:10:00+00:00,long,23227.35,22812.01453,23816.73,22765.3,22832.38,0.28879747366790337,1.7881311040648125,1.4190456692754982,39,1.5433583258788253,2,3,0,-1.0,loss,281
1h,5min,2023-01-27 03:55:00+00:00,short,22772.62,22847.844524,22534.88,22815.4,22897.02,0.3584128659767694,0.3303288071376992,3.1604055081823375,10,0.8438691141450843,3,4,0,-1.0,loss,5
1h,5min,2023-01-27 07:25:00+00:00,long,22990.33,22929.751934,23100.0,22858.22,22970.0,0.48620441724846414,0.2634936775592253,1.8103912396278035,4,0.16092956416408,7,4,1,-1.0,loss,10
1h,5min,2023-01-29 03:30:00+00:00,long,23154.57,23046.799086,23492.0,23031.9,23112.14,0.3465406613035697,0.4654412239138996,3.1309932102830484,17,0.4481171763964962,3,6,0,3.1309932102830484,win,82
1h,5min,2023-01-29 12:40:00+00:00,long,23427.51,23265.344498,23605.74,23224.55,23295.06,0.30097095252547984,0.6922011857000588,1.0990623640779245,19,1.0761111854946512,12,6,1,1.0990623640779245,win,6
1h,5min,2023-01-31 00:10:00+00:00,short,22781.59,22860.026318,22500.0,22810.0,23067.34,1.129596310002946,0.34429694327744476,3.590046131436206,7,1.5633554236001788,0,1,0,-1.0,loss,8
1h,5min,2023-02-01 01:50:00+00:00,short,23123.67,23324.624734,22812.69,23305.73,23507.0,0.8704068169109853,0.8690434260651646,1.5475126851203986,36,-0.34110205110144487,1,2,0,1.5475126851203986,win,212
1h,5min,2023-02-01 20:45:00+00:00,short,23546.97,23654.709394,22760.23,23552.65,23599.15,0.197477637250143,0.45755098851359716,7.302250094334115,4,-1.9631032677541682,20,2,0,-1.0,loss,4
1h,5min,2023-02-02 04:15:00+00:00,long,23881.27,23825.243746,24255.0,23786.38,23946.59,0.6708604693133955,0.23460332720998647,6.67062266915074,27,1.8473757377254565,4,3,0,-1.0,loss,20
1h,5min,2023-02-03 16:55:00+00:00,short,23519.21,23720.403842,23227.16,23618.98,23748.55,0.5509113613935149,0.8554447279479226,1.4515851832085318,20,0.12304791085272011,16,4,0,1.4515851832085318,win,37
1h,5min,2023-02-04 00:50:00+00:00,short,23417.35,23476.68347,23204.62,23439.16,23501.2,0.26493177067431145,0.2533739727168164,3.585328820309929,25,0.28940123195564,0,5,0,-1.0,loss,146
1h,5min,2023-02-04 15:50:00+00:00,long,23426.47,23382.984706,23587.78,23376.27,23408.19,0.1362561239486711,0.1856246118173241,3.70952993901779,17,0.06730848033315734,15,5,0,-1.0,loss,6
1h,5min,2023-02-05 06:20:00+00:00,short,23353.14,23394.670628,23230.0,23371.99,23391.26,0.08251567026959458,0.17783744712702632,2.9650406442204083,18,0.12079816896764857,6,6,0,-1.0,loss,3
1h,5min,2023-02-06 04:15:00+00:00,short,22909.01,22932.781802,22823.0,22924.85,22964.16,0.17159187586020222,0.10376616885672028,3.6181522965733848,1,0.7681815479638878,4,0,0,3.6181522965733848,win,13
1h,5min,2023-02-06 10:10:00+00:00,long,22854.22,22811.049155999997,22939.99,22803.6,22833.65,0.131485563716473,0.18889659765244166,1.9867575440497012,11,-0.5799958975217573,10,0,0,-1.0,loss,5
1h,5min,2023-02-07 11:25:00+00:00,long,23002.14,22966.809572,23064.56,22921.27,22971.84,0.21984910969153176,0.15359626539096416,1.7667490470254115,2,0.33358434037136186,11,1,0,-1.0,loss,2
1h,5min,2023-02-07 18:05:00+00:00,short,23160.1,23354.88202,22870.23,23218.28,23345.0,0.5471478965980335,0.8410240888424592,1.4881763727473174,4,-0.8965167981468122,18,1,0,1.4881763727473174,win,4
1h,5min,2023-02-07 22:15:00+00:00,long,23200.91,23136.919818000002,23350.25,23138.86,23176.8,0.1635280685111002,0.27580893163241327,2.333795518818894,3,0.8603937091200384,22,1,0,2.333795518818894,win,31
1h,5min,2023-02-08 07:30:00+00:00,short,23218.95,23243.97379,23183.17,23236.9,23239.62,0.01171456934959387,0.10777313358269552,1.4298393648605388,1,-0.35727232375779283,7,2,1,1.4298393648605388,win,12
1h,5min,2023-02-09 08:30:00+00:00,short,22712.04,22774.542408,22353.71,22611.56,22801.15,0.8347554865172839,0.275195041924901,5.733059116698353,33,0.6494384998754027,8,3,1,-1.0,loss,51
1h,5min,2023-02-10 14:40:00+00:00,short,21817.57,21894.363514,21682.44,21855.47,21861.45,0.02740910193023129,0.35198014260983634,1.7596538165970566,1,0.8765330266956669,14,4,1,-1.0,loss,6
1h,5min,2023-02-11 01:25:00+00:00,short,21665.95,21705.10319,21451.0,21639.84,21714.29,0.34362675073098903,0.18071300819950614,5.489974124713612,20,0.6341734486013598,1,5,0,-1.0,loss,21
1h,5min,2023-02-12 02:25:00+00:00,long,21796.35,21761.64073,21906.32,21717.14,21778.84,0.2830749185070011,0.1592434971910406,3.168317858600977,4,0.21956604854519654,2,6,0,-1.0,loss,26
1h,5min,2023-02-12 19:15:00+00:00,short,21935.39,22094.387078,21756.04,22084.46,22464.28,1.7315397629128075,0.7248427221945921,1.1280081511938111,32,-0.3634263195939522,19,6,0,1.1280081511938111,win,31
1h,5min,2023-02-12 23:45:00+00:00,short,21760.9,21839.45218,21630.0,21829.88,21947.4,0.5400511927355965,0.36097854408594665,1.6664082397204445,9,0.4442667973929513,23,6,0,-1.0,loss,12
1h,5min,2023-02-13 08:30:00+00:00,long,21797.91,21758.640418,21869.51,21765.17,21795.23,0.13790312924496573,0.1801529687938009,1.8232941720641964,17,-0.14565121345198265,8,0,1,-1.0,loss,1
1h,5min,2023-02-13 13:45:00+00:00,short,21604.3,21705.66086,21433.0,21650.0,21701.95,0.24046138963077132,0.4691698411890257,1.6900014463176232,19,0.7030495277469628,13,0,1,1.6900014463176232,win,34
1h,5min,2023-02-14 01:35:00+00:00,long,21717.08,21673.126584,21845.79,21679.36,21729.74,0.2319833053062429,0.202391002842004,2.92832757299224,7,0.1375033537123886,1,1,0,-1.0,loss,84
1h,5min,2023-02-14 11:25:00+00:00,long,21810.02,21770.087996000002,21875.42,21772.86,21781.39,0.039110463906034176,0.18309017598332517,1.6377840691391399,3,0.41777498901964727,11,1,0,1.6377840691391399,win,17
1h,5min,2023-02-15 15:00:00+00:00,long,22730.0,22615.454,22916.98,22500.0,22666.0,0.730312362516498,0.503941926968757,1.6323573062350678,9,2.216686566309437,15,2,0,1.6323573062350678,win,14
1h,5min,2023-02-17 00:30:00+00:00,long,23745.98,23334.620804,25040.32,23353.87,24009.7,2.761856954313959,1.7323319399746875,3.146495842528816,22,-2.362126766369334,0,4,0,2.3850445293071743,timeout,288
1h,5min,2023-02-17 02:50:00+00:00,short,23781.48,23884.756296,23339.37,23778.22,23966.2,0.7904470201181741,0.43427194606895786,4.280846787921215,11,1.8125162844532385,2,4,0,-1.0,loss,7
1h,5min,2023-02-19 11:40:00+00:00,short,24653.05,24711.70061,24560.47,24666.57,24706.39,0.16152159671926886,0.2379040727212276,1.578500206562168,12,-0.10931507366231154,11,6,0,-1.0,loss,19
1h,5min,2023-02-19 19:20:00+00:00,short,24514.32,24574.762864,24277.53,24531.91,24660.0,0.5225109242271462,0.24656145469260643,3.9175840509476636,3,0.5592909728497344,19,6,0,3.9175840509476636,win,11
1h,5min,2023-02-20 09:20:00+00:00,long,24467.6,24368.43648,24570.04,24385.0,24402.87,0.07303536104889316,0.40528502999884847,1.0330411828866517,1,-0.11193732072236062,9,0,1,1.0330411828866517,win,4
1h,5min,2023-02-21 17:45:00+00:00,long,24511.39,24274.447721999997,24790.0,24298.0,24316.4,0.07506714225509632,0.9666619396125731,1.1758560032076586,18,-0.8035589506016955,17,1,0,-1.0,loss,42
1h,5min,2023-02-22 03:30:00+00:00,short,24163.65,24275.71273,23855.55,24192.32,24264.27,0.29776130675622564,0.46376573903362206,2.749352973999546,6,1.4549269695076517,3,2,0,2.749352973999546,win,140
1h,5min,2023-02-22 18:50:00+00:00,short,23736.78,23839.067356,23574.69,23766.68,23916.32,0.6304140662718339,0.43092346982194185,1.5846533368210143,15,1.5540335092552828,18,2,0,-1.0,loss,2
1h,5min,2023-02-23 06:40:00+00:00,long,24363.0,24306.4774,24599.59,24208.16,24433.83,0.9262816566104417,0.23200180601732232,4.185759324588734,29,0.7392546626535664,6,3,0,-1.0,loss,39
1h,5min,2023-02-24 20:10:00+00:00,short,23186.85,23297.20737,22841.19,23197.26,23322.01,0.5380204728110978,0.4759480912672551,3.132187727924243,2,2.0331902787352547,20,4,0,-1.0,loss,2
1h,5min,2023-02-25 13:45:00+00:00,short,23022.54,23090.604508,22858.35,23066.59,23096.99,0.1320445094242488,0.29564291342310395,2.412270430280692,2,0.7907319284957309,13,5,1,2.412270430280692,win,84
1h,5min,2023-02-26 01:50:00+00:00,long,23116.39,23063.886722,23185.99,22961.95,23094.8,0.5747004614474774,0.2271257666097524,1.3256315158074892,20,0.082247799826186,1,6,0,-1.0,loss,4
1h,5min,2023-02-26 19:55:00+00:00,short,23499.33,23549.629866,23137.0,23353.1,23685.27,1.4135296623350617,0.21404808562626065,7.203398911639631,15,-1.2444575661284667,19,6,0,-1.0,loss,6
1h,5min,2023-02-26 22:05:00+00:00,long,23583.38,23536.333324,23689.99,23544.93,23550.75,0.024678396396104835,0.19949081090158302,2.266047446157442,1,1.3285724468201123,22,6,0,-1.0,loss,2
1h,5min,2023-02-26 22:40:00+00:00,long,23431.99,23318.733601999997,23689.99,23244.6,23366.87,0.5218080069170413,0.48334092836334,2.278016999975477,3,0.6595609115620961,22,6,0,2.278016999975477,win,179
1h,5min,2023-02-28 01:10:00+00:00,long,23456.99,23389.368602000002,23582.98,23397.34,23448.2,0.21682236297155166,0.28827824030278104,1.8631676322337973,7,0.18048688995980924,1,1,0,-1.0,loss,6
1h,5min,2023-02-28 01:50:00+00:00,long,23449.09,23344.880182,23582.98,23329.83,23361.07,0.13322478612175553,0.4444087936887929,1.284811763129653,2,0.1470739290971001,1,1,0,-1.0,loss,68
1h,5min,2023-02-28 10:20:00+00:00,short,23272.76,23326.414552,23200.0,23302.94,23362.25,0.25484729787099303,0.23054657891887326,1.3560825184040013,15,0.49251465324809907,10,1,0,-1.0,loss,4
1h,5min,2023-03-01 13:45:00+00:00,long,23691.55,23611.71169,23820.51,23498.0,23631.97,0.5654758764200788,0.3369906570063976,1.6152646517693128,3,0.60221485729163,13,2,1,-1.0,loss,10
1h,5min,2023-03-01 20:05:00+00:00,long,23442.95,23295.31141,23746.24,23336.46,23425.44,0.3795597397085246,0.6297782062411185,2.05427320865091,3,-0.6484633736600006,20,2,0,2.05427320865091,win,51
1h,5min,2023-03-01 21:10:00+00:00,long,23408.16,23295.318368,23746.24,23296.94,23305.97,0.03857629134456734,0.48206109322560875,2.996057341673353,14,-0.7322651226523306,21,2,0,2.996057341673353,win,38
1h,5min,2023-03-01 22:20:00+00:00,short,23460.47,23598.012094,23300.0,23471.62,23646.73,0.7464044837976416,0.5862716902091064,1.1666973748414848,11,0.48333037481099556,22,2,0,-1.0,loss,14
1h,5min,2023-03-02 05:05:00+00:00,short,23525.71,23551.525142,23423.17,23543.63,23595.11,0.2188244265529056,0.10973161702664647,3.9720873896414353,2,0.14505674770503144,5,3,0,3.9720873896414353,win,9
1h,5min,2023-03-02 14:20:00+00:00,long,23295.15,23191.240970000003,23434.26,23219.99,23234.2,0.06099982185132582,0.44605435036906343,1.3387671889536301,2,-0.7479866863879227,14,3,1,1.3387671889536301,win,52
1h,5min,2023-03-02 21:45:00+00:00,long,23438.5,23381.7523,23567.52,23319.36,23388.76,0.2960940333212357,0.24211318983723318,2.273572320992757,3,0.044090081660284386,21,3,0,-1.0,loss,42
1h,5min,2023-03-05 00:20:00+00:00,short,22316.61,22363.463322,22157.08,22352.48,22355.37,0.012949995541434913,0.2099482044987972,3.4048813016930186,24,0.10632863402402257,0,6,0,-1.0,loss,7
1h,5min,2023-03-05 03:00:00+00:00,long,22403.35,22184.73933,22662.09,22251.61,22290.78,0.17483992349357688,0.9757945575103644,1.1835652852626257,5,0.17308089049402825,3,6,0,0.04071164504459699,timeout,288
1h,5min,2023-03-06 23:35:00+00:00,short,22406.5,22454.4813,22320.01,22416.41,22465.0,0.2168567156851813,0.21414009327650219,1.8025772540552791,25,0.078419416117757,23,0,0,-1.0,loss,19
1h,5min,2023-03-08 02:00:00+00:00,long,22197.82,22132.400436,22287.0,22122.22,22190.32,0.30678688267585985,0.29471166087480577,1.363200769726936,4,-0.3342802623646997,2,2,0,-1.0,loss,15
1h,5min,2023-03-09 15:25:00+00:00,long,21726.88,21668.254623999997,21834.99,21674.98,21686.72,0.054034449492985644,0.26982878351610357,1.8440819893418499,2,-0.2925474256330612,15,3,0,-1.0,loss,6
1h,5min,2023-03-09 22:15:00+00:00,short,20307.86,20499.021571999998,20042.72,20416.04,20766.2,1.7242584890776274,0.9413181497213258,1.3869942438012763,1,5.498790109964256,22,3,0,1.3869942438012763,win,25
1h,5min,2023-03-10 14:05:00+00:00,short,20010.43,20325.192086,19549.09,20159.5,20274.62,0.5752999810598722,1.5729901156546802,1.465678429898326,7,1.6618843882965226,14,4,1,-1.0,loss,133
1h,5min,2023-03-10 14:25:00+00:00,long,20030.72,19853.883856,20321.19,19802.24,19884.75,0.41191729503481844,0.8828247012588701,1.642594061539796,2,-1.5061581727949849,14,4,1,-1.0,loss,3
1h,5min,2023-03-11 19:25:00+00:00,long,20222.99,20140.965401999998,20331.44,20104.61,20197.64,0.46002099590613865,0.4056007444992239,1.3221643585500087,3,0.30705645641295043,19,5,0,1.3221643585500087,win,13
1h,5min,2023-03-12 19:15:00+00:00,short,20937.81,21335.937562,20284.39,21020.64,21400.0,1.8118418306403608,1.9014766205252498,1.6412327664970994,8,-2.4300795241363073,19,6,0,-1.0,loss,20
1h,5min,2023-03-13 06:40:00+00:00,long,22345.71,22240.530858,22506.0,22282.4,22285.3,0.012977882555523262,0.4706905352302561,1.523971359264364,2,4.234766407917422,6,0,0,1.523971359264364,win,17
1h,5min,2023-03-14 19:55:00+00:00,long,25054.15,24207.479170000002,26001.81,24287.27,24443.1,0.6219728069002464,3.379363618402537,1.1192779607158556,8,1.5228572613785034,19,1,0,-1.0,loss,14
1h,5min,2023-03-14 20:30:00+00:00,short,24793.48,25172.858696000003,24212.49,25160.0,25601.4,1.7803067580670462,1.530155089160551,1.5314249485426898,6,-0.4427762722925351,20,1,0,1.5314249485426898,win,7
1h,5min,2023-03-17 12:45:00+00:00,long,26615.93,26346.026813999997,26970.0,26344.16,26574.53,0.865534287173129,1.0140663354615194,1.3118407575966722,4,3.811914851057337,12,4,1,-1.0,loss,22
1h,5min,2023-03-18 07:20:00+00:00,long,27472.72,27402.275456,27612.31,27403.79,27443.04,0.1428689987740566,0.2564163431942733,1.9815587137592463,2,2.3726000209992004,7,5,1,-1.0,loss,2
1h,5min,2023-03-19 11:00:00+00:00,short,26977.83,27113.395566,26827.22,27089.71,27117.58,0.1033070487878477,0.5025073032189672,1.1109753342526771,26,0.42321965732094197,11,6,0,-1.0,loss,9
1h,5min,2023-03-19 14:00:00+00:00,long,27212.94,27104.677411999997,27388.54,27108.0,27135.67,0.10167956861698241,0.3978349564582196,1.6219822862538618,10,0.3741052916663332,14,6,1,1.6219822862538618,win,12
1h,5min,2023-03-20 17:05:00+00:00,long,27655.15,27455.81897,28258.58,27540.89,27626.64,0.31006882985628353,0.720773635290357,3.0272757834041024,14,-0.5662573416696115,17,0,0,-1.0,loss,168
1h,5min,2023-03-20 17:05:00+00:00,long,27655.15,27455.81897,28258.58,27464.97,27465.42,0.001627183363666766,0.720773635290357,3.0272757834041024,9,-0.5662573416696115,17,0,0,-1.0,loss,168
1h,5min,2023-03-20 17:50:00+00:00,short,27683.83,27805.536766,27461.35,27787.74,27816.66,0.10446531422855239,0.4396312432203179,1.828000260889394,1,0.4330800561274402,17,0,0,-1.0,loss,7
1h,5min,2023-03-21 09:20:00+00:00,short,27653.72,27735.760744,27303.1,27684.88,27732.34,0.1716224797242437,0.2966716376675474,4.2737301358458035,6,0.44479342946360334,9,1,1,-1.0,loss,4
1h,5min,2023-03-22 21:20:00+00:00,short,27264.43,27443.432886,26601.8,27377.0,27781.51,1.4836547105514342,0.6565436577988184,3.70178389190891,3,2.85711385230504,21,2,0,-1.0,loss,98
1h,5min,2023-03-23 17:40:00+00:00,long,28300.01,28144.339998,28750.0,28099.99,28351.81,0.8898230071296784,0.5500704840740301,2.8906661156206876,6,1.8756515148508197,17,3,0,-1.0,loss,10
1h,5min,2023-03-23 19:40:00+00:00,long,28141.97,27766.591606,28750.0,27495.68,27975.27,1.7041806241709452,1.3338739043499777,1.6197788943601261,11,1.1473370891599348,19,3,0,-1.0,loss,242
1h,5min,2023-03-25 03:45:00+00:00,short,27559.16,27663.711832,27280.88,27621.66,27687.18,0.23774309521770778,0.37937234661724456,2.6616463305970206,16,0.7000944062604397,3,5,0,-1.0,loss,144
1h,5min,2023-03-25 15:20:00+00:00,long,27541.92,27479.491616,27648.0,27480.17,27519.39,0.14240111074319134,0.2266667828531886,1.6992270695330443,3,-0.16564398585403778,15,5,0,1.6992270695330443,win,5
1h,5min,2023-03-26 03:20:00+00:00,short,27580.8,27655.51616,27345.71,27535.63,27624.14,0.3209116486831361,0.27089917623854254,3.146441144726928,32,-0.19256068029965512,3,6,0,-1.0,loss,63
1h,5min,2023-03-26 06:00:00+00:00,short,27523.22,27576.434644,27462.27,27536.7,27563.51,0.09740866075988809,0.19334454326201542,1.1453614159290644,9,0.00787428136190775,6,6,0,-1.0,loss,31
1h,5min,2023-03-26 18:15:00+00:00,short,27840.12,27940.138024,27635.18,27878.89,27883.21,0.015517174494936477,0.35925859514973674,2.0490306827097173,1,-0.5678181264410971,18,6,0,-1.0,loss,47
1h,5min,2023-03-27 03:15:00+00:00,short,27870.01,27906.724002000003,27781.6,27890.16,27917.16,0.09687832907128488,0.13173300619556383,2.408073083397163,2,-0.28111986951256307,3,0,0,-1.0,loss,6
1h,5min,2023-03-27 07:30:00+00:00,short,27783.54,27855.556708,27666.0,27800.0,27871.91,0.2588223099000338,0.2592063790287314,1.632121257194958,6,0.07294073525858853,7,0,1,-1.0,loss,16
1h,5min,2023-03-27 17:25:00+00:00,short,26999.01,27318.819801999998,26508.14,27040.0,27600.0,2.07415012624537,1.1845241807014397,1.5348810353223612,17,2.393567188703023,17,0,0,0.3361372895005891,timeout,288
1h,5min,2023-03-28 22:55:00+00:00,long,27218.39,27090.216322,27520.0,26925.32,27158.15,0.8554142989353953,0.4709083748157007,2.35313525137355,14,0.41351184528128426,22,1,0,2.35313525137355,win,67
1h,5min,2023-03-30 20:15:00+00:00,short,27943.28,28081.118656,27686.0,27953.57,28046.15,0.33131400465515054,0.4932801589505595,1.8665300973335015,14,1.2775225505239813,20,3,0,-1.0,loss,4
1h,5min,2023-03-31 02:20:00+00:00,long,28152.43,28074.699514000004,28375.0,28055.0,28116.57,0.21870225767367046,0.27610577843545564,2.8633553120973545,4,-0.23190660772735133,2,4,0,-1.0,loss,42
1h,5min,2023-03-31 09:35:00+00:00,short,27805.58,27884.401116,27511.71,27847.87,28010.56,0.5850983867267013,0.2834722958485281,3.7283156457719495,4,1.099370491022178,9,4,1,-1.0,loss,9
1h,5min,2023-03-31 18:25:00+00:00,long,28344.74,28257.201052,28656.69,28185.63,28320.79,0.47684332260588685,0.30883665893566586,3.5635566468081454,10,0.5494397439370592,18,4,0,3.5635566468081454,win,91
1h,5min,2023-04-01 09:25:00+00:00,short,28428.01,28490.795602000002,28351.35,28482.72,28530.59,0.16839026016945607,0.22085823805466356,1.2209805681244483,10,-0.08739740347827202,9,5,1,1.2209805681244483,win,32
1h,5min,2023-04-02 16:50:00+00:00,long,28130.0,27921.374,28390.95,27980.0,28082.71,0.3651261997867015,0.7416494845360831,1.2508028721252407,22,-0.7609060609487127,16,6,0,-1.0,loss,34
1h,5min,2023-04-02 18:45:00+00:00,short,28172.68,28235.534536000003,27927.0,28143.54,28239.45,0.3404361956334997,0.22310456797153322,3.9087075593078966,21,0.5179066785239759,18,6,0,3.9087075593078966,win,11
1h,5min,2023-04-02 21:40:00+00:00,short,28050.55,28161.95011,27856.43,28088.38,28152.8,0.22965681599825408,0.39714055517628827,1.7425476509852185,7,0.757752283970839,21,6,0,-1.0,loss,23
1h,5min,2023-04-03 07:40:00+00:00,short,27877.36,27942.415472,27588.0,27815.42,28064.52,0.893556635205063,0.23336310181451903,4.447896404471565,8,0.5158683920907098,7,0,1,-1.0,loss,3
1h,5min,2023-04-03 11:20:00+00:00,long,28300.03,28212.909994,28500.99,27962.9,28300.0,1.1911648150196257,0.30784421783297533,2.3067032387487303,4,0.7317621217166659,11,0,0,-1.0,loss,9
1h,5min,2023-04-03 16:25:00+00:00,short,28042.96,28135.598592000002,27945.19,28112.99,28116.02,0.01080485084313081,0.33034527025678806,1.055391688163798,4,0.23527170668604813,16,0,0,1.055391688163798,win,6
1h,5min,2023-04-03 16:35:00+00:00,long,28058.03,27939.578394,28390.17,27793.25,27958.73,0.5897776857462893,0.42216650990821064,2.804014324634847,22,-0.17854030945939117,16,0,0,-1.0,loss,4
1h,5min,2023-04-03 23:30:00+00:00,short,27783.56,28005.556712,27200.24,27765.0,28037.2,0.9797160623044733,0.7990218388140329,2.6276064845500926,16,0.8123715496962278,23,0,0,-1.0,loss,85
1h,5min,2023-04-04 08:25:00+00:00,long,28004.76,27925.599048,28145.0,27939.18,27962.47,0.08316443347488382,0.2826696318768608,1.7715805135845828,1,0.187478220045634,8,1,1,1.7715805135845828,win,15
1h,5min,2023-04-04 12:15:00+00:00,long,28298.99,28158.670202,28444.44,28137.98,28172.48,0.12191247814851343,0.49584737123127165,1.0365607852428396,8,0.9780777807078397,12,1,1,-1.0,loss,19
1h,5min,2023-04-05 03:55:00+00:00,long,28544.72,28422.981055999997,28775.0,28211.86,28543.34,1.161265551037108,0.4264849821613393,1.891588611118483,13,1.1152115339537416,3,2,0,-1.0,loss,103
1h,5min,2023-04-05 17:40:00+00:00,short,28002.09,28125.600418,27805.1,28053.88,28087.0,0.11827688576102348,0.44107571256288963,1.5949261867124354,4,1.0592663931272661,17,2,0,-1.0,loss,19
1h,5min,2023-04-05 20:25:00+00:00,short,28208.14,28313.681628000002,27805.1,28127.0,28300.0,0.6132981472723831,0.37415309197984226,3.818777553819718,14,0.19048367745074785,20,2,0,3.818777553819718,win,163
1h,5min,2023-04-05 23:15:00+00:00,long,28178.43,28126.524314,28308.04,28060.0,28132.82,0.2584246176951651,0.18420361247948122,2.4970289382168245,9,-0.23075243759980113,23,2,0,-1.0,loss,10
1h,5min,2023-04-06 04:55:00+00:00,short,28068.91,28159.303782,27878.6,28090.0,28137.67,0.16983203124025212,0.32204236644742956,2.1053439273068917,35,0.3945688858265707,4,3,0,2.1053439273068917,win,37
1h,5min,2023-04-06 18:15:00+00:00,long,28063.52,28009.377296000002,28181.05,27978.54,28046.88,0.24351898835213878,0.19292912649588523,2.170744926223173,15,0.03837588864408363,18,3,0,-1.0,loss,5
1h,5min,2023-04-07 16:10:00+00:00,short,27931.68,27990.336336,27800.0,27984.75,27999.9,0.054239487205930526,0.20999931260847904,2.2449407682061877,20,0.09802955391192789,16,4,0,-1.0,loss,135
1h,5min,2023-04-08 08:15:00+00:00,long,28097.9,28058.27042,28154.99,28040.72,28086.28,0.16214734909013723,0.14104107424398518,1.440590589150809,6,0.44939519421731955,8,5,1,-1.0,loss,6
1h,5min,2023-04-08 21:30:00+00:00,short,27916.64,27960.583328,27872.11,27955.0,27995.93,0.14661506542334712,0.15740908648032573,1.013350650182836,15,0.21909642087151204,21,5,0,-1.0,loss,19
1h,5min,2023-04-09 01:30:00+00:00,short,28054.32,28080.610864,27885.86,28062.28,28063.89,0.005738866598800406,0.09371413743052297,6.407549025395571,9,-0.27877674755402254,1,6,0,-1.0,loss,4
1h,5min,2023-04-09 03:20:00+00:00,long,28034.26,28013.023148,28083.45,27987.41,28030.0,0.1519212563484827,0.07575321053595915,2.316256665536236,4,0.17069593044495543,3,6,0,-1.0,loss,10
1h,5min,2023-04-09 08:25:00+00:00,short,27885.3,27927.88706,27840.51,27915.34,27991.43,0.2728677833840774,0.15272225868110315,1.0517279192317839,2,0.33978908433169547,8,6,1,1.0517279192317839,win,4
1h,5min,2023-04-10 00:05:00+00:00,long,28358.96,28279.938208,28530.0,28160.67,28360.0,0.7028819110432885,0.2786484130588694,2.1644662272402257,12,1.0785693122183229,0,0,0,-1.0,loss,16
1h,5min,2023-04-12 05:05:00+00:00,short,29953.61,30005.220722,29811.82,29989.19,30122.72,0.44578933891441624,0.1723021765990731,2.7472973542204544,2,0.11476921722429016,5,2,0,-1.0,loss,28
1h,5min,2023-04-14 03:20:00+00:00,long,30697.26,30513.860548,30893.79,30388.71,30682.09,0.9557204779840319,0.5974456743044748,1.0715953502413125,8,1.1754443525986327,3,4,0,1.0715953502413125,win,40
1h,5min,2023-04-14 18:35:00+00:00,short,30253.36,30363.850672,29966.0,30269.41,30483.21,0.706698363421449,0.36521785348800895,2.600762533148507,16,0.8124077904654273,18,4,0,-1.0,loss,22
1h,5min,2023-04-16 03:00:00+00:00,short,30255.23,30290.831046,30120.0,30277.54,30282.35,0.01589807778687411,0.11766906415849349,3.7984838984787257,10,0.2703947082726387,3,6,0,-1.0,loss,18
1h,5min,2023-04-17 03:40:00+00:00,short,29975.29,30107.305058,29740.64,29993.89,30245.0,0.8377233381228357,0.44041294679718146,1.7774487513386534,13,0.8703965333333002,3,0,0,1.7774487513386534,win,94
1h,5min,2023-04-18 05:40:00+00:00,short,29545.77,29599.299154,29278.19,29593.14,29764.28,0.5792368924553309,0.18117366377657387,4.998771323753829,2,0.15355208358381578,5,1,0,-1.0,loss,7
1h,5min,2023-04-18 14:40:00+00:00,long,30257.19,30112.358562,30485.0,29971.71,30279.8,1.0182373181382678,0.47866784060250617,1.5729319762744145,8,1.441989311771833,14,1,1,-1.0,loss,7
1h,5min,2023-04-19 03:30:00+00:00,short,30237.29,30283.367458,30126.0,30259.4,30282.95,0.07788396380760072,0.1523862025995046,2.415280808242535,1,-0.41772312410506995,3,2,0,-1.0,loss,26
1h,5min,2023-04-19 11:45:00+00:00,short,29275.64,29338.855128,29000.0,29327.21,29980.0,2.229806077680969,0.21593081483444876,4.3603486810941865,2,2.105574474105924,11,2,0,-1.0,loss,27
1h,5min,2023-04-19 15:15:00+00:00,long,29406.81,29323.258638,29500.0,29310.65,29330.66,0.0680454629386812,0.28412249407535867,1.1153618297688133,2,-1.1573484091812944,15,2,0,-1.0,loss,3
1h,5min,2023-04-20 02:10:00+00:00,short,28891.4,29005.77828,28520.0,28965.99,29036.95,0.24560942010424947,0.39589040337262016,3.247119995160013,8,1.587665841366606,2,3,0,-1.0,loss,49
1h,5min,2023-04-21 08:05:00+00:00,short,28123.62,28242.924724,27815.89,28216.1,28226.38,0.036552904640307596,0.4242153890573171,2.5793614006432457,1,1.047873431293713,8,4,1,-1.0,loss,65
1h,5min,2023-04-22 16:50:00+00:00,short,27596.35,27701.51927,27184.24,27409.62,27712.75,1.0984423664723815,0.3810984786031564,3.9185400830488653,24,-0.44510647808656917,16,5,0,-1.0,loss,6
1h,5min,2023-04-23 08:00:00+00:00,short,27695.15,27757.00903,27531.85,27661.97,27800.8,0.5012791048252062,0.223356905450953,2.639873273150321,6,-0.3983090967419852,8,6,1,-1.0,loss,2
1h,5min,2023-04-23 12:15:00+00:00,short,27596.11,27658.819222,27482.79,27642.89,27669.27,0.09559318324213456,0.22723935366251868,1.8070707367411432,4,-0.004838551224149486,12,6,1,-1.0,loss,1
1h,5min,2023-04-24 03:30:00+00:00,long,27753.84,27664.729231999998,28000.0,27650.28,27685.0,0.12509980600883036,0.3210754547839228,2.762404651253747,10,0.5568550184314497,3,0,0,-1.0,loss,27
1h,5min,2023-04-25 03:30:00+00:00,short,27399.9,27438.09998,27321.58,27429.99,27432.01,0.007372289679877658,0.13941649422077304,2.0502628535408824,2,0.1981085881511692,3,1,0,2.0502628535408824,win,5
1h,5min,2023-04-25 19:35:00+00:00,long,27568.55,27472.706290000002,27790.19,27419.06,27553.3,0.4869316666999098,0.3476559702994803,2.312514822308167,7,0.539994450585088,19,1,0,2.312514822308167,win,6
1h,5min,2023-04-25 23:15:00+00:00,long,28246.55,28155.89069,28399.99,28047.39,28195.6,0.5247012467009214,0.3209571080361994,1.6924902693391761,1,2.295470450274109,23,1,0,1.6924902693391761,win,11
1h,5min,2023-04-26 15:10:00+00:00,long,29775.09,29518.594982,30036.0,29138.83,29652.9,1.7265103144944303,0.8614416211672289,1.0172127397811617,11,4.044402527593647,15,2,0,-1.0,loss,49
1h,5min,2023-04-26 22:30:00+00:00,short,28250.0,28745.640000000003,27235.0,28420.9,29708.67,4.558477876106183,1.7544778761062054,2.0478573157937086,18,1.764000062978712,22,2,0,-1.0,loss,21
1h,5min,2023-04-28 10:55:00+00:00,short,29262.33,29353.942466,29137.76,29301.13,29432.0,0.4472302786551822,0.3130730396383291,1.3597494471986502,6,0.18240035106388974,10,4,0,-1.0,loss,19
1h,5min,2023-04-29 21:30:00+00:00,short,29187.83,29314.887565999998,29031.0,29300.0,29325.34,0.0868170055807511,0.43531007957767276,1.2343224015483412,24,0.3088505429068201,21,5,0,-1.0,loss,132
1h,5min,2023-04-30 09:25:00+00:00,long,29254.0,29217.8792,29348.31,29217.17,29239.14,0.07510084091064868,0.12347302932932455,2.6109609975415755,2,0.04488034117676071,9,6,1,-1.0,loss,16
1h,5min,2023-04-30 18:40:00+00:00,long,29616.47,29507.076706,29969.39,29436.49,29620.3,0.6206343970094939,0.3693664167269135,3.226157537590869,8,0.8331606092022066,18,6,0,-1.0,loss,5
1h,5min,2023-04-30 19:25:00+00:00,long,29359.75,29205.40805,29969.39,29249.97,29255.0,0.017132298469839956,0.5256923168623773,3.9499306572191957,2,-0.0508545355086827,19,6,0,-1.0,loss,7
1h,5min,2023-04-30 23:15:00+00:00,short,29359.82,29492.371964,29160.96,29361.13,29513.0,0.5172715636539972,0.4514740349225644,1.5002418221430316,27,0.04863389638972702,23,6,0,1.5002418221430316,win,28
1h,5min,2023-05-01 07:30:00+00:00,short,28629.11,28719.665822,28250.15,28680.38,29215.93,1.8706484413940891,0.3163068010147659,4.184822042695451,5,1.4646288826733804,7,0,1,4.184822042695451,win,94
1h,5min,2023-05-01 22:25:00+00:00,short,27974.07,28091.404814,27666.95,27964.48,28090.71,0.4512393084023868,0.4194413397835983,2.617466969351438,11,1.758573787888016,22,0,0,-1.0,loss,3
1h,5min,2023-05-02 21:10:00+00:00,long,28660.3,28610.347940000003,28879.88,28594.58,28655.66,0.21311709926273664,0.1742900807039563,4.395814707141596,13,1.0922154763260183,21,1,0,-1.0,loss,36
1h,5min,2023-05-03 11:10:00+00:00,long,28594.45,28545.91111,28767.93,28524.12,28582.44,0.2039556627247585,0.16974933946972162,3.5740413511722298,3,0.272879082846463,11,2,0,-1.0,loss,8
1h,5min,2023-05-03 15:35:00+00:00,long,28309.92,28108.028016,28753.95,28141.0,28263.7,0.4334169789247046,0.7131492565150239,2.19934437813047,34,-0.554040594692725,15,2,0,2.19934437813047,win,25
1h,5min,2023-05-04 14:15:00+00:00,long,28853.81,28657.869238,29379.83,28577.21,28923.52,1.2002227782050316,0.6790810710959905,2.6845868854995834,12,-0.2332772293877254,14,3,1,2.6845868854995834,win,141
1h,5min,2023-05-04 16:00:00+00:00,short,28828.02,28955.425604,28663.64,28938.54,28982.91,0.15391275571474897,0.441950588351193,1.2902101229393454,10,0.29571171728136686,16,3,0,-1.0,loss,5
1h,5min,2023-05-05 04:05:00+00:00,long,29223.22,29138.595355999998,29531.0,28961.21,29200.0,0.8171241909686915,0.28958014893637035,3.6370020061766795,5,0.926032447038844,4,4,0,-1.0,loss,34
1h,5min,2023-05-06 20:25:00+00:00,short,28812.3,28970.442460000002,28300.0,28935.85,29000.0,0.2226479663199448,0.5488713500831338,3.239484196717253,21,0.8844146174831962,20,5,0,-1.0,loss,59
1h,5min,2023-05-06 21:50:00+00:00,long,28755.95,28636.24881,28964.68,28633.01,28669.48,0.1268259264604409,0.4162658162919318,1.7437587713204854,3,-0.9670503181825015,21,5,0,1.7437587713204854,win,42
1h,5min,2023-05-06 22:35:00+00:00,short,28806.2,28857.74124,28642.0,28824.41,28840.5,0.05585603099332833,0.17892412050183173,3.1857984014355307,3,0.7440944051518812,22,5,0,-1.0,loss,3
1h,5min,2023-05-08 15:10:00+00:00,short,27925.1,28087.725019999998,27669.5,27989.11,28124.39,0.48443873074760285,0.5823614597620044,1.571713872809973,2,1.1720430546092593,15,0,0,1.571713872809973,win,33
1h,5min,2023-05-08 22:25:00+00:00,short,27596.78,27662.049356,27262.0,27613.74,27833.58,0.796614677509478,0.23651076683584354,5.129206422689313,8,1.313109859579859,22,0,0,-1.0,loss,11
1h,5min,2023-05-10 03:10:00+00:00,long,27701.58,27646.259684,27849.94,27659.59,27670.23,0.038409361487681995,0.19970094124595483,2.681835729210111,7,0.15865716285744758,3,2,0,-1.0,loss,34
1h,5min,2023-05-10 11:25:00+00:00,short,27609.36,27653.171872000003,27474.91,27631.39,27652.54,0.07660445588018502,0.1586848518038884,3.0688029034685957,2,0.08446984248456958,11,2,0,-1.0,loss,4
1h,5min,2023-05-10 13:10:00+00:00,short,28143.5,28337.0487,27536.4,28302.08,28357.7,0.19763000337555378,0.6877207881038229,3.136678262370145,2,-1.7074758029475308,13,2,1,3.136678262370145,win,49
1h,5min,2023-05-10 19:45:00+00:00,short,27680.01,27796.026002000002,26777.0,27539.57,28145.79,2.1901003648481385,0.41913280378151574,7.783495245767629,9,0.22149758769663747,19,2,0,-1.0,loss,6
1h,5min,2023-05-11 19:20:00+00:00,short,26942.49,27060.388498,26742.9,26993.19,27097.25,0.3862300774724285,0.43759317717107304,1.6928968849119894,2,1.5303652912725878,19,3,0,1.6928968849119894,win,5
1h,5min,2023-05-12 07:10:00+00:00,short,26279.65,26395.39593,26120.74,26318.62,26513.18,0.7403447153976606,0.44043938941347127,1.372920844819369,2,2.5760737362160757,7,4,1,-1.0,loss,31
1h,5min,2023-05-14 01:35:00+00:00,long,26720.0,26555.185999999998,26939.4,26500.0,26637.42,0.5142964071856222,0.6168188622754571,1.3311975924375272,11,-0.26292405324523743,1,6,0,1.3311975924375272,win,160
1h,5min,2023-05-14 03:05:00+00:00,short,26795.96,26845.089192,26560.53,26811.65,26839.88,0.10535170227153484,0.18334551924991802,4.7920592709930725,3,-0.03350802979148873,3,6,0,-1.0,loss,6
1h,5min,2023-05-15 08:20:00+00:00,long,27405.11,27380.318978,27550.03,27380.0,27387.53,0.027476627534057833,0.09046131177726069,5.845664611970856,2,1.2437846698374626,8,0,1,-1.0,loss,12
1h,5min,2023-05-17 04:40:00+00:00,long,27084.21,27035.583158,27238.55,27049.74,27058.61,0.03274970914787244,0.17953945121529427,3.1739671681744617,20,0.013217917596076623,4,2,0,-1.0,loss,6
1h,5min,2023-05-17 07:15:00+00:00,short,27000.01,27038.060002,26931.54,27005.97,27055.09,0.18192585854597457,0.14092588113856236,1.799474281236506,3,0.24403508347259326,7,2,1,1.799474281236506,win,6
1h,5min,2023-05-17 10:45:00+00:00,short,26858.23,26919.671646,26760.0,26861.89,26931.54,0.25932460925385425,0.22876282614304558,1.5987527417478475,18,0.5780656556945518,10,2,0,1.5987527417478475,win,6
1h,5min,2023-05-19 00:10:00+00:00,long,26862.54,26793.907492,27065.27,26771.53,26843.93,0.2695203059725605,0.25549522867160895,2.953848051130412,11,-0.6374525932575706,0,4,0,-1.0,loss,16
1h,5min,2023-05-21 02:30:00+00:00,long,27163.57,27140.157286,27277.55,27129.36,27150.95,0.07948145254839531,0.08619159410930975,4.868295063955771,6,0.6114558588348636,2,6,0,-1.0,loss,29
1h,5min,2023-05-21 14:35:00+00:00,short,26935.91,26977.597181999998,26776.23,26955.0,27030.0,0.27843870877204446,0.15476433504566153,3.8304340168641895,3,0.2531864809522649,14,6,1,3.8304340168641895,win,78
1h,5min,2023-05-21 23:50:00+00:00,short,26751.48,26809.980296,26666.03,26794.81,26820.0,0.0941630145322752,0.21868059636327405,1.4606763699109802,8,0.6114497010642113,23,6,0,1.4606763699109802,win,8
1h,5min,2023-05-23 07:55:00+00:00,long,27304.4,27199.54912,27495.83,27173.53,27338.35,0.6036389739382653,0.38400726622816017,1.8257357496665458,17,0.986129781193517,7,1,1,-1.0,loss,68
1h,5min,2023-05-23 09:10:00+00:00,short,27308.43,27352.531686,27205.01,27324.28,27366.69,0.15530003006397605,0.1614947691976366,2.3450350628319794,3,-0.9066293915216522,9,1,1,-1.0,loss,36
1h,5min,2023-05-23 20:05:00+00:00,long,27217.37,27095.346526,27359.93,27110.0,27115.2,0.019105446264649113,0.4483294087562384,1.1682997977913978,13,0.14659788924914993,20,1,0,-1.0,loss,84
1h,5min,2023-05-24 05:00:00+00:00,long,26817.17,26644.516566000002,27234.04,26675.69,26691.66,0.05955139934602035,0.643816756205059,2.4144900587381994,17,-1.1552555877204276,5,2,0,-1.0,loss,23
1h,5min,2023-05-24 05:35:00+00:00,short,26765.16,26835.773031999997,26649.88,26812.63,27111.0,1.1147700966480267,0.26382443445134446,1.6325598368301613,7,1.2952852484069262,5,2,0,1.6325598368301613,win,16
1h,5min,2023-05-24 20:35:00+00:00,short,26369.86,26491.733971999998,26159.97,26442.86,26661.05,0.8274219127443175,0.46217147910530276,1.7221888854168432,1,1.0399766469987752,20,2,0,1.7221888854168432,win,58
1h,5min,2023-05-25 21:15:00+00:00,long,26466.69,26432.236662,26631.98,26413.08,26458.52,0.17168750606894437,0.13017622528544126,4.797503220152544,2,0.382109591725718,21,3,0,-1.0,loss,43
1h,5min,2023-05-26 06:05:00+00:00,long,26356.37,26321.968726000003,26467.56,26320.03,26330.47,0.03961091758843243,0.1305235660297537,3.232147739645184,1,-0.16609149535954915,6,4,0,3.232147739645184,win,14
1h,5min,2023-05-26 18:25:00+00:00,long,26681.9,26605.15362,26932.16,26593.35,26741.61,0.5556575806070858,0.28763461372691035,3.2608704149954275,8,0.5643488598498676,18,4,0,-1.0,loss,234
1h,5min,2023-05-27 19:15:00+00:00,long,26747.56,26697.280488,26846.0,26694.26,26702.63,0.03129257397685104,0.18797793892228293,1.9578551199939407,3,0.2260126661927265,19,5,0,1.9578551199939407,win,53
1h,5min,2023-05-29 05:50:00+00:00,short,27983.5,28052.606699999997,27854.0,28004.41,28096.0,0.32730001608090536,0.24695517001088726,1.8739138173289465,7,-1.2324917718756754,5,0,0,1.8739138173289465,win,20
1h,5min,2023-05-29 10:25:00+00:00,short,27910.38,27976.592075999997,27841.0,27945.0,27982.59,0.13468107564282586,0.23723100867847788,1.0478451091007182,5,-0.6395282012444488,10,0,0,1.0478451091007182,win,4
1h,5min,2023-05-31 08:00:00+00:00,short,27125.49,27211.775098,26968.49,27188.97,27250.88,0.22823550837238277,0.31809599752851153,1.819549419761986,6,1.7516374173818867,8,2,1,-1.0,loss,69
1h,5min,2023-05-31 19:10:00+00:00,long,27036.44,27000.972712000003,27093.32,26979.04,27020.1,0.1518691070273959,0.1311832770882416,1.6037313030533131,2,-0.8369014439736998,19,2,0,1.6037313030533131,win,7
1h,5min,2023-06-01 00:30:00+00:00,short,27186.05,27355.43721,27000.2,27282.58,27600.0,1.1675841102329991,0.6230666463130936,1.097190277825567,10,0.12013982815067563,0,3,0,1.097190277825567,win,27
1h,5min,2023-06-01 07:40:00+00:00,short,26813.52,26888.962703999998,26605.05,26838.89,27059.74,0.8236516503614675,0.2813606866983422,2.763289078291899,29,0.9410531983924433,7,3,1,-1.0,loss,14
1h,5min,2023-06-02 07:15:00+00:00,long,27091.89,27048.021622,27213.0,27017.0,27064.96,0.17702714723852464,0.16192439139535564,2.7607585582490137,3,0.49095257088739575,7,4,1,-1.0,loss,8
1h,5min,2023-06-02 14:35:00+00:00,long,26962.16,26855.317568,27240.0,26849.09,26932.16,0.3080984609541658,0.39626807347779736,2.6004649538490177,10,-0.1848711575251609,14,4,1,2.6004649538490177,win,60
1h,5min,2023-06-02 17:50:00+00:00,long,27067.98,27018.166404000003,27134.4,26986.08,27032.93,0.17308273465548055,0.18403144970550564,1.333370913435095,10,0.17920593975175597,17,4,0,-1.0,loss,8
1h,5min,2023-06-03 01:45:00+00:00,long,27148.17,27086.570366,27300.0,27093.82,27131.02,0.1370258105795003,0.22690160699597187,2.4647873719510387,4,0.1638827553364115,1,5,0,2.4647873719510387,win,170
1h,5min,2023-06-03 06:50:00+00:00,short,27182.59,27218.216517999997,27105.73,27189.4,27229.9,0.1489924249308105,0.13106373601631524,2.1573817570385745,7,-0.22706418657908117,6,5,0,-1.0,loss,103
1h,5min,2023-06-05 23:45:00+00:00,short,25761.5,25863.5723,25402.04,25809.7,26000.0,0.7386992217068077,0.396220328785202,3.5216214389212332,4,2.100762351472262,23,0,0,3.5216214389212332,win,149
1h,5min,2023-06-06 16:35:00+00:00,short,26159.16,26251.971832000003,25351.02,26074.51,26699.99,2.3910553702794863,0.354796683073933,8.707294992301982,31,-0.934357721178118,16,1,0,-1.0,loss,3
1h,5min,2023-06-06 20:20:00+00:00,short,26961.02,27227.392204,26013.87,27129.33,27188.27,0.21861190711626893,0.9879900834612315,3.5557388713125784,6,-3.062506496545005,20,1,0,-1.0,loss,37
1h,5min,2023-06-07 06:10:00+00:00,short,26905.37,26985.421074,26720.47,26967.88,27065.89,0.3642767224535414,0.29752824064490735,2.3097753816518636,9,-1.0388084540952498,6,2,0,2.3097753816518636,win,37
1h,5min,2023-06-07 09:40:00+00:00,long,26729.43,26629.714114000002,26943.9,26401.0,26637.64,0.8853162974294605,0.3730565373073729,2.150810754466998,1,0.2160515716132958,9,2,1,-1.0,loss,1
1h,5min,2023-06-07 13:20:00+00:00,long,26765.08,26708.836983999998,26968.0,26629.99,26743.02,0.4223039871354721,0.2101358038160319,3.607914625346263,2,0.30570408021157947,13,2,1,-1.0,loss,4
1h,5min,2023-06-07 16:00:00+00:00,long,26394.23,26230.721154,26968.0,26143.69,26290.56,0.5564473750512996,0.619487084866657,3.50910677945827,12,-1.0064662586912985,16,2,0,-1.0,loss,71
1h,5min,2023-06-10 18:00:00+00:00,short,25926.15,26159.18523,25400.0,25808.12,26266.0,1.766093307336419,0.8988424042906398,2.257813121217795,9,0.028028806697323615,18,5,0,2.257813121217795,win,4
1h,5min,2023-06-11 23:50:00+00:00,long,25917.2,25739.846559999998,26206.88,25778.08,25836.88,0.22687636010062534,0.6843078727640431,1.63334863986848,14,0.1372426758022663,23,6,0,-1.0,loss,30
1h,5min,2023-06-12 07:25:00+00:00,short,25825.22,25910.795044000002,25602.11,25848.84,25891.66,0.16580691277750859,0.3313623039803768,2.6071853378187897,12,0.13909214769719697,7,0,1,-1.0,loss,12
1h,5min,2023-06-12 16:45:00+00:00,short,25840.63,25910.398126,25734.47,25878.84,25899.89,0.08146086221581778,0.26999390494736014,1.521611745741907,4,0.14337388053242722,16,0,0,1.521611745741907,win,7
1h,5min,2023-06-12 19:05:00+00:00,short,25828.7,25971.34574,25652.04,25933.11,25936.3,0.012350602237041314,0.5522761114574095,1.2384526870553578,16,0.14710129507743558,19,0,0,-1.0,loss,62
1h,5min,2023-06-13 00:00:00+00:00,long,25914.21,25864.817158,25970.05,25851.27,25880.12,0.11132888094986707,0.19060138047811404,1.1305281846305382,3,0.15656763289561698,0,1,0,1.1305281846305382,win,3
1h,5min,2023-06-15 01:15:00+00:00,short,25143.93,25211.548786,24820.56,25190.03,25833.88,2.5606577810231026,0.268926878176956,4.7822508969623225,5,2.0608702597973734,1,3,0,4.7822508969623225,win,120
1h,5min,2023-06-17 08:00:00+00:00,long,26647.74,26558.220451999998,26839.99,26363.69,26648.74,1.0696967172450755,0.3359367360984603,2.1475756334246876,12,1.8571696501231403,8,5,1,-1.0,loss,9
1h,5min,2023-06-19 13:00:00+00:00,short,26512.0,26581.3024,26364.4,26487.01,26600.01,0.42622208811104406,0.2614001207000622,2.129796370688425,8,-0.22252837177656576,13,0,1,2.129796370688425,win,26
1h,5min,2023-06-20 03:00:00+00:00,long,26931.08,26870.573784,27179.03,26857.8,26881.35,0.08744543479132388,0.2246705887769877,4.097926070934441,12,1.0110270008794784,3,1,0,-1.0,loss,31
1h,5min,2023-06-21 03:30:00+00:00,long,28793.15,28672.24137,29088.09,28490.35,28759.15,0.9335553768865265,0.41992150910894327,2.4393626823825105,6,3.8201031609237637,3,2,0,2.4393626823825105,win,84
1h,5min,2023-06-22 15:40:00+00:00,long,29814.87,29519.647026000002,30351.14,29591.99,29763.37,0.5748138428911391,0.9901870241258696,1.816491422513773,12,-0.2589729067217833,15,3,0,1.816491422513773,win,277
1h,5min,2023-06-23 19:55:00+00:00,long,30880.87,30609.153826,31431.94,30356.3,30666.67,1.0050558808738193,0.8798851003873835,2.0281089339937672,4,1.7204775460534745,19,4,0,-1.0,loss,22
1h,5min,2023-06-24 00:15:00+00:00,short,30613.74,30700.282748,30453.1,30669.35,30788.51,0.38923698966542425,0.28269250343146524,1.8561925026924653,4,-0.5112030543708332,0,5,0,1.8561925026924653,win,9
1h,5min,2023-06-25 00:20:00+00:00,short,30502.68,30588.100536,30408.95,30574.4,30598.83,0.08009132312308391,0.2800427241147383,1.0972771231498475,2,0.23366327500930215,0,6,0,-1.0,loss,12
1h,5min,2023-06-25 10:40:00+00:00,long,30674.0,30578.3752,30985.91,30582.0,30592.0,0.03260089978483406,0.3117454521744846,3.2618107436564077,14,0.03375387916509502,10,6,0,-1.0,loss,33
1h,5min,2023-06-26 04:10:00+00:00,short,30257.79,30334.681558,29963.6,30240.0,30391.75,0.5015237398369147,0.25412152705137864,3.8260377036449804,10,0.7339984887607669,4,0,0,-1.0,loss,30
1h,5min,2023-06-26 19:00:00+00:00,short,30186.5,30245.6573,29930.0,30170.38,30325.0,0.5122157255726864,0.19597270302949646,4.335897682957211,6,0.5414536287381035,19,0,0,-1.0,loss,9
1h,5min,2023-06-27 09:20:00+00:00,long,30372.04,30341.755592,30470.8,30322.0,30355.05,0.10881718844041846,0.09971147147178631,3.26108405354993,3,0.1380077043289727,9,1,1,-1.0,loss,6
1h,5min,2023-06-27 13:50:00+00:00,long,30611.08,30521.877784,30786.99,30400.0,30537.0,0.4475503641165225,0.2914049945313968,1.9720362104008369,2,0.6341911361875742,13,1,1,1.9720362104008369,win,2
1h,5min,2023-06-29 22:00:00+00:00,long,30440.0,30243.912,30663.37,30242.0,30337.23,0.31284494086727843,0.6441787122207613,1.1391314103871695,20,0.007793863208124204,22,3,0,1.1391314103871695,win,55
1h,5min,2023-06-29 22:50:00+00:00,short,30442.34,30466.088468,30250.0,30454.76,30495.89,0.13510787935487556,0.07801130924890003,8.099048747059694,2,-0.013725625145721433,22,3,0,-1.0,loss,7
1h,5min,2023-06-30 07:40:00+00:00,long,30759.99,30603.858001999997,31282.0,30441.35,30625.77,0.599545058369661,0.5075814328938482,3.343388970145529,16,0.673018643691678,7,4,1,-1.0,loss,71
1h,5min,2023-06-30 17:55:00+00:00,short,30455.8,30754.17116,29500.0,30312.98,30892.0,1.9011813841698477,0.9796858398072039,3.203392713960664,15,0.2847490382984222,17,4,0,-0.39568167379179797,timeout,288
1h,5min,2023-06-30 19:10:00+00:00,long,30414.68,30281.927064,30748.08,30213.0,30376.59,0.5378652676931013,0.4364765172607464,2.511432214199764,13,-0.37163905335223213,19,4,0,1.4212115052581373,timeout,288
1h,5min,2023-07-02 04:25:00+00:00,long,30535.85,30457.05283,30649.99,30491.88,30503.94,0.039494561310714035,0.2580480648156118,1.4485291794109605,26,-0.031968573050898785,4,6,0,-1.0,loss,131
1h,5min,2023-07-02 04:25:00+00:00,long,30535.85,30457.05283,30649.99,30465.87,30469.97,0.013426840909953983,0.2580480648156118,1.4485291794109605,26,-0.031968573050898785,4,6,0,-1.0,loss,131
1h,5min,2023-07-03 07:45:00+00:00,short,30700.94,30765.940188,30606.0,30704.3,30750.46,0.1503537025250688,0.21172051409501405,1.4606111600784302,4,-0.2654342797325161,7,0,1,1.4606111600784302,win,9
1h,5min,2023-07-04 16:40:00+00:00,short,31020.98,31136.204196,30886.0,31090.9,31179.09,0.28429146983750575,0.3714395741204798,1.1714553425914163,3,-0.0815967885882995,16,1,0,1.1714553425914163,win,2
1h,5min,2023-07-04 22:00:00+00:00,short,30796.22,30829.009243999997,30620.0,30808.49,30839.0,0.09907060022300918,0.10647165139096929,5.374323360429502,12,0.4449582797507884,22,1,0,-1.0,loss,13
1h,5min,2023-07-05 18:20:00+00:00,short,30500.0,30597.67,30200.0,30489.99,30678.0,0.6164262295081915,0.3202295081967156,3.0715675232927753,15,0.45637794829753314,18,2,0,-1.0,loss,135
1h,5min,2023-07-06 16:35:00+00:00,short,30269.87,30500.053974,29888.0,30438.2,30500.0,0.20416341398228427,0.7604392552726509,1.658977353479872,11,1.149189007606681,16,3,0,1.658977353479872,win,81
1h,5min,2023-07-07 04:45:00+00:00,short,30088.5,30179.3877,29771.96,30167.31,30177.77,0.034764112534686434,0.3020678996958948,3.4827594933088113,8,0.7559676175388875,4,4,0,-1.0,loss,7
1h,5min,2023-07-08 01:25:00+00:00,long,30298.31,30251.010338,30346.06,30250.01,30264.12,0.04657025424850621,0.15611320235353476,1.009520955984817,4,0.10449075399865725,1,5,0,1.009520955984817,win,12
1h,5min,2023-07-08 11:05:00+00:00,long,30226.58,30216.744684,30313.98,30220.05,30225.17,0.01693873405459361,0.03253863321619781,8.88634386531073,4,-0.0915492775542496,11,5,0,-1.0,loss,1
1h,5min,2023-07-09 06:25:00+00:00,long,30249.03,30232.160194,30364.52,30225.3,30246.47,0.06998571524442898,0.05576974203800515,6.845958987317927,4,-0.0028183316681188544,6,6,0,-1.0,loss,91
1h,5min,2023-07-10 23:30:00+00:00,short,30345.23,30424.849046,30190.0,30397.04,30765.43,1.2139964007522743,0.26237746756244656,1.9496591305552688,6,-0.03848256542404492,23,0,0,-1.0,loss,6
1h,5min,2023-07-12 21:20:00+00:00,short,30338.07,30362.067614,30210.0,30348.0,30430.0,0.27028746390261477,0.07910066131431527,5.336780564934511,4,0.7183154361683468,21,2,0,-1.0,loss,6
1h,5min,2023-07-13 08:15:00+00:00,long,30379.6,30338.97408,30426.91,30323.37,30354.26,0.10168007478702623,0.13372763301688828,1.1645274740855827,2,-0.16635227680025852,8,3,1,1.1645274740855827,win,9
1h,5min,2023-07-13 10:15:00+00:00,short,30533.99,30611.206798,30285.01,30538.44,30652.0,0.37191339880572866,0.2528880044828653,3.224427928234097,8,-0.3090647065280627,10,3,0,-1.0,loss,4
1h,5min,2023-07-13 21:40:00+00:00,long,31260.01,30993.747998,31804.2,30975.0,31056.08,0.2593729176670185,0.8517655688529835,2.0438139723744864,7,1.5245921724000042,21,3,0,-1.0,loss,235
1h,5min,2023-07-14 21:30:00+00:00,short,30192.59,30282.248518,29900.0,30250.0,30648.0,1.3182042348801477,0.296955372162508,3.2633820692864846,5,2.3687578357659125,21,4,0,-1.0,loss,22
1h,5min,2023-07-16 16:25:00+00:00,long,30375.74,30313.924852,30441.46,30313.09,30370.0,0.18735346036014217,0.2035017023453634,1.0631698236813398,4,0.18710205892743445,16,6,0,-1.0,loss,26
1h,5min,2023-07-16 20:30:00+00:00,long,30275.49,30194.374902,30403.13,30211.56,30225.13,0.04482173533772602,0.2679233201510596,1.5735664894345096,10,-0.14358258966323698,20,6,0,-1.0,loss,36
1h,5min,2023-07-16 21:30:00+00:00,short,30290.3,30320.53806,30200.43,30298.71,30362.57,0.21082656824132012,0.09982753554768252,2.9720822036863455,2,0.08655127607710511,21,6,0,-1.0,loss,7
1h,5min,2023-07-17 11:30:00+00:00,short,30200.01,30267.940002000003,29965.39,30209.99,30258.24,0.1597681590171659,0.224933706975609,3.453849449319655,4,0.2456685636084715,11,0,0,-1.0,loss,23
1h,5min,2023-07-17 23:10:00+00:00,long,30120.75,30068.51585,30285.71,29991.91,30101.7,0.3644995559539549,0.1734158345990728,3.158087190085383,2,-0.10911645257694258,23,0,0,-1.0,loss,59
1h,5min,2023-07-19 09:15:00+00:00,long,29984.01,29861.173197999997,30129.47,29865.0,29950.7,0.2858190081980386,0.40967436310220556,1.1841728018936934,6,0.024363442282739307,9,2,1,-1.0,loss,48
1h,5min,2023-07-20 16:15:00+00:00,short,29791.98,29878.668396,29627.04,29853.16,30171.71,1.0692474954668982,0.29097896816526253,1.902676801171821,2,0.9320119482935685,16,3,0,1.902676801171821,win,26
1h,5min,2023-07-21 21:30:00+00:00,short,29900.45,29939.37009,29770.0,29892.9,29921.99,0.09728950567633646,0.1301655660700746,3.3517394230075523,6,-0.10165918697132405,21,4,0,-1.0,loss,5
1h,5min,2023-07-22 09:15:00+00:00,long,29941.75,29914.03165,29990.0,29894.0,29927.85,0.11305284427262449,0.09257424833217562,1.74072410515061,3,0.1378856714007532,9,5,1,-1.0,loss,7
1h,5min,2023-07-23 00:45:00+00:00,short,29747.47,29825.879494,29625.1,29814.56,29815.48,0.003092699984228083,0.2635837400625987,1.5606528464525398,9,0.3520609208508218,0,6,0,-1.0,loss,4
1h,5min,2023-07-23 07:55:00+00:00,long,29916.0,29879.0268,29980.88,29885.13,29898.01,0.04305388420911011,0.12359005214601002,1.754784546644607,17,0.1644274244733494,7,6,1,-1.0,loss,61
1h,5min,2023-07-23 19:55:00+00:00,long,30093.12,30009.361376,30350.0,29972.0,30077.55,0.3507446220265605,0.2783314724428648,3.0669080714602766,3,0.5224441696568022,19,6,0,-1.0,loss,20
1h,5min,2023-07-23 22:05:00+00:00,long,29982.11,29914.373578,30350.0,29914.21,29936.53,0.07444439367342627,0.22592279862892162,5.431199185572421,5,0.08318374416863848,22,6,0,-1.0,loss,42
1h,5min,2023-07-24 00:30:00+00:00,short,30060.97,30105.592194,29920.37,30042.58,30093.12,0.16812498066428738,0.14843896920159122,3.1508984071918,18,-0.286244493941996,0,0,0,3.1508984071918,win,13
1h,5min,2023-07-24 05:05:00+00:00,short,29771.29,29807.184258,29660.0,29799.64,29859.0,0.199386724592722,0.1205666868986875,3.100495906615483,3,0.5183950524257189,5,0,0,-1.0,loss,4
1h,5min,2023-07-25 21:35:00+00:00,short,29232.52,29251.216504,29183.93,29241.35,29256.6,0.05216792804725696,0.06395789346932645,2.598881587702242,3,-0.017679842295373754,21,1,0,-1.0,loss,6
1h,5min,2023-07-26 03:15:00+00:00,short,29280.02,29418.736004000002,29096.94,29383.11,29754.85,1.2696029579214698,0.4737565206581201,1.319818872521728,1,-0.21653077268183407,3,2,0,-1.0,loss,179
1h,5min,2023-07-26 05:05:00+00:00,long,29217.99,29192.326402,29412.88,29174.0,29210.0,0.12321176097329076,0.08783491951363807,7.5940248128878105,6,0.0008247816297360784,5,2,0,-1.0,loss,19
1h,5min,2023-07-27 01:30:00+00:00,short,29365.03,29424.043006,29280.01,29360.87,29430.44,0.23691445232645672,0.2009635474576428,1.4406993604087706,5,-0.14458951094432768,1,3,0,-1.0,loss,17
1h,5min,2023-07-28 16:25:00+00:00,long,29377.27,29332.124546,29542.22,29319.0,29353.99,0.11910568953480566,0.1536747764513222,3.6537455133355365,5,0.3327851000785469,16,4,0,-1.0,loss,8
1h,5min,2023-07-29 03:55:00+00:00,long,29371.89,29359.245622,29396.15,29344.58,29366.67,0.07520796244299059,0.04304924878855556,1.91863925611844,1,0.20537919146525105,3,5,0,1.91863925611844,win,4
1h,5min,2023-07-30 08:30:00+00:00,short,29299.39,29312.229878,29268.65,29298.51,29312.16,0.046588000637560904,0.04382302157143498,2.394103744599496,3,0.05847150296721061,8,6,1,2.394103744599496,win,27
1h,5min,2023-07-30 23:45:00+00:00,short,29265.99,29289.853198,29033.24,29274.83,29353.26,0.2679902507996369,0.08153900824813752,9.753512500713809,2,0.09676073643026657,23,6,0,-1.0,loss,7
1h,5min,2023-07-31 04:45:00+00:00,long,29408.18,29375.668364,29530.0,29284.0,29384.21,0.3407555312841499,0.11055303660409883,3.7469661631301,3,0.2465042383263148,4,0,0,-1.0,loss,13
1h,5min,2023-08-01 06:40:00+00:00,short,28938.18,28976.597636000002,28803.5,28951.12,29169.37,0.7541939403238213,0.13275760949721768,3.5056816093523677,2,0.7817083480890729,6,1,0,-1.0,loss,27
1h,5min,2023-08-02 02:15:00+00:00,long,29848.13,29782.760374,30047.5,29739.25,29791.46,0.17491883076091913,0.21900744200725372,3.0498874201911437,3,2.051368685764323,2,2,0,-1.0,loss,10
1h,5min,2023-08-02 04:20:00+00:00,long,29628.2,29576.11436,30047.5,29256.32,29682.01,1.4367730743008307,0.17579751723021023,8.050203472588414,9,1.0568051967919636,4,2,0,-1.0,loss,30
1h,5min,2023-08-03 11:50:00+00:00,long,29149.8,29123.69004,29197.78,29122.04,29149.23,0.09327679778248459,0.08957166086902124,1.8376129262550889,5,-0.16435670838902947,11,3,0,-1.0,loss,6
1h,5min,2023-08-03 13:05:00+00:00,long,29127.03,29072.604594,29197.78,29104.53,29105.14,0.00209427463081743,0.18685532304528982,1.299944367893222,6,-0.21838979444665654,13,3,1,1.299944367893222,win,6
1h,5min,2023-08-03 15:40:00+00:00,short,29260.01,29439.182002,29078.43,29412.05,29465.25,0.18181811967938744,0.6123442951660064,1.0134395886249856,9,-0.1966618511164762,15,3,0,-0.15605116696749474,timeout,288
1h,5min,2023-08-04 22:45:00+00:00,short,29071.04,29111.084208,28807.54,29104.99,29197.2,0.317188514755575,0.1377460455491078,6.580227532531154,20,0.33017310390037735,22,4,0,-1.0,loss,11
1h,5min,2023-08-05 21:10:00+00:00,long,29059.55,29046.68809,29099.0,29049.37,29060.19,0.03723388696659002,0.04426052709006033,3.0671960851850057,7,-0.06024693389135397,21,5,0,-1.0,loss,53
1h,5min,2023-08-06 14:40:00+00:00,short,29030.01,29067.616002000002,28991.88,29039.01,29063.49,0.08432652968429293,0.1295418155212626,1.0139338927864026,4,0.12859072894496382,14,6,1,-1.0,loss,25
1h,5min,2023-08-06 17:15:00+00:00,short,29067.22,29095.803444,28991.88,29083.59,29092.67,0.03123793744292749,0.09833566471096952,2.6357915442240087,4,-0.016821853324006094,17,6,0,-1.0,loss,6
1h,5min,2023-08-07 11:15:00+00:00,short,29107.48,29159.681496,29045.14,29127.62,29157.42,0.10237918225830363,0.17934048567585203,1.1942186484463655,7,-0.02265981010212107,11,0,0,1.1942186484463655,win,14
1h,5min,2023-08-08 09:55:00+00:00,short,29204.0,29223.430800000002,29171.47,29204.0,29222.33,0.0627653746062243,0.0665347212710653,1.6741462008767338,4,-0.14889717007288433,9,1,1,-1.0,loss,5
1h,5min,2023-08-08 23:00:00+00:00,long,29792.0,29679.8016,30244.0,29600.99,29696.0,0.3189111170784049,0.37660580021482654,4.0285779476355765,5,0.8989970346371683,23,1,0,-1.0,loss,42
1h,5min,2023-08-09 23:20:00+00:00,short,29591.99,29631.918398,29376.67,29594.22,29676.86,0.2792647604976867,0.13492974957074538,5.392653118715238,5,0.19515087082108284,23,2,0,-1.0,loss,14
1h,5min,2023-08-10 07:05:00+00:00,long,29544.99,29504.531002,29660.06,29513.81,29516.98,0.010729399468398038,0.13694030019980336,2.844113934803683,20,-0.23651868343897461,7,3,1,-1.0,loss,8
1h,5min,2023-08-11 21:35:00+00:00,short,29412.18,29450.612436,29323.0,29431.03,29464.78,0.11474837975287788,0.13066843736166153,2.3204357902268353,6,0.05425584962919048,21,4,0,-1.0,loss,39
1h,5min,2023-08-12 03:50:00+00:00,long,29401.89,29375.679622,29460.73,29377.6,29396.76,0.06516587879214518,0.08914521481442099,2.2449123015318846,13,-0.07029154460131425,3,5,0,2.2449123015318846,win,149
1h,5min,2023-08-12 22:30:00+00:00,short,29422.28,29436.964456,29400.0,29429.12,29430.11,0.0033647970177756474,0.04990930682463318,1.5172506220179192,3,0.011806749071573554,22,5,0,-1.0,loss,26
1h,5min,2023-08-13 18:15:00+00:00,short,29399.96,29425.879992,29328.21,29403.87,29408.0,0.014047638160055383,0.08816335804538232,2.768133570411683,11,-0.0013358836290004639,18,6,0,-1.0,loss,7
1h,5min,2023-08-13 18:15:00+00:00,short,29399.96,29425.879992,29328.21,29418.57,29446.31,0.09435386986921616,0.08816335804538232,2.768133570411683,11,-0.0013358836290004639,18,6,0,-1.0,loss,7
1h,5min,2023-08-13 20:30:00+00:00,long,29434.52,29414.623096,29474.65,29420.0,29422.12,0.0072024276257910145,0.06759717501763605,2.016896699104485,4,0.10137101420431764,20,6,0,-1.0,loss,12
1h,5min,2023-08-14 02:50:00+00:00,short,29311.32,29367.852264,29102.45,29334.77,29367.2,0.11063984835892854,0.19286836621483203,3.694704319642924,2,0.18606920715310316,2,0,0,-1.0,loss,3
1h,5min,2023-08-14 03:40:00+00:00,short,29385.0,29435.827,29102.45,29376.71,29420.0,0.1473200612557457,0.17296920197380003,5.559053259094437,7,-0.0626445202254231,3,0,0,-1.0,loss,8
1h,5min,2023-08-14 18:40:00+00:00,long,29384.01,29251.123198,29695.32,29298.52,29319.99,0.07306695035837915,0.4522418893813243,2.3426705685942215,7,-0.17521354636342604,18,0,0,-0.3762600893954919,timeout,288
1h,5min,2023-08-14 21:00:00+00:00,short,29383.0,29406.7066,29257.0,29392.42,29480.1,0.2984038389544985,0.08068134635674147,5.314975576421454,8,0.13922448104095725,21,0,0,-1.0,loss,9
1h,5min,2023-08-15 10:35:00+00:00,long,29416.19,29392.116762,29457.44,29385.95,29401.34,0.052318128214426884,0.08183669605070276,1.713521047729631,6,0.01828742463283156,10,1,0,-1.0,loss,11
1h,5min,2023-08-15 22:00:00+00:00,short,29218.0,29248.923600000002,29059.6,29234.51,29302.66,0.2332466287904766,0.10583749743309567,5.122301413806663,7,0.4385508897334932,22,1,0,-1.0,loss,34
1h,5min,2023-08-16 07:25:00+00:00,short,29190.59,29218.438118,29111.0,29209.24,29223.16,0.04768660037360757,0.09540101107924871,2.8580028280548677,2,0.27602682814858376,7,2,1,2.8580028280548677,win,26
1h,5min,2023-08-16 22:15:00+00:00,short,28942.01,28983.558402,28840.9,28974.01,29106.01,0.4560844253733587,0.14355741705569292,2.433547263743046,1,0.7150636473455749,22,2,0,2.433547263743046,win,10
1h,5min,2023-08-17 02:10:00+00:00,short,28597.58,28653.419516,28342.0,28635.93,28723.08,0.3047460659258631,0.19525958490193923,4.577045402757462,2,1.5066910425147773,2,3,0,-1.0,loss,17
1h,5min,2023-08-18 20:35:00+00:00,short,26187.99,26318.567598,25619.0,26307.24,26322.0,0.05636171390014429,0.49861634283501655,4.357485577273387,22,1.4666796223912648,20,4,0,0.6997371785013439,timeout,288
1h,5min,2023-08-19 17:50:00+00:00,long,26101.78,26067.069644,26281.0,26051.36,26117.0,0.251477102327885,0.13298080054310318,5.163300543503595,7,0.01828702436333176,17,5,0,-1.0,loss,2
1h,5min,2023-08-23 01:15:00+00:00,long,26031.27,25988.913746,26187.99,25856.63,26030.56,0.6681579500347093,0.1627129755866774,3.7000439179534967,3,0.24390834483715126,1,2,0,-1.0,loss,34
1h,5min,2023-08-23 22:35:00+00:00,long,26456.0,26217.1388,26819.27,26185.0,26372.0,0.7068339885092229,0.9028621106743249,1.5208413924069768,10,0.9214825773341206,22,2,0,-1.0,loss,190
1h,5min,2023-08-23 23:30:00+00:00,short,26471.17,26535.284234000002,26222.43,26489.66,26538.71,0.18529592760727717,0.24220400533865416,3.879637710402679,3,-0.9062428060723419,23,2,0,-1.0,loss,15
1h,5min,2023-08-25 01:10:00+00:00,short,26119.93,26212.373986000002,25936.01,26168.0,26291.39,0.4723978969315745,0.3539212624229929,1.9895290971118211,17,0.32603966974668946,1,4,0,-1.0,loss,148
1h,5min,2023-08-25 09:40:00+00:00,short,26095.09,26133.969018,25974.22,26111.11,26121.71,0.04062066848590499,0.1489897831354467,3.1088748177744643,5,0.16335164007064765,9,4,1,-1.0,loss,29
1h,5min,2023-08-25 10:05:00+00:00,long,26089.99,26068.932002,26128.75,26064.99,26078.67,0.05243390281098862,0.08071294009694992,1.8406308140022611,1,-0.1763892084572417,10,4,0,1.8406308140022611,win,24
1h,5min,2023-08-25 19:30:00+00:00,short,25990.02,26071.818004,25777.15,26056.33,26060.01,0.01415928113943988,0.31472851502230553,2.602386239155645,8,0.30876854346853927,19,4,0,-1.0,loss,17
1h,5min,2023-08-26 20:30:00+00:00,short,26032.18,26049.196436000002,26004.77,26041.93,26050.01,0.03103850695561458,0.06536692662697363,1.610795586102584,2,0.045577948826736644,20,5,0,1.610795586102584,win,32
1h,5min,2023-08-28 14:45:00+00:00,long,26137.64,26075.372472,26253.99,26004.0,26090.0,0.3290274102788163,0.23822934281748587,1.8685501695201647,9,0.3884178684823926,14,0,1,-1.0,loss,13
1h,5min,2023-08-29 03:35:00+00:00,long,26084.68,26061.143064,26206.24,26067.53,26084.07,0.06340886681378062,0.09023279564863522,5.164648448719031,8,0.055817126859307745,3,1,0,-1.0,loss,16
1h,5min,2023-08-29 21:10:00+00:00,long,27689.19,27555.702162,28097.91,27550.0,27793.33,0.8787906038421556,0.48209369071466984,3.061851971862856,8,3.2435027067966824,21,1,0,-1.0,loss,15
1h,5min,2023-08-30 00:10:00+00:00,short,27702.31,27784.660462,27532.79,27733.32,27823.91,0.3270124404787909,0.29726929631499505,2.0585191131047145,4,-2.6044686699587887,0,2,0,2.0585191131047145,win,12
1h,5min,2023-08-31 20:20:00+00:00,long,26160.87,25922.767826,27179.74,26044.51,26052.0,0.02863054630829021,0.910146237491336,4.279129345538879,14,-2.9966808510024086,20,3,0,-1.0,loss,9
1h,5min,2023-09-02 19:55:00+00:00,short,25833.39,25851.236678,25763.2,25824.85,25843.93,0.07385790250525288,0.06908376330013871,3.93294483152506,7,0.07231793057439947,19,5,0,-1.0,loss,14
1h,5min,2023-09-03 08:35:00+00:00,long,25900.0,25882.82,25956.3,25880.05,25892.51,0.04810810810810474,0.06633204633204745,3.2770663562280746,2,0.10808120055829736,8,6,1,-1.0,loss,1
1h,5min,2023-09-03 23:40:00+00:00,long,25964.57,25922.747086,26135.0,25888.0,25929.8,0.16098860870794035,0.16107685973617245,4.075038865058494,6,0.1733871531463461,23,6,0,-1.0,loss,10
1h,5min,2023-09-04 06:05:00+00:00,long,25961.76,25907.017648,26108.02,25926.46,25975.67,0.18954801215325592,0.21085763060746837,2.6717887459422416,12,0.09541645684409475,6,0,0,-1.0,loss,54
1h,5min,2023-09-05 00:20:00+00:00,short,25776.26,25880.125252,25631.21,25842.23,25853.15,0.04236456336179839,0.4029492719269718,1.3965209461966621,9,0.3763012506679489,0,1,0,1.3965209461966621,win,33
1h,5min,2023-09-05 04:40:00+00:00,short,25702.65,25736.33053,25562.62,25694.29,25745.03,0.19741155094901872,0.1310391340970593,4.157594907206375,8,0.478778635442414,4,1,0,-1.0,loss,6
1h,5min,2023-09-06 02:10:00+00:00,long,25790.86,25767.961828,25828.8,25771.68,25778.71,0.02725771843202916,0.08878405760800945,1.656900821602568,4,0.08772491326354744,2,2,0,1.656900821602568,win,5
1h,5min,2023-09-08 02:45:00+00:00,long,26237.91,26129.252418,26443.14,26025.0,26159.99,0.5144845759437455,0.4141243795713905,1.8887775360213694,39,1.0174468357157889,2,4,0,-1.0,loss,76
1h,5min,2023-09-08 12:45:00+00:00,short,25854.67,25910.170934,25647.26,25896.24,26035.99,0.5405213062088977,0.214665025699432,3.7370542268709825,2,0.7060082823143128,12,4,1,-1.0,loss,9
1h,5min,2023-09-09 17:40:00+00:00,long,25885.38,25865.622924,25945.09,25859.5,25879.99,0.07915665136073569,0.07632523069007173,3.022208347024328,6,-0.0027285482146714645,17,5,0,-1.0,loss,6
1h,5min,2023-09-10 03:15:00+00:00,short,25850.47,25866.140094000002,25831.09,25858.81,25862.25,0.013307301569366785,0.06061821699953994,1.2367507176408652,2,0.1069764736242818,3,6,0,1.2367507176408652,win,2
1h,5min,2023-09-11 03:25:00+00:00,short,25735.92,25792.107184,25652.78,25756.57,25818.39,0.2402090152596049,0.21832203395099986,1.4796968646799638,3,0.25245430549046627,3,0,0,-1.0,loss,19
1h,5min,2023-09-11 16:40:00+00:00,short,25152.05,25255.52041,24951.0,25203.65,25605.0,1.5956949831127027,0.41137962909584597,1.9430675881152488,8,1.9679036816067086,16,0,0,1.9430675881152488,win,40
1h,5min,2023-09-12 05:45:00+00:00,long,25774.42,25607.545116,25990.0,25218.04,25742.82,2.0360496957836447,0.6474437989293149,1.2918660665556208,9,1.2965216346510706,5,1,0,1.2918660665556208,win,55
1h,5min,2023-09-12 18:15:00+00:00,long,25992.5,25877.2315,26567.0,25875.85,26031.63,0.599326728864105,0.44346830816581057,4.984015581013099,12,0.6141912089751291,18,1,0,-1.0,loss,59
1h,5min,2023-09-13 00:55:00+00:00,short,25919.51,25991.093902,25764.17,25970.01,26063.61,0.36111793780053014,0.2761776823713185,2.1700409681494524,3,-0.06922463675368218,0,2,0,-1.0,loss,72
1h,5min,2023-09-13 19:35:00+00:00,short,26141.91,26185.218382000003,26055.0,26164.41,26201.75,0.14283577596281277,0.16566647961072045,2.0067708832898457,1,-0.27044613638177106,19,2,0,-1.0,loss,1
1h,5min,2023-09-15 07:25:00+00:00,long,26575.88,26545.674824,26655.84,26520.51,26573.63,0.19988049313890122,0.1136563530539703,2.6472284087998856,16,0.22681598424608992,7,4,1,-1.0,loss,8
1h,5min,2023-09-15 13:05:00+00:00,long,26418.37,26328.846326000003,26690.0,26341.9,26342.08,0.0006813440798970227,0.33886902939127733,3.034169486833304,6,-0.40544362989827326,13,4,1,-1.0,loss,17
1h,5min,2023-09-16 01:10:00+00:00,long,26669.21,26566.086158,26888.0,26506.26,26591.73,0.3204819340355457,0.38667752813075784,2.121623823906784,14,0.6472865167369568,1,5,0,-1.0,loss,39
1h,5min,2023-09-16 07:25:00+00:00,long,26504.97,26462.149006,26725.2,26444.1,26469.13,0.09443511914936131,0.16155835679120376,5.143038015418132,7,-0.1003074973737079,7,5,1,-1.0,loss,31
1h,5min,2023-09-16 17:55:00+00:00,short,26566.98,26627.533396000003,26481.87,26621.36,26653.3,0.12022442897159817,0.22792728417005992,1.405536363311422,3,-0.13833406366391465,17,5,0,1.405536363311422,win,83
1h,5min,2023-09-16 17:55:00+00:00,short,26566.98,26627.533396000003,26481.87,26583.29,26604.75,0.0807769644874921,0.22792728417005992,1.405536363311422,3,-0.13833406366391465,17,5,0,1.405536363311422,win,83
1h,5min,2023-09-17 05:20:00+00:00,short,26530.41,26575.306082,26416.16,26559.68,26560.0,0.001206163040826391,0.16922498370737316,2.5447654875541654,6,0.0003527204875033292,5,6,0,-1.0,loss,55
1h,5min,2023-09-17 12:00:00+00:00,long,26583.45,26561.35331,26623.25,26553.99,26568.73,0.05544803251646405,0.08312198002893577,1.801174746081673,1,0.15717465261235003,12,6,1,-1.0,loss,5
1h,5min,2023-09-18 04:50:00+00:00,long,26619.58,26561.766084,26750.0,26489.38,26581.71,0.34684995029973464,0.2171856806155574,2.255858260837961,4,0.3168009769665159,4,0,0,2.255858260837961,win,32
1h,5min,2023-09-18 20:00:00+00:00,short,26795.02,26949.189004000003,26631.0,26842.93,27197.89,1.3247237732981694,0.5753643923385876,1.0638973836789996,5,0.25239535345028213,20,0,0,-1.0,loss,151
1h,5min,2023-09-19 06:15:00+00:00,long,26785.99,26745.522802,26860.0,26734.77,26787.37,0.19637131201795618,0.15107598412454457,1.8288886717581623,3,-0.1267091936778114,6,1,0,1.8288886717581623,win,15
1h,5min,2023-09-19 14:10:00+00:00,long,27077.1,26875.954579999998,27334.99,26874.73,27027.7,0.5649423313427258,0.7428617540283144,1.2821072436051595,3,0.46567008210894983,14,1,1,1.2821072436051595,win,15
1h,5min,2023-09-19 20:00:00+00:00,short,27141.32,27210.418264,27069.9,27199.48,27236.52,0.13647088645652045,0.2545869692409956,1.0336004968228731,1,-0.33682234853360615,20,1,0,-1.0,loss,2
1h,5min,2023-09-22 19:30:00+00:00,short,26592.02,26641.048404,26531.01,26628.71,26629.13,0.0015794211947866004,0.1843726200566959,1.2443807063350727,5,0.18957431528989305,19,4,0,1.2443807063350727,win,12
1h,5min,2023-09-24 11:05:00+00:00,long,26587.2,26569.59256,26611.8,26563.44,26581.82,0.06913101041102868,0.06622525124872032,1.3971366649552046,9,0.034654485336112255,11,6,0,1.3971366649552046,win,23
1h,5min,2023-09-24 16:45:00+00:00,long,26574.89,26557.855022,26628.8,26561.85,26563.43,0.005945462050837261,0.06410178179476822,3.164665079109633,3,-0.024164125922522275,16,6,0,3.164665079109633,win,12
1h,5min,2023-09-25 01:35:00+00:00,short,26267.76,26348.353551999997,26000.0,26248.39,26472.52,0.8532512859870847,0.30681547265544706,3.322350155258122,7,0.8749112086235241,1,0,0,3.322350155258122,win,129
1h,5min,2023-09-26 04:05:00+00:00,long,26363.83,26334.597234,26397.46,26299.74,26345.28,0.17273666231346974,0.11088209110740356,1.1504214141075886,1,0.28641977181065376,4,1,0,-1.0,loss,5
1h,5min,2023-09-27 23:10:00+00:00,short,26315.88,26367.863176,26211.9,26332.35,26536.86,0.777135326654484,0.19753538927825293,2.0002625464824186,9,-0.0029595001920039382,23,2,0,-1.0,loss,5
1h,5min,2023-09-28 01:20:00+00:00,long,26446.78,26344.460644,26557.75,26350.0,26362.5,0.04726473317356593,0.38688776478648806,1.0845455282185434,2,0.4434338510430903,1,3,0,-1.0,loss,21
1h,5min,2023-09-29 05:20:00+00:00,short,26970.77,26988.714154,26859.7,26961.15,27000.0,0.14404483075566082,0.0665318565246773,6.189759628678807,8,-0.48009494817727116,5,4,0,-1.0,loss,15
1h,5min,2023-09-29 09:10:00+00:00,long,27070.61,26987.215878000003,27244.89,26985.0,27039.56,0.20154699136813434,0.3080614806980629,2.0898355402075373,3,0.6325879935207265,9,4,1,-1.0,loss,4
1h,5min,2023-09-29 21:15:00+00:00,long,26899.43,26867.290114,26984.99,26882.91,26895.0,0.04494519028841929,0.11948166187908385,2.662112740536761,11,-0.030481435642427473,21,4,0,-1.0,loss,13
1h,5min,2023-09-30 17:35:00+00:00,long,27019.45,26965.31611,27094.99,26979.0,26979.73,0.002701757437696043,0.20035156156028702,1.3954290002067007,14,0.26522442481918257,17,5,0,-1.0,loss,49
1h,5min,2023-10-01 00:40:00+00:00,long,26990.29,26941.331942,27081.78,26954.4,26957.26,0.010596403373201784,0.18139137445355408,1.86874242438288,34,0.054897138756484325,0,6,0,1.86874242438288,win,64
1h,5min,2023-10-01 08:25:00+00:00,long,27115.75,27081.316850000003,27158.59,27072.75,27097.04,0.08957893475194628,0.12698579239002097,1.2441498962483462,3,0.3605979813591907,8,6,1,1.2441498962483462,win,9
1h,5min,2023-10-02 02:05:00+00:00,long,27939.05,27821.06219,28065.51,27187.99,27861.47,2.4105329279270395,0.42230430168527106,1.0718056382265295,11,2.179837472748141,2,0,0,1.0718056382265295,win,19
1h,5min,2023-10-02 09:25:00+00:00,long,28282.34,28232.493532,28484.28,28103.83,28252.84,0.5268658816773945,0.17624591175977564,4.051239899284334,2,2.0659673096034563,9,0,1,-1.0,loss,27
1h,5min,2023-10-02 23:55:00+00:00,short,27494.51,27623.978902,27281.44,27558.46,27821.3,0.9559726650884127,0.4708900140428054,1.645723387690419,11,1.333506507319713,23,0,0,-1.0,loss,44
1h,5min,2023-10-04 04:25:00+00:00,long,27418.22,27392.506356,27510.29,27355.74,27404.96,0.17951566513069603,0.09378305375038742,3.580589355596647,3,-0.1618055789282977,4,2,0,-1.0,loss,3
1h,5min,2023-10-04 13:30:00+00:00,long,27560.03,27495.727994,27643.09,27454.98,27507.31,0.18987642611420144,0.2333161683786196,1.2917170888883902,2,0.2616551046792629,13,2,1,-1.0,loss,2
1h,5min,2023-10-06 04:55:00+00:00,long,27527.87,27482.994426,27590.0,27470.0,27516.51,0.16895604345704335,0.16301869341869848,1.3844948256261629,5,-0.10999756907670022,4,4,0,-1.0,loss,3
1h,5min,2023-10-06 08:15:00+00:00,short,27621.47,27664.814294,27464.48,27617.57,27924.98,1.1129385945063743,0.1569224737133781,3.6219300284371125,6,-0.25500136389598177,8,4,1,-1.0,loss,3
1h,5min,2023-10-06 17:20:00+00:00,long,27882.6,27783.56348,28044.86,27706.58,27800.0,0.33504766413461534,0.3551911227790731,1.6383855167770998,2,0.9083911930377685,17,4,0,1.6383855167770998,win,51
1h,5min,2023-10-07 10:55:00+00:00,long,27947.1,27922.36058,28029.67,27918.03,27935.72,0.0632981597375124,0.08852231537439686,3.337588350899341,7,0.29956200092333324,10,5,0,-1.0,loss,33
1h,5min,2023-10-08 06:30:00+00:00,short,27929.45,27958.795889999998,27878.06,27941.7,27996.59,0.19653090196906642,0.10507149263589821,1.751182192804679,6,0.03949535709180032,6,6,0,1.751182192804679,win,20
1h,5min,2023-10-09 18:35:00+00:00,short,27633.33,27755.556666,27260.0,27608.0,27715.0,0.3872135569618283,0.44231609436864344,3.054407129128482,7,0.17697425380755666,18,0,0,2.2977800932572707,timeout,288
1h,5min,2023-10-09 19:05:00+00:00,long,27591.63,27524.471674,27750.03,27549.86,27565.31,0.05599524203535901,0.2434010821397673,2.3586055435627777,1,-0.31464867195669344,19,0,0,-1.0,loss,72
1h,5min,2023-10-10 10:25:00+00:00,long,27666.24,27632.936752,27735.0,27610.83,27642.69,0.11515840244282181,0.12037504192835805,2.064663482672863,10,0.08776800502931732,10,1,0,-1.0,loss,2
1h,5min,2023-10-11 11:05:00+00:00,short,27267.38,27337.453476,27017.0,27158.81,27420.0,0.9578844758828999,0.2569864651462581,3.5731066059861085,22,0.1257559576066336,11,2,0,3.5731066059861085,win,50
1h,5min,2023-10-11 12:05:00+00:00,long,27243.96,27170.931208,27332.0,27117.31,27219.0,0.3732570448642514,0.2680549817280503,1.205551914373773,5,-0.19036594085418668,12,2,1,-1.0,loss,5
1h,5min,2023-10-11 21:25:00+00:00,short,26712.34,26800.972468,26538.66,26793.81,27030.0,0.884198089721824,0.3318034586262371,1.9595527905191663,19,1.2059539820301848,21,2,0,-1.0,loss,23
1h,5min,2023-10-12 04:45:00+00:00,long,26845.34,26819.170932,26947.04,26807.84,26829.6,0.08105689851571408,0.09748085887531781,3.8862675583251063,9,-0.3237891952596791,4,3,0,-1.0,loss,2
1h,5min,2023-10-13 02:50:00+00:00,long,26805.16,26780.908968,26876.06,26765.6,26789.49,0.08912463122773025,0.09047150623238258,2.9235869219916535,10,0.08284326632667899,2,4,0,-1.0,loss,9
1h,5min,2023-10-13 18:20:00+00:00,short,26755.11,26812.451021999997,26685.96,26784.27,26833.19,0.18284357642333837,0.21431801999691602,1.2059429286071186,23,0.1516054413438877,18,4,0,-1.0,loss,30
1h,5min,2023-10-13 23:15:00+00:00,long,26810.23,26749.647954,27130.0,26780.73,26839.84,0.22047554235827363,0.22596615545632967,5.278296477474578,5,-0.034702784490365964,23,4,0,0.8783130236307888,timeout,288
1h,5min,2023-10-14 10:45:00+00:00,short,26877.68,26905.375536,26841.76,26897.18,26901.4,0.015700759887018387,0.1030428816772849,1.2969599144065254,2,-0.06416545799768174,10,5,0,-1.0,loss,32
1h,5min,2023-10-15 10:35:00+00:00,long,26900.02,26887.619996,26919.0,26882.52,26897.56,0.05591073909982548,0.04609663487238735,1.5306446675340453,3,0.08476547160764916,10,6,0,-1.0,loss,5
1h,5min,2023-10-15 15:10:00+00:00,long,26873.81,26846.605238,26965.28,26852.48,26857.15,0.017377513646192676,0.10123150383217418,3.3622790010070096,1,-0.004566141203569829,15,6,0,3.3622790010070096,win,26
1h,5min,2023-10-16 10:40:00+00:00,long,27776.99,27636.164602,27980.0,27275.0,27789.0,1.8504524788322996,0.5069858109176006,1.441572350464773,20,1.596868355488874,10,0,0,1.441572350464773,win,32
1h,5min,2023-10-16 21:30:00+00:00,long,28387.95,28224.69241,28808.51,28182.54,28231.04,0.17084713760592082,0.5750946792565192,2.5760517474256166,4,1.8254145329507105,21,0,0,-1.0,loss,78
1h,5min,2023-10-16 21:30:00+00:00,long,28387.95,28224.69241,28808.51,28241.63,28394.04,0.5368827266498633,0.5750946792565192,2.5760517474256166,7,1.8254145329507105,21,0,0,-1.0,loss,78
1h,5min,2023-10-18 09:50:00+00:00,short,28544.11,28604.708822,28469.99,28561.52,28621.03,0.20848434230388824,0.2122988665612623,1.2231260865103792,10,-0.2981141745641102,9,2,1,1.2231260865103792,win,1
1h,5min,2023-10-18 18:05:00+00:00,long,28357.21,28310.418558,28437.41,28285.61,28330.03,0.15664446537581891,0.16500721333303917,1.7139886392046713,1,-0.12650748522609784,18,2,0,-1.0,loss,9
1h,5min,2023-10-18 18:45:00+00:00,short,28320.23,28443.074046,28142.87,28418.48,28469.99,0.1818841160541494,0.433767826038143,1.4437818174761008,17,0.2477446038231572,18,2,0,1.4437818174761008,win,83
1h,5min,2023-10-20 13:00:00+00:00,long,29558.3,29374.08834,30207.55,29400.0,29651.68,0.8514698071269332,0.6232146639015128,3.524478309353474,7,1.4307141519949984,13,4,1,-1.0,loss,49
1h,5min,2023-10-21 05:20:00+00:00,long,29567.37,29535.946526,29631.79,29539.35,29553.53,0.047958272920453494,0.10627754176309649,2.050059773785782,4,0.3592289277351534,5,5,0,2.050059773785782,win,13
1h,5min,2023-10-21 09:15:00+00:00,long,29663.59,29628.627282,29730.88,29584.91,29651.78,0.22542787302548,0.11786408185927214,1.9246215354310574,3,0.4966611398303876,9,5,1,1.9246215354310574,win,5
1h,5min,2023-10-22 09:35:00+00:00,short,29911.01,29997.032202,29640.0,29882.79,30053.86,0.571929867965006,0.2875937723266453,3.150465736740825,6,-0.08613976823335881,9,6,1,-1.0,loss,157
1h,5min,2023-10-23 10:05:00+00:00,long,30494.36,30348.961128000003,30985.12,30398.0,30565.0,0.547642252534567,0.47680578310218,3.3752669002824547,27,0.7800265097163968,10,0,0,3.3752669002824547,win,75
1h,5min,2023-10-24 04:15:00+00:00,long,34475.07,34026.224986,35280.0,33760.0,34124.66,1.0577498464832806,1.3019408343478307,1.7933361737198728,4,7.196104223868652,4,1,0,-1.0,loss,19
1h,5min,2023-10-27 03:25:00+00:00,short,34097.54,34152.389508,33780.0,34054.48,34138.84,0.2474078775184172,0.1608606016739018,5.789295320570692,13,0.25142798821028617,3,4,0,-1.0,loss,16
1h,5min,2023-10-27 22:15:00+00:00,short,33799.88,33870.809976000004,33390.95,33675.99,33849.0,0.5118657226002047,0.2098527450393514,5.765263476191809,31,0.46110847612674144,22,4,0,-1.0,loss,4
1h,5min,2023-10-28 13:55:00+00:00,long,34129.55,33900.96409,34493.33,33916.1,34006.33,0.2643750064094112,0.6697595192435927,1.591436672540299,14,0.27858075593207043,13,5,1,1.591436672540299,win,278
1h,5min,2023-10-29 06:50:00+00:00,short,34090.0,34143.098,33930.0,34109.99,34126.1,0.04725726019360687,0.15575828688764487,3.0132961693473503,1,-0.08504097736512996,6,6,0,-1.0,loss,18
1h,5min,2023-10-29 11:05:00+00:00,long,34195.73,34145.160854,34300.0,34126.92,34166.22,0.11492662972834007,0.14788146356285312,2.0619292245906906,6,0.30434229520768175,11,6,0,2.0619292245906906,win,4
1h,5min,2023-10-29 14:15:00+00:00,long,34397.99,34320.780402000004,34511.62,34321.89,34328.14,0.01816966630899073,0.22445962104179346,1.4717082194886377,1,0.7241731245297816,14,6,1,1.4717082194886377,win,9
1h,5min,2023-10-29 20:45:00+00:00,long,34591.89,34504.341622,34750.11,34455.82,34557.27,0.293276834541267,0.25308931659992995,1.8072293698005697,16,0.8085583591484458,20,6,0,-1.0,loss,14
1h,5min,2023-10-30 02:40:00+00:00,long,34289.99,34174.612002,34720.0,34212.44,34253.8,0.12061829122726657,0.3364771993225904,3.726967077380003,8,-0.29045699129745023,2,0,0,-1.0,loss,56
1h,5min,2023-10-30 04:55:00+00:00,short,34322.23,34354.404446,34181.47,34328.54,34405.0,0.22277107285860834,0.09374229471685627,4.3749005033377735,3,0.15160013364867872,4,0,0,4.3749005033377735,win,29
1h,5min,2023-10-30 22:05:00+00:00,short,34480.01,34576.576002,34125.0,34464.66,34600.64,0.39437343550653237,0.2800637296798915,3.6763456355996142,8,-0.11814014801946057,22,0,0,-1.0,loss,31
1h,5min,2023-10-30 23:45:00+00:00,long,34483.06,34441.413388,34569.68,34438.45,34455.01,0.048023580273922756,0.12077411923418868,2.0798810717186127,9,0.11367433923451091,23,0,0,2.0798810717186127,win,11
1h,5min,2023-11-01 07:55:00+00:00,short,34451.28,34505.460256,34316.0,34494.2,34500.15,0.017270766137003807,0.15726630766694197,2.4968505132201613,7,-0.03395135432083252,7,2,1,-1.0,loss,58
1h,5min,2023-11-02 06:50:00+00:00,long,35249.67,35056.200066,35984.99,34720.43,35086.57,1.0387047595055483,0.5488560148222683,3.800693910403656,6,0.6432298154141411,6,3,0,-1.0,loss,82
1h,5min,2023-11-02 07:45:00+00:00,short,35232.73,35359.926545999995,35063.25,35262.24,35445.92,0.5213334305913856,0.3610181385319614,1.3324261179231545,9,-0.5421322467876527,7,3,1,-1.0,loss,21
1h,5min,2023-11-02 21:00:00+00:00,short,34862.15,35104.162430000004,34300.0,35023.34,35304.92,0.8076954519443056,0.69419823504862,2.322814576094276,12,0.37409818749209156,21,3,0,2.322814576094276,win,141
1h,5min,2023-11-03 02:45:00+00:00,short,34634.0,34718.656800000004,34366.7,34622.22,34706.51,0.24337356355027107,0.2444326384477805,3.157454569508762,9,0.7599098734480597,2,4,0,3.157454569508762,win,24
1h,5min,2023-11-03 19:05:00+00:00,long,34567.49,34316.456502,34848.79,34281.76,34334.75,0.1532943236549659,0.7262126871230659,1.1205675825781873,16,-0.08409793694568225,19,4,0,1.1205675825781873,win,132
1h,5min,2023-11-05 01:45:00+00:00,long,35024.69,34927.995062,35255.0,34884.39,35007.43,0.35129504358211555,0.27607649917815275,2.3818206491843075,20,0.6374769572989065,1,6,0,2.3818206491843075,win,26
1h,5min,2023-11-05 05:30:00+00:00,long,35201.1,35110.50978,35305.75,35085.29,35122.53,0.10579214854080686,0.25735053734115765,1.155201963302479,6,0.8944143462976466,5,6,0,-1.0,loss,8
1h,5min,2023-11-05 16:05:00+00:00,long,34911.26,34750.487748,35172.2,34754.94,34798.48,0.12471620903972205,0.46051689913226407,1.6230412695842005,26,-0.1780258982487838,16,6,0,1.6230412695842005,win,13
1h,5min,2023-11-05 19:45:00+00:00,long,35032.43,34975.953514,35278.54,34964.14,34996.22,0.09157229458533635,0.16121201412519645,4.357742795824841,1,0.12046340547858263,19,6,0,-1.0,loss,2
1h,5min,2023-11-06 11:25:00+00:00,long,35161.1,35050.51778,35276.33,34959.0,35086.78,0.3634129762720701,0.3145015940911877,1.0420300840406962,3,0.5464308059470202,11,0,0,-1.0,loss,22
1h,5min,2023-11-06 13:55:00+00:00,long,35030.36,34895.053928,35276.33,34922.54,34938.16,0.04458989288149656,0.3862537296219605,1.81787850585155,3,0.09376818057381861,13,0,1,-1.0,loss,51
1h,5min,2023-11-07 14:20:00+00:00,short,34779.43,34831.965886000005,34523.06,34786.93,34866.67,0.22927345272765529,0.15105447674100791,4.879902472758861,4,0.26238735896495413,14,1,1,-1.0,loss,7
1h,5min,2023-11-07 22:45:00+00:00,long,35409.43,35193.098114,35888.0,34859.0,35336.29,1.347917772186677,0.61094427670821,2.2122027817942653,7,1.0710312164152944,22,1,0,-1.0,loss,87
1h,5min,2023-11-08 12:30:00+00:00,short,35324.66,35444.154932,35185.95,35432.1,35457.63,0.07227245782407767,0.3382762410168821,1.1608023677524097,18,-0.2818218419510839,12,2,1,-1.0,loss,6
1h,5min,2023-11-09 22:20:00+00:00,short,36550.69,36754.350138,36139.57,36709.81,37059.71,0.9573006692896945,0.5571991609460705,2.0186571807194005,11,-0.29695682195168605,22,3,0,-1.0,loss,16
1h,5min,2023-11-11 05:40:00+00:00,short,37069.3,37138.76386,36900.1,37124.75,37229.18,0.2817155975429811,0.18738918727895104,2.4357989895754946,4,-0.06842328150651766,5,5,0,-1.0,loss,95
1h,5min,2023-11-11 16:05:00+00:00,long,37135.25,37013.89295,37274.3,37014.89,37059.63,0.12047852108171606,0.3267974498623241,1.1457925188524638,3,0.20720232909571648,16,5,0,-1.0,loss,53
1h,5min,2023-11-13 07:55:00+00:00,short,36960.29,37052.272057999995,36755.0,36957.41,37105.13,0.3996721887192819,0.24886725185325692,2.231848302415825,12,0.23856361736670548,7,0,1,2.231848302415825,win,46
1h,5min,2023-11-14 02:15:00+00:00,short,36372.44,36446.404488,36190.17,36427.02,36462.93,0.09872859780648065,0.2033531102120116,2.464290701235024,2,1.0068210966159798,2,1,0,-1.0,loss,6
1h,5min,2023-11-14 07:10:00+00:00,short,36645.14,36707.329028,36321.24,36605.47,36743.74,0.3773215220353826,0.16970607289261466,5.208314238325093,18,0.06629565039792201,7,1,1,-1.0,loss,6
1h,5min,2023-11-14 22:20:00+00:00,short,35472.0,35635.0844,34800.0,35485.96,36070.0,1.646481732070368,0.4597552999548933,4.120565792926859,8,2.031090464112691,22,1,0,-1.0,loss,8
1h,5min,2023-11-15 14:50:00+00:00,long,36136.98,35995.122604,36397.3,35879.94,36136.87,0.7109891308017446,0.39255465177224735,1.8350823245055718,20,0.622089054585367,14,2,1,1.8350823245055718,win,13
1h,5min,2023-11-15 17:40:00+00:00,short,36386.19,36562.267238,36002.35,36417.23,36462.24,0.12370077768514581,0.4839122700123262,2.1799524138378867,20,-1.0650330564729469,17,2,0,-1.0,loss,6
1h,5min,2023-11-16 13:50:00+00:00,long,36868.0,36672.6264,37544.0,36504.77,37174.89,1.8176196159270983,0.5299273082347808,3.460037589520813,24,-0.689340802607184,13,3,1,-1.0,loss,3
1h,5min,2023-11-16 23:00:00+00:00,short,36062.93,36280.532586,35500.0,36265.83,36305.22,0.10922573401550961,0.6033968565504824,2.5869637413224402,8,1.6274013901657784,23,3,0,-1.0,loss,19
1h,5min,2023-11-17 20:00:00+00:00,long,36370.88,36220.595824,36800.0,36206.0,36349.27,0.39391403232475214,0.4131991747243777,2.855390443768481,4,-0.02200542544978788,20,4,0,-1.0,loss,132
1h,5min,2023-11-18 09:30:00+00:00,short,36416.92,36486.503384,36178.58,36456.53,36487.0,0.08366989849773449,0.19107432479189626,3.425243014912573,10,-0.05844196337691206,9,5,1,-1.0,loss,20
1h,5min,2023-11-18 18:40:00+00:00,long,36672.52,36592.765496,36845.49,36568.76,36639.96,0.19415082465016612,0.21747756630849702,2.1687803362178526,20,0.5312752747129574,18,5,0,-1.0,loss,18
1h,5min,2023-11-19 02:10:00+00:00,short,36446.99,36504.979398,36388.27,36491.55,36498.34,0.01862979631512396,0.15910613743413426,1.0125988891968827,2,0.17360103886190997,2,6,0,-1.0,loss,20
1h,5min,2023-11-19 07:30:00+00:00,short,36598.0,36676.3196,36401.1,36611.78,36653.51,0.11402262418712279,0.21399967211323717,2.514057783747556,18,-0.21737486899023808,7,6,1,-1.0,loss,10
1h,5min,2023-11-19 13:10:00+00:00,short,36471.49,36522.794298,36384.02,36494.0,36530.52,0.1001330080015837,0.14066959699206902,1.7049253846139067,2,0.15579994126546495,13,6,1,-1.0,loss,26
1h,5min,2023-11-20 04:40:00+00:00,long,37192.82,37030.86143600001,37500.0,37033.98,37138.0,0.2796776367051404,0.4354565316638889,1.896657962465098,12,0.840539851477486,4,0,0,-1.0,loss,114
1h,5min,2023-11-22 01:15:00+00:00,short,36092.31,36183.698462,35632.01,36147.19,36287.0,0.3873678354197824,0.25320757247181636,5.036740852471972,2,2.2334407464403787,1,2,0,-1.0,loss,6
1h,5min,2023-11-22 05:15:00+00:00,short,36426.23,36487.125245999996,35940.02,36422.44,36719.88,0.8165544444209435,0.16717416542967187,7.984367121204571,12,0.821560434747486,5,2,0,-1.0,loss,15
1h,5min,2023-11-23 00:15:00+00:00,short,37408.55,37542.58171,37214.81,37487.57,37515.33,0.074207634350976,0.3582916472303675,1.4454788348220844,1,-1.31194275293888,0,3,0,-1.0,loss,113
1h,5min,2023-11-23 16:05:00+00:00,long,37098.29,36862.580342,37530.0,36638.43,37105.0,1.2576590457403825,0.6353652904217412,1.831532927683428,9,-0.3131184190057601,16,3,0,1.831532927683428,win,190
1h,5min,2023-11-25 00:50:00+00:00,short,37714.0,37782.6028,37580.0,37724.85,37777.61,0.13989499920454482,0.18190274168743856,1.9532730442489066,7,-0.1353117171684999,0,5,0,-1.0,loss,12
1h,5min,2023-11-25 23:00:00+00:00,long,37750.92,37704.209816,37888.0,37712.0,37739.01,0.07154792518964316,0.12373257128566917,2.93469192928064,10,0.028501452718249394,23,5,0,-1.0,loss,28
1h,5min,2023-11-26 22:25:00+00:00,short,37692.02,37755.538404,37163.72,37719.99,37736.3,0.04327175884976435,0.16851950094476814,8.317274470560964,4,-0.3533836577155581,22,6,0,8.317274470560964,win,109
1h,5min,2023-11-27 00:15:00+00:00,long,37476.93,37312.804614,37748.0,37329.68,37357.68,0.07471262987656674,0.4379371149130938,1.6516031225053764,13,-0.20044119663915916,0,0,0,-1.0,loss,28
1h,5min,2023-11-27 00:15:00+00:00,long,37476.93,37312.804614,37748.0,37386.49,37466.66,0.21391826918588458,0.4379371149130938,1.6516031225053764,14,-0.20044119663915916,0,0,0,-1.0,loss,28
1h,5min,2023-11-27 01:15:00+00:00,short,37492.98,37576.728596,37320.3,37558.64,37600.0,0.11031398411116047,0.22337140446024198,2.0618853120833833,2,0.14822223348370983,1,0,0,2.0618853120833833,win,16
1h,5min,2023-11-27 04:15:00+00:00,short,37280.01,37339.656001999996,37200.0,37332.0,37458.0,0.33798274195741895,0.1599945976409181,1.3414142996543177,1,0.604001733400038,4,0,0,-1.0,loss,3
1h,5min,2023-11-27 23:40:00+00:00,short,37241.72,37284.448344,36787.92,37151.09,37337.63,0.5008898622297812,0.11473246670668154,10.620584780913815,4,-0.272064705460351,23,0,0,-1.0,loss,10
1h,5min,2023-11-28 01:40:00+00:00,long,37210.22,37156.557956,37343.57,37084.0,37191.1,0.2878241515368588,0.14421318659229707,2.484996657972775,4,0.14449238856729094,1,1,0,-1.0,loss,4
1h,5min,2023-11-28 23:55:00+00:00,long,37818.87,37663.406226,38377.0,37568.28,37768.62,0.5297355526487274,0.4110746143393588,3.5900968157378252,4,0.6568648468879269,23,1,0,3.5900968157378252,win,119
1h,5min,2023-11-29 19:15:00+00:00,short,37863.23,37940.342646,37570.0,37890.27,38094.32,0.5389133468011126,0.20366103472945685,3.802618833751672,2,0.03923927341002211,19,2,0,-1.0,loss,100
1h,5min,2023-11-30 10:50:00+00:00,short,37710.74,37772.542148,37553.6,37737.9,37767.11,0.07745803980510362,0.1638847394668004,2.542630071692542,6,0.3179989561619806,10,3,0,-1.0,loss,9
1h,5min,2023-11-30 15:20:00+00:00,long,37726.25,37492.45475,37966.94,37457.0,37513.19,0.14894138696531548,0.6197150525164914,1.0294905478190828,16,-0.22628479250257055,15,3,0,1.0294905478190828,win,137
1h,5min,2023-11-30 18:50:00+00:00,short,37723.09,37814.914618,37520.01,37781.04,37826.23,0.11979400414971926,0.24341754082183092,2.2116073491313752,6,0.15041172756915064,18,3,0,-1.0,loss,79
1h,5min,2023-12-01 06:30:00+00:00,long,38111.97,38062.477606,38243.3,38067.77,38092.01,0.06360206517796177,0.12986049789606988,2.6535390468280773,6,0.661385533590588,6,4,0,2.6535390468280773,win,7
1h,5min,2023-12-01 15:55:00+00:00,short,38413.5,38454.2227,38219.0,38438.81,38508.89,0.1824358623921323,0.10601142827391007,4.776205899903677,1,-0.641554813243087,15,4,0,-1.0,loss,2
1h,5min,2023-12-01 19:45:00+00:00,long,38765.38,38617.856924,38999.0,38446.54,38703.18,0.6620340107590831,0.3805536692791292,1.5836166539803325,10,1.1393501705182414,19,4,0,1.5836166539803325,win,280
1h,5min,2023-12-03 03:25:00+00:00,long,39345.95,39266.99081,39555.53,38965.03,39286.54,0.8171361982618339,0.20067933294276571,2.654282547731522,3,0.6912446425202653,3,6,0,2.654282547731522,win,117
1h,5min,2023-12-03 20:40:00+00:00,short,39564.24,39645.852848,39430.01,39585.27,39650.0,0.16360733834392677,0.20627932698822046,1.6447165279661462,8,-0.3390577037730833,20,6,0,-1.0,loss,9
1h,5min,2023-12-04 08:00:00+00:00,long,41489.15,41300.11217,41750.0,40945.41,41336.77,0.9432827618786919,0.45563196642978016,1.3798825346228158,4,3.023490966759278,8,0,1,1.3798825346228158,win,12
1h,5min,2023-12-07 13:20:00+00:00,short,43255.28,43515.651056,42821.1,43428.0,43536.59,0.25104449676431756,0.6019405168571411,1.667543261797864,4,0.8890263319004983,13,3,1,-1.0,loss,19
1h,5min,2023-12-07 16:05:00+00:00,short,43625.68,43933.725136,42955.0,43633.99,43866.54,0.5330575936008399,0.7061096491791088,2.1772134068041216,13,-0.03494106851691521,16,3,0,-1.0,loss,271
1h,5min,2023-12-08 23:50:00+00:00,long,44199.36,44111.780128000006,44700.0,43970.0,44229.14,0.5862980821441744,0.19814737588959389,5.716381955890838,6,0.9245327093871769,23,4,0,-1.0,loss,15
1h,5min,2023-12-10 02:10:00+00:00,short,43748.9,43872.78978,43584.51,43794.83,43900.14,0.24071462368196153,0.2831837600488188,1.3269052540088655,10,0.3776014649021143,2,6,0,-1.0,loss,26
1h,5min,2023-12-11 21:20:00+00:00,short,41077.96,41298.215592,40222.0,41118.1,41291.1,0.4211504174014484,0.5361892167965531,3.8862123418868473,1,2.4434326856866204,21,0,0,-1.0,loss,11
1h,5min,2023-12-11 22:55:00+00:00,short,41286.28,41358.227256,40222.0,41347.84,41364.0,0.03914133218106231,0.17426432219129326,14.792502996917724,2,1.6725430188718502,22,0,0,-1.0,loss,16
1h,5min,2023-12-12 05:10:00+00:00,long,41538.01,41367.882398,41938.8,41297.9,41587.91,0.6981798116953654,0.40957090144665204,2.355819956834516,6,-0.7198369358024407,5,1,0,2.355819956834516,win,31
1h,5min,2023-12-12 10:50:00+00:00,long,41782.96,41703.213408,42104.12,41697.07,41778.06,0.19383499876504193,0.1908591253467822,4.02725673844495,9,-0.07280267895485487,10,1,0,-1.0,loss,9
1h,5min,2023-12-12 16:30:00+00:00,long,41345.62,41079.850876000004,42070.23,40937.36,41134.96,0.4779224498266044,0.6427987390199942,2.7264641922814348,4,-0.9555671090998508,16,1,0,-1.0,loss,10
1h,5min,2023-12-13 07:40:00+00:00,short,41145.72,41250.229144,40628.64,41145.45,41300.0,0.37561622448216464,0.25399760655542303,4.94770103561485,7,0.3196911827867428,7,2,1,-1.0,loss,10
1h,5min,2023-12-13 10:55:00+00:00,long,41143.26,41046.131348,41280.0,41064.0,41114.33,0.12232866330962044,0.23607427316162943,1.4078235122628777,16,-0.2715355487006734,10,2,0,-1.0,loss,10
1h,5min,2023-12-13 21:00:00+00:00,short,42777.52,42896.555504,41715.7,42550.0,43201.63,1.5233000884576697,0.27826649137211973,8.92019577621093,17,-2.623096411441356,21,2,0,-1.0,loss,10
1h,5min,2023-12-13 22:40:00+00:00,short,42997.52,43483.799503999995,41988.2,43236.59,43610.0,0.8684454359228242,1.1309477941983592,2.07559642489066,6,-2.7153851950113044,22,2,0,2.07559642489066,win,178
1h,5min,2023-12-13 23:05:00+00:00,long,43036.08,42887.002784000004,43475.2,42888.0,42933.55,0.10584142421894119,0.3464005457746102,2.945587607431585,1,2.7078956679906936,23,2,0,-1.0,loss,3
1h,5min,2023-12-14 21:05:00+00:00,long,42999.58,42798.010084,43420.0,42689.11,42839.63,0.3500499307202461,0.46877182521317734,2.085727911897316,24,0.7447038271667886,21,3,0,-1.0,loss,74
1h,5min,2023-12-15 07:35:00+00:00,short,42635.52,42713.627104,42479.14,42634.34,42700.0,0.15400304722448208,0.18319725899907505,2.002122623826797,4,0.30067133724607126,7,4,1,-1.0,loss,5
1h,5min,2023-12-15 11:35:00+00:00,long,42797.63,42692.540474,43026.33,42705.1,42796.06,0.21253513337070096,0.24554987273827106,2.17623971393698,12,0.048460751621107134,11,4,0,-1.0,loss,6
1h,5min,2023-12-16 05:10:00+00:00,short,42254.52,42419.440903999995,41605.0,42358.6,42597.79,0.5660696181142334,0.3903035793567143,3.9383727850533847,17,0.06463754079641336,5,5,0,-1.0,loss,89
1h,5min,2023-12-16 05:55:00+00:00,long,42266.09,42191.456782,42410.99,42198.0,42244.23,0.1093784639175358,0.1765794233627842,1.9414947376382778,8,-0.031021378442935725,5,5,0,-1.0,loss,5
1h,5min,2023-12-16 13:40:00+00:00,long,42349.66,42234.530068,42548.0,42261.1,42266.86,0.01360105370385981,0.2718556229259065,1.7227492152083486,1,0.17209527302530767,13,5,1,1.7227492152083486,win,27
1h,5min,2023-12-16 16:10:00+00:00,short,42488.85,42632.49777,42243.0,42614.07,42701.1,0.204830208395847,0.3380834501286884,1.7114780131984857,2,-0.43951955067978166,16,5,0,-1.0,loss,5
1h,5min,2023-12-16 17:45:00+00:00,long,42566.53,42453.796694,42724.43,42462.0,42485.39,0.05494927587472932,0.2648402535983128,1.4006508422630557,3,0.5419181346894275,17,5,0,-1.0,loss,3
1h,5min,2023-12-17 18:20:00+00:00,long,42006.16,41794.298768,42424.07,41861.09,42015.41,0.3673746898074163,0.5043575323238375,1.972564758803963,3,-0.05060180657263133,18,6,0,-1.0,loss,49
1h,5min,2023-12-18 04:35:00+00:00,short,41119.99,41202.223998,40801.0,41129.46,41192.0,0.15209147667594491,0.19998545233110063,3.8790525543946557,3,1.428984178753572,4,0,0,-1.0,loss,22
1h,5min,2023-12-18 16:15:00+00:00,long,41365.11,41138.556978,41750.0,41120.01,41254.92,0.3261444246129074,0.5476910903899447,1.6988958990800809,5,-0.025136114468784332,16,0,0,1.6988958990800809,win,45
1h,5min,2023-12-18 16:40:00+00:00,short,41357.02,41758.271404,40654.01,41748.78,41911.1,0.39248475833123303,0.9702135308588539,1.7520437137211626,23,0.04578314666352079,16,0,0,-1.0,loss,40
1h,5min,2023-12-19 03:50:00+00:00,long,43065.93,42985.006814,43497.0,42900.0,43031.11,0.30444019204972605,0.18790534884536336,5.326903466208063,9,2.38706711979228,3,1,0,-1.0,loss,8
1h,5min,2023-12-19 15:00:00+00:00,long,42458.01,42223.508398,43242.47,42041.06,42437.45,0.9336047544385604,0.5523141616858724,3.3452223494830795,2,-0.3139774280228239,15,1,0,-1.0,loss,25
1h,5min,2023-12-19 17:35:00+00:00,long,42081.1,41848.73378,43024.14,41735.5,41962.21,0.538745422529352,0.552186658618706,4.058421228352452,5,-1.1215896039343294,17,1,0,-1.0,loss,4
1h,5min,2023-12-20 05:05:00+00:00,short,42691.1,42888.618220000004,42206.0,42739.61,42830.76,0.21351054435233915,0.4626683781865667,2.455975960091101,3,-0.5837701052159545,5,2,0,-1.0,loss,15
1h,5min,2023-12-20 22:40:00+00:00,short,43600.0,43752.29,43230.17,43705.88,43738.0,0.0736697247706482,0.34928899082569004,2.4284588613828855,2,-0.74730504335025,22,2,0,-1.0,loss,99
1h,5min,2023-12-23 01:00:00+00:00,long,43878.34,43776.264332,44048.16,43775.54,43785.62,0.022972610176232162,0.23263338585734483,1.6636677802589628,5,0.2635752049704899,1,5,0,-1.0,loss,3
1h,5min,2023-12-23 13:15:00+00:00,short,43706.51,43778.261302,43490.01,43683.57,43785.04,0.2321622110756525,0.16416616655046795,3.0173668486184297,14,-0.11481012503361798,13,5,1,-1.0,loss,20
1h,5min,2023-12-23 20:30:00+00:00,long,43697.79,43624.030441999996,43850.0,43616.81,43642.27,0.058263816087722346,0.16879471021304554,2.06359696461289,2,0.003881043573520402,20,5,0,-1.0,loss,45
1h,5min,2023-12-24 07:30:00+00:00,short,43602.01,43642.300402,43401.0,43561.1,43758.32,0.45231859723898316,0.092404918947541,4.989029397125608,4,0.24740437478859953,7,6,1,-1.0,loss,3
1h,5min,2023-12-24 15:40:00+00:00,long,43732.5,43663.2535,43864.08,43667.54,43690.0,0.051357685931513464,0.15834105070599921,1.9001682395500081,2,0.09995045672629851,15,6,0,-1.0,loss,4
1h,5min,2023-12-25 06:40:00+00:00,short,43265.59,43343.783118,42720.43,43186.52,43458.0,0.6274732414373714,0.18072819069381205,6.9719690676611235,32,0.22183312734639607,6,0,0,-1.0,loss,73
1h,5min,2023-12-25 17:05:00+00:00,long,43569.57,43404.656086,43802.32,43248.0,43530.0,0.6472407232846227,0.37850709566331964,1.4113424049835128,5,0.4135409563178519,17,0,0,-1.0,loss,22
1h,5min,2023-12-26 08:50:00+00:00,short,42713.62,42845.592724,42545.0,42819.99,43368.2,1.2834547856163891,0.3089710588800464,1.2776882592800276,18,1.311151835215173,8,1,1,1.2776882592800276,win,10
1h,5min,2023-12-26 23:05:00+00:00,short,42443.5,42600.3787,41832.42,42434.2,42543.5,0.25751881913603475,0.3696177270960244,3.8952388055229767,11,0.4914052111851004,23,1,0,-1.0,loss,113
1h,5min,2023-12-27 01:05:00+00:00,long,42443.52,42334.10129599999,42591.89,42342.64,42404.1,0.1448042009710767,0.2577983729907495,1.355983891017372,5,-0.41973225258698915,1,2,0,-1.0,loss,1
1h,5min,2023-12-27 01:30:00+00:00,long,42421.1,42291.51578,42591.89,42234.04,42325.41,0.21538809696118824,0.3054711452555379,1.3179845508967436,3,-0.4532254242820367,1,2,0,-1.0,loss,14
1h,5min,2023-12-27 13:20:00+00:00,long,42923.66,42697.415268,43220.0,42741.1,42900.0,0.3701921038420336,0.5270863015875311,1.3098205530813776,8,0.6542055913120863,13,2,1,1.3098205530813776,win,84
1h,5min,2023-12-28 13:20:00+00:00,long,42876.11,42573.614778,43192.17,42485.0,42628.01,0.33354238525836893,0.7055099494800199,1.0448429496185565,4,-0.48501896454522625,13,3,1,-1.0,loss,17
1h,5min,2023-12-29 12:10:00+00:00,short,42815.75,42942.56315,42222.0,42933.42,43012.76,0.18530564103163855,0.296183413813846,4.682085414643447,10,-0.3637617791034217,12,4,1,-1.0,loss,29
1h,5min,2023-12-29 19:05:00+00:00,short,41999.25,42123.74985,41650.0,42049.47,42106.64,0.13612147835972846,0.29643350774121,2.805224263322402,5,1.266688920139178,19,4,0,-1.0,loss,4
1h,5min,2023-12-30 04:45:00+00:00,short,42004.01,42071.320801999995,41820.0,42011.1,42079.08,0.1618416908290499,0.16024851436801554,2.733736555390055,8,0.5728306183937713,4,5,0,-1.0,loss,3
1h,5min,2023-12-30 16:40:00+00:00,short,42438.77,42614.487754,41882.71,42351.1,42764.86,0.9749575682801412,0.41405006318516013,3.164506643989898,10,-0.7746990682751166,16,5,0,-1.0,loss,178
1h,5min,2023-12-31 00:25:00+00:00,short,42255.78,42363.911156,42079.97,42329.77,42339.24,0.022411135234046475,0.25589672229456684,1.6258958703816375,2,-0.11652394298950007,0,6,0,-1.0,loss,2
1h,5min,2023-12-31 06:10:00+00:00,long,42252.0,42183.5496,42325.66,42186.03,42194.65,0.02040140111711308,0.16200511218404226,1.076107663359189,2,0.10859540341037702,6,6,0,1.076107663359189,win,10
1h,5min,2023-12-31 13:20:00+00:00,long,42538.87,42344.252226000004,42899.0,42283.9,42369.15,0.20040494728703417,0.4575057447459193,1.8504476369152194,5,0.42438273755128286,13,6,1,-1.0,loss,114
1h,5min,2024-01-01 00:25:00+00:00,short,42419.73,42563.053946,42056.0,42345.65,42520.72,0.41270889748708844,0.33787095297399766,2.537817372122948,5,0.07430682345678528,0,0,0,-1.0,loss,13
1h,5min,2024-01-01 07:40:00+00:00,short,42446.72,42508.489344,42209.46,42399.99,42500.0,0.23561302263167103,0.14552206625152725,3.8410639426573963,32,-0.028317841319359695,7,0,1,-1.0,loss,4
1h,5min,2024-01-01 21:50:00+00:00,long,43605.96,43472.038808000005,43829.99,43208.86,43510.71,0.692221888934445,0.3071167152379958,1.6728495068951321,2,1.8029738885670474,21,0,0,-1.0,loss,5
1h,5min,2024-01-03 16:35:00+00:00,short,42961.98,43576.512396,40750.0,42820.92,43500.0,1.5806534056391295,1.4304098554116804,3.5994522248100016,9,2.9572604539543055,16,2,0,-1.0,loss,267
1h,5min,2024-01-03 17:30:00+00:00,long,42869.06,42591.426188,43567.92,42532.0,42773.34,0.5629701234410004,0.6476321430887453,2.5172006066753876,3,-2.9486813734132094,17,2,0,-1.0,loss,13
1h,5min,2024-01-04 04:15:00+00:00,long,43078.49,42946.884302,43220.56,42936.79,43002.15,0.151723052502538,0.30550211486057055,1.0795125299210098,3,-0.6622827191983236,4,3,0,1.0795125299210098,win,16
1h,5min,2024-01-04 09:35:00+00:00,short,42934.0,43092.966799999995,42699.83,42975.38,43086.59,0.2590254809707903,0.37025853635811873,1.4730748810443821,3,0.7178274543781149,9,3,1,1.4730748810443821,win,10
1h,5min,2024-01-04 16:05:00+00:00,short,43898.56,44338.769712,42927.33,43716.0,45045.95,3.029598237390924,1.0027885014907174,2.2062893514716193,15,-1.3587786198922414,16,3,0,-1.0,loss,38
1h,5min,2024-01-06 08:35:00+00:00,short,43634.75,43753.09695,43397.05,43700.34,43832.0,0.30173199113093,0.27122178997243984,2.0085012752757776,3,0.31847574059942224,8,5,1,-1.0,loss,14
1h,5min,2024-01-06 20:20:00+00:00,long,43866.11,43602.416778,44148.58,43740.27,43791.1,0.11587533063679854,0.601131994608142,1.0712069042108308,2,0.14387268244722662,20,5,0,1.0712069042108308,win,51
1h,5min,2024-01-07 20:35:00+00:00,short,44148.99,44278.749798,43700.0,44185.0,44277.12,0.2086570949867769,0.2939134009634176,3.460162599821564,12,-0.22205204100736947,20,6,0,3.460162599821564,win,35
1h,5min,2024-01-08 10:15:00+00:00,long,43887.98,43632.952404,44341.8,43650.0,43784.86,0.30728231283372026,0.5810875688514257,1.7794936983996033,5,0.03619547828510664,10,0,0,1.7794936983996033,win,18
1h,5min,2024-01-09 02:15:00+00:00,long,46678.02,46220.664396,47207.16,45668.88,46540.01,1.8662531101362154,0.9798093492397422,1.1569553217937842,20,2.3826025310133225,2,1,0,-1.0,loss,128
1h,5min,2024-01-10 10:40:00+00:00,short,45617.98,45740.223595999996,45320.53,45700.0,45734.56,0.07575960180612484,0.26797240035615993,2.4332562991685998,6,0.9865104286114954,10,2,0,2.4332562991685998,win,14
1h,5min,2024-01-10 18:05:00+00:00,short,46107.0,46643.0814,44800.0,46261.09,46591.6,0.7168325850738544,1.1626898301776363,2.4380625778099994,5,-0.7808631509978793,18,2,0,-1.0,loss,12
1h,5min,2024-01-11 01:45:00+00:00,long,46635.28,46287.132944,47695.93,46301.04,46381.86,0.1733022724426651,0.7465315014727083,3.046557429455892,20,1.2725895450717615,1,3,0,-1.0,loss,17
1h,5min,2024-01-11 07:30:00+00:00,short,46056.0,46176.201199999996,45618.1,46091.53,46304.96,0.4634141045683522,0.2609892305019886,3.6430584719621475,4,0.1422721078539712,7,3,1,-1.0,loss,8
1h,5min,2024-01-11 16:00:00+00:00,long,46901.09,46453.809782000004,48969.48,46354.0,46705.97,0.7504516419554453,0.953667000063309,4.624371740044271,3,0.6482447559691836,16,3,0,-1.0,loss,1
1h,5min,2024-01-13 02:20:00+00:00,short,42778.71,43005.845742,41500.0,42958.0,43213.73,0.5977973622860605,0.5309550989265421,5.62971722873984,27,3.6656394095081986,2,5,0,-1.0,loss,40
1h,5min,2024-01-13 10:15:00+00:00,long,42828.94,42619.064212,43254.96,42682.0,42769.63,0.2046046434957236,0.49003264615002107,2.0298673041789224,3,-1.965634623330729,10,5,0,-1.0,loss,9
1h,5min,2024-01-14 09:30:00+00:00,long,42931.99,42837.323602000004,43060.0,42815.17,42891.12,0.17690770914649975,0.22050316791742924,1.3522221475038085,13,-0.05915958286629324,9,6,1,-1.0,loss,1
1h,5min,2024-01-14 13:10:00+00:00,long,42797.0,42701.4406,43079.0,42698.99,42749.99,0.11916723134799169,0.22328527700539355,2.951044062645905,13,-0.31790411006657165,13,6,1,-1.0,loss,76
1h,5min,2024-01-14 22:10:00+00:00,short,42552.0,42657.5104,42000.0,42595.41,42632.59,0.08737544651248594,0.24795638277871593,5.231711755428888,2,0.6805949336855911,22,6,0,5.231711755428888,win,12
1h,5min,2024-01-15 06:35:00+00:00,short,42659.74,42833.211948000004,42176.28,42745.98,42836.0,0.21101863255612155,0.4066408937326055,2.786963572922943,18,-0.06306992883667754,6,0,0,-1.0,loss,86
1h,5min,2024-01-16 00:20:00+00:00,short,42539.01,42658.507802,42342.18,42639.99,42710.0,0.16457834820321873,0.2809134533220168,1.647143267120553,1,0.3279345214435527,0,1,0,-1.0,loss,3
1h,5min,2024-01-16 10:35:00+00:00,long,42895.71,42842.870857999995,43153.66,42791.14,42896.41,0.2454091563002549,0.12318048121829515,4.881797664314517,7,0.3284553858261324,10,1,0,-1.0,loss,10
1h,5min,2024-01-18 09:05:00+00:00,long,42770.39,42715.445922,42930.0,42689.95,42759.13,0.16174741450802832,0.1284628875256935,2.9049536512378875,4,0.10258330665038684,9,3,1,-1.0,loss,2
1h,5min,2024-01-18 23:35:00+00:00,short,41271.41,41375.244282,40683.28,41315.8,41370.0,0.13132577733592596,0.2515888892577117,5.664121604847486,13,1.9344453307040728,23,3,0,-1.0,loss,85
1h,5min,2024-01-19 20:50:00+00:00,short,41812.57,42205.222514,40280.0,42178.39,42611.1,1.034880180768604,0.9390776840553002,3.9031203044837626,8,-0.931215815795084,20,4,0,0.20099196410594738,timeout,288
1h,5min,2024-01-19 22:10:00+00:00,long,41628.26,41509.274348,42196.86,41250.0,41575.4,0.7816805218378126,0.2858290305672229,4.778727438498081,15,0.43932506915453373,22,4,0,-1.0,loss,28
1h,5min,2024-01-20 22:30:00+00:00,long,41753.47,41661.549306,41872.56,41684.94,41729.9,0.10767967309064162,0.22015102936354838,1.2955733341177345,2,0.3462263596545272,22,5,0,-1.0,loss,16
1h,5min,2024-01-21 17:40:00+00:00,short,41652.68,41698.330536,41525.0,41673.06,41757.25,0.2021238489336156,0.10959807628224884,2.796900347456982,3,0.08835049485717887,17,6,0,-1.0,loss,7
1h,5min,2024-01-23 16:00:00+00:00,short,39086.0,39467.8172,38555.0,39150.0,39328.0,0.45540602773371536,0.9768643504067894,1.3907178618459388,5,1.4947211829109628,16,1,0,-1.0,loss,12
1h,5min,2024-01-23 17:50:00+00:00,short,39401.1,39642.17022,38555.0,39492.57,39665.02,0.43767813588959975,0.6118362685305777,3.5097657437737166,6,0.5410923395959242,17,1,0,-1.0,loss,5
1h,5min,2024-01-24 02:20:00+00:00,long,39840.86,39693.371827999996,40250.0,39554.7,39784.34,0.5763931802676935,0.3701932438205522,2.77405295931111,5,0.6300152181973924,2,2,0,-1.0,loss,9
1h,5min,2024-01-25 02:00:00+00:00,long,40036.96,39917.782608,40178.84,39900.0,40012.0,0.279741518836595,0.2976684343666397,1.190494250788774,6,0.3303858045268444,2,3,0,-1.0,loss,11
1h,5min,2024-01-25 06:10:00+00:00,long,39952.5,39784.0195,40170.47,39792.75,39849.06,0.1409423690632568,0.4217020211501104,1.2937402251299346,13,0.08352484381286945,6,3,0,1.2937402251299346,win,24
1h,5min,2024-01-25 14:40:00+00:00,short,39936.94,40098.177388000004,39731.64,39965.03,40080.12,0.28817931468961766,0.40372995026659875,1.2732778826707436,8,0.0957407494378218,14,3,1,1.2732778826707436,win,13
1h,5min,2024-01-26 05:45:00+00:00,long,40137.38,40059.492523999994,40245.0,39959.45,40067.52,0.2692502599820908,0.1940522176584608,1.3817369046597139,21,0.40405053359828536,5,4,0,-1.0,loss,12
1h,5min,2024-01-26 14:05:00+00:00,long,41154.3,40906.26914,41500.0,40755.98,41091.93,0.8163181004172033,0.6026851629113026,1.3937781774412605,6,2.0773074347315004,14,4,1,1.3937781774412605,win,10
1h,5min,2024-01-27 02:00:00+00:00,long,41848.48,41699.630304,42048.0,41588.0,41752.83,0.39387332586512513,0.3556872220926656,1.3404125460893814,15,1.3697930704932049,2,5,0,-1.0,loss,59
1h,5min,2024-01-28 06:55:00+00:00,long,42413.27,42285.177346000004,42842.68,42244.0,42453.41,0.49373698373175073,0.30201079520629454,3.352339002984728,9,0.9420947794834303,6,6,0,-1.0,loss,76
1h,5min,2024-01-28 22:00:00+00:00,short,41890.01,42036.378002,41681.72,42025.0,42100.0,0.1790403010168773,0.3494102818309081,1.423056932894439,1,0.6069324086607946,22,6,0,1.423056932894439,win,8
1h,5min,2024-01-30 05:15:00+00:00,long,43464.04,43395.627192,43787.35,43310.97,43439.51,0.29573873022388364,0.15740094109981712,4.725869459999262,8,1.272727621394001,5,1,0,-1.0,loss,2
1h,5min,2024-01-31 11:20:00+00:00,long,42555.75,42346.48885,43091.1,42104.98,42518.0,0.9705386463638799,0.4917341369850102,2.5582866193748934,6,-1.1262874430984406,11,2,0,2.5582866193748934,win,50
1h,5min,2024-02-01 15:35:00+00:00,short,42737.58,42955.147516,41944.89,42707.68,43041.1,0.7801564805494327,0.5090777624750759,3.643420739335088,7,-0.6967763164410314,15,3,0,-1.0,loss,20
1h,5min,2024-02-01 16:40:00+00:00,long,42535.99,42355.492802,42946.6,42294.0,42516.11,0.5221695792198573,0.42433994835901856,2.2748829596790014,8,0.2015182006181326,16,3,0,2.2748829596790014,win,7
1h,5min,2024-02-02 01:30:00+00:00,short,43168.32,43441.263664,42872.91,43361.1,43474.13,0.2618355312414262,0.6322777073557612,1.0823112567287798,14,-0.9430594246031363,1,4,0,1.0823112567287798,win,144
1h,5min,2024-02-02 20:05:00+00:00,short,42982.23,43098.50644600001,42750.0,42990.0,43100.0,0.25591971379800443,0.27052213437972733,1.9972230661401211,13,0.008606569184062336,20,4,0,-1.0,loss,27
1h,5min,2024-02-03 05:55:00+00:00,long,43168.78,43086.926243999995,43311.79,43067.78,43132.46,0.14983050250667332,0.18961331777271462,1.7471403511403305,6,0.18847734992914253,5,5,0,-1.0,loss,9
1h,5min,2024-02-04 10:05:00+00:00,short,42907.72,42994.981544,42720.07,42960.09,43022.64,0.14577796256711592,0.20337026530424096,2.1504318099161708,7,0.1693958655445876,10,6,0,-1.0,loss,12
1h,5min,2024-02-04 13:15:00+00:00,long,43015.0,42954.926999999996,43119.04,42944.61,42994.43,0.11582006276880091,0.13965593397652903,1.73189286368242,3,0.06568473433633502,13,6,1,-1.0,loss,13
1h,5min,2024-02-04 15:05:00+00:00,long,42906.5,42841.4187,43119.04,42845.03,42872.3,0.0635568037476934,0.1516816799319404,3.26576143992218,2,-0.18042282895993964,15,6,0,-1.0,loss,27
1h,5min,2024-02-05 09:45:00+00:00,long,43000.99,42945.939802,43195.36,42843.75,42991.15,0.3427828056981978,0.12802076882415309,3.5307774914817305,7,0.4500852561465256,9,0,1,3.5307774914817305,win,3
1h,5min,2024-02-06 01:05:00+00:00,long,42625.09,42565.474982,42730.0,42530.23,42591.1,0.14280321754158254,0.13985898446196077,1.7597914673112933,1,-0.3267358828901345,1,1,0,1.7597914673112933,win,4
1h,5min,2024-02-06 12:10:00+00:00,short,42800.81,42904.290162000005,42670.61,42853.84,42950.0,0.22466864528966507,0.24177150385706977,1.2582121779050572,2,0.043211293517808,12,1,1,1.2582121779050572,win,8
1h,5min,2024-02-06 18:00:00+00:00,long,43226.17,43093.054765999994,43399.98,43093.83,43149.64,0.12911160068078592,0.3079505632814668,1.3057108099287809,12,0.7236698755841798,18,1,0,-1.0,loss,6
1h,5min,2024-02-07 05:35:00+00:00,short,42950.03,43018.550006,42788.0,42946.15,43001.1,0.12793937512964973,0.15953424479563535,2.3647108262074816,7,0.13439627607792776,5,2,0,-1.0,loss,2
1h,5min,2024-02-08 13:00:00+00:00,long,44737.01,44597.052598,44885.0,44545.99,44612.66,0.14902649953585528,0.31284478332369553,1.057393163099712,5,1.1121904806680518,13,3,1,1.057393163099712,win,10
1h,5min,2024-02-09 05:20:00+00:00,long,46048.01,45845.790398,46384.27,45500.0,46033.09,1.1576830355969703,0.4391494920193178,1.6628457215536752,14,1.872729024341844,5,4,0,1.6628457215536752,win,27
1h,5min,2024-02-10 07:30:00+00:00,long,47300.96,47245.929808,47504.0,47250.0,47275.06,0.05297989723675306,0.11634053938862625,3.6896109684663094,20,0.5587645468738849,7,5,1,-1.0,loss,2
1h,5min,2024-02-11 06:00:00+00:00,long,48275.22,48123.674956,48592.66,47776.2,48261.49,1.0052569413458932,0.3139189091214884,2.0946907376265322,12,1.3592513707477096,6,6,0,-1.0,loss,20
1h,5min,2024-02-11 22:50:00+00:00,short,48117.98,48240.093596,47971.18,48133.99,48242.26,0.2250094455336738,0.25377955599964,1.2021593402261956,10,-0.14613717569974893,22,6,0,-1.0,loss,12
1h,5min,2024-02-13 04:55:00+00:00,short,49902.46,49981.080492,49724.33,49959.24,49990.0,0.06164024779540335,0.1575483292807646,2.2656942925260912,2,-1.114744834244179,4,1,0,-1.0,loss,10
1h,5min,2024-02-13 14:30:00+00:00,long,49139.96,48390.172008,50116.45,48049.99,48669.39,1.2604812865130568,1.525821331559891,1.3023548128522187,2,-1.0187770909882865,14,1,1,-1.0,loss,32
1h,5min,2024-02-13 21:55:00+00:00,short,49525.0,49753.244999999995,48300.95,49651.3,49791.1,0.2822816759212431,0.46086824835940504,5.362877609586312,9,-0.29977219753548084,21,1,0,-1.0,loss,23
1h,5min,2024-02-13 22:35:00+00:00,long,49493.88,49305.791224,49743.34,49268.21,49341.94,0.1489679128005386,0.3800243100763102,1.3262886032072603,4,0.22635720163974657,22,1,0,1.3262886032072603,win,15
1h,5min,2024-02-14 11:15:00+00:00,long,51254.02,50974.549196,51686.0,50800.0,51238.36,0.8552694988607735,0.545266115711503,1.5457070785827347,3,2.7849343479411908,11,2,0,1.5457070785827347,win,8
1h,5min,2024-02-15 13:40:00+00:00,long,52218.62,52069.556276,52498.12,51981.1,52096.0,0.2200364544294764,0.2854608643430248,1.8750370143711201,17,0.837050475969486,13,3,1,1.8750370143711201,win,10
1h,5min,2024-02-17 11:40:00+00:00,short,51728.45,51810.34569,51500.0,51795.76,51905.03,0.21123772314847403,0.15831846885032286,2.7895240885079984,1,0.33311445274747775,11,5,0,2.7895240885079984,win,21
1h,5min,2024-02-19 01:50:00+00:00,long,52053.04,51894.419392,52428.78,51922.57,51975.05,0.10082024027799953,0.30472880738569247,2.3687968715893715,3,0.41924309346458066,1,0,0,2.3687968715893715,win,55
1h,5min,2024-02-21 13:15:00+00:00,short,51238.99,51452.507798,50625.0,51413.33,51530.29,0.2282636718639441,0.4167096150802363,2.875591663791867,2,0.916144216361673,13,2,1,-1.0,loss,116
1h,5min,2024-02-22 02:05:00+00:00,long,51339.12,51143.422176,51950.01,51129.18,51221.37,0.17957066657940832,0.38118655715174427,3.1215983270207,3,-0.1706998354219531,2,3,0,3.1215983270207,win,92
1h,5min,2024-02-23 01:20:00+00:00,short,51398.82,51493.369763999995,51184.04,51482.69,51545.26,0.12173431218848937,0.18395318024809865,2.2716079968217415,6,0.24621236378160033,1,4,0,-1.0,loss,2
1h,5min,2024-02-23 04:50:00+00:00,short,51216.0,51332.163199999995,50971.11,51169.99,51310.41,0.274172133708227,0.22681037175881644,2.1081547340294438,7,0.45268757181767305,4,4,0,2.1081547340294438,win,35
1h,5min,2024-02-25 10:15:00+00:00,short,51621.88,51690.314375999995,51531.73,51650.0,51681.46,0.060943150462554115,0.1325685465155423,1.3173204063407777,3,-0.2652672785266514,10,6,0,-1.0,loss,18
1h,5min,2024-02-25 17:15:00+00:00,long,51472.14,51269.505572,51780.0,51215.04,51407.07,0.3730756094461953,0.3936778770029721,1.5192877293290175,9,-0.1158923588343541,17,6,0,1.5192877293290175,win,34
1h,5min,2024-02-25 21:30:00+00:00,long,51737.61,51630.532478,51958.55,51579.99,51672.36,0.17853549864402823,0.20696263704488785,2.0633648955754054,3,0.32587827792756285,21,6,0,-1.0,loss,32
1h,5min,2024-02-26 11:10:00+00:00,long,51158.0,50891.2084,51598.06,50857.12,50922.0,0.1268227843152535,0.5215051409359178,1.6494522316294924,15,-0.6076400410696658,11,0,0,1.6494522316294924,win,43
1h,5min,2024-02-26 13:45:00+00:00,short,51246.2,51447.53924,50901.44,51374.66,51484.21,0.2137719479688165,0.39288618473174824,1.7123338699400712,7,0.3302329446739109,13,0,1,-1.0,loss,9
1h,5min,2024-02-27 05:05:00+00:00,long,55810.84,55506.277832,57073.84,54638.0,55592.0,1.7093453529816072,0.5457043255396206,4.146936595224176,14,3.617026437355137,5,1,0,4.146936595224176,win,89
1h,5min,2024-02-28 17:40:00+00:00,long,61243.0,58687.7514,64000.0,59433.49,59800.0,0.5984520679914472,4.172311284554968,1.0789556836074585,2,4.213573653523276,17,2,0,-0.11062720081325958,timeout,288
1h,5min,2024-02-29 02:00:00+00:00,long,61472.7,61008.805459999996,62647.04,60605.0,61264.34,1.0725736790477667,0.7546350493796452,2.5314805386586374,15,2.5125585979012155,2,3,0,2.5314805386586374,win,34
1h,5min,2024-02-29 16:50:00+00:00,long,62179.38,61488.564124,63531.88,61740.3,61811.1,0.11386411379463036,1.1110047671752286,1.9578299326751414,2,0.5753571376426448,16,3,0,-1.0,loss,8
1h,5min,2024-02-29 23:40:00+00:00,short,61379.84,61549.215968000004,60584.07,61474.81,61521.73,0.07644203699456618,0.27594722957897505,4.698246211646515,3,0.3737965514853356,23,3,0,-1.0,loss,9
1h,5min,2024-03-01 11:40:00+00:00,long,61981.11,61798.613778,62243.53,61772.82,61854.33,0.1315078093954788,0.29443845390958884,1.4379475757037643,2,0.5962431364726951,11,4,0,1.4379475757037643,win,11
1h,5min,2024-03-01 13:30:00+00:00,short,62461.47,62689.552294,61811.01,62406.7,62566.01,0.2550532352184554,0.3651567822531231,2.851865388551378,10,-1.2158011066921295,13,4,1,2.851865388551378,win,13
1h,5min,2024-03-02 05:45:00+00:00,long,61958.36,61739.908328000005,62426.7,61626.16,61822.82,0.3174067228377191,0.3525782025218156,2.1439066852278703,6,-0.14092397876860346,5,5,0,-1.0,loss,45
1h,5min,2024-03-03 06:15:00+00:00,long,61871.09,61750.945782,62100.0,61808.74,61905.01,0.15559771130588465,0.19418474444202294,1.9052935198264382,11,-0.07225729529090281,6,6,0,-1.0,loss,14
1h,5min,2024-03-04 02:20:00+00:00,long,63430.11,63087.313978,64268.24,63151.65,63251.1,0.1567867374027841,0.5404310697238304,2.44498169818316,2,1.3746720013151081,2,0,0,2.44498169818316,win,65
1h,5min,2024-03-05 17:40:00+00:00,long,64971.58,63357.565684,69000.0,63698.0,64000.11,0.46498792241161535,2.484185109858804,2.4959010338790555,7,-2.5287697548162793,17,1,0,-1.0,loss,18
1h,5min,2024-03-07 13:05:00+00:00,long,66729.32,66442.924136,67275.2,66469.05,66523.14,0.08105882092009406,0.42919044282184426,1.9060331122658236,20,0.5736684765707311,13,3,1,1.9060331122658236,win,16
1h,5min,2024-03-08 23:50:00+00:00,long,68204.66,67793.939068,69379.0,67932.99,68065.82,0.19475208878689776,0.6021889589362318,2.8592163401109696,23,0.5405782118468276,23,4,0,0.39696053280283017,timeout,288
1h,5min,2024-03-09 07:50:00+00:00,short,68421.8,68554.78436,68080.08,68428.57,68816.0,0.566237661096307,0.1943596339178481,2.569625480770788,13,-0.5822632368335572,7,5,1,2.569625480770788,win,30
1h,5min,2024-03-10 06:35:00+00:00,long,69279.99,69057.834002,69659.47,69140.0,69192.98,0.07647229741227722,0.3206640156847626,1.7081690497503133,3,1.0158069850253189,6,6,0,1.7081690497503133,win,28
1h,5min,2024-03-12 15:05:00+00:00,long,71891.74,70785.621652,73000.0,69371.81,71019.99,2.2925860467419588,1.538588922732992,1.0019361870308576,1,0.1427130572638161,15,1,0,-1.0,loss,15
1h,5min,2024-03-13 12:45:00+00:00,long,72973.48,72441.405304,73621.1,72210.0,72636.08,0.5838833504993893,0.7291343320888576,1.217159930492193,2,0.9756619395889298,12,2,1,-1.0,loss,10
1h,5min,2024-03-13 15:25:00+00:00,short,72660.07,73105.942014,71634.52,73030.74,73041.43,0.014712344758252744,0.6136410465885778,2.300099507927444,2,-0.45966466153672286,15,2,0,-1.0,loss,19
1h,5min,2024-03-14 14:55:00+00:00,long,71690.0,71200.662,73047.16,71270.82,71333.31,0.08716696889383552,0.6825749755893477,2.77346128851631,1,-1.5699528570030585,14,3,1,-1.0,loss,6
1h,5min,2024-03-15 19:35:00+00:00,short,69515.35,70663.90307,67520.01,69440.91,71604.01,3.1116868432655393,1.6522294284643528,1.737264086543272,10,-0.6522787621943723,19,4,0,1.737264086543272,win,14
1h,5min,2024-03-16 01:40:00+00:00,long,69377.44,69042.124512,70043.0,69192.37,69422.68,0.3319667027206505,0.48332064140736164,1.9848770003728038,4,0.5046443799067488,1,5,0,-1.0,loss,9
1h,5min,2024-03-16 05:30:00+00:00,long,69027.58,68586.194484,69880.0,68309.04,68801.1,0.7128455032032301,0.6394335655400273,1.9312369099125768,5,-0.027633075634484812,5,5,0,-1.0,loss,57
1h,5min,2024-03-17 18:00:00+00:00,short,68320.7,68707.41414,66892.0,68563.92,68842.07,0.40712404878756914,0.5660277778184304,3.6944602025672255,2,-1.711424746033521,18,6,0,-1.0,loss,55
1h,5min,2024-03-18 07:30:00+00:00,long,68278.36,68110.134328,68956.0,68150.0,68212.24,0.09115626092953205,0.24638212165611545,4.028160458173099,2,0.6403268576926529,7,0,1,-1.0,loss,7
1h,5min,2024-03-18 16:45:00+00:00,short,67381.11,68092.996222,66628.68,67816.97,68027.32,0.3121794817568393,1.0565071160151576,1.0569526094859671,6,0.6347361960019929,16,0,0,1.0569526094859671,win,4
1h,5min,2024-03-19 18:15:00+00:00,long,64697.66,64187.060468,65756.0,64150.0,64630.14,0.7421288497914753,0.7892086545324825,2.0727398551552065,2,-0.426858780377011,18,1,0,-1.0,loss,21
1h,5min,2024-03-19 20:30:00+00:00,long,64075.04,63534.564992,65756.0,63564.01,63969.58,0.6329609782529979,0.8435031925067877,3.1101530600282543,6,-1.2688758168551588,20,1,0,-1.0,loss,10
1h,5min,2024-03-20 14:40:00+00:00,short,64032.42,64366.376484,62640.0,64109.98,64386.3,0.4315314023739845,0.5215428122191885,4.169465384597801,28,-1.003113029882998,14,2,1,-1.0,loss,4
1h,5min,2024-03-21 05:30:00+00:00,long,66655.89,66058.868822,68240.47,66000.0,66913.93,1.371116641005008,0.8956765531148041,2.6541437027549026,21,1.4130580406280793,5,3,0,-1.0,loss,116
1h,5min,2024-03-21 06:15:00+00:00,short,67074.54,67343.414908,66072.2,66948.0,67500.0,0.8229650177250565,0.40085986128270507,3.7279045763539598,4,-1.9203131783546405,6,3,0,-1.0,loss,22
1h,5min,2024-03-21 18:25:00+00:00,long,65540.0,65086.902,67395.2,64776.72,65100.3,0.49371376258773536,0.6913304851998751,4.0944784571991155,2,-1.3218943194897599,18,3,0,-1.0,loss,3
1h,5min,2024-03-21 20:30:00+00:00,short,65355.16,65959.73103200001,64529.01,65867.92,66183.9,0.4834813349091272,0.9250547806783842,1.3665060948537007,3,1.3289709872499804,20,3,0,-1.0,loss,45
1h,5min,2024-03-23 15:15:00+00:00,short,64872.0,65427.6644,64204.09,64956.0,65344.41,0.5987328893821734,0.8565550622764851,1.2020025036694841,9,-0.7686332348885572,15,5,0,-1.0,loss,15
1h,5min,2024-03-23 21:40:00+00:00,long,65038.63,64659.922274,65999.0,64721.4,64733.15,0.01806618620349168,0.5822812165631418,2.535913407797762,19,0.4946034179785281,21,5,0,-1.0,loss,17
1h,5min,2024-03-24 02:00:00+00:00,short,64387.4,64736.037480000006,63861.66,64576.73,64744.55,0.26064105710123364,0.5414684860702635,1.5079847410553524,7,0.4404050281876917,2,6,0,1.5079847410553524,win,29
1h,5min,2024-03-24 05:10:00+00:00,short,64153.85,64319.66077,63772.29,64278.06,64380.0,0.158899271049208,0.25845801927710293,2.301177420501631,2,0.6162294126767716,5,6,0,-1.0,loss,2
1h,5min,2024-03-24 17:35:00+00:00,long,65204.0,64586.9692,65925.19,64583.44,64800.0,0.332126863382611,0.9463082019508012,1.1688071324802616,7,0.3836090360798934,17,6,0,1.1688071324802616,win,11
1h,5min,2024-03-25 02:05:00+00:00,long,66640.0,66416.672,67628.69,66450.0,66480.01,0.04503301320527425,0.33512605042015914,4.427075870468677,3,1.347579674715374,2,0,0,-1.0,loss,2
1h,5min,2024-03-25 06:45:00+00:00,long,67158.0,66915.13840000001,67740.0,66803.16,67034.01,0.34374162422941607,0.36162720748085003,2.3964266067588524,2,1.4429604824576967,6,0,0,-1.0,loss,12
1h,5min,2024-03-27 14:30:00+00:00,long,69820.88,68520.045824,71769.54,68000.0,69136.88,1.628280823730673,1.8631019488726066,1.4980079982154335,6,-0.4404033760661127,14,2,1,-1.0,loss,20
1h,5min,2024-03-28 18:30:00+00:00,short,70803.79,70990.150758,70450.0,70838.7,70974.96,0.19244732520675706,0.263207319834164,1.8984146866368454,5,-0.6623549732019925,18,3,0,1.8984146866368454,win,4
1h,5min,2024-03-29 10:10:00+00:00,long,69882.32,69552.023536,70498.08,69373.13,69610.0,0.338955546982406,0.47264667801528865,1.8642645838314797,6,-0.6907491212163495,10,4,0,1.8642645838314797,win,41
1h,5min,2024-03-29 14:45:00+00:00,short,70345.17,70650.109034,69566.0,70538.78,70580.34,0.05908010457576216,0.43348965394496236,2.555166486163952,14,-0.0439089795370824,14,4,1,2.555166486163952,win,10
1h,5min,2024-03-29 21:20:00+00:00,short,69429.45,69724.94589,69009.0,69591.43,70034.46,0.6381009787633539,0.4256059784428735,1.4228624296601524,33,0.7892509076718914,21,4,0,-1.0,loss,13
1h,5min,2024-03-31 03:35:00+00:00,long,69954.04,69750.719192,70165.86,69779.3,69838.25,0.08426961473561369,0.2906491290567199,1.0418018799139237,4,0.039456007369019656,3,6,0,1.0418018799139237,win,18
1h,5min,2024-03-31 07:40:00+00:00,long,70260.94,70149.397812,70460.0,70124.6,70185.2,0.08624991353658415,0.1587541925855343,1.7846162386556885,2,0.3736908901454226,7,6,1,1.7846162386556885,win,8
1h,5min,2024-03-31 16:00:00+00:00,long,70469.91,70275.626018,70759.1,70312.94,70340.17,0.03864060561450401,0.2756977864736993,1.488491212826749,8,0.3695543215425602,16,6,0,1.488491212826749,win,31
1h,5min,2024-04-01 07:15:00+00:00,short,69689.28,69799.937856,68888.0,69671.64,70417.61,1.0704228828307614,0.15878748639676757,7.2410584206507735,3,1.1140101046993605,7,0,1,-1.0,loss,47
1h,5min,2024-04-01 19:35:00+00:00,short,69232.0,69553.8464,68062.86,69021.66,69654.22,0.9136815345504935,0.46488097989368343,3.632602384242974,6,0.5436666848396479,19,0,0,-1.0,loss,4
1h,5min,2024-04-02 00:45:00+00:00,long,69316.0,69026.1368,69900.0,68980.25,69327.66,0.501197414738305,0.4181764671937317,2.0147435065920263,5,-0.4249331231653412,0,1,0,-1.0,loss,19
1h,5min,2024-04-04 15:00:00+00:00,short,67602.74,67941.210548,66108.85,67278.78,69250.0,2.9158877288109935,0.5006757832596689,4.4136484217823595,21,-1.931640919037686,15,3,0,-1.0,loss,16
1h,5min,2024-04-05 08:05:00+00:00,long,67132.0,66366.5736,68412.34,66431.34,66690.0,0.3853006017994451,1.1401811356729974,1.6727147116953403,33,-0.36062474124698196,8,4,1,-1.0,loss,47
1h,5min,2024-04-08 14:50:00+00:00,long,71696.01,71230.830798,72797.99,70850.0,71650.32,1.116268534329884,0.6488216038800477,2.3689365200811623,9,1.5920603081498452,14,0,1,-1.0,loss,123
1h,5min,2024-04-08 16:20:00+00:00,short,71665.27,72035.893054,71245.17,71985.38,72137.48,0.21223669428719275,0.5171585260196411,1.1334966766530674,6,-1.3423235102852695,16,0,0,-1.0,loss,28
1h,5min,2024-04-09 02:30:00+00:00,short,71438.18,71633.23763599999,70833.33,71439.8,71610.01,0.23826194900260877,0.2730439605264268,3.100878347566964,3,-0.30067029227616604,2,1,0,-1.0,loss,9
1h,5min,2024-04-09 08:35:00+00:00,long,70264.01,69562.557198,71339.79,69500.0,69632.73,0.18890182897331925,0.9983102330766488,1.533645595160085,6,-1.1910826947425406,8,1,1,-1.0,loss,72
1h,5min,2024-04-09 15:15:00+00:00,long,69165.97,68521.19680599999,70977.0,68434.88,68800.0,0.5278896544066328,0.9322115976975507,2.8087861233262976,6,-2.3327405011328213,15,1,0,-1.0,loss,19
1h,5min,2024-04-09 22:50:00+00:00,short,69302.19,69453.46043800001,68656.08,69360.0,69921.62,0.8103928606007911,0.21827656240013027,4.271224493975296,3,0.9419275062753911,22,1,0,4.271224493975296,win,30
1h,5min,2024-04-10 15:05:00+00:00,short,68415.66,68988.26313200001,67518.0,68313.1,68853.83,0.7903599848338756,0.8369474649517433,1.567682658082278,12,1.0354049805571897,15,2,0,-1.0,loss,17
1h,5min,2024-04-11 00:55:00+00:00,long,70520.01,70271.02599800001,71172.08,70036.81,70488.38,0.6403430742565224,0.3530685857815149,2.618923283272039,11,1.381365670720074,0,3,0,2.618923283272039,win,76
1h,5min,2024-04-12 00:20:00+00:00,short,70139.99,70350.40799800001,69804.87,70259.46,70383.8,0.1772740486561183,0.29999718847978796,1.5926394281158536,2,0.09947563416454433,0,4,0,-1.0,loss,9
1h,5min,2024-04-12 07:55:00+00:00,long,70764.01,70551.867198,71227.46,70367.29,70635.92,0.3796138743409322,0.299789118790735,2.1846133624653397,4,0.42569739946482327,7,4,1,-1.0,loss,22
1h,5min,2024-04-12 20:50:00+00:00,short,66963.99,67453.392798,65086.86,67335.22,67444.0,0.1624455173594029,0.7308447390903611,3.8355522438186425,7,3.7170654489758945,20,4,0,-1.0,loss,93
1h,5min,2024-04-13 06:40:00+00:00,long,67422.87,67245.145426,67929.0,67168.0,67300.3,0.1962242188741045,0.2635968685402929,2.8478335246988737,5,-0.9907104305642027,6,5,0,-1.0,loss,7
1h,5min,2024-04-13 23:25:00+00:00,short,64408.01,65620.97160199999,60660.57,64853.9,66444.0,2.468792313254203,1.8832465123514737,3.0894959855456645,5,3.0763387352784437,23,5,0,-1.0,loss,287
1h,5min,2024-04-14 00:35:00+00:00,long,63956.99,62875.208602,65608.09,62959.48,63651.15,1.0814611506889213,1.6914201215535614,1.5262787870567542,4,-3.4610670168829474,0,6,0,-1.0,loss,29
1h,5min,2024-04-14 10:00:00+00:00,long,64341.85,63895.44163,64887.99,63576.36,63921.0,0.5356389348456712,0.6938071721593293,1.2234089607235694,5,-1.0945968957031627,10,6,0,-1.0,loss,20
1h,5min,2024-04-15 03:05:00+00:00,long,65287.38,64923.952524,65867.45,63848.49,65057.01,1.851077497672604,0.5566580800148468,1.596109370663005,16,0.8043675668822995,3,0,0,-1.0,loss,12
1h,5min,2024-04-15 08:20:00+00:00,long,66233.63,66051.233274,66582.84,65512.2,66151.41,0.9650837497507028,0.27538385862288733,1.9145628743356926,3,1.7381507331708992,8,0,1,1.9145628743356926,win,12
1h,5min,2024-04-15 13:20:00+00:00,short,66070.47,66270.214094,65797.73,66243.12,66378.03,0.2041910705342394,0.30231977160143436,1.3654471305670401,1,-0.8820572326872164,13,0,1,-1.0,loss,5
1h,5min,2024-04-15 16:10:00+00:00,short,64537.02,64881.187404,63810.0,64792.88,65684.65,1.3817960606176065,0.5332867926036867,2.112402254107705,2,1.3221722807154002,16,0,0,2.112402254107705,win,15
1h,5min,2024-04-16 09:00:00+00:00,long,63417.77,63064.336445999994,63800.0,62888.0,63104.4,0.34122928005825726,0.5573099684836016,1.081476265267106,3,-0.5017143862467293,9,1,1,-1.0,loss,15
1h,5min,2024-04-17 01:20:00+00:00,long,63884.83,63568.383034000006,64365.0,63050.0,63613.71,0.8823847539392358,0.495339763759246,1.5173790606038058,14,0.9396887144438433,1,2,0,1.5173790606038058,win,47
1h,5min,2024-04-17 18:30:00+00:00,short,61529.14,61968.725827999995,59678.16,61538.35,62128.99,0.9599354062156555,0.7144351895703331,4.210736293345685,6,1.6548891644557466,18,2,0,-1.0,loss,103
1h,5min,2024-04-18 12:40:00+00:00,long,62257.33,61568.258534,63072.27,61710.14,61821.75,0.17927206322532718,1.1068117858571853,1.1826639763951474,2,0.6981714017462423,12,3,1,1.1826639763951474,win,17
1h,5min,2024-04-18 22:25:00+00:00,long,63416.4,63150.08672,63825.74,63219.0,63272.0,0.08357459584586951,0.41994386310166154,1.5370619144490025,2,1.2286287300008571,22,3,0,-1.0,loss,20
1h,5min,2024-04-19 04:25:00+00:00,short,62151.66,62504.740332,59600.01,61390.0,62654.56,2.03463592122881,0.5680947733334841,7.226825650543509,17,0.45316895625653997,4,4,0,-1.0,loss,2
1h,5min,2024-04-19 04:45:00+00:00,short,62346.87,62812.539374,59600.01,62776.0,63376.0,0.9623578537302674,0.746900965517591,5.898734495689674,2,0.1384118703316584,4,4,0,-1.0,loss,22
1h,5min,2024-04-19 05:40:00+00:00,long,62147.4,61727.25052,62800.07,61390.0,61766.79,0.606284414150875,0.6760531896748698,1.553423319719444,1,-0.4230504938788899,5,4,0,1.553423319719444,win,11
1h,5min,2024-04-20 11:25:00+00:00,short,63726.71,63936.795342000005,63277.0,63778.32,63922.36,0.22602767348259603,0.3296660725149718,2.1406062684753455,17,0.18171909306023998,11,5,0,-1.0,loss,19
1h,5min,2024-04-21 16:45:00+00:00,long,64560.01,64224.587998,65375.41,63984.79,64456.54,0.7307155001989621,0.5195507280745454,2.430967542791075,8,-0.42367221564491464,16,6,0,2.430967542791075,win,103
1h,5min,2024-04-23 07:45:00+00:00,long,66240.59,66006.751882,66646.0,66085.46,66133.35,0.07229706136373396,0.3530133381964135,1.7337207614714214,2,-0.10861459163113453,7,1,1,-1.0,loss,5
1h,5min,2024-04-23 09:30:00+00:00,short,66166.54,66322.533308,65963.4,66260.47,66304.0,0.06578853904103016,0.2357585994371243,1.3022353497368837,6,0.1877035143184092,9,1,1,1.3022353497368837,win,25
1h,5min,2024-04-23 16:40:00+00:00,long,66703.6,66315.09928000001,67130.0,66165.0,66420.0,0.3822882123303689,0.5824284146582738,1.0975526634802586,12,0.5599452073214419,16,1,0,-1.0,loss,41
1h,5min,2024-04-24 02:35:00+00:00,long,66625.23,66427.99495400001,66900.0,66433.31,66682.33,0.373762311965008,0.2960365705303938,1.3931094172788243,7,0.2670130557475368,2,2,0,1.3931094172788243,win,26
1h,5min,2024-04-24 14:45:00+00:00,long,65249.01,64719.290197999995,66737.0,64862.5,65509.24,0.9911874524992762,0.8118434318007381,2.8090133583489836,4,-1.8123760005889067,14,2,1,-1.0,loss,11
1h,5min,2024-04-25 01:10:00+00:00,short,64456.98,64754.361396,63656.01,64486.0,64766.33,0.434910230048013,0.46136414706366485,2.6934099132415437,9,1.25658593544737,1,3,0,2.6934099132415437,win,108
1h,5min,2024-04-25 09:20:00+00:00,short,64032.46,64204.806492,63708.2,64176.86,64195.7,0.029422577236602354,0.26915488175841473,1.8814424142731847,3,1.0976415636296624,9,3,1,1.8814424142731847,win,10
1h,5min,2024-04-26 02:55:00+00:00,long,64499.91,63877.920018,65297.94,63867.74,63971.48,0.16083743372665982,0.9643268990607993,1.283027095442818,21,0.10937348611239894,2,4,0,-1.0,loss,123
1h,5min,2024-04-27 02:45:00+00:00,short,62912.51,63337.702502,62391.24,63272.72,63756.25,0.7685752801787734,0.675847302865516,1.2259623524593726,3,1.5310696551082108,2,5,0,-1.0,loss,137
1h,5min,2024-04-28 05:45:00+00:00,long,63900.0,63797.22,64370.0,63698.74,63932.78,0.3662597809076696,0.16084507042253338,4.572874100019511,15,0.6495807070468359,5,6,0,-1.0,loss,35
1h,5min,2024-04-29 01:00:00+00:00,short,63217.83,63334.543566,62781.0,63164.7,63609.0,0.7028080527281668,0.18462127852221208,3.742752577708124,11,0.5093147823227647,1,0,0,-1.0,loss,7
1h,5min,2024-04-29 16:30:00+00:00,short,62882.14,63171.376428,61765.53,62764.84,63084.18,0.507838950773628,0.45996594263491,3.8605441497154223,25,-0.1062833970926394,16,0,0,-1.0,loss,11
1h,5min,2024-04-30 00:20:00+00:00,long,63880.39,63675.263922,64228.35,63172.58,63810.0,0.9978336074654495,0.3211096206519734,1.6963225904411685,4,1.3492071803247048,0,1,0,1.6963225904411685,win,5
1h,5min,2024-04-30 14:55:00+00:00,short,61247.87,61571.609574,60546.22,61337.78,61451.01,0.1848717351313657,0.5285727879189909,2.1673284836039324,2,2.019507529580729,14,1,1,2.1673284836039324,win,15
1h,5min,2024-05-01 09:55:00+00:00,short,57115.61,57664.763122,56552.82,57596.63,59500.55,3.3334494720445176,0.9614764194937182,1.0248325602708763,10,5.154899670271101,9,2,1,-1.0,loss,9
1h,5min,2024-05-01 23:10:00+00:00,long,58051.11,57816.389778,59264.16,57531.1,57857.71,0.5626249007124938,0.4043337362541449,5.168067709138348,2,-0.6585742828861186,23,2,0,-1.0,loss,17
1h,5min,2024-05-02 16:25:00+00:00,long,59150.94,58931.549812,59455.0,58788.75,58972.44,0.3105445154379665,0.37089890371988143,1.3859325376939415,3,1.4898122639013902,16,3,0,1.3859325376939415,win,28
1h,5min,2024-05-03 07:00:00+00:00,long,59336.09,59209.232782,59999.0,59131.1,59255.22,0.20918129253208734,0.21379436696957513,5.225638796524903,2,0.4928567886965299,7,4,1,-1.0,loss,7
1h,5min,2024-05-04 07:15:00+00:00,long,62974.16,62839.365168,63450.0,62884.62,62956.0,0.11334807800532373,0.21404784438570812,3.530105664584917,4,1.7377415261174465,7,5,1,3.530105664584917,win,39
1h,5min,2024-05-04 13:55:00+00:00,long,63730.01,63421.783998,64540.0,63300.0,63658.79,0.5629843773757464,0.48364342324754545,2.627909374109164,5,1.7579857965292485,13,5,1,-1.0,loss,26
1h,5min,2024-05-07 06:25:00+00:00,short,63507.99,63737.701598,62832.6,63470.58,63620.03,0.23532472055877865,0.36170503585454633,2.9401649976767583,17,0.1588077191866071,6,1,0,-1.0,loss,10
1h,5min,2024-05-07 08:55:00+00:00,short,64232.0,64435.256400000006,63243.92,64359.39,65111.1,1.1703045211109713,0.3164410262797448,4.8612491414783205,4,-0.8982346259485505,8,1,1,4.8612491414783205,win,58
1h,5min,2024-05-09 03:10:00+00:00,short,61549.95,61819.289990000005,60888.0,61763.37,61949.42,0.3022748190697078,0.43759579008595084,2.457674406240151,2,0.8485331144732926,3,3,0,2.457674406240151,win,93
1h,5min,2024-05-09 17:30:00+00:00,long,62044.73,61737.591054,62668.67,61571.42,61820.77,0.4018874769863589,0.4950282578391531,2.0314584266365947,6,0.5529823356724411,17,3,0,2.0314584266365947,win,42
1h,5min,2024-05-09 23:15:00+00:00,short,62984.96,63441.626992,62177.99,63393.52,63455.56,0.09849970532647932,0.7250413305017556,1.7670863323531028,5,-1.5399915474867736,23,3,0,-1.0,loss,153
1h,5min,2024-05-11 07:25:00+00:00,long,60944.0,60849.691199999994,61080.0,60880.26,60900.94,0.0339327907587298,0.15474665266475152,1.4420711534871733,3,-0.5578143482595865,7,5,1,-1.0,loss,12
1h,5min,2024-05-11 17:40:00+00:00,long,61117.99,61003.776402,61515.0,61000.01,61091.84,0.1502503600003771,0.1868739433348427,3.4760309363515547,4,0.05685507027233277,17,5,0,-1.0,loss,33
1h,5min,2024-05-12 13:25:00+00:00,long,61152.17,61077.769566,61366.59,61083.32,61110.0,0.043628868771133214,0.12166442172043214,2.8819724358061,16,0.18969898408930078,13,6,1,2.8819724358061,win,25
1h,5min,2024-05-13 10:40:00+00:00,long,62621.77,62366.315645999995,63295.48,62450.0,62767.18,0.5065011736333871,0.40793218396733494,2.637300908952223,6,1.6742434457677406,10,0,0,2.637300908952223,win,69
1h,5min,2024-05-13 22:05:00+00:00,long,62943.78,62827.411244,63193.59,62827.31,62990.84,0.2598032720627818,0.1848772920850896,2.146710238958005,8,0.8726246599919685,22,0,0,-1.0,loss,4
1h,5min,2024-05-14 08:20:00+00:00,long,61887.0,61391.9626,62780.73,61560.0,62334.36,1.2512482427650404,0.7999053112931651,1.8053787451210783,27,-0.8788025696273976,8,1,1,-1.0,loss,50
1h,5min,2024-05-14 08:20:00+00:00,long,61887.0,61391.9626,62780.73,61016.0,61460.0,0.7174366183528044,0.7999053112931651,1.8053787451210783,24,-0.8788025696273976,8,1,1,-1.0,loss,50
1h,5min,2024-05-14 14:35:00+00:00,short,61822.81,62312.364562,61142.77,62116.8,62487.18,0.5990992644947672,0.7918672121179946,1.3890995055214994,1,0.5605721980689852,14,1,1,-1.0,loss,229
1h,5min,2024-05-16 11:20:00+00:00,long,66172.85,65986.76543,66460.71,66000.0,66094.34,0.14256602216769643,0.2812098466365078,1.5469310539825563,3,1.2810621068153272,11,3,0,1.5469310539825563,win,7
1h,5min,2024-05-16 17:50:00+00:00,long,64970.0,64589.776,66393.29,64500.0,64720.0,0.3386178236108973,0.5852301062028659,3.74329342703245,5,-0.8073412615341995,17,3,0,3.74329342703245,win,161
1h,5min,2024-05-17 14:00:00+00:00,long,66112.0,65814.8076,66564.23,65700.0,65955.56,0.3865561471442366,0.44952867860600176,1.5216741747097033,4,0.46606001318979073,14,4,1,1.5216741747097033,win,11
1h,5min,2024-05-19 04:40:00+00:00,long,67088.57,66980.802286,67294.35,66970.0,67090.0,0.1788680247618931,0.1606349844690406,1.9094772670040685,8,0.263148650324107,4,6,0,-1.0,loss,22
1h,5min,2024-05-19 22:35:00+00:00,short,66341.99,66476.268398,65857.25,66300.0,66522.3,0.33508189911095954,0.2024033315853126,3.609962638964635,9,0.6240419809200854,22,6,0,-1.0,loss,27
1h,5min,2024-05-20 08:15:00+00:00,short,66865.96,67071.343192,66279.64,66899.99,67050.61,0.22525661786654277,0.3071565741372648,2.8547613574923134,3,-0.20326326296931135,8,0,1,-1.0,loss,22
1h,5min,2024-05-20 21:50:00+00:00,long,69566.01,68891.756798,70421.24,68766.0,69153.61,0.5571830265958916,0.969227934734208,1.2684107357046261,9,2.7477225031113104,21,0,0,1.2684107357046261,win,17
1h,5min,2024-05-21 02:30:00+00:00,long,71176.53,70691.764694,71979.0,69949.0,71125.37,1.6527498601013502,0.681074654805455,1.6553783657116734,16,3.5229303298439,2,1,0,-1.0,loss,136
1h,5min,2024-05-22 01:55:00+00:00,long,70159.58,69993.69808399999,70377.77,69806.12,70100.0,0.41887365916387276,0.23643516109989968,1.3153332518777106,23,0.17499577419663245,1,2,0,-1.0,loss,9
1h,5min,2024-05-23 15:00:00+00:00,long,67910.88,67597.367824,70096.12,67487.0,68030.77,0.8007111673416748,0.4616523537907384,6.9701918052457525,14,-2.2934348480758713,15,3,0,-1.0,loss,36
1h,5min,2024-05-23 19:45:00+00:00,short,67437.74,67703.487548,66764.7,67684.36,67799.3,0.17043868907825546,0.39406354364781404,2.532629200401916,2,2.1534085641343346,19,3,0,2.532629200401916,win,3
1h,5min,2024-05-23 22:05:00+00:00,short,67741.28,68379.35825599999,66312.16,68345.39,68946.17,0.8868742958503277,0.9419341589057564,2.2397252790886673,11,1.3570164975604952,22,3,0,-1.0,loss,206
1h,5min,2024-05-24 11:50:00+00:00,long,67379.29,67264.104142,67523.78,67228.84,67311.12,0.1221146735146643,0.17095142735994565,1.2544074638052258,3,-0.6757786173465133,11,4,0,1.2544074638052258,win,7
1h,5min,2024-05-24 19:15:00+00:00,long,68963.75,68724.53725000001,69220.0,68473.85,68840.0,0.53093110510956,0.3468673759764971,1.071222165206533,3,1.3912395639316015,19,4,0,1.071222165206533,win,8
1h,5min,2024-05-25 02:35:00+00:00,short,68704.01,68843.740802,68500.0,68788.0,68800.0,0.01746622940931687,0.20338085360666067,1.4600216779689472,3,-0.5196701870520058,2,5,0,-1.0,loss,5
1h,5min,2024-05-25 17:00:00+00:00,long,68958.78,68833.85824399999,69299.99,68811.89,68850.0,0.05526489882796735,0.18115424315802955,2.7313897188571166,13,0.22567419726659133,17,5,0,2.7313897188571166,win,73
1h,5min,2024-05-25 21:55:00+00:00,long,69139.01,69036.182198,69266.66,69044.0,69065.14,0.030576081433621075,0.14872617065242877,1.2413957851594357,1,0.3296679793988436,21,5,0,1.2413957851594357,win,14
1h,5min,2024-05-27 08:40:00+00:00,short,68689.27,68957.937854,68321.95,68784.4,68826.91,0.06188739522200383,0.39113511324257677,1.3671899876790168,6,0.18363013993215282,8,0,1,1.3671899876790168,win,35
1h,5min,2024-05-27 18:05:00+00:00,long,70231.0,70015.8838,70687.56,69500.0,70153.45,0.930429582378148,0.30629807350031185,2.1223878071479003,9,1.6001332922176452,18,0,0,-1.0,loss,7
1h,5min,2024-05-27 21:30:00+00:00,long,69736.77,69055.052646,70687.56,69045.8,69499.99,0.6512919941660652,0.9775579712108943,1.3946982490928095,21,0.6706176373618785,21,0,0,-1.0,loss,51
1h,5min,2024-05-27 21:35:00+00:00,short,69654.82,69791.700964,69069.0,69724.21,69882.11,0.2266892657248905,0.19651326928990168,4.279776989297232,5,-0.5499228294582803,21,0,0,-1.0,loss,4
1h,5min,2024-05-28 09:15:00+00:00,short,68065.74,68263.613148,67582.13,68134.0,68420.03,0.4202260931857919,0.2907088764479733,2.4440405627953297,6,0.9634285810322508,9,1,1,-1.0,loss,5
1h,5min,2024-05-28 10:35:00+00:00,short,68523.68,68916.414736,67582.13,68842.36,69100.0,0.3759868121501931,0.5731372512392987,2.3974197179236953,4,0.24613747164442318,10,1,0,2.3974197179236953,win,41
1h,5min,2024-05-29 09:10:00+00:00,short,67867.16,68046.903432,67602.34,67999.92,68465.6,0.6861639709102422,0.2648459608446897,1.473322263035473,1,0.8235950501389678,9,2,1,1.473322263035473,win,41
1h,5min,2024-05-29 23:50:00+00:00,long,67663.71,67562.527258,67826.09,67494.57,67605.94,0.16459339873618417,0.14953767979911906,1.6048191301238197,3,-0.27767266121392487,23,2,0,1.6048191301238197,win,5
1h,5min,2024-05-31 02:25:00+00:00,short,68524.09,68743.434818,68241.79,68657.41,69084.0,0.6225401898806632,0.32009884115206455,1.2870146765901977,2,-0.2875985452059977,2,4,0,1.2870146765901977,win,54
1h,5min,2024-05-31 11:55:00+00:00,short,68349.73,68474.669946,67876.0,68456.23,68486.0,0.04355540248659955,0.1827950834626539,3.7916616355829165,4,-0.05148890000358547,11,4,0,-1.0,loss,5
1h,5min,2024-05-31 20:50:00+00:00,short,67630.02,68012.526004,66670.0,67548.38,68025.02,0.7047757785669727,0.5655861169344549,2.5098168132284164,17,0.47642648231178525,20,4,0,-0.2979822507570295,timeout,288
1h,5min,2024-05-31 21:50:00+00:00,long,67648.59,67486.470282,67999.0,67444.47,67600.0,0.229908709109826,0.23964981088297885,2.1614273965120008,5,-0.41129392976469725,21,4,0,-1.0,loss,15
1h,5min,2024-06-02 12:15:00+00:00,short,67954.14,68333.670828,67367.2,68078.34,68320.77,0.3567553058577558,0.5585102364624182,1.5464883395453668,5,-0.31049885519722203,12,6,1,-1.0,loss,26
1h,5min,2024-06-02 21:25:00+00:00,short,67827.83,67915.685566,67257.47,67879.28,67980.0,0.14849361980178513,0.12952731349358862,6.492018957569646,4,0.00040726109116643027,21,6,0,-1.0,loss,12
1h,5min,2024-06-03 03:35:00+00:00,long,68407.98,68187.318404,68793.97,67873.87,68404.51,0.7756989754704048,0.3225670396933089,1.7492395912881065,7,0.6866855858000488,3,0,0,1.7492395912881065,win,31
1h,5min,2024-06-03 15:05:00+00:00,long,69144.9,68486.17102,70288.0,68600.0,68632.01,0.04629408676561072,0.9526790551436185,1.735311538897235,2,0.6549547940162672,15,0,0,0.6920600335512865,timeout,288
1h,5min,2024-06-04 17:45:00+00:00,long,70525.14,70346.29497199999,70999.0,70089.99,70388.17,0.4227995860766714,0.25359046150069414,2.6495564640464724,2,1.666056811043572,17,1,0,2.6495564640464724,win,7
1h,5min,2024-06-06 13:25:00+00:00,long,71165.83,70985.766834,71443.6,71000.0,71052.97,0.07443178840182312,0.25301913291815353,1.5426253251594664,4,0.2353338552592113,13,3,1,1.5426253251594664,win,3
1h,5min,2024-06-06 21:05:00+00:00,short,70668.67,70794.133734,70117.64,70742.49,70871.57,0.18265519925591034,0.17753798677689064,4.391946440873338,1,0.4684869824835251,21,3,0,-1.0,loss,2
1h,5min,2024-06-07 06:50:00+00:00,long,71272.44,71148.125512,71449.98,71015.2,71170.0,0.21719475297885538,0.17442154078070515,1.4281521233469459,1,0.3946396776745984,6,4,0,-1.0,loss,9
1h,5min,2024-06-07 23:05:00+00:00,short,69379.99,69599.83599800001,68800.0,69448.0,69800.37,0.5078841896633242,0.3168723402814043,2.638164921246344,3,1.5223260749905945,23,4,0,0.28360761882053726,timeout,288
1h,5min,2024-06-08 06:50:00+00:00,short,69333.81,69428.756762,69232.15,69342.79,69411.3,0.09881182066874634,0.13694150371947952,1.070705286400353,7,0.8678742681909672,6,5,0,-1.0,loss,5
1h,5min,2024-06-09 07:10:00+00:00,short,69361.21,69439.572242,69130.24,69424.47,69427.88,0.004916292550264755,0.11297704004873664,2.94746543877644,1,0.08150455482617769,7,6,1,-1.0,loss,64
1h,5min,2024-06-10 16:00:00+00:00,short,69970.01,70209.93400200001,69201.59,69887.99,70779.0,1.2734169967961915,0.3428954805065975,3.2027641819677237,9,-0.6208068190298298,16,0,0,3.2027641819677237,win,118
1h,5min,2024-06-10 19:25:00+00:00,long,69758.05,69486.04839,70195.94,69512.9,69612.26,0.14243517414836077,0.38992146426112345,1.6098801768121473,4,0.1991536595039485,19,0,0,-1.0,loss,5
1h,5min,2024-06-12 01:50:00+00:00,long,67053.77,66891.589246,67588.22,66805.98,67070.51,0.39450429110846236,0.24186671979815733,3.2953971838113056,7,-0.7127916995243726,1,2,0,3.2953971838113056,win,7
1h,5min,2024-06-12 06:05:00+00:00,long,67349.11,67182.500178,67624.89,67240.0,67317.77,0.11547294388894534,0.24738236630001278,1.6552445509485105,5,-0.21970138684639573,6,2,0,1.6552445509485105,win,45
1h,5min,2024-06-12 11:00:00+00:00,short,67916.44,68072.59328799999,67229.78,68056.28,68170.0,0.16744104961921025,0.22991971899585253,4.39734576706487,1,-0.5924800294916912,11,2,0,-1.0,loss,18
1h,5min,2024-06-12 12:15:00+00:00,long,67849.23,67702.650154,68059.01,67532.64,67753.32,0.3252505592178534,0.21603759688944632,1.4311653731714828,7,0.4493188210695026,12,2,1,1.4311653731714828,win,3
1h,5min,2024-06-12 19:15:00+00:00,long,69180.01,68561.163998,69999.0,68015.4,69084.0,1.5446658651827399,0.8945445396726471,1.3234148679205928,15,1.147549589842203,19,2,0,-1.0,loss,2
1h,5min,2024-06-13 17:05:00+00:00,short,66852.0,67093.5004,66251.78,67019.42,67150.0,0.1953269909651196,0.3612463351881835,2.4853789062046694,1,1.2513412985201529,17,3,0,-1.0,loss,150
1h,5min,2024-06-14 20:40:00+00:00,short,65762.47,65983.38249399999,65078.0,65753.23,66344.67,0.899357946865442,0.3359248732597624,3.098376138019765,4,1.1721941751300824,20,4,0,-1.0,loss,9
1h,5min,2024-06-14 22:00:00+00:00,short,65940.0,66640.708,65078.0,66520.0,66561.3,0.06263269639066259,1.0626448286320878,1.2301843278512612,5,0.813075868976621,22,4,0,-0.2667159501532732,timeout,288
1h,5min,2024-06-17 00:10:00+00:00,long,66665.53,66536.03689399999,66998.7,66541.53,66631.4,0.13480729846443185,0.19424297084266634,2.572878281257499,2,0.25596463449453527,0,0,0,-1.0,loss,11
1h,5min,2024-06-17 04:20:00+00:00,long,66332.0,66141.7336,66913.69,66164.3,66166.01,0.0025779412651387727,0.286839534462994,3.057239743854003,5,-0.21144028882506266,4,0,0,-1.0,loss,30
1h,5min,2024-06-17 05:45:00+00:00,short,66394.02,66580.958804,66155.0,66480.0,66549.37,0.10448230126748664,0.2815597007079709,1.2786002418204003,7,0.11220737647626194,5,0,0,1.2786002418204003,win,6
1h,5min,2024-06-17 20:20:00+00:00,long,66514.5,66150.7071,67298.81,66056.65,66550.03,0.741763074216907,0.5469377353810077,2.1559244284316623,4,0.4728975596504845,20,0,0,-1.0,loss,52
1h,5min,2024-06-20 10:20:00+00:00,short,65674.08,65980.524816,65070.91,65966.11,66392.79,0.6496931513924412,0.46661455478326136,1.9682826026333973,34,-0.5718849181049614,10,3,0,-1.0,loss,7
1h,5min,2024-06-20 18:35:00+00:00,short,65062.76,65230.222552,64559.15,65188.99,65864.88,1.0388277410918423,0.2573861791291934,3.007299208004479,3,0.3221841758355225,18,3,0,3.007299208004479,win,112
1h,5min,2024-06-21 01:40:00+00:00,short,64903.64,65028.380728000004,64635.49,64940.0,64970.0,0.0462223690381618,0.19219373212350543,2.149658770630168,7,0.3649838891252967,1,4,0,-1.0,loss,4
1h,5min,2024-06-21 20:30:00+00:00,short,64189.3,64472.97786,63465.17,64372.15,64562.5,0.2965447512280061,0.4419394821255196,2.5526489800790744,5,0.13705245133984173,20,4,0,-1.0,loss,122
1h,5min,2024-06-21 21:35:00+00:00,long,64035.85,63815.28283,64460.14,63891.68,63944.12,0.0818916278928168,0.34444326107953915,1.9236316991327262,3,-0.3510362443429121,21,4,0,1.9236316991327262,win,104
1h,5min,2024-06-22 04:40:00+00:00,long,64294.64,64240.211072,64367.17,64221.45,64271.95,0.07854465006725288,0.08465546739199595,1.332563448613158,4,0.09611939517876168,4,5,0,1.332563448613158,win,10
1h,5min,2024-06-23 12:10:00+00:00,short,64318.15,64357.76363,64252.85,64341.46,64395.43,0.0839109955743459,0.06159012658168779,1.6484225252773652,2,0.054186907191326183,12,6,1,-1.0,loss,6
1h,5min,2024-06-24 08:10:00+00:00,short,62389.06,62608.717811999995,62160.72,62426.0,62634.0,0.3333917837518309,0.35207745075819,1.0395259696022054,7,1.660685296846289,8,0,1,-1.0,loss,2
1h,5min,2024-06-25 01:00:00+00:00,short,60380.01,60676.376002000005,59342.02,60548.46,60670.36,0.20188800896190884,0.49083463550271433,3.5023922885729535,2,1.3807573601850345,1,1,0,-1.0,loss,18
1h,5min,2024-06-25 06:10:00+00:00,long,61024.01,60919.695198,61598.87,60725.05,61160.05,0.7128341778916201,0.1709405887944774,5.510819068611148,7,-0.18798801490831338,6,1,0,-1.0,loss,13
1h,5min,2024-06-25 13:00:00+00:00,long,61106.06,60941.00878800001,61583.18,60911.63,61156.38,0.40053310588180613,0.2701061269536789,2.8907391482834313,16,-0.022265261893030682,13,1,1,2.8907391482834313,win,16
1h,5min,2024-06-26 03:40:00+00:00,long,61940.0,61838.362,62487.81,61861.15,62012.73,0.24472069744914715,0.16409105586050857,5.389814833034918,8,0.48002775820238913,3,2,0,-1.0,loss,5
1h,5min,2024-06-27 07:35:00+00:00,short,60785.02,60926.667004,60606.63,60853.06,61013.24,0.2635188735645728,0.23302946021899118,1.259398327973051,4,0.5613031333665147,7,3,1,-1.0,loss,19
1h,5min,2024-06-27 08:40:00+00:00,long,60786.0,60594.472799999996,61300.0,60511.0,60624.22,0.18625999407758556,0.31508439443293534,2.6836919246978446,23,-0.5133146754637372,8,3,1,2.6836919246978446,win,15
1h,5min,2024-06-27 11:30:00+00:00,long,61228.0,61083.7544,61455.15,60866.0,61110.0,0.3985104853988371,0.23558763964199714,1.5747447409140958,6,0.20565207323497123,11,3,0,1.5747447409140958,win,8
1h,5min,2024-06-28 00:25:00+00:00,short,61541.92,61742.158384,61338.56,61582.0,61740.0,0.2567355714608839,0.3253690882572462,1.015589498564854,33,-0.12330570081900225,0,4,0,-1.0,loss,10
1h,5min,2024-06-28 09:35:00+00:00,short,61391.98,61512.278396,61212.11,61480.21,61504.48,0.039532851033643276,0.19595132132893955,1.4951986558491197,7,0.23732682773130154,9,4,1,-1.0,loss,2
1h,5min,2024-06-28 22:15:00+00:00,short,60312.76,60424.462552000005,60063.0,60357.93,60669.74,0.5169884448995498,0.18520550543533817,2.235938172656937,12,1.289724915604062,22,4,0,-1.0,loss,10
1h,5min,2024-06-29 03:40:00+00:00,long,60797.25,60691.37055,61009.29,60450.0,60757.04,0.5050228423160602,0.1741517091644776,2.002654906122011,10,-0.23446139944049335,3,5,0,2.002654906122011,win,44
1h,5min,2024-06-29 09:35:00+00:00,long,60929.05,60877.844189999996,61146.64,60857.28,60912.72,0.09099107896808226,0.08404170096203166,4.249322488990367,4,0.022732338946514677,9,5,1,4.249322488990367,win,23
1h,5min,2024-06-30 21:55:00+00:00,long,61940.01,61822.811998,62412.42,61864.01,61892.0,0.04518888518099684,0.189212113462695,4.03087076518572,9,0.6680077607022594,21,6,0,4.03087076518572,win,6
1h,5min,2024-07-01 00:30:00+00:00,long,62746.0,62560.7708,63058.76,62014.0,62762.32,1.1926178561183178,0.2952047939310897,1.6885026766838023,6,1.5742956500221437,0,0,0,1.6885026766838023,win,7
1h,5min,2024-07-01 05:00:00+00:00,long,63305.98,63210.538803999996,63818.33,62944.0,63288.53,0.5442297868226648,0.150761738464529,5.368226944682889,6,1.6386091177743047,5,0,0,-1.0,loss,40
1h,5min,2024-07-02 09:20:00+00:00,short,62660.52,62808.212104,62401.23,62746.55,62818.72,0.11517619068593472,0.23570200821825543,1.755611796281207,3,0.40460116435592824,9,1,1,-1.0,loss,26
1h,5min,2024-07-02 13:00:00+00:00,short,62852.03,63055.480406,62485.63,62880.0,63002.0,0.1941066979061774,0.32369743029780196,1.8009302964969016,4,0.02695286470500442,13,1,1,-1.0,loss,8
1h,5min,2024-07-02 19:10:00+00:00,short,62178.14,62381.245628,61806.28,62160.04,62517.81,0.5753951469117552,0.326651179980613,1.830869994405104,14,0.6785072941395232,19,1,0,1.830869994405104,win,81
1h,5min,2024-07-03 05:30:00+00:00,long,60975.38,60587.804924,62285.94,60809.99,61040.17,0.3774966224072737,0.6356255196769598,3.381435188056318,28,-1.7418551073137385,5,2,0,-1.0,loss,41
1h,5min,2024-07-03 06:25:00+00:00,short,61079.49,61194.055898,60600.0,60988.0,61245.96,0.42233489506870336,0.18756852422965672,4.1852768438998735,16,1.4541393440190138,6,2,0,4.1852768438998735,win,30
1h,5min,2024-07-03 14:25:00+00:00,short,60382.04,60752.276408,59600.0,60667.18,60845.01,0.294508102078038,0.6131565081272461,2.112272005404739,5,1.4206840526099147,14,2,1,2.112272005404739,win,78
1h,5min,2024-07-04 04:15:00+00:00,short,59001.99,59167.600398,57800.01,59106.84,60208.57,1.8672760020467163,0.2806861226206173,7.257877612249711,4,2.1699324506455824,4,3,0,7.257877612249711,win,53
1h,5min,2024-07-04 11:20:00+00:00,short,57765.99,58130.513198,56952.0,57873.53,58104.0,0.3989717825315574,0.6310342781280172,2.2330266069924916,6,2.7528346225430753,11,3,0,2.2330266069924916,win,24
1h,5min,2024-07-04 15:20:00+00:00,short,57424.0,57667.6948,56771.0,57504.38,57680.01,0.30584772917247954,0.4243779604346571,2.67958118105108,16,2.391788719111398,15,3,0,-1.0,loss,4
1h,5min,2024-07-05 13:05:00+00:00,long,55191.11,54817.481777999994,55658.52,54734.34,54987.99,0.45958488604415,0.676971747805048,1.2510029287883608,7,-1.8329246898481402,13,4,1,1.2510029287883608,win,5
1h,5min,2024-07-05 16:05:00+00:00,short,56457.98,56781.291596,54828.52,55992.58,56807.0,1.4425241569039455,0.5726588092595583,5.039905837463401,13,-0.5598886715144638,16,4,0,-1.0,loss,4
1h,5min,2024-07-05 18:20:00+00:00,long,56276.35,55768.07473,57040.02,55896.32,56150.0,0.4507755033864142,0.9031773915685689,1.5024732562731231,2,0.13673659662060006,18,4,0,1.5024732562731231,win,233
1h,5min,2024-07-06 18:30:00+00:00,short,57781.1,58124.55622,56500.0,57546.0,58000.0,0.7857240516362617,0.5944092791587561,3.73002416436074,26,-1.6597730028124549,18,5,0,-1.0,loss,23
1h,5min,2024-07-06 18:30:00+00:00,short,57781.1,58124.55622,56500.0,58112.84,58288.33,0.3037152286820522,0.5944092791587561,3.73002416436074,21,-1.6597730028124549,18,5,0,-1.0,loss,23
1h,5min,2024-07-06 19:15:00+00:00,long,57849.99,57720.430002,58113.0,57441.1,57746.75,0.5283492702418816,0.22395854865315795,2.030024730318444,6,1.6761609461743339,19,5,0,2.030024730318444,win,14
1h,5min,2024-07-07 17:10:00+00:00,short,57061.11,57248.962222,56563.46,56938.81,57204.63,0.4658514354172215,0.3292123514596918,2.6491568462788684,25,0.4927683995376103,17,6,0,-1.0,loss,9
1h,5min,2024-07-08 02:15:00+00:00,short,54792.4,55219.90848,54260.16,55109.88,55724.37,1.1214876515721255,0.7802331710237127,1.2449811521867402,3,3.556544742906532,2,0,0,-1.0,loss,1
1h,5min,2024-07-08 09:35:00+00:00,short,57660.0,58248.262,55207.17,58007.87,58113.99,0.1840443981963152,1.0202254595907083,4.169621699174843,7,-2.2089771599782457,9,0,1,4.169621699174843,win,59
1h,5min,2024-07-08 11:10:00+00:00,long,57201.11,56694.499778000005,58236.73,55867.58,57309.68,2.5211049226142612,0.8856650194375524,2.0442145756782844,5,1.212229221955001,11,0,0,-1.0,loss,39
1h,5min,2024-07-08 21:05:00+00:00,long,56312.01,56144.367598,56665.99,56114.0,56160.0,0.0816877252294848,0.2977027493779834,2.111518301914962,22,-0.2388209376189266,21,0,0,2.111518301914962,win,4
1h,5min,2024-07-10 09:40:00+00:00,long,58512.11,58389.297578,59470.0,58208.0,58820.44,1.046689309272905,0.20989231459949523,7.79961818520262,20,0.7595516886585519,9,2,1,-1.0,loss,6
1h,5min,2024-07-11 02:05:00+00:00,short,58044.02,58418.658804000006,57358.2,58288.3,58350.0,0.10629863334758187,0.6454391063885812,1.830616563680848,4,-0.3884194925422107,2,3,0,1.830616563680848,win,14
1h,5min,2024-07-12 16:05:00+00:00,short,58068.28,58289.613656,57000.0,58125.8,58236.95,0.19141259221040158,0.38116103318369776,4.826559228750944,8,-1.0312098288824119,16,4,0,-1.0,loss,5
1h,5min,2024-07-12 21:50:00+00:00,short,57583.01,57692.116602,57150.06,57646.0,58065.0,0.7276451856198556,0.1894770731853021,3.968137510138983,8,0.07643684833336356,21,4,0,-1.0,loss,4
1h,5min,2024-07-13 09:15:00+00:00,long,58027.56,57888.964488,58216.08,57852.13,58002.0,0.25827382712628727,0.2388442870939255,1.3602172053017434,4,0.3646697426682437,9,5,1,1.3602172053017434,win,2
1h,5min,2024-07-14 07:20:00+00:00,long,60016.0,59774.6868,60324.61,59590.12,59802.35,0.3536223673686949,0.4020814449480086,1.2788774091098398,7,1.595102784851505,7,6,1,1.2788774091098398,win,13
1h,5min,2024-07-15 00:20:00+00:00,long,60789.77,60620.142046,61420.69,60400.0,60756.65,0.5866941098806616,0.2790402957602833,3.719434121100232,5,1.3463410958829902,0,0,0,3.719434121100232,win,10
1h,5min,2024-07-15 13:00:00+00:00,long,62714.01,62277.457198,63243.71,61800.0,62322.0,0.8323499007638007,0.6961009222660225,1.2133698319498825,19,1.6859113824932683,13,0,1,1.2133698319498825,win,24
1h,5min,2024-07-16 12:50:00+00:00,short,63624.0,64278.054800000005,62373.24,63880.61,64473.68,0.9321482459449261,1.0280001257387235,1.9123168272750108,6,-0.2980029988513606,12,1,1,-1.0,loss,28
1h,5min,2024-07-16 17:15:00+00:00,long,64356.0,64098.688799999996,65200.0,63898.71,64207.96,0.48053017589657526,0.39982472496737476,3.280074866542878,2,1.0987726437286764,17,1,0,3.280074866542878,win,74
1h,5min,2024-07-17 03:30:00+00:00,long,65628.0,65362.2044,66128.63,65388.97,65440.3,0.07821356737977958,0.40500335222770406,1.8835150017532611,4,1.7113790778907574,3,2,0,-1.0,loss,45
1h,5min,2024-07-17 10:25:00+00:00,long,65329.19,64794.424161999996,65993.14,64623.21,64932.31,0.47314225080702593,0.8185710522356187,1.2415714558041548,26,0.6134559297213412,10,2,0,-1.0,loss,10
1h,5min,2024-07-19 00:00:00+00:00,short,63915.24,64135.213048,63238.48,63995.4,64505.6,0.7982446752918352,0.34416368928599794,3.076558724594275,20,0.42141712892617483,0,4,0,-1.0,loss,44
1h,5min,2024-07-19 02:20:00+00:00,short,63762.52,63952.752504,63300.67,63858.85,63956.5,0.15314639383763606,0.2983453351592748,2.4278185393596012,4,0.5269231948011315,2,4,0,-1.0,loss,8
1h,5min,2024-07-19 09:20:00+00:00,short,63920.69,64130.424138,63409.01,63940.46,64130.7,0.29761881481566915,0.32811619837019873,2.439660061444078,4,0.22404260681917926,9,4,1,-1.0,loss,14
1h,5min,2024-07-20 02:10:00+00:00,long,66483.69,66209.163262,66992.01,65849.65,66248.01,0.5991845518803192,0.4129234373122197,1.8516229191489229,4,1.1884574257133302,2,5,0,1.8516229191489229,win,172
1h,5min,2024-07-22 10:30:00+00:00,short,67423.99,67537.484798,66944.1,67412.0,67520.0,0.16018037496742626,0.16832999352307645,4.228299520829145,7,0.05911236789413259,10,0,0,-1.0,loss,17
1h,5min,2024-07-22 21:35:00+00:00,long,67900.71,67643.95985799999,68256.0,67666.0,67822.0,0.22974722944723255,0.3781258575941532,1.3837967030217546,5,0.6273336803791932,21,0,0,-1.0,loss,6
1h,5min,2024-07-22 23:20:00+00:00,long,67478.03,67210.614394,68256.0,67314.43,67322.5,0.01195944813446241,0.39630025654275186,2.909216898882168,2,-0.021967912469450283,23,0,0,-1.0,loss,25
1h,5min,2024-07-23 09:55:00+00:00,short,66938.2,67179.39764,66256.39,66945.48,67439.22,0.7376057318541659,0.3603288406321032,2.8267689518023555,17,0.4134094284308412,9,1,1,2.8267689518023555,win,43
1h,5min,2024-07-24 00:20:00+00:00,short,65988.39,66159.20767799999,65546.0,66118.29,66333.33,0.3258755062822538,0.2588601994987181,2.5898373352201856,2,0.7147743435896364,0,2,0,2.5898373352201856,win,20
1h,5min,2024-07-25 15:25:00+00:00,short,64666.0,65017.9332,63456.7,64482.0,65269.4,1.2176414189837033,0.5442322085794691,3.436163453746349,10,0.1676275572680992,15,3,0,-1.0,loss,13
1h,5min,2024-07-25 22:10:00+00:00,short,65882.01,66188.666402,64388.46,66102.0,66315.44,0.3239731149672002,0.4654630330799073,4.870434761052071,1,-1.512589221730475,22,3,0,-1.0,loss,26
1h,5min,2024-07-26 05:30:00+00:00,long,67014.0,66880.5972,67480.0,66570.01,66933.56,0.5424985823857744,0.19906706061419435,3.4931800531923862,14,2.036190280474025,5,4,0,-1.0,loss,3
1h,5min,2024-07-27 15:50:00+00:00,long,68802.0,68569.9296,69399.99,68471.79,68794.46,0.46898345978316447,0.3373018226214309,2.576761189708008,8,1.1593063231283058,15,5,0,-1.0,loss,17
1h,5min,2024-07-28 01:15:00+00:00,short,67960.0,68125.182,67260.54,68083.35,68502.6,0.6169070041200706,0.24305768098881797,4.234480754561656,2,0.31041093936436326,1,6,0,-1.0,loss,2
1h,5min,2024-07-28 06:35:00+00:00,short,67456.01,67604.31120200001,67066.66,67500.0,67940.94,0.6536704438937352,0.21984876069606984,2.6254001636476745,6,0.8484350868723206,6,6,0,-1.0,loss,44
1h,5min,2024-07-28 14:40:00+00:00,long,67868.01,67621.126398,68123.32,67686.39,67745.46,0.08703658763533363,0.36377020926354214,1.034131055816378,4,0.00625827846684909,14,6,1,-1.0,loss,11
1h,5min,2024-07-28 20:40:00+00:00,long,68066.02,67940.866796,68318.43,67998.42,68084.58,0.12658298516646557,0.1838703129696756,2.016808135411259,7,0.24838234857633684,20,6,0,-1.0,loss,5
1h,5min,2024-07-29 05:00:00+00:00,long,69448.01,69249.18039800001,69800.0,68833.33,69302.0,0.6748501504938706,0.2862999270965193,1.7703098354541522,9,1.5907591139876405,5,0,0,1.7703098354541522,win,11
1h,5min,2024-07-29 07:25:00+00:00,long,69556.0,69448.4488,69888.0,69475.65,69551.0,0.10832997872218905,0.15462533785726854,3.0869018662738745,5,1.4093310147661815,7,0,1,-1.0,loss,4
1h,5min,2024-07-29 20:35:00+00:00,long,67346.81,67144.530638,68118.0,67177.52,67242.99,0.0972132161864848,0.300354778496563,3.8124996656851136,7,-1.5378041498087118,20,0,0,-1.0,loss,8
1h,5min,2024-07-29 21:05:00+00:00,short,67164.01,67563.16280199999,66428.0,67177.52,67668.34,0.7307782843817582,0.5942956681710888,1.8439304354426165,37,1.74884719470095,21,0,0,1.8439304354426165,win,39
1h,5min,2024-08-01 14:35:00+00:00,long,64350.0,64060.5,64949.58,64058.0,64124.0,0.10256410256410256,0.4498834498834499,2.0710880829015603,1,-0.7965950174636958,14,3,1,-1.0,loss,4
1h,5min,2024-08-01 18:05:00+00:00,short,63014.0,63267.4228,62302.0,63203.99,63928.1,1.1491255911384781,0.40216904180023527,2.8095341066391786,2,2.19779989668934,18,3,0,-1.0,loss,1
1h,5min,2024-08-01 22:55:00+00:00,short,65184.37,65672.816874,62811.26,65422.0,66138.0,1.0984228274354726,0.7493312798758258,4.858481293095614,8,-1.2947091805311213,22,3,0,4.858481293095614,win,194
1h,5min,2024-08-02 02:40:00+00:00,long,64226.0,63655.1548,65659.78,63509.83,64628.01,1.7410083143898116,0.8888070251922949,2.5116791732679724,15,-0.39826282679997405,2,4,0,-1.0,loss,146
1h,5min,2024-08-02 11:35:00+00:00,short,64728.39,64986.945678,64044.0,64821.99,64895.83,0.11407668258086409,0.3994471019594293,2.646973391936136,8,-0.4129282971735546,11,4,0,-1.0,loss,23
1h,5min,2024-08-02 13:05:00+00:00,short,64635.99,64986.927198,64044.0,64898.0,65000.0,0.1578068193896311,0.5429439511949916,1.6868830188813402,20,-0.23669141817359937,13,4,1,-1.0,loss,5
1h,5min,2024-08-04 19:00:00+00:00,short,58646.29,58942.309258,57122.77,58750.0,58960.0,0.358078916841969,0.5047535965190642,5.146692179060873,2,2.7286145903979717,19,6,0,-1.0,loss,2
1h,5min,2024-08-05 08:40:00+00:00,short,52433.71,53228.856742,49000.0,52994.28,53394.01,0.7623530740052596,1.5164800316437737,4.3183349923101115,12,7.770164016291109,8,0,1,-1.0,loss,64
1h,5min,2024-08-05 16:30:00+00:00,short,54734.58,55610.946916,49542.83,54720.0,55701.0,1.7922856081109968,1.6011211121013427,5.924173887915237,16,-0.26920118457149045,16,0,0,-1.0,loss,95
1h,5min,2024-08-05 19:20:00+00:00,long,53116.71,52544.376658,55600.0,52534.09,53500.0,1.8184672958848611,1.0775014905855391,4.338887528939401,8,-2.533828681361382,19,0,0,4.338887528939401,win,61
1h,5min,2024-08-06 04:10:00+00:00,long,55693.16,55277.481368,56276.0,55082.0,55436.0,0.6356256315856381,0.7463728615865984,1.402140873096389,2,1.6158943182150876,4,1,0,-1.0,loss,7
1h,5min,2024-08-06 17:55:00+00:00,short,56494.0,57000.1288,54371.94,56294.0,58001.81,3.02299359223988,0.8958983254858898,4.192727226745452,45,-1.8602028667814026,17,1,0,-1.0,loss,4
1h,5min,2024-08-07 01:30:00+00:00,long,56187.42,55546.642516,56935.56,55438.03,55735.0,0.5285346791150068,1.1404287365392438,1.1675503878972147,16,0.5738011980430837,1,2,0,1.1675503878972147,win,5
1h,5min,2024-08-07 11:10:00+00:00,long,57322.0,57094.545600000005,57736.05,57091.57,57170.9,0.13839363595129575,0.3968012281497419,1.820364873135063,1,1.3725326038747887,11,2,0,-1.0,loss,3
1h,5min,2024-08-08 05:00:00+00:00,long,56886.0,56659.0928,57636.36,55370.07,56822.0,2.5523503146644173,0.39888056815385414,3.306902557521294,3,1.2428605718351196,5,3,0,3.306902557521294,win,79
1h,5min,2024-08-09 00:15:00+00:00,long,61567.27,61316.316545999995,62745.14,61355.66,61583.22,0.3696119707760271,0.40760854590434537,4.69357955121029,3,4.638106781779635,0,4,0,-1.0,loss,5
1h,5min,2024-08-09 03:25:00+00:00,short,61382.01,61585.546402,60720.0,61550.08,61583.22,0.05398976019195106,0.33158966609271656,3.2525385802978324,1,-3.365958488390746,3,4,0,3.2525385802978324,win,18
1h,5min,2024-08-09 07:05:00+00:00,long,61029.5,60576.4241,61573.27,59683.5,60621.22,1.5365028387910782,0.742388353173471,1.2001741871505252,25,2.0821678473121197,7,4,1,-1.0,loss,39
1h,5min,2024-08-10 13:20:00+00:00,long,60646.15,60487.87077,61116.65,60510.54,60601.96,0.15074328708417312,0.26098809240157883,2.972594698622174,2,0.1424066641240143,13,5,1,-1.0,loss,6
1h,5min,2024-08-10 15:40:00+00:00,short,60682.28,60762.136456,60400.0,60744.0,60757.62,0.022444773004578304,0.1315976525601895,3.534842568019724,6,-0.1870743281266809,15,5,0,3.534842568019724,win,5
1h,5min,2024-08-10 15:40:00+00:00,short,60682.28,60762.136456,60400.0,60676.55,60717.03,0.06670810655103257,0.1315976525601895,3.534842568019724,6,-0.1870743281266809,15,5,0,3.534842568019724,win,5
1h,5min,2024-08-11 04:30:00+00:00,long,61092.01,60903.561598,61382.73,60940.72,60949.27,0.013995283507607025,0.3084665277832597,1.5427034504649095,3,0.3986520945434913,4,6,0,-1.0,loss,3
1h,5min,2024-08-12 11:40:00+00:00,short,59612.01,59873.592401999995,58125.75,59674.38,60117.06,0.7426020360662227,0.4388082233764517,5.681804236968675,2,-0.747781230601325,11,0,0,-1.0,loss,2
1h,5min,2024-08-13 02:25:00+00:00,long,59584.22,59257.933156,59923.28,59258.73,59275.86,0.028749222529047762,0.5476061346443774,1.0391470150724054,2,0.4252047518793378,2,1,0,-1.0,loss,8
1h,5min,2024-08-13 18:35:00+00:00,long,61077.56,60829.374487999994,61578.1,59729.84,60904.84,1.923783464827344,0.40634483761303436,2.016797821784188,4,2.537728917850802,18,1,0,-1.0,loss,2
1h,5min,2024-08-15 10:50:00+00:00,long,58409.55,58286.91809,58551.87,58149.0,58305.14,0.2673192996693168,0.2099518143865236,1.1605462232464243,2,-0.8657683306522975,10,3,0,1.1605462232464243,win,7
1h,5min,2024-08-16 01:35:00+00:00,long,57382.43,57087.143514,57885.0,57133.02,57382.9,0.43546430501462674,0.5145939026980859,1.7019742650871073,16,-1.5656635430375019,1,4,0,1.7019742650871073,win,11
1h,5min,2024-08-16 21:35:00+00:00,long,59135.77,58982.212846,59817.76,58728.39,59081.42,0.5969821649401011,0.2596688163525978,4.441277936161992,4,0.9277925655277443,21,4,0,-1.0,loss,3
1h,5min,2024-08-17 01:55:00+00:00,short,59248.49,59401.029698,58703.99,59314.91,59410.25,0.1609154933737493,0.2574575284534686,3.569562593469919,4,-0.8772157028279666,1,5,0,-1.0,loss,91
1h,5min,2024-08-17 02:30:00+00:00,long,59188.01,59108.242398,59389.18,59047.21,59120.08,0.12311615139620781,0.13476986639692717,2.521951205202314,1,0.7370322038246542,2,5,0,-1.0,loss,7
1h,5min,2024-08-17 22:30:00+00:00,long,59316.03,59101.816794,59621.31,59189.43,59190.0,0.0009609543996786517,0.36113881188609614,1.4251222214563108,13,0.14884113219766928,22,5,0,1.4251222214563108,win,25
1h,5min,2024-08-18 02:05:00+00:00,long,59457.83,59381.208434,59747.77,59348.38,59424.16,0.1274516745734012,0.1288670743617815,3.7840521296574505,2,0.2765209673663659,2,6,0,3.7840521296574505,win,8
1h,5min,2024-08-18 11:50:00+00:00,long,59911.31,59747.057738,60200.0,59717.89,59826.31,0.180967500126434,0.2741590227287544,1.7576013656360603,3,0.6642938169162246,11,6,0,1.7576013656360603,win,10
1h,5min,2024-08-19 00:40:00+00:00,long,58590.0,58198.312,59869.77,58223.04,58385.13,0.2766513056835578,0.6685236388462228,3.2673199076815997,8,-1.5767925885300385,0,0,0,-1.0,loss,109
1h,5min,2024-08-19 02:40:00+00:00,short,58567.6,58759.71352,58210.03,58710.0,59350.0,1.0927543556505646,0.3280201339990011,1.8612432899048523,2,1.3556902313854762,2,0,0,-1.0,loss,12
1h,5min,2024-08-20 00:05:00+00:00,short,59376.24,59629.505247999994,58876.0,59577.88,59682.63,0.176417368294119,0.4265430886159111,1.9751624194410033,3,-0.7923087463961578,0,1,0,-1.0,loss,3
1h,5min,2024-08-20 02:10:00+00:00,long,60432.52,60324.883496,60910.55,59617.63,60378.02,1.2582463878719594,0.17811023601199255,4.441151303093513,1,2.1383055332650445,2,1,0,4.441151303093513,win,24
1h,5min,2024-08-20 07:55:00+00:00,long,60924.33,60787.625133999994,61400.0,60619.19,60860.01,0.3952772234015535,0.22438468506753756,3.479539638332792,9,1.869645773681277,7,1,1,-1.0,loss,3
1h,5min,2024-08-20 15:15:00+00:00,long,59171.97,58668.175606000004,60955.99,58716.11,58732.0,0.026853931008211183,0.8514071679546866,3.5411668356119264,1,-1.5707540950975454,15,1,0,-1.0,loss,11
1h,5min,2024-08-20 18:50:00+00:00,short,59340.0,59491.668000000005,58548.23,59046.76,59446.03,0.6728513650151614,0.2555915065723039,5.2204156446974315,11,0.8074364530681227,18,1,0,-1.0,loss,11
1h,5min,2024-08-20 20:45:00+00:00,short,59459.72,59734.611944000004,58548.23,59483.52,60324.33,1.4140833491984237,0.4623162436688277,3.315811975923125,13,0.5136388549223602,20,1,0,-1.0,loss,116
1h,5min,2024-08-21 11:40:00+00:00,short,59324.45,59521.20488999999,59085.88,59508.0,59580.0,0.12136648548785535,0.331659020859016,1.2125238666241227,8,0.2574452867074868,11,2,0,-1.0,loss,10
1h,5min,2024-08-22 08:05:00+00:00,short,60902.87,61126.410574,60459.98,60995.96,61002.17,0.010196563807254283,0.36704440037062086,1.9812510636212373,2,-0.7632564851702541,8,3,1,-1.0,loss,29
1h,5min,2024-08-23 01:25:00+00:00,short,60696.83,60980.379366,60297.5,60934.03,61097.59,0.26947041550604484,0.4671567955031577,1.408326196010619,10,-0.24185247282388886,1,4,0,-1.0,loss,47
1h,5min,2024-08-23 04:05:00+00:00,long,60630.0,60560.814000000006,60968.24,60462.56,60603.99,0.23326735939304022,0.11411182582878814,4.888850345445988,8,0.09085339677052544,4,4,0,4.888850345445988,win,11
1h,5min,2024-08-23 12:00:00+00:00,long,60827.63,60678.944474,61337.57,60689.4,60707.51,0.029772654302001544,0.24443748013853878,3.4296546121108213,4,0.07095148668155188,12,4,1,3.4296546121108213,win,24
1h,5min,2024-08-23 23:55:00+00:00,long,64037.24,63823.882552,64955.0,63818.21,63850.0,0.04964298898578526,0.3331771450487173,4.301513767637597,1,2.895434012844598,23,4,0,-1.0,loss,6
1h,5min,2024-08-25 02:25:00+00:00,long,64240.66,64029.571868,64507.04,64000.0,64107.16,0.16681024136427533,0.32858960664477044,1.2619373598890524,11,0.5303596320662065,2,6,0,-1.0,loss,14
1h,5min,2024-08-25 16:30:00+00:00,long,64121.83,64049.225634,64288.0,63940.0,64082.02,0.22148463323644504,0.11322878027654477,2.2887053376376736,1,0.21336575550251324,16,6,0,-1.0,loss,2
1h,5min,2024-08-26 08:10:00+00:00,long,63788.14,63407.242372,64205.31,63411.23,63484.18,0.11436295210990176,0.5971292280978859,1.0952286633824866,16,-0.4018973983404615,8,0,1,-1.0,loss,16
1h,5min,2024-08-27 16:30:00+00:00,short,61864.25,62002.27285,61473.03,61981.82,62128.24,0.2366795039138085,0.22310599417272692,2.834458207463458,2,1.4432552098182787,16,1,0,-1.0,loss,21
1h,5min,2024-08-28 17:20:00+00:00,short,58774.83,59266.754966,57860.0,59195.26,59310.16,0.19549184574417564,0.8369653574497768,1.8596941875887718,5,1.9887563147997,17,2,0,-1.0,loss,18
1h,5min,2024-08-29 08:15:00+00:00,long,59563.0,59405.217399999994,59764.0,59460.0,59499.63,0.06653459362355385,0.2649003576045631,1.273904727137165,2,0.18814541424809111,8,3,1,-1.0,loss,1
1h,5min,2024-08-29 11:55:00+00:00,short,60067.06,60489.013412,59374.0,60420.0,61846.33,2.3745626970922196,0.7024705587388539,1.64250360416565,2,-0.8932618518628551,11,3,0,-1.0,loss,9
1h,5min,2024-08-31 08:30:00+00:00,long,59120.0,59031.296,59350.0,59048.0,59051.1,0.005243572395126091,0.15004059539918455,2.592893217893279,12,-0.09496475236322362,8,5,1,-1.0,loss,3
1h,5min,2024-08-31 11:05:00+00:00,short,59108.0,59182.221600000004,58831.88,59130.0,59151.8,0.03688164038709296,0.125569466062131,3.7202108281145416,3,0.05753077659263266,11,5,0,-1.0,loss,3
1h,5min,2024-08-31 12:15:00+00:00,long,59120.0,59059.276,59188.9,59023.0,59103.54,0.1362313937753736,0.10271312584574084,1.1346419866938806,3,-0.03424924186963218,12,5,1,1.1346419866938806,win,5
1h,5min,2024-09-01 19:15:00+00:00,short,58449.01,58800.619802,57610.0,58672.01,58819.78,0.2528186533869381,0.6015667365452367,2.3861962756089614,10,-0.12525620019385558,19,6,0,2.3861962756089614,win,37
1h,5min,2024-09-03 05:35:00+00:00,short,59193.21,59270.838642,58988.0,59236.0,59300.0,0.10812050909217458,0.13114450458085194,2.6434830587399736,5,-0.7281022296031926,5,1,0,2.6434830587399736,win,5
1h,5min,2024-09-03 07:00:00+00:00,long,58976.0,58860.2048,59679.0,58559.0,58875.03,0.5358620455778602,0.19634291915355478,6.0710633946830015,7,0.3154565413404037,7,1,1,-1.0,loss,19
1h,5min,2024-09-03 17:50:00+00:00,short,57846.16,58111.569232,57568.0,58018.0,58198.28,0.3116542221644424,0.45881910225328376,1.0480419158893668,5,1.2869416960061235,17,1,0,-1.0,loss,16
1h,5min,2024-09-04 00:25:00+00:00,short,57808.01,57955.091602,57415.0,57899.0,57957.5,0.10119704864429686,0.254431180038888,2.672054115918634,2,0.8785009295667602,0,2,0,2.672054115918634,win,6
1h,5min,2024-09-04 05:00:00+00:00,short,56599.01,56861.319802,55606.0,56823.0,57100.0,0.4894078536002661,0.4634529861918011,3.7856381745125054,17,2.146197317835342,5,2,0,-1.0,loss,32
1h,5min,2024-09-04 09:40:00+00:00,long,56752.12,56641.349576,56909.94,56530.01,56668.28,0.2436384755318335,0.19518288303591494,1.4247485411809628,4,-1.1784457761906626,9,2,1,-1.0,loss,2
1h,5min,2024-09-04 17:25:00+00:00,short,57963.0,58530.5926,56187.61,58398.99,59057.34,1.1358107758397573,0.9792326139088792,3.127930138624056,17,-1.128870154009112,17,2,0,3.127930138624056,win,264
1h,5min,2024-09-04 17:45:00+00:00,long,58049.99,57810.180002,58519.0,57581.4,58121.1,0.9297159224316784,0.4131094561773344,1.9557566569847848,4,1.246457870472561,17,2,0,-1.0,loss,4
1h,5min,2024-09-05 04:45:00+00:00,long,57263.02,56879.617396,58327.07,56700.0,57365.0,1.16130794359082,0.6695466009302258,2.7752810985081777,20,-0.6138414397473271,4,3,0,-1.0,loss,19
1h,5min,2024-09-05 17:25:00+00:00,short,56248.1,56473.24962,55817.51,56416.65,56479.36,0.1114882102684342,0.40027951166351183,1.9124615888758296,5,1.359831112652505,17,3,0,-1.0,loss,4
1h,5min,2024-09-06 00:30:00+00:00,short,56150.0,56345.05,55643.65,56259.97,56506.3,0.4386999109528081,0.34737310774711117,2.596001025378062,4,0.8906149494129523,0,4,0,-1.0,loss,13
1h,5min,2024-09-06 05:50:00+00:00,long,56523.0,56284.185399999995,56858.88,56333.82,56499.87,0.29377421580596025,0.42250871326717465,1.4064466745332578,8,-0.16709327372253696,5,4,0,-1.0,loss,9
1h,5min,2024-09-06 11:25:00+00:00,short,55984.0,56273.3068,55280.0,55938.42,56278.57,0.6075843098028033,0.5167669334095429,2.4334028788815325,17,0.7131144362736496,11,4,0,-1.0,loss,13
1h,5min,2024-09-06 17:30:00+00:00,short,54111.0,54445.8222,53632.83,54256.0,54424.24,0.31091644952042646,0.6187691966513321,1.4281311095859084,4,3.236297114773581,17,4,0,1.4281311095859084,win,11
1h,5min,2024-09-07 18:20:00+00:00,long,54239.0,53989.1522,54850.0,53873.81,54007.67,0.24679658548277175,0.4606423422260793,2.4454888135896824,6,-0.44542079258801986,18,5,0,-1.0,loss,34
1h,5min,2024-09-07 20:05:00+00:00,short,54344.0,54468.688799999996,54000.0,54396.88,54434.84,0.0698513175327527,0.22944354482554882,2.7588684789653146,5,0.21499444889573932,20,5,0,2.7588684789653146,win,13
1h,5min,2024-09-08 03:45:00+00:00,long,54325.71,54256.014857999995,54509.0,54190.17,54274.99,0.15613233586822833,0.1282912676152859,2.6298820081317866,3,-0.0028852043397518913,3,6,0,2.6298820081317866,win,13
1h,5min,2024-09-08 05:45:00+00:00,short,54403.66,54585.880732,54048.0,54535.72,54600.0,0.11815381538668322,0.3349420461785003,1.9518086449132177,11,-0.10704095369044311,5,6,0,-1.0,loss,41
1h,5min,2024-09-08 20:50:00+00:00,long,54333.52,54173.133296,54531.1,54024.56,54277.0,0.46461190071985464,0.2951892386136529,1.2318976266262425,6,0.03724538351527527,20,6,0,1.2318976266262425,win,3
1h,5min,2024-09-08 22:30:00+00:00,short,54872.0,55328.9744,54184.0,55000.0,55849.8,1.5486951450648836,0.8328006998104663,1.5055547969426761,2,-0.9508474529573849,22,6,0,-1.0,loss,30
1h,5min,2024-09-11 07:40:00+00:00,short,56549.99,56716.389998,56100.0,56539.99,56688.4,0.262440364710946,0.2942529220606419,2.7042668594262596,11,0.6651971325197376,7,2,1,-1.0,loss,2
1h,5min,2024-09-11 22:50:00+00:00,long,57431.99,57199.613602,57981.71,57003.99,57254.0,0.43531488287277187,0.40461143345372563,2.3656447243837575,16,0.6967656057555298,22,2,0,2.3656447243837575,win,37
1h,5min,2024-09-12 11:55:00+00:00,short,58057.99,58157.781598,57894.0,58098.0,58100.0,0.0034448316243810713,0.17188262631896736,1.6433247215862032,5,-0.6319707611808287,11,3,0,-1.0,loss,2
1h,5min,2024-09-14 08:00:00+00:00,short,60079.26,60186.015852,59900.0,60079.36,60184.86,0.1756013639315797,0.17769168927845447,1.679158534559874,8,-0.7585042113135619,8,5,1,1.679158534559874,win,20
1h,5min,2024-09-14 13:00:00+00:00,short,59758.05,59863.22160999999,59605.98,59851.1,59858.58,0.012517142041956192,0.1759957194051518,1.445922526050649,3,-0.0829114300442743,13,5,1,-1.0,loss,17
1h,5min,2024-09-14 22:30:00+00:00,long,60022.0,59927.9956,60134.13,59903.56,59950.21,0.07772150211589327,0.1566165739228916,1.1928165064613974,4,0.3634525260291639,22,5,0,1.1928165064613974,win,33
1h,5min,2024-09-15 01:40:00+00:00,short,60186.45,60292.09729,59936.91,60242.47,60287.99,0.07563164134119359,0.17553334679151336,2.3620104216586313,4,-0.5364304618634153,1,6,0,2.3620104216586313,win,106
1h,5min,2024-09-15 23:25:00+00:00,long,59260.0,58679.198000000004,60140.0,58553.01,59312.01,1.2807964900438744,0.9800911238609451,1.5151462977055967,5,-1.0625502767434327,23,6,0,-1.0,loss,14
1h,5min,2024-09-16 02:35:00+00:00,long,58459.65,58229.30807,59531.1,58157.12,58362.0,0.3504639524868818,0.3940186607343737,4.651563004616599,5,-1.98063101435184,2,0,0,-1.0,loss,4
1h,5min,2024-09-16 11:20:00+00:00,short,58716.02,58847.583203999995,58506.0,58750.0,58854.86,0.17858839887308536,0.22406696502930246,1.5963430018016256,4,0.7145769300378729,11,0,0,1.5963430018016256,win,15
1h,5min,2024-09-17 11:15:00+00:00,short,59090.0,59311.818,58452.78,59210.7,59392.0,0.3068201049246961,0.3753900829243515,2.8727154694389236,8,-1.0296039457792077,11,1,0,-1.0,loss,17
1h,5min,2024-09-17 19:05:00+00:00,long,60643.99,60351.681202,61320.0,60406.18,60725.11,0.5259053700127586,0.482007859311365,2.3126570415441488,23,2.1064247704045433,19,1,0,-1.0,loss,3
1h,5min,2024-09-17 21:05:00+00:00,long,60271.19,59606.205762000005,61261.0,59416.0,60220.9,1.3354639256334602,1.1033202397364268,1.488471370354498,17,1.3001539235440733,21,1,0,-1.0,loss,157
1h,5min,2024-09-18 05:10:00+00:00,long,60384.0,60267.9232,60769.0,60330.05,60348.51,0.030571012188657803,0.192231054584,3.316769587031961,4,0.8143880881379739,5,2,0,-1.0,loss,5
1h,5min,2024-09-18 11:35:00+00:00,short,59930.0,60011.986,59348.88,59924.0,60086.54,0.27121641915568306,0.13680293675954805,7.088039421364901,4,0.07877284010176083,11,2,0,-1.0,loss,17
1h,5min,2024-09-19 01:35:00+00:00,long,61866.0,61542.6268,62589.52,60700.0,61704.02,1.6228946432612368,0.5226993825364527,2.2374148507049836,1,2.4118370715428092,1,3,0,2.2374148507049836,win,106
1h,5min,2024-09-19 11:10:00+00:00,long,62397.98,62229.520404,62727.52,62197.39,62272.0,0.1195711784259692,0.26997604089106825,1.9561960720836136,2,1.701808509642615,11,3,0,1.9561960720836136,win,10
1h,5min,2024-09-20 06:30:00+00:00,long,63760.0,63596.058,64133.32,63125.01,63670.3,0.8552227101631129,0.25712358845671696,2.2771467958179934,9,1.3587013268450192,6,4,0,-1.0,loss,9
1h,5min,2024-09-20 23:25:00+00:00,long,63137.15,63063.80257,63300.0,62947.72,63116.03,0.26657839322807203,0.11617158835962918,2.220255024613609,4,0.14364397632679513,23,4,0,-1.0,loss,9
1h,5min,2024-09-21 11:05:00+00:00,long,63020.0,62953.406,63136.0,62946.0,62974.0,0.04443033957473818,0.10567121548714269,1.7418986695498793,3,-0.0036190014180257322,11,5,0,1.7418986695498793,win,22
1h,5min,2024-09-22 12:25:00+00:00,short,62799.91,62942.559982,62544.94,62776.75,62900.0,0.19625824304525274,0.22714997839964318,1.7873819290072497,11,0.3110205712782962,12,6,1,1.7873819290072497,win,19
1h,5min,2024-09-23 16:05:00+00:00,short,63542.01,63838.668401999996,63059.93,63774.4,63787.68,0.020899559205002857,0.4668697165859148,1.6250340349369645,22,-0.19058175600459382,16,0,0,1.6250340349369645,win,103
1h,5min,2024-09-24 10:15:00+00:00,long,63649.05,63471.27019,63948.0,63394.0,63540.0,0.22938284232050596,0.27931258989725694,1.6815745275011662,8,0.48107382199663146,10,1,0,-1.0,loss,9
1h,5min,2024-09-24 21:45:00+00:00,long,64131.98,63953.83360400001,64596.53,63886.0,64093.15,0.32300577652522416,0.27778090743494344,2.607686770155063,4,0.9122208613128282,21,1,0,2.607686770155063,win,14
1h,5min,2024-09-25 10:10:00+00:00,long,63650.85,63394.969829999995,64170.63,63372.45,63540.48,0.26398704809127627,0.4020058962292004,2.0313414673751025,2,-0.38325422974305057,10,2,0,-1.0,loss,42
1h,5min,2024-09-25 19:10:00+00:00,short,63347.86,63480.669572,63000.0,63393.86,63440.0,0.0728359253177604,0.2096512368373585,2.6192389205200137,2,0.5765343512627047,19,2,0,-1.0,loss,21
1h,5min,2024-09-27 16:30:00+00:00,long,66152.22,65874.779556,66498.0,65791.95,66006.0,0.3235719073373545,0.41939702703855913,1.2463215348660197,6,1.2081108936659237,16,4,0,-1.0,loss,10
1h,5min,2024-09-28 22:05:00+00:00,short,65616.0,65754.3232,65432.0,65692.0,65700.38,0.012771275298714729,0.21080712021458015,1.330217924397364,1,0.10959518672562718,22,5,0,-1.0,loss,5
1h,5min,2024-09-29 00:30:00+00:00,short,65788.39,65997.157678,65432.0,65955.24,65970.0,0.02243556955869381,0.31733209765431836,1.707112918121324,8,-0.13354822047117929,0,6,0,1.707112918121324,win,88
1h,5min,2024-09-29 09:25:00+00:00,short,65602.01,65678.300402,65432.0,65620.0,65688.31,0.1041279070565028,0.11629278127301089,2.22845856809088,4,0.1143994277091401,9,6,1,-1.0,loss,26
1h,5min,2024-09-30 06:25:00+00:00,short,64520.64,64762.914128000004,64190.0,64580.34,64699.98,0.18542903480189704,0.37549864353485113,1.364735073981953,5,1.2025225009629237,6,0,0,1.364735073981953,win,26
1h,5min,2024-09-30 11:45:00+00:00,short,63566.0,63772.4632,63249.68,63665.6,64000.0,0.5260673945190848,0.3248013088758115,1.5320890115042403,7,1.990539284618893,11,0,0,-1.0,loss,2
1h,5min,2024-10-01 01:45:00+00:00,short,63472.54,63652.554508,62856.3,63617.45,63640.0,0.035527174428505476,0.2836100587750233,3.4232796392166196,9,0.7811696642020348,1,1,0,-1.0,loss,18
1h,5min,2024-10-02 03:00:00+00:00,short,61740.0,61834.968,60652.0,61760.74,61859.57,0.16007450599287615,0.15381924198250851,11.456490607362388,2,0.8402912660817466,3,2,0,-1.0,loss,2
1h,5min,2024-10-02 05:55:00+00:00,long,61489.71,61337.702058,61883.0,61208.49,61433.49,0.3659148823437287,0.24720874760996034,2.5872990241523683,6,-1.0199225698044572,5,2,0,2.5872990241523683,win,20
1h,5min,2024-10-02 21:40:00+00:00,short,60771.43,61011.394285999995,60000.0,60926.0,61242.0,0.5199811819468458,0.39486364892186165,3.214770051240111,10,1.1087454462491806,21,2,0,-1.0,loss,35
1h,5min,2024-10-03 11:15:00+00:00,short,60900.0,61082.65,60126.56,60978.0,61106.01,0.21019704433497874,0.2999178981937627,4.234546947714186,4,0.34765203931285116,11,3,0,4.234546947714186,win,24
1h,5min,2024-10-05 08:50:00+00:00,long,62131.76,62063.763648,62268.28,62020.0,62076.19,0.09043683938778223,0.10943896004233895,2.007754768961619,11,0.3969518813492012,8,5,1,2.007754768961619,win,6
1h,5min,2024-10-05 11:05:00+00:00,long,62232.09,62169.873582,62326.48,62198.87,62202.53,0.005881210160218332,0.09997481685091461,1.5171236634036414,1,0.46311526895841487,11,5,0,-1.0,loss,10
1h,5min,2024-10-06 21:30:00+00:00,long,62590.22,62389.601956000006,62975.0,62371.05,62444.0,0.11655175521031415,0.3205261844422264,1.9179730413482043,2,0.4303605369706847,21,6,0,-1.0,loss,3
1h,5min,2024-10-07 03:05:00+00:00,long,63747.98,63584.470404,63970.19,62912.33,63660.0,1.1728528496118595,0.25649376811626584,1.3590028073948293,5,1.7062382690993467,3,0,0,-1.0,loss,5
1h,5min,2024-10-07 11:10:00+00:00,long,62918.68,62637.366264,63708.0,62624.03,62657.44,0.05310028754577097,0.44710686238173414,2.805835261453388,1,-0.16698670022372614,11,0,0,2.805835261453388,win,36
1h,5min,2024-10-07 17:35:00+00:00,long,63692.0,63415.2216,64478.19,63135.45,63457.37,0.5054323933932136,0.4345575582490782,2.84050344969114,17,0.7249327951090521,17,0,0,-1.0,loss,8
1h,5min,2024-10-08 02:10:00+00:00,short,62569.5,62750.353899999995,62128.0,62665.83,63002.29,0.5377380353047397,0.28904482215775196,2.4411970104046037,5,0.7843256793453643,2,1,0,-1.0,loss,9
1h,5min,2024-10-10 20:15:00+00:00,short,59744.03,60038.028806,58946.0,59611.01,60255.36,1.0785178033688028,0.4920973794369132,2.714398778884803,9,1.6371510567195227,20,3,0,-1.0,loss,20
1h,5min,2024-10-13 05:45:00+00:00,short,62860.01,62976.572002,62654.91,62920.0,63035.0,0.1829462006130766,0.18543109045003134,1.759578563175337,5,0.03939102871323362,5,6,0,-1.0,loss,6
1h,5min,2024-10-13 15:45:00+00:00,long,62300.97,62037.539806,62818.0,61950.0,62123.0,0.2776842800360893,0.42283481942576573,1.9626831387445203,5,-0.7335575951056104,15,6,0,1.9626831387445203,win,18
1h,5min,2024-10-14 05:40:00+00:00,long,63949.41,63765.830118000005,64500.0,62634.17,64082.37,2.2646025975845663,0.28707048587312717,2.999184845319826,7,1.5705668867039988,5,0,0,2.999184845319826,win,25
1h,5min,2024-10-14 17:30:00+00:00,long,65669.7,65445.86606,66299.93,65292.0,65800.0,0.7735683275544125,0.34084812325927605,2.815614111068254,16,2.061319890394158,17,0,0,2.815614111068254,win,65
1h,5min,2024-10-15 20:50:00+00:00,long,66683.82,66459.263236,67390.89,66300.0,66501.0,0.30142244400515744,0.33674850061080497,3.1487361476226425,3,1.0063628767973394,20,1,0,-1.0,loss,1
1h,5min,2024-10-17 21:40:00+00:00,short,67014.01,67162.902802,66720.0,67017.39,67156.7,0.20788190409736362,0.22218160351843166,1.9746421321293328,20,0.3072167376662212,21,3,0,-1.0,loss,4
1h,5min,2024-10-18 04:05:00+00:00,long,67702.01,67508.459598,68260.92,67457.07,67800.0,0.5065285358588216,0.2858857543520399,2.8876716050428164,5,0.47711104501994295,4,4,0,2.8876716050428164,win,28
1h,5min,2024-10-18 08:00:00+00:00,long,68020.01,67850.395998,68378.95,67867.93,67925.98,0.08534253376323073,0.24935897833591544,2.1162167967714645,3,0.7049689633584475,8,4,1,-1.0,loss,2
1h,5min,2024-10-18 23:05:00+00:00,long,68302.01,68190.43959800001,69000.0,68196.0,68293.04,0.14207488183728942,0.16334863644566683,6.256049879609751,15,0.2330885970228515,23,4,0,-1.0,loss,143
1h,5min,2024-10-19 15:15:00+00:00,short,68250.0,68363.65,68088.0,68297.28,68352.0,0.08017582417582587,0.166520146520138,1.42542894852625,9,0.028300744538483698,15,5,0,1.42542894852625,win,15
1h,5min,2024-10-20 02:50:00+00:00,long,68167.93,68100.796414,68446.0,68142.8,68154.31,0.01688477264894909,0.09848265305987185,4.142040021518028,1,-0.11679595347345448,2,6,0,-1.0,loss,3
1h,5min,2024-10-20 05:15:00+00:00,short,68232.01,68329.646402,68100.0,68253.3,68304.0,0.07430530040079003,0.14309471756731737,1.3520571968638266,10,0.011868975548443274,5,6,0,-1.0,loss,20
1h,5min,2024-10-20 09:25:00+00:00,long,68398.0,68341.3204,68500.0,68291.67,68364.1,0.10589490920788264,0.08286733530220637,1.7995892702135228,7,0.1902984023595639,9,6,1,-1.0,loss,42
1h,5min,2024-10-21 05:10:00+00:00,short,68974.01,69198.974802,68588.51,68940.0,69106.0,0.24067036264819172,0.32615879807481435,1.7136014015205638,14,-0.3664042158501335,5,0,0,1.7136014015205638,win,29
1h,5min,2024-10-21 06:15:00+00:00,long,69017.26,68900.05654800001,69266.64,68940.0,68951.27,0.01632924865461781,0.1698175963519662,2.1277530289810263,3,0.38988292199716507,6,0,0,-1.0,loss,8
1h,5min,2024-10-21 10:40:00+00:00,short,68323.99,68496.534798,68119.01,68426.0,68488.33,0.09122710778454499,0.25253911254302924,1.1879813380408295,7,0.5291116452597568,10,0,0,1.1879813380408295,win,23
1h,5min,2024-10-21 17:55:00+00:00,short,67526.01,67683.125202,66840.67,67620.25,68046.0,0.6304977889260747,0.23267360532630443,4.362022205846082,4,0.9726741236998963,17,0,0,-1.0,loss,22
1h,5min,2024-10-22 07:05:00+00:00,long,67632.09,67558.473582,67800.0,67493.35,67572.0,0.11629095005047779,0.10884835586182613,2.2808770728293943,1,-0.16035645227776932,7,1,1,-1.0,loss,6
1h,5min,2024-10-22 11:45:00+00:00,short,67325.94,67540.135188,66740.0,67402.14,67572.0,0.2522950292264773,0.31814659847303706,2.735542312930056,4,0.35018690987143986,11,1,0,2.735542312930056,win,25
1h,5min,2024-10-23 10:40:00+00:00,short,66516.0,66656.8032,66200.0,66602.35,66800.0,0.2971465512057162,0.2116832040411252,2.244267175746088,8,0.957785914856913,10,2,0,2.244267175746088,win,21
1h,5min,2024-10-24 16:20:00+00:00,long,67546.8,67336.50064,67998.0,67322.26,67450.0,0.1891133258718477,0.3113387458769394,2.145512948779242,2,0.5534297995060903,16,3,0,2.145512948779242,win,37
1h,5min,2024-10-25 07:40:00+00:00,long,67462.9,67236.50742,68234.34,67123.0,67262.0,0.20603917115925938,0.33558085999860626,3.4075321726533763,3,-0.38467194276281164,7,4,1,3.4075321726533763,win,52
1h,5min,2024-10-25 18:10:00+00:00,long,66971.99,65993.205602,68771.49,66070.26,66338.99,0.40125730174661145,1.4614832230608696,1.838504990145944,1,-1.2312668801957496,18,4,0,-1.0,loss,60
1h,5min,2024-10-26 01:30:00+00:00,short,66647.05,66873.08941,65596.29,66800.0,66938.0,0.20706092767796921,0.33915891251000246,4.648569910884215,13,1.0775347858406619,1,5,0,-1.0,loss,14
1h,5min,2024-10-27 19:15:00+00:00,long,67640.0,67527.352,68000.0,67500.0,67608.0,0.1596688350088705,0.16654050857480934,3.195795753142503,5,0.3818240281813047,19,6,0,3.195795753142503,win,29
1h,5min,2024-10-28 03:30:00+00:00,short,67865.8,68004.85316,67677.77,67907.2,67988.0,0.11905849485308198,0.20489430611588727,1.3522166630373913,6,-0.3167241281999162,3,0,0,1.3522166630373913,win,11
1h,5min,2024-10-28 09:45:00+00:00,long,68406.67,68225.128666,68680.0,67959.15,68328.0,0.5392018059057776,0.2653854280583956,1.5056075328829006,9,0.8328957110676306,9,0,1,1.5056075328829006,win,8
1h,5min,2024-10-28 23:35:00+00:00,long,69939.39,69719.312122,70270.0,69719.59,69791.0,0.10210269205951539,0.31466942734272696,1.502240947634028,2,1.6060669687243263,23,0,0,1.502240947634028,win,28
1h,5min,2024-10-29 07:55:00+00:00,long,71017.97,70823.626406,71370.0,70387.97,70885.02,0.699893280531678,0.27365411036108944,1.8113794890506607,3,1.6753521054492206,7,1,1,1.8113794890506607,win,43
1h,5min,2024-10-31 01:05:00+00:00,long,72322.62,72038.515476,72961.0,72060.0,72112.7,0.07286793537070019,0.39282941353617284,2.246989914176855,7,0.240875009408436,1,3,0,-1.0,loss,7
1h,5min,2024-10-31 19:45:00+00:00,long,70628.01,70092.074398,71226.0,70010.0,70221.11,0.2989040750263254,0.7588145298161421,1.1157870418916633,15,-1.3889204821109116,19,3,0,-1.0,loss,2
1h,5min,2024-11-01 05:05:00+00:00,short,69542.29,69728.358458,68830.0,69600.0,70146.8,0.7862841445112074,0.26756159165884363,3.82810717977767,24,1.6509194287126174,5,4,0,-1.0,loss,62
1h,5min,2024-11-01 20:45:00+00:00,short,69290.53,69473.858106,68820.14,69454.0,69475.0,0.030307171845849645,0.26457887679600783,2.5658367953683943,3,1.1254146161592338,20,4,0,-1.0,loss,27
1h,5min,2024-11-02 04:50:00+00:00,long,69559.99,69454.138002,69914.37,69455.95,69479.91,0.03444508833311563,0.15217368202611628,3.347882011636624,2,-0.3654896669005367,4,5,0,-1.0,loss,3
1h,5min,2024-11-02 11:50:00+00:00,short,69597.67,69715.599534,69417.88,69670.0,69682.0,0.017241956519521415,0.16944465813294515,1.52455448522336,6,0.19759774516856088,11,5,0,1.52455448522336,win,13
1h,5min,2024-11-03 04:45:00+00:00,short,68524.93,68710.674986,67864.16,68454.55,69000.21,0.7962941370388901,0.27106191279583236,3.557404235934375,6,1.0717045942017631,4,6,0,-1.0,loss,24
1h,5min,2024-11-03 23:45:00+00:00,long,68896.0,68479.0408,69358.0,68446.0,68499.9,0.0782338597306,0.6052008824895458,1.1080220798581797,9,0.33023110005700007,23,6,0,-1.0,loss,9
1h,5min,2024-11-04 01:35:00+00:00,short,68723.57,69050.774714,68240.61,68915.0,68966.65,0.07515616549023017,0.47611716620657546,1.4760178546816958,3,-0.08406367943330695,1,0,0,-1.0,loss,5
1h,5min,2024-11-04 06:00:00+00:00,long,68924.0,68686.1152,69500.0,68775.99,68882.0,0.15380709186929772,0.34514073472230256,2.4213400772138467,4,0.18587648378436308,6,0,0,-1.0,loss,21
1h,5min,2024-11-04 20:00:00+00:00,short,67741.6,68113.54832,67251.5,67934.39,68234.0,0.44228361892839935,0.549069286819319,1.3176561733092684,20,1.1340794546118895,20,0,0,1.3176561733092684,win,16
1h,5min,2024-11-05 20:05:00+00:00,long,69469.98,68718.876004,70577.91,68914.02,69216.5,0.4354110941157546,1.081192186898558,1.4750687067307537,2,0.5964150080096532,20,1,0,1.4750687067307537,win,53
1h,5min,2024-11-06 08:35:00+00:00,long,73186.0,72641.6728,75407.1,71412.03,73070.05,2.2654879348509334,0.7437586423632931,4.080450141018136,11,2.504378404180595,8,2,1,4.080450141018136,win,129
1h,5min,2024-11-06 09:55:00+00:00,short,73756.34,74097.761268,72656.31,73539.53,74200.01,0.8954891199861543,0.46290429812542966,3.221914107588579,11,-2.923527687618578,9,2,1,-1.0,loss,16
1h,5min,2024-11-07 03:10:00+00:00,long,75154.02,74996.969196,76022.79,74666.0,75037.87,0.49481052377503604,0.20897192725019714,5.531776838277104,1,1.1839557498809699,3,3,0,-1.0,loss,10
1h,5min,2024-11-07 08:45:00+00:00,short,75040.0,75152.998,74416.0,75048.01,75141.51,0.1246002132196162,0.15058368869936947,5.522221632240943,8,-0.7423705943940561,8,3,1,-1.0,loss,77
1h,5min,2024-11-08 00:05:00+00:00,long,76054.37,75478.789126,76849.99,75000.0,75555.17,0.7299646292514135,0.7568018432076843,1.3822905449773872,20,0.8629510242582559,0,4,0,1.3822905449773872,win,222
1h,5min,2024-11-10 06:50:00+00:00,long,78835.0,78596.233,79788.96,77426.68,78803.38,1.7463055749350056,0.30286928394749424,3.995359492727127,4,2.319050597866959,6,6,0,3.995359492727127,win,52
1h,5min,2024-11-11 03:30:00+00:00,long,81167.99,80929.766402,81730.0,80803.0,81032.0,0.2821309237791893,0.29349451427836437,2.359170144008856,1,1.8874656881615783,3,0,0,2.359170144008856,win,4
1h,5min,2024-11-11 13:20:00+00:00,long,81860.01,81443.817998,82471.2,81368.0,81668.73,0.3673710765488496,0.5084191927169276,1.4685289411208051,2,1.3901700171591065,13,0,1,1.4685289411208051,win,14
1h,5min,2024-11-13 22:05:00+00:00,long,89255.42,87953.128916,93139.93,87997.2,88623.64,0.7018509352149173,1.4590610676640106,2.982827762337659,12,0.0237215344647708,22,2,0,-1.0,loss,214
1h,5min,2024-11-14 08:40:00+00:00,short,90835.64,91456.577128,89104.54,91184.02,92050.07,0.9534253295292496,0.6835831486407814,2.7878828981860977,7,-1.2390939387876936,8,3,1,-1.0,loss,38
1h,5min,2024-11-14 18:30:00+00:00,short,89152.0,89793.07040000001,87526.74,89638.5,90559.65,1.0332353732950401,0.7190757358219798,2.5352285801995627,5,0.774215035285901,18,3,0,2.5352285801995627,win,31
1h,5min,2024-11-15 06:30:00+00:00,short,87685.91,88097.537182,87073.38,87860.46,88116.0,0.2914265245123117,0.46943366613860377,1.4880698524909466,6,1.123950304459475,6,4,0,-1.0,loss,4
1h,5min,2024-11-15 13:40:00+00:00,long,89941.78,89223.581644,90709.74,89458.13,89591.55,0.14834040420369515,0.7985147236356602,1.0692867695731865,3,1.2143312328184352,13,4,1,-1.0,loss,10
1h,5min,2024-11-15 14:40:00+00:00,long,89323.06,88567.465388,90709.74,88165.91,88943.53,0.870570264834182,0.845912144075674,1.8352168980262742,2,0.45952349616367194,14,4,1,-1.0,loss,5
1h,5min,2024-11-15 23:05:00+00:00,long,91387.35,91015.38253,91850.0,90844.9,91067.6,0.24368799401669008,0.4070229304165218,1.243791560589936,9,1.9751938606620223,23,4,0,-1.0,loss,8
1h,5min,2024-11-17 06:15:00+00:00,long,90580.0,90351.604,90888.0,90247.86,90374.45,0.13975491278427524,0.25214837712518584,1.3485350006130097,2,-0.031753993536555204,6,6,0,1.3485350006130097,win,31
1h,5min,2024-11-18 20:10:00+00:00,short,90598.18,90804.289636,89667.66,90640.0,90904.25,0.2916725258719326,0.2274986495313795,4.514684602130645,2,0.2409632944181536,20,0,0,-1.0,loss,1
1h,5min,2024-11-20 07:05:00+00:00,long,92436.52,92281.512696,92654.93,92271.71,92352.59,0.0874978850350382,0.16769054481929743,1.4090303770459138,1,0.39878883397731185,7,2,1,1.4090303770459138,win,2
1h,5min,2024-11-21 02:10:00+00:00,long,94659.94,94401.068012,94977.0,94286.56,94596.0,0.3268964675025173,0.2734757575379817,1.2247752352409753,2,1.0291566574442947,2,3,0,-1.0,loss,3
1h,5min,2024-11-21 14:40:00+00:00,long,97249.99,96502.280002,98384.86,95904.0,96692.0,0.8102828596691887,0.7688535474399594,1.5177943360869526,1,1.3266360364332623,14,3,1,-1.0,loss,6
1h,5min,2024-11-21 21:55:00+00:00,long,97973.8,97513.58523999999,98988.0,97400.0,97668.0,0.2735425185100506,0.4697324794996388,2.2037537431436562,13,1.2350416512255882,21,3,0,2.2037537431436562,win,64
1h,5min,2024-11-23 19:05:00+00:00,short,97778.14,98087.215628,97336.06,98051.29,98400.0,0.356633906106218,0.3160989030881606,1.4303295373389753,11,0.6147369479496569,19,5,0,1.4303295373389753,win,12
1h,5min,2024-11-24 03:45:00+00:00,long,98212.12,98134.357576,98564.0,97998.95,98182.4,0.18678957342535432,0.07917803220213601,4.525064702201188,2,0.06232054547579386,3,6,0,-1.0,loss,1
1h,5min,2024-11-24 04:50:00+00:00,long,98169.3,97852.56614,98564.0,97727.28,97919.5,0.19580459471545703,0.3226404385077693,1.246156631311814,3,0.02194722685604339,4,6,0,-1.0,loss,55
1h,5min,2024-11-24 22:30:00+00:00,short,97345.72,97820.95914400001,96114.48,97732.01,97816.23,0.08651638716114192,0.4881972664026795,2.5907798537739737,2,-0.12616480286183895,22,6,0,-1.0,loss,4
1h,5min,2024-11-25 01:40:00+00:00,long,97259.99,96868.548002,98369.46,96844.46,96974.89,0.13410447605432924,0.4024697082531155,2.834315187610438,4,-0.0727261699013441,1,0,0,2.834315187610438,win,55
1h,5min,2024-11-26 13:30:00+00:00,short,92431.52,92938.486304,91466.52,92686.44,93064.0,0.40847537723062183,0.5484777314059115,1.903479565379551,3,2.0024109572095616,13,1,1,-1.0,loss,14
1h,5min,2024-11-27 02:05:00+00:00,short,92674.13,92832.454826,91511.0,92670.28,93425.16,0.8145531012808047,0.1708403693673697,7.3464789407065645,4,0.36755184374703853,2,2,0,-1.0,loss,3
1h,5min,2024-11-27 12:45:00+00:00,long,93197.39,92829.200522,93885.6,92815.23,93024.0,0.22400841911989605,0.3950641514746284,1.8691734585636528,4,0.07450107949136628,12,2,1,1.8691734585636528,win,10
1h,5min,2024-11-28 03:40:00+00:00,long,95210.95,94803.49781,96564.0,94885.0,95184.79,0.3148692456067223,0.4279467750295489,3.3207577065667877,3,0.11894651940088898,3,3,0,-1.0,loss,76
1h,5min,2024-11-28 05:10:00+00:00,short,95673.73,95941.524746,94822.54,95789.33,96084.0,0.3079946815076597,0.27990415550851794,3.178516429892929,7,-0.5339345040272703,5,3,0,3.178516429892929,win,58
1h,5min,2024-11-29 00:20:00+00:00,long,95592.0,95380.8816,96023.48,95164.0,95530.24,0.38312829525483855,0.22085362791866123,2.0437820673138027,3,0.3526432345479515,0,4,0,-1.0,loss,6
1h,5min,2024-11-29 05:20:00+00:00,long,96484.32,96185.38313599999,96859.0,95970.56,96436.51,0.48292821051130075,0.30982947695544466,1.2533750270424027,15,0.9267420105522749,5,4,0,-1.0,loss,7
1h,5min,2024-11-29 20:40:00+00:00,short,97476.0,97644.1152,96853.82,97359.36,97700.0,0.34946037999097157,0.1724682998892037,3.7009146109334097,11,-0.8117400716898939,20,4,0,3.7009146109334097,win,53
1h,5min,2024-11-30 04:25:00+00:00,short,96611.33,96749.982266,96309.85,96703.68,96946.06,0.2508815477439392,0.1435155338406009,2.174360424805361,15,0.1921533219016559,4,5,0,-1.0,loss,7
1h,5min,2024-11-30 06:10:00+00:00,short,96865.97,97253.393194,96309.85,96968.07,97111.47,0.14803960565304222,0.3999579976332273,1.4354329028633002,3,-0.07038412429484484,6,5,0,1.4354329028633002,win,55
1h,5min,2024-11-30 11:25:00+00:00,long,96362.73,96072.737454,96979.8,95998.76,96293.61,0.30597929303165844,0.30093849146863527,2.1278822801190884,8,-0.40511354982978404,11,5,0,2.1278822801190884,win,90
1h,5min,2024-11-30 12:45:00+00:00,short,96470.73,96580.524146,96092.01,96444.0,96617.05,0.17938083395865556,0.11381083775358618,3.4493642311312347,6,0.25530733914295395,12,5,1,-1.0,loss,3
1h,5min,2024-12-01 10:25:00+00:00,long,96869.87,96751.586026,97179.04,96490.62,96853.82,0.37493598370681375,0.12210605217080486,2.613794494256865,2,0.27897523319486944,10,6,0,-1.0,loss,1
1h,5min,2024-12-02 05:25:00+00:00,short,96700.0,96943.34,96077.0,96841.27,97445.87,0.6252326783867542,0.25164426059978956,2.5602038300320906,4,0.40427365310439206,5,0,0,2.5602038300320906,win,23
1h,5min,2024-12-03 01:30:00+00:00,long,95728.98,95560.974204,96105.26,95529.34,95680.0,0.1573818085181765,0.17550150017267252,2.2396846356419995,5,-0.25877264678130607,1,1,0,-1.0,loss,2
1h,5min,2024-12-03 17:35:00+00:00,long,95482.2,94840.90356,96250.0,94871.23,95100.36,0.23997142922974612,0.6716397820745553,1.1972622208849526,10,0.0024556268230781636,17,1,0,1.1972622208849526,win,95
1h,5min,2024-12-04 14:50:00+00:00,short,96138.59,96579.227718,95352.41,96512.0,96661.53,0.155535877944537,0.45833594813487294,1.784186799914383,2,-0.1264671550033976,14,2,1,1.784186799914383,win,15
1h,5min,2024-12-05 16:45:00+00:00,long,101349.39,100547.750122,103550.0,98648.47,101248.19,2.565106706611654,0.7909666530800055,2.745135391081425,13,0.5382746024547803,16,3,0,-1.0,loss,6
1h,5min,2024-12-06 02:00:00+00:00,short,97984.23,98848.296846,90500.0,97457.55,98801.93,1.3720371125026856,0.8818427679637851,8.661633107029294,16,1.5992668428025043,2,4,0,-1.0,loss,140
1h,5min,2024-12-06 22:00:00+00:00,long,100694.28,100270.76114399999,101898.99,99500.0,100588.23,1.0807267304557875,0.42059872318468305,2.844525061712905,3,1.1883896039659363,22,4,0,-1.0,loss,14
1h,5min,2024-12-07 09:35:00+00:00,short,99538.7,99841.73774,98844.0,99666.31,99868.0,0.2026247077769775,0.30444213155285305,2.2924537386003396,4,0.044218825463521294,9,5,1,-1.0,loss,109
1h,5min,2024-12-07 22:10:00+00:00,long,100028.1,99679.99438,100439.18,99717.8,99920.31,0.2024531106758948,0.34800782979982836,1.1809059560715645,8,0.3254941102803584,22,5,0,-1.0,loss,9
1h,5min,2024-12-08 07:55:00+00:00,short,99675.11,99883.28502200001,99336.0,99783.56,99912.0,0.12885864886429754,0.20885356635173047,1.6289658420210649,15,0.09509397113271525,7,6,1,1.6289658420210649,win,4
1h,5min,2024-12-08 10:20:00+00:00,short,99238.23,99428.867646,98657.7,99300.0,99632.61,0.33516317249914734,0.1921010138935397,3.0452012610352424,2,0.43507740039992504,10,6,0,-1.0,loss,10
1h,5min,2024-12-08 15:40:00+00:00,long,99735.29,99337.212942,100500.0,99409.02,99452.0,0.04309407432413936,0.3991336045646384,1.9210099769176234,7,0.025128492111284637,15,6,0,1.9210099769176234,win,92
1h,5min,2024-12-10 05:15:00+00:00,short,96642.04,97151.778408,95565.41,96947.26,97467.8,0.5386268750121668,0.527449966908816,2.1121225771944974,7,1.2365970525752845,5,1,0,-1.0,loss,14
1h,5min,2024-12-10 22:40:00+00:00,short,96713.81,97220.042762,94256.54,96500.0,97140.0,0.6617462387222672,0.5234337908929445,4.854031948252306,23,0.15752882382641695,22,1,0,-1.0,loss,48
1h,5min,2024-12-11 12:50:00+00:00,short,98212.0,98512.68239999999,97184.71,98398.0,98856.0,0.4663381256872887,0.3061564778234743,3.41652853642257,50,-0.8419996106505286,12,2,1,-1.0,loss,8
1h,5min,2024-12-12 20:10:00+00:00,long,99832.01,99291.673598,102540.0,98865.47,99414.72,0.5501742377019155,0.5412456405515634,5.0116741903315285,6,-0.8238179046803403,20,3,0,-1.0,loss,68
1h,5min,2024-12-12 23:00:00+00:00,short,100271.99,100496.244398,99311.64,100464.73,100831.0,0.3652764844898401,0.22364610296453677,4.282413226072153,4,0.23636465289373448,23,3,0,4.282413226072153,win,34
1h,5min,2024-12-13 04:15:00+00:00,short,99726.45,99849.14529,99205.0,99675.66,99939.85,0.2649146740909782,0.12303184360819351,4.249959391269079,15,0.5252372058578625,4,4,0,-1.0,loss,2
1h,5min,2024-12-14 05:45:00+00:00,long,101769.89,101570.546022,102650.0,101519.42,101668.45,0.1464382048560717,0.19587716759839718,4.415031789924354,14,0.5514927450136138,5,5,0,-1.0,loss,47
1h,5min,2024-12-14 06:35:00+00:00,short,101909.09,102016.371818,101590.9,101816.71,102022.39,0.20182694203234766,0.10527207926201983,2.965926621414946,6,-0.6438429318180907,6,5,0,2.965926621414946,win,23
1h,5min,2024-12-14 14:25:00+00:00,short,101337.14,101488.34742800001,100826.38,101411.63,101464.92,0.05258684032329469,0.1492122513029367,3.377876383162638,5,0.04123438268496472,14,5,1,-1.0,loss,5
1h,5min,2024-12-14 20:10:00+00:00,short,101269.31,101432.023862,100831.63,101175.75,101420.01,0.24119844403007662,0.16067440570100078,2.6898753100702746,12,0.07845028271830748,20,5,0,2.6898753100702746,win,7
1h,5min,2024-12-15 14:40:00+00:00,long,102828.45,102452.44430999999,103359.97,102450.22,102533.33,0.08082393539920187,0.36566309226678556,1.4135956293640035,14,0.8217181901577081,14,6,1,1.4135956293640035,win,23
1h,5min,2024-12-16 04:05:00+00:00,long,104669.79,104238.546042,106648.0,103385.8,104324.5,0.8968203719525922,0.4120042258611505,4.587217892105619,3,1.2407316079737514,4,0,0,-1.0,loss,90
1h,5min,2024-12-16 19:35:00+00:00,long,106485.68,105776.11286400001,107793.07,106000.0,106140.0,0.13147307694330357,0.6663498190554668,1.8425176895453692,5,1.4626525375276496,19,0,0,-1.0,loss,16
1h,5min,2024-12-18 06:50:00+00:00,long,103735.92,103117.072816,105567.07,103197.67,103246.07,0.04665693426154483,0.5965601731781994,2.958969592725841,1,-1.9148938362000236,6,2,0,-1.0,loss,155
1h,5min,2024-12-18 08:15:00+00:00,short,104020.02,104399.724004,103137.82,104125.18,104581.58,0.43876169222040984,0.3650297356220459,2.3233887204413013,14,1.4668817796807465,8,2,1,-1.0,loss,13
1h,5min,2024-12-19 08:35:00+00:00,short,101596.83,101807.169366,100629.99,101745.45,102817.82,1.0555152163704418,0.20703339464430157,4.596571808626616,2,0.7050098702880752,8,3,1,-1.0,loss,2
1h,5min,2024-12-19 16:50:00+00:00,short,100630.01,101220.126002,99500.0,101063.38,101667.0,0.5998409420807922,0.5864214879835645,1.9148946921794812,3,1.3093216083369463,16,3,0,1.9148946921794812,win,8
1h,5min,2024-12-19 19:10:00+00:00,short,98696.96,99083.799392,96900.0,98952.73,99830.0,0.8888520983827709,0.39194661314795753,4.645235302200124,2,2.737488806279579,19,3,0,4.645235302200124,win,6
1h,5min,2024-12-20 14:45:00+00:00,short,95434.48,96254.37689599999,92232.54,95738.79,97276.5,1.6112729906423824,0.8591202005815834,3.905295916622225,12,1.6095665827681385,14,4,1,-1.0,loss,5
1h,5min,2024-12-21 01:45:00+00:00,long,97465.05,97179.26698999999,97816.44,96647.36,97389.38,0.7613190574467504,0.29321588610482807,1.2295692455614577,19,0.4184244938352856,1,5,0,1.2295692455614577,win,47
1h,5min,2024-12-21 11:35:00+00:00,long,98232.0,97780.3536,99540.61,97643.0,98318.6,0.6877595895431283,0.45977522599560006,2.8974215226779334,22,0.5428075674350816,11,5,0,-1.0,loss,6
1h,5min,2024-12-21 15:30:00+00:00,short,97427.2,97774.83544000001,96398.39,97500.48,97800.0,0.30742954739539274,0.3568155915391315,2.959450854607804,18,0.21994681801662655,15,5,0,-1.0,loss,56
1h,5min,2024-12-22 17:45:00+00:00,short,95615.94,95907.213188,95109.13,95660.8,96850.0,1.243725680048742,0.30462827432328954,1.7399816422513001,18,1.1022762665181276,17,6,0,-1.0,loss,3
1h,5min,2024-12-22 20:20:00+00:00,long,94936.27,94405.012746,96444.45,94244.0,94745.87,0.5286388437211567,0.5595935610278464,2.8388882949727434,5,-1.5931424365833187,20,6,0,-1.0,loss,21
1h,5min,2024-12-23 05:30:00+00:00,long,95757.04,95333.058592,96509.98,94786.45,95644.0,0.895547732051871,0.44276787168859066,1.775879757444496,4,-0.019276005874336522,5,0,0,-1.0,loss,7
1h,5min,2024-12-23 12:05:00+00:00,long,96153.3,95800.55933999999,96538.92,95554.88,95962.26,0.4236776064887945,0.3668523701214731,1.0932110860142519,8,0.4243365727486019,12,0,1,-1.0,loss,15
1h,5min,2024-12-24 02:30:00+00:00,long,94060.04,93550.20799200001,95509.09,93530.01,93911.5,0.40558137121779375,0.5420282704536199,2.842210722870211,4,-0.60003871623517,2,1,0,2.842210722870211,win,135
1h,5min,2024-12-24 20:15:00+00:00,long,97924.92,97230.415016,99487.99,97498.64,97964.0,0.47522122050240184,0.7092219059254776,2.250624597389511,8,2.0105159431893114,20,1,0,1.6883680132092516,timeout,288
1h,5min,2024-12-25 01:40:00+00:00,long,98197.38,97881.440524,99068.9,98056.27,98355.43,0.3046517127035252,0.3217392113720341,2.758503024167802,6,1.3664855143238093,1,2,0,-1.0,loss,4
1h,5min,2024-12-25 04:55:00+00:00,short,98236.01,98374.03720199999,97725.27,98353.99,98393.6,0.04032126304804173,0.14050570865001286,3.700285107568869,2,-1.0998006901040314,4,2,0,-1.0,loss,16
1h,5min,2024-12-26 08:40:00+00:00,long,96027.36,95596.97452799999,98571.0,94410.39,95864.5,1.5142663507567016,0.44819046571728,5.910143732732563,2,-2.3962544841495523,8,3,1,-1.0,loss,9
1h,5min,2024-12-26 11:40:00+00:00,short,95718.72,96054.643744,95199.14,95978.52,97711.17,1.8101474821226131,0.35094884678775445,1.5467200794237461,1,2.111567271029819,11,3,0,-1.0,loss,30
1h,5min,2024-12-30 01:40:00+00:00,short,93783.0,94293.04659999999,93009.52,94117.5,94404.9,0.30645212885063833,0.5438582685561211,1.5164888855253926,1,0.49298745238483654,1,0,0,1.5164888855253926,win,145
1h,5min,2024-12-31 07:55:00+00:00,short,92860.75,93058.67215000001,92250.0,93027.69,94296.75,1.3666269118007315,0.2131386511524116,3.0858092436847504,21,0.2277856337942011,7,1,1,-1.0,loss,4
1h,5min,2024-12-31 10:20:00+00:00,long,93910.43,93645.27791399999,94741.68,92910.03,93831.24,0.9809453539931682,0.2823457266674233,3.1349932506282228,2,0.7346261193320903,10,1,0,3.1349932506282228,win,25
1h,5min,2025-01-01 10:10:00+00:00,short,93384.27,93553.626854,92888.0,93486.29,93664.08,0.19038538289158136,0.18135479776197622,2.9303213202106977,2,0.4270556610839345,10,2,0,-1.0,loss,18
1h,5min,2025-01-03 02:40:00+00:00,short,97083.9,97361.85678,96650.0,97212.69,97300.0,0.08993252228227099,0.28630574173473433,1.561034057165226,5,-0.6192352095045274,2,4,0,1.561034057165226,win,29
1h,5min,2025-01-03 22:45:00+00:00,short,98290.75,98532.59815,98000.0,98419.14,98491.53,0.07364884284635066,0.24605382500388415,1.2022006370526037,9,-0.9116378325685505,22,4,0,1.2022006370526037,win,22
1h,5min,2025-01-04 01:20:00+00:00,long,97959.22,97780.408156,98512.94,97660.0,97837.63,0.18133055775658957,0.1825370230591834,3.0966628810114667,2,0.43770769162493556,1,5,0,-1.0,loss,95
1h,5min,2025-01-04 13:15:00+00:00,short,97831.08,98036.53621600001,97532.58,97980.0,98095.17,0.11772332473483707,0.21001119071772076,1.4528642929936535,10,-0.025012547373097917,13,5,1,-1.0,loss,7
1h,5min,2025-01-04 23:45:00+00:00,long,98263.99,98123.547202,98778.43,98139.13,98166.25,0.027599123544642695,0.14292397245420593,3.662985979530074,7,0.2641392464220631,23,5,0,-1.0,loss,22
1h,5min,2025-01-05 16:30:00+00:00,short,97980.32,98352.13606399999,97276.79,98268.78,98304.82,0.036782896810306547,0.379480352789197,1.892145251691017,11,-2.8204827446618296e-05,16,6,0,-1.0,loss,45
1h,5min,2025-01-06 01:30:00+00:00,long,98185.49,97900.362902,98836.85,97927.98,98024.0,0.0977944908152967,0.290396369158021,2.2844549135065857,3,0.06170444591607321,1,0,0,2.2844549135065857,win,6
1h,5min,2025-01-06 07:45:00+00:00,long,99383.1,99141.26338,99892.0,99235.99,99400.0,0.16502805809035415,0.24333777070749638,2.104313234281848,18,0.7945730053417519,7,0,1,-1.0,loss,11
1h,5min,2025-01-06 17:55:00+00:00,long,101831.95,101229.63361,102480.0,101295.23,101719.59,0.41672579185609293,0.5914807582492456,1.0759295459318494,8,2.234122221844869,17,0,0,1.0759295459318494,win,80
1h,5min,2025-01-07 11:50:00+00:00,long,100740.03,100452.301994,101995.64,99575.85,100481.99,0.8994835518710877,0.28561437394847394,4.363878294141376,1,-0.5088277041310011,11,1,0,-1.0,loss,32
1h,5min,2025-01-08 05:50:00+00:00,short,96447.65,96673.89953,96057.48,96634.58,96778.57,0.14929342498236634,0.23458272959476045,1.7245118697042006,4,1.7177745455989122,5,2,0,1.7245118697042006,win,8
1h,5min,2025-01-09 10:20:00+00:00,short,93340.34,93806.418068,92750.0,93400.98,94048.07,0.6932586703669722,0.4993318730143929,1.2666118415166305,13,1.4528843796221853,10,3,0,-1.0,loss,12
1h,5min,2025-01-09 19:20:00+00:00,short,92866.45,93310.53329,92325.0,93239.51,93846.15,0.6532391407230485,0.4781956131627833,1.2192532621526593,2,1.1690835573337661,19,3,0,1.2192532621526593,win,5
1h,5min,2025-01-10 07:55:00+00:00,short,94492.63,95018.898526,93473.5,94800.69,94966.66,0.17564332795055143,0.5569413466425899,1.9365209007388082,3,-1.0286246639330916,7,4,1,-1.0,loss,35
1h,5min,2025-01-10 19:15:00+00:00,long,94868.5,94354.8763,95836.0,94062.94,94581.87,0.5469992674069823,0.5414059461254226,1.8836747603352546,2,0.8443423593426903,19,4,0,-1.0,loss,77
1h,5min,2025-01-11 13:50:00+00:00,long,94447.59,94323.74048200001,94791.67,94329.8,94455.04,0.1326026423755129,0.1311304163504735,2.7782102470518666,9,0.0979037816478859,13,5,1,-1.0,loss,5
1h,5min,2025-01-11 19:25:00+00:00,short,94246.6,94346.24931999999,93984.55,94306.62,94312.56,0.006302614630132364,0.10573253570949218,2.6297219087902413,5,0.10987890312252853,19,5,0,-1.0,loss,11
1h,5min,2025-01-12 01:30:00+00:00,long,94419.24,94278.10615200001,95050.94,94327.4,94575.75,0.2630290182382381,0.14947572973474227,4.475892983517373,32,-0.018225003802842477,1,6,0,-1.0,loss,68
1h,5min,2025-01-12 20:00:00+00:00,long,94743.12,94559.591376,95314.12,94600.0,94663.77,0.06730831747994374,0.1937118220299254,3.111231303080026,2,0.13221509637075288,20,6,0,-1.0,loss,14
1h,5min,2025-01-13 00:15:00+00:00,short,94507.06,94655.271412,93800.0,94362.92,94612.0,0.2635570294959993,0.15682575672124832,4.770617798310819,9,0.045861614070458905,0,0,0,-1.0,loss,1
1h,5min,2025-01-13 13:25:00+00:00,short,91409.96,91798.281992,90300.0,91776.04,92644.11,0.9496448745847902,0.4248136548796186,2.85834957294928,2,2.27802014957825,13,0,1,2.85834957294928,win,13
1h,5min,2025-01-13 15:25:00+00:00,short,92215.11,93118.443022,89256.69,92889.06,92904.35,0.016580796791337286,0.9795932814047569,3.275004818765474,1,1.0427490922569886,15,0,0,-1.0,loss,64
1h,5min,2025-01-14 11:40:00+00:00,long,96649.11,96317.590178,97371.0,95819.7,96579.31,0.785946192365352,0.34301383840989536,2.1775168544823695,8,2.098570939798222,11,1,0,-1.0,loss,5
1h,5min,2025-01-15 03:30:00+00:00,long,97026.24,96727.30475200001,97554.63,96780.02,96789.38,0.009646874907242187,0.3080973229509814,1.7675734244628438,12,0.9350831861607671,3,2,0,1.7675734244628438,win,6
1h,5min,2025-01-15 18:15:00+00:00,long,99135.87,98582.222826,99799.98,97194.35,98613.99,1.4320144666103192,0.5584731076652658,1.1995184499939362,4,1.6999656578685192,18,2,0,1.1995184499939362,win,20
1h,5min,2025-01-16 10:40:00+00:00,short,99223.9,99425.58478,98617.55,99315.0,99650.33,0.3379528520850337,0.20326229870022294,3.0064241833219127,4,-0.18826648731564172,10,3,0,-1.0,loss,20
1h,5min,2025-01-18 05:10:00+00:00,short,103398.5,103778.85969999999,102666.55,103726.23,104259.98,0.5162067147976035,0.36785804436233244,1.9243626493553954,2,-0.0020052398249034826,5,5,0,1.9243626493553954,win,32
1h,5min,2025-01-20 12:45:00+00:00,long,107010.45,105451.54791,109193.23,102825.73,106923.0,3.828850359941486,1.4567755672460057,1.400203395711654,6,1.7472242239693496,12,0,1,-1.0,loss,37
1h,5min,2025-01-21 15:25:00+00:00,long,103720.08,102782.685984,105320.0,102894.29,103073.86,0.1731294461014752,0.9037729396275106,1.7067742834833592,6,0.2020924000250213,15,1,0,1.7067742834833592,win,9
1h,5min,2025-01-21 19:10:00+00:00,short,106347.98,107262.079596,102803.43,107050.0,107277.28,0.21371350917995702,0.859536397400308,3.8776409217448147,7,-2.110982478262108,19,1,0,2.2494375984824218,timeout,288
1h,5min,2025-01-22 08:40:00+00:00,long,105080.01,104678.983998,105952.0,104109.98,104888.24,0.7406356356456469,0.38163871701192137,2.1743976591323575,4,-0.13142676869608258,8,2,1,-1.0,loss,17
1h,5min,2025-01-23 03:45:00+00:00,short,102587.54,103028.267508,102100.0,102983.39,103052.82,0.0676787843825942,0.42961114770859193,1.106216406169913,8,1.5349959550471495,3,3,0,1.106216406169913,win,6
1h,5min,2025-01-24 01:05:00+00:00,long,103625.2,103399.83496,106421.03,103410.57,103776.06,0.3527037824776123,0.2174809216291059,12.405783967202497,10,-0.14301059117846307,1,4,0,-1.0,loss,7
1h,5min,2025-01-25 00:15:00+00:00,long,104738.57,104435.942286,106606.01,104298.0,104543.21,0.2341162381728206,0.2889362667449078,6.1707501118023025,15,-0.33483568661962265,0,5,0,-1.0,loss,7
1h,5min,2025-01-25 07:55:00+00:00,short,104385.98,104544.127196,104216.81,104480.0,104620.0,0.13411762767375465,0.15150233393412157,1.0696996486740904,7,0.44991137098424405,7,5,1,1.0696996486740904,win,8
1h,5min,2025-01-26 07:45:00+00:00,long,105028.07,104928.994386,105500.0,104718.16,104978.82,0.24818127192092884,0.09433250939487055,4.763331570168086,14,0.13763715333600382,7,6,1,-1.0,loss,3
1h,5min,2025-01-26 11:25:00+00:00,short,104700.0,104868.63,104444.01,104722.9,104863.31,0.13410697230181803,0.16106017191977523,1.518057285180562,5,0.1533398064307842,11,6,0,-1.0,loss,18
1h,5min,2025-01-27 09:20:00+00:00,short,98913.49,99553.112698,97777.77,99415.92,99713.37,0.3007173237947595,0.646648599700599,1.7756092827087502,3,3.4473069135954173,9,0,1,-1.0,loss,40
1h,5min,2025-01-27 15:15:00+00:00,short,100940.4,102338.12808000001,98263.49,102085.04,102520.44,0.43134364436836864,1.3847063019366037,1.9151865361393896,5,0.47483498988851586,15,0,0,-1.0,loss,71
1h,5min,2025-01-28 04:50:00+00:00,short,102979.1,103391.83582000001,101334.55,103260.0,104300.01,1.0099233728008836,0.4007957148586477,3.9845099947952085,3,-1.4498814697157263,4,1,0,-1.0,loss,128
1h,5min,2025-01-28 07:05:00+00:00,long,102916.74,102506.806652,103371.24,102436.79,102600.0,0.1585845023851381,0.3983155199047365,1.108716824862937,5,1.1455583806559873,7,1,1,-1.0,loss,28
1h,5min,2025-01-28 22:10:00+00:00,long,100877.47,100252.504506,103108.0,99952.0,100954.0,0.9932842288768741,0.6195293101621241,3.569045045549324,7,-1.276355022373406,22,1,0,3.569045045549324,win,258
1h,5min,2025-01-29 10:05:00+00:00,long,102450.0,102160.15999999999,103000.0,102190.0,102237.05,0.045924841386044815,0.2829087359687761,1.8975986751310343,1,0.27370554753161885,10,2,0,-1.0,loss,35
1h,5min,2025-01-29 22:05:00+00:00,short,103475.0,104803.375,101400.01,104330.21,104552.48,0.21480550857694083,1.2837641942498188,1.5620513785640389,20,-0.9043513810326691,22,2,0,-1.0,loss,66
1h,5min,2025-01-29 22:35:00+00:00,short,103694.31,104803.41886199999,101400.01,104730.98,104918.52,0.18085852540993635,1.06959471739577,2.068597663048892,25,-1.0689357567454405,22,2,0,-1.0,loss,60
1h,5min,2025-01-31 22:50:00+00:00,short,102144.81,102503.36896200001,101560.0,102321.42,102605.0,0.2776254613425799,0.35103003471249306,1.6310009286561389,5,1.734834576538781,22,4,0,-1.0,loss,15
1h,5min,2025-02-02 00:20:00+00:00,short,100809.11,101006.161822,100279.51,100871.45,101001.0,0.12851021103152574,0.19547025263886766,2.6876178795242094,2,1.1523304851657004,0,6,0,-1.0,loss,1
1h,5min,2025-02-02 20:25:00+00:00,short,98171.56,98719.634312,96821.54,98580.38,98720.55,0.14278065867548428,0.5582821664441281,2.4632061208517495,8,1.3538724735945018,20,6,0,2.4632061208517495,win,15
1h,5min,2025-02-03 12:05:00+00:00,long,95248.51,94780.24029799999,95950.68,94600.0,94850.85,0.26336369986260766,0.4916294249642384,1.499499107033815,22,-1.1003348488344784,12,0,1,-1.0,loss,10
1h,5min,2025-02-03 17:45:00+00:00,long,98606.01,98018.858798,99500.0,96702.12,98164.0,1.482546550661572,0.5954517397063258,1.5225890655675007,9,2.09656894081451,17,0,0,1.5225890655675007,win,4
1h,5min,2025-02-03 20:05:00+00:00,short,101148.0,101920.2296,98038.58,101669.6,101965.24,0.29228457310080225,0.7634650215525823,4.0265485808883446,3,-3.9123897308259723,20,0,0,-1.0,loss,5
1h,5min,2025-02-04 09:50:00+00:00,short,98452.22,98828.870444,97860.0,98730.8,98838.28,0.10916970688928693,0.3825718140230855,1.5723332055862458,6,0.6429724287794815,9,1,1,-1.0,loss,6
1h,5min,2025-02-04 12:45:00+00:00,short,99277.39,99808.855478,97860.0,99673.6,100009.97,0.33881833517178017,0.5353338539621139,2.6669465067305915,2,-0.195163655498366,12,1,1,-1.0,loss,21
1h,5min,2025-02-05 02:35:00+00:00,long,97688.01,96130.462398,100777.93,95400.0,96190.47,0.809178117150714,1.5944102065340378,1.9838366391064657,54,-0.9788188243321634,2,2,0,-0.3184557565772539,timeout,288
1h,5min,2025-02-07 03:20:00+00:00,short,97422.96,97825.084592,96154.7,97547.71,97795.76,0.25461143861774305,0.41276162415922574,3.1538981331438487,18,-0.18802597202114843,3,4,0,-1.0,loss,15
1h,5min,2025-02-07 09:30:00+00:00,short,97227.51,97402.485502,96566.0,97362.53,97383.63,0.021701676819663306,0.17996501401712453,3.7805863817438308,3,-0.021422121180940928,9,4,1,-1.0,loss,10
1h,5min,2025-02-08 01:10:00+00:00,short,96547.98,96870.789596,95620.34,96174.79,96856.78,0.7063741778958039,0.334351475815451,2.8736444377569894,24,0.6012263121045981,1,5,0,-1.0,loss,24
1h,5min,2025-02-08 05:45:00+00:00,long,96333.36,96045.343328,96880.0,96100.86,96335.42,0.24348782187188078,0.2989791615282576,1.897945685588657,13,-0.6237287576159275,5,5,0,-1.0,loss,14
1h,5min,2025-02-09 11:00:00+00:00,long,96909.04,96637.40819199999,97294.46,96584.91,96687.81,0.1061820445233945,0.28029563392641754,1.418905992040538,12,0.17573973820872807,11,6,0,-1.0,loss,6
1h,5min,2025-02-10 13:00:00+00:00,long,97444.01,97161.061198,97954.69,97219.99,97358.79,0.1424407718852994,0.2903706466923919,1.8048494865159719,5,0.5218371004245442,13,0,1,1.8048494865159719,win,9
1h,5min,2025-02-11 02:40:00+00:00,long,97669.22,97445.136156,98149.92,97449.06,97783.12,0.3420320137705591,0.2294313848313808,2.145179194623152,5,0.3566351242685681,2,1,0,2.145179194623152,win,26
1h,5min,2025-02-11 11:15:00+00:00,long,98016.24,97866.016752,98478.42,97766.88,98008.0,0.24600005060385435,0.1532636305983675,3.07662100342794,19,0.3104036488843981,11,1,0,-1.0,loss,9
1h,5min,2025-02-11 14:05:00+00:00,long,97028.15,96575.92437000001,98232.91,96070.36,96632.81,0.5796771349345495,0.4660767313403237,2.6640683766642015,1,-0.6966187637406198,14,1,1,-1.0,loss,28
1h,5min,2025-02-11 23:40:00+00:00,short,95736.83,96531.847366,94876.88,96395.28,96631.38,0.24661355509682722,0.8304195637144034,1.0816744850828794,23,1.0616487466887516,23,1,0,-1.0,loss,164
1h,5min,2025-02-12 09:35:00+00:00,long,96167.39,95995.45652200001,96469.78,95952.09,96047.73,0.09945159164660641,0.17878563409071593,1.7587616066256389,3,-0.11490953915413699,9,2,1,-1.0,loss,15
1h,5min,2025-02-12 16:00:00+00:00,short,95727.7,96018.79553999999,94088.23,95685.9,95944.44,0.27007856660089835,0.3040870510834323,5.632068426744121,8,0.33995176540538763,16,2,0,-1.0,loss,10
1h,5min,2025-02-12 17:40:00+00:00,short,97177.39,97719.435478,94088.23,97321.73,97680.49,0.3691805264578616,0.5577897060211229,5.699078998681368,3,-1.1054985643035276,17,2,0,-1.0,loss,48
1h,5min,2025-02-12 18:50:00+00:00,long,96998.55,96605.60029,97700.0,95999.65,96769.23,0.7933933033019585,0.4051088495652778,1.7850884786249002,5,0.8371989181555508,18,2,0,-1.0,loss,3
1h,5min,2025-02-12 21:50:00+00:00,short,97581.77,97928.50635400001,96353.47,97850.0,97894.38,0.045479806320386125,0.35532902713284237,3.542460967331897,2,-1.202942500844692,21,2,0,-1.0,loss,7
1h,5min,2025-02-13 10:20:00+00:00,short,96168.76,96355.233752,95649.85,96231.67,96503.38,0.2825345777568583,0.19390262700694627,2.782750893541168,9,0.5475108452568348,10,3,0,2.782750893541168,win,18
1h,5min,2025-02-13 22:25:00+00:00,short,96474.0,96794.00480000001,95320.75,96757.5,96767.28,0.010137446358603183,0.3317005618094095,3.6038521922170075,11,-0.22382863778377315,22,3,0,-1.0,loss,23
1h,5min,2025-02-14 01:25:00+00:00,short,96675.81,96984.845162,96018.45,96929.67,97430.0,0.5175338070609409,0.3196613113456201,2.127136587777673,11,-0.3552686757341773,1,4,0,-1.0,loss,28
1h,5min,2025-02-14 19:40:00+00:00,long,98235.57,97779.292886,98826.0,97700.0,98166.66,0.47504177967308936,0.46447240444577387,1.2940162499580865,3,1.2641942429383524,19,4,0,-1.0,loss,2
1h,5min,2025-02-14 22:15:00+00:00,short,97350.85,97557.58017,96697.56,97492.69,97656.0,0.16775405659015577,0.2123557935035958,3.160109625024848,3,-0.25873431599955415,22,4,0,-1.0,loss,33
1h,5min,2025-02-16 10:15:00+00:00,short,97276.28,97408.345256,97061.58,97331.42,97451.99,0.12394594036697024,0.13576306166313276,1.6257114588866155,5,0.20163316546896376,10,6,0,1.6257114588866155,win,34
1h,5min,2025-02-16 15:10:00+00:00,short,96926.77,97082.015354,96645.35,97029.9,97096.0,0.06819581422140222,0.16016767503961885,1.8127434589765596,2,0.43030802489039494,15,6,0,-1.0,loss,3
1h,5min,2025-02-17 21:20:00+00:00,short,95930.11,96286.63602199999,95205.0,95945.49,96400.0,0.4737928477304933,0.37165184320125444,2.0338206898121425,8,0.2585636712298111,21,0,0,-1.0,loss,7
1h,5min,2025-02-17 23:50:00+00:00,long,95816.0,95653.85680000001,96413.43,95596.24,95917.51,0.33529890623694325,0.16922351173080835,3.684582517182496,12,-0.34571043601484247,23,0,0,-1.0,loss,6
1h,5min,2025-02-18 20:00:00+00:00,short,94007.66,94422.681532,93388.09,94350.87,94617.45,0.2835726365277061,0.44147629246382564,1.4928623028648276,3,1.5243844315830428,20,1,0,-1.0,loss,2
1h,5min,2025-02-19 02:15:00+00:00,short,95504.81,95868.160962,93730.72,95730.77,96107.77,0.3947445160091937,0.3804530494327949,4.882579614582147,26,-0.17045457678857234,2,2,0,-1.0,loss,7
1h,5min,2025-02-19 13:20:00+00:00,long,96288.01,96119.142398,96495.0,96024.25,96205.4,0.18813349657968234,0.17537760101179622,1.2257531791089633,6,0.6364161174823959,13,2,1,-1.0,loss,8
1h,5min,2025-02-20 00:40:00+00:00,long,96550.59,96395.779882,96899.99,96490.37,96522.55,0.03332967721896631,0.16034093421903892,2.2569584243842664,6,0.5044225356118365,0,3,0,2.2569584243842664,win,4
1h,5min,2025-02-20 22:00:00+00:00,long,98183.59,97980.363282,98711.36,97999.99,98241.99,0.24647703348390498,0.20698644040209857,2.5969518437040744,8,0.8070469429305276,22,3,0,2.5969518437040744,win,135
1h,5min,2025-02-21 15:45:00+00:00,long,97765.18,97157.756964,99475.0,97326.07,97541.4,0.22025224113532776,0.6213081549074967,2.8148751342384504,2,-0.5120772014092984,15,4,0,-1.0,loss,23
1h,5min,2025-02-21 23:05:00+00:00,short,95677.11,95949.73542200001,94871.95,95671.9,96515.49,0.8817051434768578,0.2849432032384882,2.953356272108653,8,1.750922725556828,23,4,0,-1.0,loss,4
1h,5min,2025-02-23 13:35:00+00:00,long,95872.16,95637.875568,96470.59,95480.0,95666.88,0.19492624344752915,0.24437170498714159,2.5542883703002173,9,-0.5313083074296937,13,6,1,-1.0,loss,16
1h,5min,2025-02-23 14:20:00+00:00,short,95962.31,96068.63246200001,95657.05,95979.65,96085.7,0.11051213752566284,0.11079606357955639,2.8710772329553764,3,0.4103632901174976,14,6,1,2.8710772329553764,win,7
1h,5min,2025-02-24 17:55:00+00:00,short,94644.0,95213.51879999999,93817.06,94960.0,95339.35,0.4008178014454226,0.6017484468111985,1.451997721585338,21,0.932184413638361,17,0,0,1.451997721585338,win,21
1h,5min,2025-02-25 01:50:00+00:00,short,91870.28,92419.384056,90912.01,92162.37,92368.0,0.22382646488070426,0.5976949847110474,1.7451519243558642,3,2.6852139303469187,1,1,0,-1.0,loss,11
1h,5min,2025-02-25 17:40:00+00:00,short,87126.01,87822.82520199999,86050.99,87781.4,88750.41,1.112193706563642,0.7997786217915843,1.542761978950041,2,3.768865675670367,17,1,0,-1.0,loss,27
1h,5min,2025-02-26 15:20:00+00:00,short,87912.26,88547.582452,85418.72,88090.9,88534.55,0.5046508871458983,0.7226778745080694,3.924841617276834,2,0.8858598884963567,15,2,0,3.924841617276834,win,37
1h,5min,2025-02-26 22:25:00+00:00,short,84410.02,85416.882004,82256.01,85084.64,85687.81,0.7145715638972698,1.1928228473349431,2.1393299096030045,13,3.2132710840775776,22,2,0,-1.0,loss,36
1h,5min,2025-02-27 14:25:00+00:00,long,86317.99,85567.63640199999,87078.46,85369.39,85707.64,0.39186500983167005,0.8692899336511613,1.0134821796376392,2,0.13225396226662528,14,3,1,-1.0,loss,3
1h,5min,2025-02-28 18:25:00+00:00,long,83840.8,83179.94184,84920.0,82549.47,83426.0,1.0454695088787307,0.7882297878837075,1.6330281826284652,2,1.675578086730836,18,4,0,1.6330281826284652,win,5
1h,5min,2025-03-01 09:40:00+00:00,short,85195.89,85525.829178,84740.15,85075.63,85569.91,0.5801688320880254,0.387271238084373,1.381284886392014,17,-1.1035381259507209,9,5,1,1.381284886392014,win,16
1h,5min,2025-03-03 05:50:00+00:00,short,93216.44,93461.47328800001,92433.5,93419.99,93800.0,0.4076641416471115,0.2628648852069506,3.195239334175621,37,-2.538437339360699,5,0,0,3.195239334175621,win,9
1h,5min,2025-03-03 15:20:00+00:00,long,90976.86,89098.804628,93721.37,88673.09,90636.0,2.1575926010196476,2.064322039692294,1.4613573385098206,6,-0.7374189240764271,15,0,0,-1.0,loss,35
1h,5min,2025-03-03 21:40:00+00:00,short,86254.0,86599.37079999999,85200.01,86412.0,86781.98,0.4289424258585062,0.4004113432420406,3.0517634959296984,8,4.518034654330681,21,0,0,3.0517634959296984,win,3
1h,5min,2025-03-04 04:00:00+00:00,short,83881.12,84482.256224,82464.84,84413.62,85880.0,1.7481645452516668,0.7166525959596173,2.3560050841321365,11,4.990717266349893,4,1,0,-1.0,loss,13
1h,5min,2025-03-04 19:25:00+00:00,short,87750.47,88505.46009400001,81500.0,87724.13,89912.0,2.493285790947895,0.8603829631909754,8.278876835170681,4,-2.9392378984594467,19,1,0,-1.0,loss,11
1h,5min,2025-03-05 14:10:00+00:00,long,89775.99,89085.56480200001,90933.82,88829.68,89564.0,0.8179469811471942,0.7690532825090507,1.6769810883988137,9,2.298041812608913,14,2,1,-1.0,loss,5
1h,5min,2025-03-06 02:20:00+00:00,short,91160.01,91921.242002,89986.73,91307.0,92882.38,1.7281481210895049,0.8350503713196218,1.5412909558681327,7,-2.1762688348001427,2,3,0,-1.0,loss,6
1h,5min,2025-03-06 10:35:00+00:00,short,91251.18,91685.750236,90613.17,91590.99,91784.35,0.2118986296944331,0.47623519608186343,1.4681401236139284,2,-0.9595538186481494,10,3,0,1.4681401236139284,win,21
1h,5min,2025-03-07 01:00:00+00:00,long,85854.32,84649.859136,91283.02,83825.72,85148.68,1.5409358550623797,1.4029123566525339,4.507161803473892,3,-4.481393547292481,1,4,0,0.7162540733245373,timeout,288
1h,5min,2025-03-07 10:00:00+00:00,short,88769.26,89721.753852,87801.47,88983.8,89889.24,1.0199927317181672,1.0729996532583461,1.0160590516861352,7,0.07963720083766374,10,4,0,-1.0,loss,38
1h,5min,2025-03-08 05:10:00+00:00,short,86294.88,86517.258976,85218.47,86341.13,86538.59,0.22882006441169145,0.25769660494341345,4.8404305989791,7,1.3527861835956678,5,5,0,-1.0,loss,11
1h,5min,2025-03-10 02:55:00+00:00,short,82198.12,82760.439624,80000.0,82066.23,82615.38,0.6680809731414888,0.6841027799662701,3.9090223890175912,9,1.3743033973881402,2,0,0,-1.0,loss,25
1h,5min,2025-03-10 19:40:00+00:00,short,78739.16,79549.317832,77459.91,79327.98,79570.57,0.30809320292470865,1.0289134809159726,1.5790133100879589,2,3.3901450315286477,19,0,0,-1.0,loss,15
1h,5min,2025-03-11 09:45:00+00:00,short,81481.14,81916.34622800001,79908.75,81528.93,82634.16,1.3564243210146674,0.5341189728077074,3.6129767885581896,7,-1.4085853553585477,9,1,1,-1.0,loss,15
1h,5min,2025-03-11 14:50:00+00:00,long,80293.67,79041.941266,82225.21,79130.93,79279.9,0.1855314372851573,1.5589382500513476,1.543097915334747,3,-0.41247318998366544,14,1,1,1.543097915334747,win,40
1h,5min,2025-03-11 20:40:00+00:00,long,82925.49,82570.254902,83617.4,81727.27,82846.31,1.3494523818912538,0.4283786541387993,1.9477523586365328,6,2.0904455773767734,20,1,0,-1.0,loss,33
1h,5min,2025-03-12 16:25:00+00:00,short,81843.86,82303.888772,80607.65,82013.4,82357.44,0.42036140524164933,0.5620809820064756,2.6872449621476995,4,0.4368525270905716,16,2,0,-1.0,loss,8
1h,5min,2025-03-13 07:35:00+00:00,short,83221.09,83575.704218,82851.0,83540.83,83542.53,0.0020427514227428284,0.42611099902681215,1.0436411774104162,3,-0.2472201273908201,7,3,1,1.0436411774104162,win,9
1h,5min,2025-03-13 19:05:00+00:00,short,80737.41,81047.957482,79939.9,80893.02,80954.29,0.07588799293907189,0.3846388954017654,2.5680774961170783,9,1.9394179487856382,19,3,0,-1.0,loss,40
1h,5min,2025-03-13 23:20:00+00:00,short,81190.83,81500.46816599999,80137.47,81264.73,81546.52,0.34707121481577186,0.38137085924603764,3.4019062107480496,6,0.8060383264163532,23,3,0,-1.0,loss,16
1h,5min,2025-03-14 20:40:00+00:00,long,84233.44,83700.843312,84929.45,83602.15,83949.19,0.4119978953726787,0.6322865218374141,1.3068237480289928,4,1.2368171350875212,20,4,0,-1.0,loss,139
1h,5min,2025-03-16 13:20:00+00:00,short,82832.05,83168.37641,82381.46,82931.41,83649.04,0.8663675473442829,0.4060341498248494,1.3397401649189675,4,1.2951814259812604,13,6,1,-1.0,loss,18
1h,5min,2025-03-17 00:35:00+00:00,short,82814.13,83033.132826,81981.12,82846.0,82910.77,0.07821129075437255,0.26445103752221544,3.8036495474264953,2,0.7011175441777879,0,0,0,-1.0,loss,2
1h,5min,2025-03-17 06:40:00+00:00,long,83079.99,82666.004002,83869.77,82632.0,82825.55,0.23296825144057298,0.49829808356982674,1.9077456817754297,2,-0.33884623617894,6,0,0,1.9077456817754297,win,64
1h,5min,2025-03-17 20:40:00+00:00,long,84026.62,83858.474676,84756.83,83878.9,83983.74,0.12476998360758897,0.20010958908021928,4.342731529067189,1,0.5147854785106131,20,0,0,-1.0,loss,3
1h,5min,2025-03-18 15:45:00+00:00,short,81747.1,82229.27941999999,81134.66,81978.86,82330.38,0.4300091379388432,0.5898428445779554,1.270149605306714,3,1.4355073704176895,15,1,0,-1.0,loss,49
1h,5min,2025-03-19 10:10:00+00:00,short,83480.78,83679.74615600001,82910.72,83532.61,83702.53,0.20354385764004393,0.23833768203891903,2.8651103859089,11,-0.7351338925605924,10,2,0,-1.0,loss,4
1h,5min,2025-03-20 01:10:00+00:00,long,86300.01,85759.739998,87453.67,85914.71,86158.52,0.2825144516205707,0.626037009729188,2.13533972963397,5,1.9954227398572357,1,3,0,-1.0,loss,6
1h,5min,2025-03-20 11:05:00+00:00,long,85280.51,84738.083898,86300.0,84705.56,84926.73,0.25934413384722754,0.6360493177163196,1.8795002604797395,9,0.024772701467168763,11,3,0,1.8795002604797395,win,38
1h,5min,2025-03-20 12:25:00+00:00,short,85371.82,85581.074364,84755.14,85514.15,85795.53,0.3295935356655213,0.2451094096389102,2.947035312487093,2,-0.11324665418218904,12,3,1,-1.0,loss,15
1h,5min,2025-03-20 19:50:00+00:00,short,84269.29,84436.84385800001,83655.23,84366.52,84565.16,0.2357205098084954,0.19883145805549549,3.664851453315667,1,0.8880145734540157,19,3,0,-1.0,loss,6
1h,5min,2025-03-21 09:50:00+00:00,short,84088.48,84354.477696,83700.47,84269.71,84336.95,0.0799633909424819,0.316330722115569,1.458696845253826,3,0.5101891287564957,9,4,1,-1.0,loss,30
1h,5min,2025-03-22 18:25:00+00:00,short,84196.2,84333.41924,83975.42,84296.39,84360.0,0.07554972789745926,0.16297557371948593,1.608958044075958,2,0.018241513578551777,18,5,0,1.608958044075958,win,30
1h,5min,2025-03-23 01:50:00+00:00,short,84034.9,84149.39697999999,83625.1,84103.99,84162.04,0.06907844240903287,0.13624932022290295,3.579133702915149,7,0.11486752294053197,1,6,0,-1.0,loss,8
1h,5min,2025-03-24 07:45:00+00:00,long,86959.99,86735.708002,87300.0,86577.15,86812.05,0.2701242260952522,0.25791401079968596,1.5159932720056557,7,1.52110872508531,7,0,1,1.5159932720056557,win,7
1h,5min,2025-03-25 01:00:00+00:00,short,87519.94,87696.753988,87050.6,87537.22,87797.21,0.2970637319906815,0.20202709005512848,2.654427996952432,8,-0.246618884262836,1,1,0,2.654427996952432,win,6
1h,5min,2025-03-25 04:55:00+00:00,long,86547.17,86292.690566,87679.25,85950.0,86532.06,0.6725349887234876,0.2940355346107718,4.448610963194891,15,-0.7111839627775135,4,1,0,4.448610963194891,win,101
1h,5min,2025-03-25 06:20:00+00:00,short,86680.01,86835.51600199999,86310.0,86666.66,86820.29,0.1772380967653212,0.17940238124106658,2.3793936905406876,11,0.4892738498133326,6,1,0,-1.0,loss,2
1h,5min,2025-03-26 21:30:00+00:00,short,86989.98,87421.737996,85860.0,87294.05,87586.72,0.3364410475781214,0.49633072222800867,2.6171605632521864,13,0.28585471635283166,21,2,0,-1.0,loss,51
1h,5min,2025-03-28 13:25:00+00:00,short,85333.15,85626.80663,84800.0,85441.25,85648.25,0.24257864616506014,0.3441296026222075,1.8155558074747775,11,1.0399331082311318,13,4,1,1.8155558074747775,win,8
1h,5min,2025-03-28 23:05:00+00:00,short,84381.02,84555.566204,83636.36,84530.45,84904.96,0.4438320371097781,0.20685481640302333,4.266262931733596,1,0.7661081591109606,23,4,0,-1.0,loss,16
1h,5min,2025-03-29 13:35:00+00:00,short,82572.21,82828.344442,82007.0,82527.7,82820.85,0.35502259174122713,0.3101944855296897,2.2066926868039767,7,1.6734403846446284,13,5,1,-1.0,loss,3
1h,5min,2025-03-30 06:05:00+00:00,long,83037.53,82899.412494,83503.53,82888.93,82925.67,0.044245054013534894,0.16633142387543928,3.373938709840422,2,-0.06490961891826197,6,6,0,-1.0,loss,3
1h,5min,2025-04-01 11:45:00+00:00,long,84027.74,83806.864452,84504.74,83597.07,84116.27,0.6178911868866127,0.26286027447603716,2.159587171686277,9,1.0033868643205635,11,1,0,-1.0,loss,11
1h,5min,2025-04-02 06:30:00+00:00,long,84175.06,83887.884988,85213.12,83912.62,84182.89,0.3210808522144256,0.34116401223829534,3.6147295433908613,10,-0.28482760076336294,6,2,0,3.6147295433908613,win,32
1h,5min,2025-04-02 12:35:00+00:00,long,84785.01,84445.732998,85450.0,84462.16,84635.6,0.20456446251525162,0.4001615403477431,1.9600208563503776,11,0.294496799374779,12,2,1,1.9600208563503776,win,12
1h,5min,2025-04-02 18:35:00+00:00,long,86526.72,86195.094656,87333.0,86000.0,86589.58,0.6813848947469657,0.383263509815234,2.431297892600147,13,1.5092835905401527,18,2,0,-1.0,loss,9
1h,5min,2025-04-03 02:05:00+00:00,short,83629.93,84014.74598600001,82175.98,82845.42,84207.26,1.6284122203617732,0.46014146609953643,3.778299376575111,22,1.3054836401646248,2,3,0,3.778299376575111,win,128
1h,5min,2025-04-03 23:00:00+00:00,short,82589.5,82886.50790000001,81540.0,82792.46,83047.0,0.30819898413235775,0.35961944314956673,3.5335760429266685,13,0.3841911968386878,23,3,0,-1.0,loss,6
1h,5min,2025-04-04 01:25:00+00:00,short,83114.7,83430.08294000001,81800.0,83347.39,83449.92,0.12335964636821024,0.37945506631198866,4.168583119936525,12,-0.21181608826032652,1,4,0,-1.0,loss,69
1h,5min,2025-04-04 13:25:00+00:00,short,82604.0,83339.9708,81659.0,82768.09,84126.16,1.6440729262505531,0.8909626652462297,1.2840183333360586,11,0.5847367069930168,13,4,1,-1.0,loss,6
1h,5min,2025-04-05 08:15:00+00:00,short,83499.99,83665.329998,83297.66,83558.65,83630.69,0.08627545943419651,0.19801199736670128,1.2237208325114826,3,0.11420666003662137,8,5,1,-1.0,loss,11
1h,5min,2025-04-05 18:25:00+00:00,short,82979.89,83126.055978,82379.95,83026.0,83121.77,0.11541350560961708,0.1761462662821131,4.104511926845135,3,0.39009926210344564,18,5,0,-1.0,loss,7
1h,5min,2025-04-06 03:10:00+00:00,long,83358.49,83220.33830199999,83817.63,83212.18,83422.91,0.2527996848311557,0.16573200642192057,3.323448112812527,16,0.09435434133326823,3,6,0,-1.0,loss,5
1h,5min,2025-04-06 20:10:00+00:00,short,79466.72,79906.053344,78694.99,79859.73,80562.0,0.8837284337393112,0.5528519913745008,1.7565932805682924,2,3.540538777442125,20,6,0,1.7565932805682924,win,5
1h,5min,2025-04-07 08:50:00+00:00,short,76315.34,76858.733068,74508.0,75491.06,76666.01,1.5395987228779917,0.7120364896494006,3.326026970958673,10,3.5636592961435793,8,0,1,-1.0,loss,16
1h,5min,2025-04-07 15:40:00+00:00,long,78942.15,77514.21157,81243.58,77666.0,77870.01,0.2584297488730606,1.8088415757614846,1.6117151493709825,6,0.7662183549382999,15,0,0,-1.0,loss,15
1h,5min,2025-04-08 04:10:00+00:00,long,80073.99,79743.88520199999,80867.99,79599.99,79891.38,0.36390093712077964,0.4122497180420444,2.405296756698351,12,1.3139760090600892,4,1,0,-1.0,loss,12
1h,5min,2025-04-08 18:25:00+00:00,short,77328.75,77722.82575,76556.98,77560.0,78175.14,0.7954868014806904,0.5096109144399769,1.9584305809225688,1,2.038038599608314,18,1,0,-1.0,loss,1
1h,5min,2025-04-09 11:45:00+00:00,long,76299.99,75741.600002,77979.3,75869.57,76214.32,0.4518349216035284,0.7318349556795469,3.007414183661652,9,-1.236947754526557,11,2,0,3.007414183661652,win,27
1h,5min,2025-04-10 04:20:00+00:00,long,81796.59,81456.480682,83018.31,78361.59,81690.03,4.069167186553868,0.4157988957730421,3.59213916038605,13,1.744524865574045,4,3,0,-1.0,loss,38
1h,5min,2025-04-10 18:50:00+00:00,short,79371.64,79892.484328,78464.36,79688.0,80634.26,1.1921890488844564,0.6562096083689419,1.7419408280471618,9,1.637451344817742,18,3,0,-1.0,loss,13
1h,5min,2025-04-11 11:25:00+00:00,short,82348.12,83002.17962400001,80782.43,82753.21,82956.52,0.24689088226907632,0.7942617560668245,2.393803168012041,14,-1.768693966173043,11,4,0,-1.0,loss,26
1h,5min,2025-04-11 15:25:00+00:00,long,82184.93,81324.783014,83333.0,81440.73,81450.0,0.011279440160141374,1.0465994021044887,1.334736991103073,12,1.1204898060368187,15,4,0,1.334736991103073,win,26
1h,5min,2025-04-11 22:45:00+00:00,long,83474.0,83299.6652,84300.0,83022.98,83520.0,0.5954189328413686,0.20884922251239538,4.738009852307254,6,1.4004560127024457,22,4,0,-1.0,loss,5
1h,5min,2025-04-13 08:15:00+00:00,long,84431.03,84260.143794,85314.44,83936.45,84314.62,0.4479040466520404,0.20239739583894165,5.169580510202365,2,-0.20649694610649794,8,6,1,-1.0,loss,43
1h,5min,2025-04-13 10:15:00+00:00,short,84692.45,84966.79849,84399.42,84804.57,85247.03,0.5224314564049002,0.323935002470709,1.0680940871954303,42,-0.08657010116159713,10,6,0,1.0680940871954303,win,12
1h,5min,2025-04-13 21:10:00+00:00,long,83370.83,83031.165834,84990.22,83140.0,83198.11,0.06970063750115067,0.40741367934084655,4.767620968294867,18,-1.207897454427024,21,6,0,4.767620968294867,win,38
1h,5min,2025-04-15 21:50:00+00:00,short,84067.6,84252.66352,83800.01,84230.86,84408.39,0.21117529226479503,0.22013655677097485,1.4459359683638178,3,0.9781993661531475,21,1,0,1.4459359683638178,win,11
1h,5min,2025-04-16 02:35:00+00:00,short,83759.99,83944.751998,83111.64,83860.43,83871.26,0.012929800970608694,0.22058502872314306,3.509109053908367,4,0.8622833638493689,2,2,0,-1.0,loss,7
1h,5min,2025-04-16 15:05:00+00:00,short,84560.0,84865.972,83512.2,84608.68,84779.29,0.20176206244087108,0.3618401135288485,3.4244963591440474,5,-0.586277063611475,15,2,0,-1.0,loss,2
1h,5min,2025-04-16 17:30:00+00:00,short,84911.99,85516.982398,83512.2,85386.0,85509.69,0.14566847391045992,0.7124934864911158,2.3137315520451165,2,-0.7977124429782332,17,2,0,2.3137315520451165,win,5
1h,5min,2025-04-16 20:40:00+00:00,short,84406.0,84674.5712,83275.0,84472.31,84701.23,0.2712129469468974,0.31818970215388215,4.211173796743566,10,-0.2229976442884318,20,2,0,-1.0,loss,9
1h,5min,2025-04-17 11:00:00+00:00,long,84482.49,84174.273502,85053.38,84188.59,84308.25,0.14163881770057143,0.36482885151705263,1.8522369947892374,10,0.18979051921123677,11,3,0,-1.0,loss,37
1h,5min,2025-04-19 06:15:00+00:00,long,85050.04,84906.30999200001,85300.0,84986.76,84990.56,0.0044679579221866455,0.16899463892078603,1.7390940380385569,2,0.4356008255050546,6,5,0,-1.0,loss,5
1h,5min,2025-04-19 17:20:00+00:00,long,85020.12,84677.48597600001,85677.99,84596.5,84779.0,0.21465507223466634,0.4030034584754579,1.9200369896716378,7,0.0033105998216862755,17,5,0,-1.0,loss,181
1h,5min,2025-04-19 21:25:00+00:00,short,85280.8,85384.98615999999,84960.0,85330.06,85357.54,0.03222296226113724,0.12216836615039131,3.0791037888339057,2,-0.25427018889495084,21,5,0,3.0791037888339057,win,111
1h,5min,2025-04-20 15:00:00+00:00,short,84582.69,84680.916538,83949.52,84647.31,84678.18,0.03649682931578003,0.11613078042327883,6.446017673960792,10,0.2460103920948025,15,6,0,-1.0,loss,60
1h,5min,2025-04-20 22:50:00+00:00,long,84831.88,84652.763624,85250.0,84664.09,84913.04,0.29346278781042817,0.21114276378173558,2.3343482563536386,10,0.08733074485250043,22,6,0,2.3343482563536386,win,5
1h,5min,2025-04-21 17:15:00+00:00,long,87076.87,86372.364626,88465.99,85298.0,86625.68,1.5247217774364112,0.8090614350286136,1.9717663644110248,2,0.3026411341242518,17,0,0,1.9717663644110248,win,96
1h,5min,2025-04-21 19:40:00+00:00,short,87256.02,87453.451204,86389.78,87319.69,87862.93,0.6225816854814037,0.22626657048991367,4.387553651347004,2,-0.46578693031216445,19,0,0,-1.0,loss,3
1h,5min,2025-04-22 03:20:00+00:00,long,88145.53,87808.45089400001,88877.0,87731.81,87896.8,0.18717908894529903,0.3824120247504214,2.1700247419073864,2,1.0519694869191707,3,1,0,2.1700247419073864,win,111
1h,5min,2025-04-22 21:05:00+00:00,long,91276.58,90886.744684,91695.0,91041.97,91140.15,0.10756318871718573,0.4270923779133672,1.0733250242520396,18,2.0422269594093083,21,1,0,1.0733250242520396,win,3
1h,5min,2025-04-23 12:20:00+00:00,short,93634.01,93859.27680200001,93324.45,93777.95,93888.52,0.11808743425600057,0.24058224356728167,1.3741927228139903,2,-1.3781590440055713,12,2,1,-1.0,loss,9
1h,5min,2025-04-23 15:35:00+00:00,long,92716.9,91916.86662,94696.05,91509.75,92537.93,1.1089456183284743,0.8628776199376744,2.4738342792647288,4,0.16982089762818944,15,2,0,-1.0,loss,202
1h,5min,2025-04-24 05:15:00+00:00,short,92771.62,92922.494324,92385.12,92839.46,93050.0,0.2269444039028246,0.1626298258023348,2.5617347587916273,3,0.3506052401549426,5,3,0,2.5617347587916273,win,12
1h,5min,2025-04-25 04:25:00+00:00,short,93220.06,93516.644012,92855.96,93387.09,93602.83,0.2314308744276771,0.31815471047755883,1.2276454065905047,4,0.019305304702977512,4,4,0,-1.0,loss,26
1h,5min,2025-04-25 13:15:00+00:00,long,94468.06,94219.196388,94990.0,93976.42,94270.81,0.31162913687440963,0.2634367764088741,2.0972933560089944,1,0.9651225820828857,13,4,1,-1.0,loss,2
1h,5min,2025-04-25 16:20:00+00:00,long,94958.64,94707.868272,95758.04,94688.88,94804.82,0.1220952616844579,0.26408521436279253,3.187759666432646,1,1.1393546176059224,16,4,0,-1.0,loss,17
1h,5min,2025-04-26 06:55:00+00:00,short,94630.42,94762.80608400001,94380.72,94706.6,94710.0,0.0035929249811996813,0.13989802010813487,1.8861499068132686,2,-0.09948150137506126,6,5,0,-1.0,loss,8
1h,5min,2025-04-27 21:55:00+00:00,short,94328.29,94564.31565799999,93984.43,94469.5,94576.74,0.11368805689152771,0.2502172550779821,1.4568755063061938,4,-0.16393843766303987,21,6,0,1.4568755063061938,win,3
1h,5min,2025-04-28 00:30:00+00:00,long,93688.52,93269.242296,94545.45,93419.45,93497.64,0.08345739691480059,0.44752303056981513,2.043824395680191,5,-0.43741541929260874,0,0,0,-1.0,loss,7
1h,5min,2025-04-28 19:45:00+00:00,short,94838.44,94938.967688,93444.0,94900.0,95056.0,0.16449026365258643,0.10599888399682865,13.871203324600238,1,-0.5734745862709846,19,0,0,-1.0,loss,40
1h,5min,2025-04-28 21:20:00+00:00,long,94428.0,94334.9044,94920.0,94222.0,94373.35,0.16028084890075595,0.09858897784555487,5.28488994109278,2,0.10781991014766298,21,0,0,-1.0,loss,3
1h,5min,2025-04-30 03:00:00+00:00,short,94579.16,94803.915832,93742.54,94735.65,94820.0,0.08918455186111382,0.23763779674084148,3.722350572865346,3,0.1278958109319053,3,2,0,-1.0,loss,8
1h,5min,2025-04-30 06:40:00+00:00,short,94773.83,95198.954766,94060.47,94968.0,95224.93,0.27109804468173654,0.4485676752749082,1.6780015116786007,35,-0.02081989604636857,6,2,0,-1.0,loss,60
1h,5min,2025-04-30 21:30:00+00:00,short,94523.82,94803.00476400001,93528.71,94649.5,94928.44,0.2951002191828497,0.2953591634362694,3.5643420713315948,16,-0.07022242024270717,21,2,0,-1.0,loss,55
1h,5min,2025-05-03 18:25:00+00:00,short,96178.34,96290.735668,95869.68,96215.4,96325.65,0.11463079940868183,0.1168617258314059,2.746191250004499,2,0.22453567472043712,18,5,0,-1.0,loss,13
1h,5min,2025-05-04 09:30:00+00:00,long,95573.36,95404.04532800001,96142.86,95210.16,95520.98,0.325216148098165,0.17715676418616355,3.3635596565430728,12,-0.5147782681134084,9,6,1,-1.0,loss,8
1h,5min,2025-05-05 13:25:00+00:00,short,94174.36,94432.754872,93888.0,94282.48,94467.65,0.19662464390519696,0.27437921744305394,1.1082263273397923,12,0.6198968201564161,13,0,1,1.1082263273397923,win,2
1h,5min,2025-05-05 23:25:00+00:00,short,94896.25,95217.97925,93876.0,95037.4,95630.0,0.6244714622548371,0.3390326277381919,3.171144681436293,10,-0.32600013114081394,23,0,0,3.171144681436293,win,136
1h,5min,2025-05-06 00:25:00+00:00,long,94725.73,94558.90485400001,95199.0,94365.19,94719.82,0.37437557884220546,0.17611386684482486,2.836922438539555,5,0.13373686647609198,0,1,0,-1.0,loss,2
1h,5min,2025-05-07 03:30:00+00:00,long,96562.94,96188.787412,97732.0,96293.88,96729.67,0.4513015034546313,0.38747017023300784,3.1245540923533754,10,1.2792092344577974,3,2,0,-1.0,loss,174
1h,5min,2025-05-07 05:00:00+00:00,short,96532.31,96733.58646199999,96208.1,96663.51,97192.93,0.548438134340718,0.20850683258278432,1.6107695692703548,10,-1.0981630833691363,5,2,0,-1.0,loss,27
1h,5min,2025-05-07 18:55:00+00:00,long,96593.59,95873.821282,97478.27,94800.0,96102.72,1.3486609204606652,0.7451516379088841,1.2291170453451372,10,0.20625724705217782,18,2,0,-1.0,loss,7
1h,5min,2025-05-08 00:05:00+00:00,long,97113.96,96958.617208,97390.0,96766.8,97020.54,0.26128066448942117,0.15995928082843122,1.7769733403528318,5,0.5755432305059289,0,3,0,-1.0,loss,6
1h,5min,2025-05-08 12:20:00+00:00,long,99538.49,99363.91230200001,99888.0,99372.96,99538.36,0.16616687675289646,0.17538712713041327,2.0020312101950584,12,1.338334927361456,12,3,1,-1.0,loss,3
1h,5min,2025-05-10 00:20:00+00:00,short,102956.67,103120.591334,102727.25,103070.41,103143.12,0.07062194222092832,0.1592139042570032,1.3995737736004517,4,-0.2817489827386257,0,5,0,-1.0,loss,27
1h,5min,2025-05-10 09:20:00+00:00,long,103590.43,103345.281914,104100.0,103361.0,103632.66,0.26224430191090387,0.23665128718935383,2.078621164515374,6,0.5248859870003176,9,5,1,-1.0,loss,75
1h,5min,2025-05-11 02:20:00+00:00,long,104238.09,103846.032382,104984.57,103831.15,103926.47,0.09144449979849686,0.37611742310319735,1.904005854568107,6,0.6401180785710554,2,6,0,-1.0,loss,6
1h,5min,2025-05-11 03:40:00+00:00,long,104045.43,103445.24091400001,104984.57,103317.47,103544.02,0.21774142314564215,0.5768529055048204,1.5647402158859636,10,0.41800649358268915,3,6,0,-1.0,loss,48
1h,5min,2025-05-11 08:30:00+00:00,short,103797.53,104048.759506,103345.06,103988.39,103997.44,0.008718897260852846,0.2420380388627777,1.8010225279828207,3,-0.09198838409053482,8,6,1,-1.0,loss,8
1h,5min,2025-05-11 20:10:00+00:00,long,104380.96,104141.903808,104832.82,104148.93,104354.67,0.1971049126200844,0.22902279496184327,1.8901832084734023,2,0.3086406484889358,20,6,0,-1.0,loss,11
1h,5min,2025-05-12 10:50:00+00:00,long,104450.01,104056.809998,105819.45,104072.71,104152.84,0.07671612477585221,0.37644802714714704,3.4828077137192133,33,0.23002890887097974,10,0,0,-1.0,loss,11
1h,5min,2025-05-13 01:45:00+00:00,long,102398.38,102051.520324,103127.92,102122.02,102352.86,0.22543325392452157,0.33873551124539986,2.1032712952196215,13,-0.7436595024769226,1,1,0,-1.0,loss,6
1h,5min,2025-05-13 06:20:00+00:00,short,102415.71,102787.723142,101429.7,102714.29,102791.31,0.07520330621152171,0.3632383566935152,2.6504708804078203,19,0.44285476338864455,6,1,0,-1.0,loss,11
1h,5min,2025-05-13 10:00:00+00:00,short,103388.65,103545.66773,102264.34,103206.35,103675.57,0.45384091967542006,0.15187134177688447,7.160401567389546,9,-0.5006834490994815,10,1,0,-1.0,loss,6
1h,5min,2025-05-13 14:20:00+00:00,long,103339.4,102790.65212000001,103966.0,102958.81,103273.84,0.3048498442994626,0.5310151597551184,1.1418722929736471,3,0.2461027086701056,14,1,1,1.1418722929736471,win,22
1h,5min,2025-05-15 06:50:00+00:00,long,102285.71,102119.542858,103159.3,102166.99,102264.34,0.09517458499334,0.1624539165832702,5.257296896879689,2,-0.9694954176362135,6,3,0,-1.0,loss,4
1h,5min,2025-05-15 16:10:00+00:00,short,103090.08,103401.578016,101383.07,103206.35,103492.06,0.27714596787585366,0.3021609993900458,5.480002800403092,4,-0.3635889788201351,16,3,0,-1.0,loss,5
1h,5min,2025-05-15 19:15:00+00:00,long,103180.0,102612.024,104192.7,102398.31,103026.33,0.6086644698585036,0.5504710215157929,1.78299787314958,6,0.271629408894404,19,3,0,-1.0,loss,2
1h,5min,2025-05-15 21:00:00+00:00,short,103225.03,103512.075006,102552.35,103228.06,103650.79,0.4095227678790657,0.27807694122249255,2.3434652613325464,12,-0.2757768572794874,21,3,0,-1.0,loss,12
1h,5min,2025-05-17 11:55:00+00:00,short,102994.17,103120.438834,102753.67,103045.56,103120.0,0.07227593561849407,0.12259804025800901,1.90466635654524,2,0.38799824879469735,11,5,0,1.90466635654524,win,22
1h,5min,2025-05-18 11:00:00+00:00,long,103896.0,103779.2208,104088.2,103679.02,103819.43,0.13514476014474952,0.11240009240009673,1.6458410401851502,7,0.4406412970009605,11,6,0,-1.0,loss,13
1h,5min,2025-05-19 01:45:00+00:00,long,105170.75,104721.49584999999,107108.62,104601.14,105460.0,0.8166339024871464,0.42716644123961073,4.313527209487016,13,0.6491847601152531,1,0,0,-1.0,loss,5
1h,5min,2025-05-19 08:00:00+00:00,short,103130.44,103377.42608800001,102513.87,103118.57,103534.47,0.4032756962929608,0.23948902768184166,2.4963754233800985,23,0.8782706991696189,8,0,1,-1.0,loss,12
1h,5min,2025-05-20 09:50:00+00:00,short,105285.1,105411.18702,104847.16,105249.11,105381.02,0.1252883836364343,0.11975770550627937,3.4733154927448595,10,-0.11258366054768608,9,1,1,-1.0,loss,3
1h,5min,2025-05-20 14:15:00+00:00,long,104782.61,104163.76347800001,105416.66,103527.89,104266.14,0.7045539331383328,0.5906004078348426,1.0245674451734426,8,-0.28313429239992477,14,1,1,1.0245674451734426,win,21
1h,5min,2025-05-20 14:30:00+00:00,short,104629.12,105016.355824,104184.72,104869.57,104913.04,0.04154675103832147,0.3701032982022625,1.1476210940648681,2,0.423641648044682,14,1,1,-1.0,loss,11
1h,5min,2025-05-21 12:30:00+00:00,short,106636.36,106941.537272,106100.01,106797.98,107294.63,0.46574170386161784,0.28618500481449366,1.7575030947914247,1,-0.22540982854351616,12,2,1,-1.0,loss,14
1h,5min,2025-05-21 21:15:00+00:00,short,108220.13,108878.834026,106117.67,107415.83,108701.54,1.1880506889060214,0.6086705181374225,3.191812888661518,21,-0.9842218532511067,21,2,0,-1.0,loss,15
1h,5min,2025-05-22 05:20:00+00:00,long,111404.98,111177.329004,111880.0,110981.96,111234.4,0.2265966925356369,0.2043454394947126,2.0866150745943193,2,2.4672025803892486,5,3,0,-1.0,loss,7
1h,5min,2025-05-22 12:10:00+00:00,short,110820.93,111348.36418599999,110272.72,111185.82,111234.4,0.04383648467846931,0.47593373020782137,1.0393903439546737,3,-1.1114147698014067,12,3,1,-1.0,loss,2
1h,5min,2025-05-23 02:10:00+00:00,long,111477.49,111179.564502,111800.0,111252.03,111382.97,0.11745869053923112,0.26725170973979717,1.0825189591526079,13,0.6277022743807292,2,4,0,-1.0,loss,15
1h,5min,2025-05-23 12:30:00+00:00,long,108678.55,107294.26429,111381.61,107415.83,107725.0,0.2844811602657546,1.273743263965149,1.9526749286460556,3,-1.8759142798842967,12,4,1,-1.0,loss,133
1h,5min,2025-05-23 15:05:00+00:00,short,109223.58,110014.594716,107316.0,109096.39,110816.34,1.5747057549294734,0.7242160676293572,2.411560697184285,19,1.104432533639087,15,4,0,2.411560697184285,win,102
1h,5min,2025-05-23 15:30:00+00:00,long,109739.13,108993.382174,111065.31,109096.39,109505.0,0.3723466734245119,0.6795641864483581,1.7783223145460192,5,-0.5973179990668753,15,4,0,-1.0,loss,5
1h,5min,2025-05-24 02:45:00+00:00,short,107793.5,107921.6687,106800.0,107898.34,108055.0,0.1453334384726384,0.11890206737882592,7.751502511924057,1,1.17257295921779,2,5,0,-1.0,loss,3
1h,5min,2025-05-24 13:15:00+00:00,long,108814.42,108549.64711600001,109506.03,108434.0,109094.99,0.6074470644607629,0.2433251806148403,2.6120877242097964,13,0.09049930943064041,13,5,1,-1.0,loss,8
1h,5min,2025-05-25 20:00:00+00:00,short,107664.5,107962.4829,106640.52,107938.0,107972.02,0.03159815909608467,0.2767698730779437,3.4363716844154033,1,0.01365929638086636,20,6,0,-1.0,loss,25
1h,5min,2025-05-25 20:25:00+00:00,long,107566.47,107387.57670599999,107940.95,107374.38,107413.33,0.036210168466062974,0.16630953307290702,2.093314912072545,2,-0.10032611768418212,20,6,0,-1.0,loss,13
1h,5min,2025-05-27 03:00:00+00:00,long,108499.19,107494.870162,109888.89,107914.44,108570.16,0.6043547421874773,0.9256473140490687,1.3837225427782527,21,-0.5877114710300724,3,1,0,1.3837225427782527,win,83
1h,5min,2025-05-29 02:05:00+00:00,short,108000.95,108369.38019,107150.0,108253.03,108784.27,0.49188456212654175,0.341136064080917,2.309664145601095,14,0.10666884634790393,2,3,0,-1.0,loss,9
1h,5min,2025-05-29 06:35:00+00:00,short,107863.63,107967.042726,106948.01,107765.95,107955.47,0.17570333948524083,0.09587358222599686,8.854036011003656,6,0.16384147024570878,6,3,0,-1.0,loss,7
1h,5min,2025-05-30 12:05:00+00:00,short,105674.39,106002.884878,104606.01,105850.0,106018.79,0.15972649570060787,0.31085571253356437,3.2523490366264163,16,0.5176701814174287,12,4,1,3.2523490366264163,win,53
1h,5min,2025-05-30 19:05:00+00:00,short,104757.4,105009.92148,103706.71,104292.69,105291.12,0.9530878009572528,0.24105359621373798,4.1607945589418565,12,0.8841154207202038,19,4,0,4.1607945589418565,win,50
1h,5min,2025-05-30 20:20:00+00:00,long,104577.54,104378.01449199999,105560.98,104292.69,104484.86,0.1837583863609703,0.19079193103988304,4.9288936029170385,3,-0.9589594537382442,20,4,0,-1.0,loss,26
1h,5min,2025-05-31 17:15:00+00:00,long,104608.5,104379.0783,104846.15,104200.0,104443.39,0.23266751745794978,0.21931458724674022,1.0358653954703836,15,0.32341092924570036,17,5,0,-1.0,loss,7
1h,5min,2025-06-01 03:25:00+00:00,long,104137.32,103903.692536,104857.15,103523.81,103978.0,0.4361452743358503,0.22434556986871249,3.0811018005998334,16,-0.243677025964255,3,6,0,-1.0,loss,73
1h,5min,2025-06-01 11:50:00+00:00,short,104082.7,104173.05654,103752.49,104040.52,104220.7,0.17311234239695264,0.08681225602334293,3.654522406457383,5,0.20962709703867982,11,6,0,-1.0,loss,4
1h,5min,2025-06-02 01:05:00+00:00,long,105511.01,105383.207798,105866.91,105300.0,105414.63,0.10864269046425075,0.12112688713717334,2.7847720495460004,9,0.6337663830287743,1,0,0,-1.0,loss,6
1h,5min,2025-06-03 03:15:00+00:00,long,105602.98,105319.059404,106500.0,105096.66,105575.47,0.4534057656327479,0.2688566137054052,3.1594044695511125,2,0.48563543090490324,3,1,0,-1.0,loss,11
1h,5min,2025-06-03 17:20:00+00:00,long,106070.86,105737.035828,106794.67,105666.67,106333.33,0.6285043790537792,0.3147180780847896,2.1682372359781685,11,0.5846794131382982,17,1,0,-1.0,loss,8
1h,5min,2025-06-05 09:30:00+00:00,short,104697.51,104851.789502,104380.0,104696.73,105032.95,0.3211346669085074,0.14735737459277196,2.0580180509007913,6,0.24943866471194057,9,3,1,-1.0,loss,3
1h,5min,2025-06-06 04:00:00+00:00,short,102399.06,102540.479812,101095.8,102171.44,102581.56,0.40051148907030526,0.13810655293125482,9.215540464725882,13,0.6661374155440359,4,4,0,-1.0,loss,3
1h,5min,2025-06-06 09:25:00+00:00,short,103576.57,103770.715314,102683.22,103581.4,104330.18,0.7229241130498903,0.18744134315318023,4.601450231242942,8,-0.4619796035691527,9,4,1,-1.0,loss,8
1h,5min,2025-06-07 17:00:00+00:00,long,105431.34,105257.973732,105800.0,105264.0,105309.56,0.04321295736163239,0.16443523149757744,2.126480567719251,3,0.5444348212602137,17,5,0,2.126480567719251,win,18
1h,5min,2025-06-08 10:30:00+00:00,long,105180.17,104943.103966,105599.32,104942.02,105050.04,0.10269996711356286,0.22539042673158177,1.7680727725001852,5,-0.16305128115924827,10,6,0,1.7680727725001852,win,10
1h,5min,2025-06-08 22:20:00+00:00,long,106112.81,105897.957438,106488.14,105910.17,105943.91,0.03179634956420929,0.20247561251087406,1.746918894083291,2,0.29434138301011453,22,6,0,-1.0,loss,1
1h,5min,2025-06-09 02:10:00+00:00,long,105708.85,105406.38823,106488.14,105481.24,105520.25,0.03690324887650822,0.28612719748631166,2.5764909066027433,4,-0.05760720251361366,2,0,0,-1.0,loss,11
1h,5min,2025-06-09 13:30:00+00:00,long,107666.38,107447.736724,107990.0,107464.77,107540.22,0.07007758596508686,0.20307479084929067,1.4801278407481948,1,1.381282742901369,13,0,1,-1.0,loss,1
1h,5min,2025-06-09 14:05:00+00:00,long,107273.61,106838.545278,107990.0,106888.0,107146.18,0.2406742907225673,0.405565471321414,1.6466285675996657,3,0.9740824708444723,14,0,1,1.6466285675996657,win,8
1h,5min,2025-06-10 01:20:00+00:00,long,109890.19,109700.771962,110530.17,108736.19,109734.92,0.9088436374529847,0.1723702889220625,3.378664496567029,2,1.7275728936488939,1,1,0,-1.0,loss,6
1h,5min,2025-06-10 21:25:00+00:00,long,109793.23,109217.721354,110400.0,109064.06,109282.37,0.19883739644056164,0.5241749841952933,1.0543195210311436,14,0.6637605566000054,21,1,0,-1.0,loss,151
1h,5min,2025-06-11 21:25:00+00:00,short,108849.06,109241.279812,108412.01,109072.91,109341.79,0.24702096646492872,0.36033366939502803,1.1142986321150132,3,0.4427622184812702,21,2,0,1.1142986321150132,win,6
1h,5min,2025-06-11 22:50:00+00:00,long,108428.64,108042.314272,109219.51,108127.16,108284.5,0.14510926264499538,0.35629491248806233,2.047158505581081,6,-0.7437896488665949,22,2,0,-1.0,loss,54
1h,5min,2025-06-12 05:30:00+00:00,short,107791.77,107943.98835399999,107320.0,107917.41,108390.34,0.43874407109187735,0.14121519110409111,3.09929773646126,2,0.941731088437887,5,3,0,-1.0,loss,14
1h,5min,2025-06-13 03:45:00+00:00,short,104008.2,104360.42164,102664.31,103938.59,105671.72,1.6663397693643431,0.3386479527575743,3.8154668747780134,18,2.3038826908661836,3,4,0,-1.0,loss,1
1h,5min,2025-06-15 01:15:00+00:00,short,105463.33,105701.092666,104807.32,105611.67,105703.61,0.08717722074582922,0.22544581704370142,2.7590959128966377,5,-0.31949037914585043,1,6,0,-1.0,loss,51
1h,5min,2025-06-16 21:45:00+00:00,long,108547.54,108299.740492,108888.0,108278.0,108428.0,0.13818829979933217,0.2282866180108701,1.373933317091216,2,1.3314528052402106,21,0,0,1.373933317091216,win,4
1h,5min,2025-06-17 00:15:00+00:00,long,106614.67,106094.02706600001,108952.38,105966.0,106312.33,0.3248427256774342,0.48834080150507303,4.4900446108811645,2,-0.5507491957490857,0,1,0,-1.0,loss,116
1h,5min,2025-06-17 02:10:00+00:00,short,107049.04,107420.409808,106115.35,107262.31,107418.24,0.14566221238416296,0.3469155893411124,2.5141785354828308,14,0.12337540920372725,2,1,0,-1.0,loss,9
1h,5min,2025-06-17 21:25:00+00:00,long,104506.25,104231.42875,105336.82,104250.0,104414.83,0.1577226242449631,0.2629711141678068,3.022218987796709,14,-1.0756624743320846,21,1,0,-1.0,loss,18
1h,5min,2025-06-20 08:40:00+00:00,short,105920.07,106545.834014,104238.02,106248.43,106484.89,0.22324381016742756,0.5907888977036984,2.6879941357574473,6,-1.1247127094544294,8,4,1,2.6879941357574473,win,74
1h,5min,2025-06-20 11:05:00+00:00,long,106053.93,105736.269214,106524.65,104769.25,105780.76,0.9537694642716161,0.2995275950641274,1.4818322586408617,24,1.0343292514395643,11,4,0,-1.0,loss,30
1h,5min,2025-06-20 21:00:00+00:00,short,103476.0,103848.6952,102345.0,103761.84,103888.0,0.1219219915729285,0.36017549963276696,3.0346513719521853,9,0.9988194575541207,21,4,0,-1.0,loss,153
1h,5min,2025-06-21 04:55:00+00:00,long,103384.98,103312.323004,103691.67,103339.99,103377.44,0.03622383057964231,0.07027809648944229,4.2210663375078425,5,-0.5616151550566892,4,5,0,4.2210663375078425,win,48
1h,5min,2025-06-21 21:00:00+00:00,short,102719.17,102909.423834,102206.0,102757.22,103174.12,0.4058638713688926,0.185217456488407,2.6972912409218024,2,0.76172068065349,21,5,0,2.6972912409218024,win,4
1h,5min,2025-06-22 17:15:00+00:00,short,99640.07,100399.928014,98673.66,99826.34,100268.75,0.4440081184206348,0.7626028504395848,1.2718297131758705,2,2.241979884885118,17,6,0,1.2718297131758705,win,34
1h,5min,2025-06-23 00:25:00+00:00,long,100751.93,100559.879614,101034.65,99667.01,100645.88,0.9715645149428005,0.19061707899787933,1.4721136775013757,4,-0.208996532370449,0,0,0,-1.0,loss,1
1h,5min,2025-06-23 00:55:00+00:00,short,100904.6,101640.18092,98920.0,101239.06,102584.36,1.3332395153441992,0.7289865080481891,2.6980036404424745,3,0.0608048288150658,0,0,0,-1.0,loss,58
1h,5min,2025-06-23 13:05:00+00:00,short,101450.64,101704.99012799999,101102.76,101577.01,101746.61,0.16717489411600145,0.2507131822923847,1.367720955108059,2,-0.165558624908768,13,0,1,1.367720955108059,win,4
1h,5min,2025-06-24 01:50:00+00:00,long,105308.0,104888.6284,106074.2,104214.28,105115.65,0.8559368708929952,0.39823337258327823,1.8270192831369594,16,2.3341001863500384,1,1,0,-1.0,loss,4
1h,5min,2025-06-27 02:25:00+00:00,short,107215.93,107308.723186,106438.33,107235.29,107451.95,0.20207817998687652,0.08654794674635559,8.379925655315988,3,0.02244301898763666,2,4,0,-1.0,loss,7
1h,5min,2025-06-27 11:50:00+00:00,short,106935.87,107181.337174,106679.98,107087.85,107202.67,0.10737276462985941,0.22954615135221224,1.0424611805731478,24,0.237527175813453,11,4,0,-1.0,loss,6
1h,5min,2025-06-27 19:55:00+00:00,short,106801.02,107042.020204,106446.45,107000.0,107094.03,0.08804223030828623,0.22565346660546529,1.4712435679100604,1,0.2242983557504783,19,4,0,-1.0,loss,2
1h,5min,2025-06-29 12:55:00+00:00,long,108189.88,108011.362024,108528.5,107972.74,108096.56,0.11444693348397506,0.16500432018225994,1.8968397894002003,3,0.6102907231943117,12,6,1,-1.0,loss,19
1h,5min,2025-06-29 15:05:00+00:00,long,108020.0,107756.166,108528.5,107719.58,107849.61,0.12037585632290208,0.24424551009072631,1.9273482568584606,6,0.37403407076049755,15,6,0,-1.0,loss,8
1h,5min,2025-06-29 16:55:00+00:00,long,107552.03,107298.489594,108305.81,107402.18,107627.49,0.20948930485088216,0.2357374435424418,2.9730172475940524,7,-0.07126907112412534,16,6,0,-1.0,loss,49
1h,5min,2025-06-29 16:55:00+00:00,long,107552.03,107298.489594,108228.28,107310.0,107330.0,0.018595650867770697,0.2357374435424418,2.667227723852425,2,-0.07126907112412534,16,6,0,-1.0,loss,49
1h,5min,2025-06-29 16:55:00+00:00,long,107552.03,107298.489594,108228.28,107385.92,107402.17,0.015108966330063691,0.2357374435424418,2.667227723852425,2,-0.07126907112412534,16,6,0,-1.0,loss,49
1h,5min,2025-06-29 18:35:00+00:00,short,107571.74,107654.014348,107316.46,107592.17,107650.0,0.05375947251573856,0.07648323621054352,3.1027897054866296,3,0.036661128341217764,18,6,0,-1.0,loss,2
1h,5min,2025-06-29 21:05:00+00:00,long,107470.63,107228.505874,107718.02,107272.77,107309.99,0.034632717794620876,0.22529329734087322,1.0217486546548835,1,-0.10845797936354495,21,6,0,1.0217486546548835,win,7
1h,5min,2025-06-30 08:05:00+00:00,long,107705.7,107459.76886,108580.0,107494.06,107543.48,0.04588429396029946,0.22833623475823528,3.555060168468299,14,-0.2354217512702004,8,0,1,-1.0,loss,10
1h,5min,2025-07-02 00:35:00+00:00,short,105581.63,105802.546326,105250.85,105702.39,105744.81,0.040177443746604646,0.20923746488853354,1.4973089856655126,7,0.7053473981008271,0,2,0,1.4973089856655126,win,8
1h,5min,2025-07-02 12:50:00+00:00,long,107389.82,107164.622036,107860.23,107186.78,107506.52,0.2977377185286326,0.20970140745184815,2.088873236882265,13,0.5970699269220645,12,2,1,2.088873236882265,win,11
1h,5min,2025-07-03 03:20:00+00:00,long,108764.11,108508.647178,109415.22,108171.8,108650.97,0.4405589306987372,0.2348778673406157,2.5487466039187385,12,0.4309370221323022,3,3,0,2.5487466039187385,win,33
1h,5min,2025-07-03 07:30:00+00:00,long,109323.84,109124.335232,109548.0,109000.01,109237.85,0.2175554755486187,0.18248971861946936,1.1235821692241699,4,0.7186517762438401,7,3,1,1.1235821692241699,win,12
1h,5min,2025-07-04 14:20:00+00:00,long,107954.01,107483.409198,109111.0,107479.99,107659.35,0.16614482407832798,0.43592711563007325,2.458538096584041,2,-1.0102394157502632,14,4,1,-1.0,loss,22
1h,5min,2025-07-04 23:00:00+00:00,short,108134.3,108300.95686,107245.0,108110.75,108611.53,0.46310930019429436,0.15412025601497653,5.336113976946332,8,0.23473326117071014,23,4,0,-1.0,loss,65
1h,5min,2025-07-05 02:35:00+00:00,long,107926.0,107734.7248,108279.33,107813.04,107886.84,0.06838018642403398,0.17722810073569267,1.8472337239746446,5,-0.34089373182599025,2,5,0,1.8472337239746446,win,22
1h,5min,2025-07-06 08:05:00+00:00,long,108056.01,107998.388798,108218.0,108010.13,108040.17,0.027800397219917335,0.053325309716687495,2.811291579790714,1,-0.05061106737503451,8,6,1,-1.0,loss,3
1h,5min,2025-07-06 19:00:00+00:00,long,108617.01,108244.946598,109049.27,108233.0,108612.0,0.3489324554229582,0.34254616473055166,1.1617912368602423,7,0.25023919936342187,19,6,0,1.1617912368602423,win,29
1h,5min,2025-07-06 23:35:00+00:00,long,109146.0,108955.7108,109700.0,108840.0,109203.86,0.3333699814926801,0.1743437230865073,2.9113580802273704,7,0.5474720705021783,23,6,0,-1.0,loss,12
1h,5min,2025-07-07 05:35:00+00:00,long,109157.99,109028.168402,109700.0,109089.0,109364.52,0.25240479418868383,0.1189300004516477,4.175037192193204,18,0.3188709460238301,5,0,0,-1.0,loss,5
1h,5min,2025-07-07 08:40:00+00:00,long,109044.0,108633.1312,109700.0,108630.95,108665.47,0.03165694582003968,0.37679175378745877,1.5966167302068337,19,0.18107736541291833,8,0,1,-1.0,loss,32
1h,5min,2025-07-07 15:45:00+00:00,short,108429.08,108681.685816,108019.23,108642.02,108660.14,0.0167113840678122,0.23296869806512766,1.622488375327086,20,0.24660902348416786,15,0,0,1.622488375327086,win,7
1h,5min,2025-07-08 03:45:00+00:00,short,107900.38,108021.580076,107429.57,107945.0,108193.48,0.230286492040154,0.1123259028374077,3.884568521227842,2,0.34273137003368187,3,1,0,-1.0,loss,15
1h,5min,2025-07-08 12:30:00+00:00,long,108801.0,108667.0598,109005.0,108488.98,108756.36,0.24575141772594428,0.12310566998464836,1.5230677571035742,6,0.40496542049201056,12,1,1,-1.0,loss,13
1h,5min,2025-07-08 16:20:00+00:00,long,108373.08,108074.875384,109216.56,108019.24,108135.25,0.1070468791696192,0.27516484352018294,2.828527644253462,2,-0.04258840987632362,16,1,0,2.828527644253462,win,237
1h,5min,2025-07-08 19:45:00+00:00,long,108866.78,108741.42664399999,109147.56,108562.95,108909.94,0.3187290007107818,0.11514380787234352,2.2399081202100675,3,0.3110863403573748,19,1,0,-1.0,loss,1
1h,5min,2025-07-09 05:10:00+00:00,short,108550.53,108645.710106,108324.53,108564.0,108600.0,0.033164278424066655,0.08768276488378252,2.3744457691610523,2,0.07292786537378904,5,2,0,-1.0,loss,5
1h,5min,2025-07-10 23:45:00+00:00,long,115863.49,115622.70730200001,116868.0,113580.0,115800.0,1.9160479284716865,0.2078158512228446,4.171852912787005,5,2.934124097895663,23,3,0,-1.0,loss,6
1h,5min,2025-07-11 07:15:00+00:00,long,117614.88,117445.007024,118404.22,116929.0,117602.22,0.5723935610868295,0.144431534513319,4.64664844630733,3,2.651811000082556,7,4,1,4.64664844630733,win,27
1h,5min,2025-07-14 10:15:00+00:00,long,121910.01,121604.087998,123218.0,121438.27,122017.81,0.4753834406214827,0.25094083906644915,4.275566946636415,10,1.4948195627322085,10,0,0,-1.0,loss,12
1h,5min,2025-07-14 16:20:00+00:00,long,119757.82,119178.048436,122120.0,119238.1,119592.7,0.2960975742544339,0.4841200048564758,4.07432883341611,3,-0.6422980839635057,16,0,0,-1.0,loss,100
1h,5min,2025-07-14 17:20:00+00:00,short,120288.36,120550.087672,119202.0,120299.58,120600.0,0.24974985110778652,0.21758354008650013,4.150726561309218,4,0.17569238537843684,17,0,0,4.150726561309218,win,88
1h,5min,2025-07-15 05:30:00+00:00,short,117333.05,117788.86661,116250.0,117511.33,117827.46,0.26942962788404856,0.38848100343423647,2.3760652337790327,6,1.8226547121307113,5,1,0,-1.0,loss,91
1h,5min,2025-07-16 02:50:00+00:00,long,117248.79,116993.84024199999,118195.0,116725.02,117263.66,0.4593991972113311,0.21744340218777738,3.711358690522849,7,-0.3073182748683587,2,2,0,3.711358690522849,win,45
1h,5min,2025-07-16 11:05:00+00:00,long,118824.94,118626.235012,119310.75,118300.0,118693.71,0.33133616562314816,0.16722498492319685,2.444880749546173,1,0.7306475442234358,11,2,0,-1.0,loss,17
1h,5min,2025-07-16 15:10:00+00:00,short,119160.9,119818.63218,118181.14,119537.22,119766.05,0.19203446768193405,0.5519697988182418,1.4896032607070941,1,-0.8146367190936776,15,2,0,-1.0,loss,43
1h,5min,2025-07-17 00:55:00+00:00,short,118894.33,119182.05886599999,118420.0,118823.5,119200.0,0.3166677502619343,0.2420038583841554,1.6485311557166378,9,-0.12867614738383698,0,3,0,1.6485311557166378,win,7
1h,5min,2025-07-17 01:55:00+00:00,long,118149.7,117659.90006,119528.85,117700.7,117760.0,0.05019056332771299,0.414558767394244,2.815741463749499,2,-0.481931650751436,1,3,0,-1.0,loss,125
1h,5min,2025-07-18 04:25:00+00:00,long,120077.12,119725.984576,120785.49,119786.52,119869.97,0.06949700325923631,0.29242492158372285,2.0173697997500373,3,0.6478305529083784,4,4,0,2.0173697997500373,win,19
1h,5min,2025-07-19 03:45:00+00:00,short,118269.26,118395.073852,117455.94,118265.96,118500.0,0.19788743076602794,0.10637916564287846,6.464471018659772,10,0.01645906257188811,3,5,0,-1.0,loss,83
1h,5min,2025-07-19 04:50:00+00:00,long,118176.21,118073.254758,118371.42,118109.95,118123.6,0.011550548117940769,0.0871201081842199,1.8960666422402384,1,-0.0923332700556211,4,5,0,-1.0,loss,4
1h,5min,2025-07-21 05:35:00+00:00,long,118313.81,118165.28723799999,118634.57,118183.93,118282.25,0.08310103444391402,0.12553290440060022,2.1596689671041296,6,0.2820069098205873,5,0,0,2.1596689671041296,win,9
1h,5min,2025-07-21 09:55:00+00:00,long,118690.05,118503.38199,119676.73,118430.24,119162.62,0.6170525667484259,0.15727351197510533,5.285747675779841,16,0.33790345756526136,9,0,1,-1.0,loss,7
1h,5min,2025-07-21 12:10:00+00:00,long,118207.56,117755.058488,119500.0,117441.62,118131.75,0.5838289869108242,0.38280251449230707,2.856211450626037,3,-0.09627770940717724,12,0,1,-1.0,loss,49
1h,5min,2025-07-21 14:05:00+00:00,short,118555.56,119123.711112,117778.7,119086.05,119162.62,0.06458575203051838,0.4792277241151801,1.3673474953965965,3,-0.18766628402110527,14,0,1,-1.0,loss,8
1h,5min,2025-07-22 08:30:00+00:00,long,117955.9,117464.59882,118594.55,117346.17,117780.0,0.3677899960917612,0.4165125949613329,1.2999154612248547,6,0.24252980458719692,8,1,1,1.2999154612248547,win,15
1h,5min,2025-07-24 02:00:00+00:00,short,118993.27,119162.368654,117381.8,119116.68,119379.63,0.22097888393184895,0.14210774609354063,9.529762430870615,17,-0.44707449663971444,2,3,0,-1.0,loss,17
1h,5min,2025-07-24 08:40:00+00:00,short,118633.74,118823.726748,117103.1,118610.25,118808.44,0.1670603995119789,0.1601456280481385,8.056561923992898,6,-0.22857479967334743,8,3,1,-1.0,loss,74
1h,5min,2025-07-24 10:40:00+00:00,long,118116.03,117931.96679399999,118814.47,117855.0,118224.76,0.31304811040465447,0.15583253687074156,3.7945660905198992,5,-0.22001249104509618,10,3,0,-1.0,loss,42
1h,5min,2025-07-25 11:40:00+00:00,short,116527.12,116805.43542400001,114723.16,116428.55,117231.0,0.6886379754343858,0.23884175975516678,6.48171047825181,11,0.4019360313781821,11,4,0,-1.0,loss,95
1h,5min,2025-07-26 00:40:00+00:00,short,117471.73,117653.494346,116578.02,117396.96,117652.85,0.21783113264782888,0.15473028787437698,4.91686086775202,13,-0.5891691541715542,0,5,0,-1.0,loss,22
1h,5min,2025-07-26 12:15:00+00:00,long,117864.72,117748.557056,118217.45,117617.65,117776.1,0.13443378137241715,0.09855616167416005,3.036510507171787,3,0.5076204625437186,12,5,1,3.036510507171787,win,16
1h,5min,2025-07-27 08:40:00+00:00,long,118049.28,117939.360144,118438.83,117961.89,118021.85,0.05079234706048728,0.09311353360223219,3.5439456907587936,7,0.07701943115932264,8,6,1,-1.0,loss,4
1h,5min,2025-07-27 21:25:00+00:00,long,119043.73,118689.93125400001,119540.01,118588.0,118855.58,0.2247745429347701,0.29720065559100495,1.402718369160129,10,0.520076733996561,21,6,0,1.402718369160129,win,8
1h,5min,2025-07-28 11:35:00+00:00,long,118731.32,118451.723736,119142.76,118499.0,118585.75,0.07306412495035008,0.23548652874406437,1.4715504210026833,2,-0.15497000707430172,11,0,0,-1.0,loss,22
1h,5min,2025-07-28 19:50:00+00:00,long,117939.99,117403.912002,118500.0,117382.76,117458.0,0.06379515548543394,0.454534545916112,1.0446427611080327,16,-0.5071040782894857,19,0,0,1.0446427611080327,win,95
1h,5min,2025-07-29 04:45:00+00:00,short,118481.03,118823.696206,117450.0,118685.02,118783.85,0.08341419719258159,0.2892160930741355,3.008846457418143,12,-0.12427750311411552,4,1,0,-1.0,loss,13
1h,5min,2025-07-29 07:55:00+00:00,short,118882.37,119297.136474,118416.66,119102.69,119440.0,0.28373424924149615,0.3488881269779562,1.1228245993671797,2,-0.3642843094608669,7,1,1,1.1228245993671797,win,34
1h,5min,2025-07-29 11:10:00+00:00,long,118409.18,118137.18816399999,119273.36,118102.79,118416.66,0.26507235334288265,0.2297050245597521,3.177227716496624,5,-0.09215796222284522,11,1,0,-1.0,loss,35
1h,5min,2025-07-29 12:05:00+00:00,short,118520.01,118723.704002,118160.87,118592.39,118758.98,0.1405585436585742,0.17186465137828105,1.763134881114431,1,-0.0031359605611147503,12,1,1,-1.0,loss,3
1h,5min,2025-07-29 18:50:00+00:00,short,117622.9,118080.57458,116950.75,117955.39,118527.01,0.4859767953349181,0.38910329536170785,1.4686199089317677,17,0.556705552266503,18,1,0,-1.0,loss,88
1h,5min,2025-07-30 20:25:00+00:00,short,117114.19,117349.362838,115796.23,117123.8,117650.0,0.4493050756701618,0.20080644198623462,5.604218630044403,5,0.5823287084495264,20,2,0,-1.0,loss,20
1h,5min,2025-07-31 08:35:00+00:00,long,118688.97,118559.012206,118922.45,118540.0,118604.22,0.054107807995975664,0.10949441552993656,1.7965832814920881,4,0.5146269810850099,8,3,1,-1.0,loss,5
1h,5min,2025-07-31 18:20:00+00:00,long,117722.17,117376.455566,118879.14,117497.17,117781.87,0.24184059807935676,0.2936697768992825,3.346606002571536,11,-0.39984211664309494,18,3,0,-1.0,loss,10
1h,5min,2025-08-01 10:25:00+00:00,short,115020.08,115363.004016,114116.0,115300.0,115385.92,0.07470000020865769,0.2981427382071065,2.6363857817411946,12,1.0569672502487473,10,4,0,-1.0,loss,19
1h,5min,2025-08-01 21:55:00+00:00,short,113892.12,114116.858424,113168.22,113922.47,114345.0,0.37099142592130063,0.19732570084744241,3.2210780298074955,12,1.1322282699450765,21,4,0,3.2210780298074955,win,7
1h,5min,2025-08-03 04:55:00+00:00,long,113468.41,113318.366318,113740.69,113269.92,113419.45,0.1317811715172521,0.13223388077792153,1.8146715434508804,9,0.14539999949094345,4,6,0,1.8146715434508804,win,38
1h,5min,2025-08-03 19:40:00+00:00,short,114412.66,114822.852532,113674.05,114496.59,114817.81,0.2807556436499257,0.35852023019131,1.8006422408489848,4,-0.5810920592958859,19,6,0,-1.0,loss,61
1h,5min,2025-08-04 15:50:00+00:00,long,114833.38,114537.363324,115466.0,114535.48,114652.96,0.10230474797485756,0.25777929379070724,2.137109329610866,2,0.3706779400911329,15,0,0,2.137109329610866,win,15
1h,5min,2025-08-04 21:20:00+00:00,short,114927.47,115174.41549399999,114616.33,115134.46,115148.08,0.0118509526051477,0.21487073020922243,1.2599541500442129,1,-0.2508684736305279,21,0,0,-1.0,loss,3
1h,5min,2025-08-05 05:20:00+00:00,short,114351.48,114510.120296,114149.95,114426.65,114614.94,0.16465899698019487,0.13873042657602486,1.27035819449052,4,0.29473084698173957,5,1,0,1.27035819449052,win,18
1h,5min,2025-08-05 17:35:00+00:00,short,113352.01,113545.780402,112650.0,113249.11,113868.0,0.5459894359173688,0.17094571326967137,3.6228959260762714,13,0.7402793814203618,17,1,0,-1.0,loss,4
1h,5min,2025-08-06 00:35:00+00:00,long,114027.16,113848.504568,114228.88,113862.45,113918.4,0.04906725730957176,0.15667796339047607,1.129100849281771,1,0.007994467754752495,0,2,0,-1.0,loss,2
1h,5min,2025-08-06 08:55:00+00:00,long,113948.22,113704.780356,114417.02,113582.71,113933.23,0.3076134054573117,0.21364058517105247,1.925734002470059,4,0.005116806931272973,8,2,1,-1.0,loss,56
1h,5min,2025-08-06 21:50:00+00:00,long,115037.76,114770.002448,115716.0,114390.88,114832.38,0.3837870278419886,0.23275622891126835,2.5330377983139636,2,0.4218619849716967,21,2,0,-1.0,loss,49
1h,5min,2025-08-07 12:50:00+00:00,long,116363.76,116012.56724799999,116828.93,115077.37,116347.23,1.091284778009924,0.30180595058117976,1.3245432810071056,9,1.131005268328838,12,3,1,-1.0,loss,47
1h,5min,2025-08-07 21:45:00+00:00,long,117249.69,116988.550062,117520.0,116573.36,117140.32,0.48354925288075934,0.22272121828211872,1.0351155096007945,2,1.1276787125403274,21,3,0,1.0351155096007945,win,12
1h,5min,2025-08-09 12:45:00+00:00,long,117100.92,116986.579816,117944.05,116902.22,117045.54,0.12239015713966417,0.09764243013633077,7.373873038371184,1,0.24497670181054393,12,5,1,-1.0,loss,5
1h,5min,2025-08-10 05:40:00+00:00,long,118273.3,117878.96534,118741.77,117318.0,118380.0,0.8979203252128756,0.3334097044726136,1.1880010750259489,7,1.0296373223081579,5,6,0,-1.0,loss,7
1h,5min,2025-08-10 09:20:00+00:00,short,118261.5,118423.6523,117250.41,118161.05,118380.0,0.18514055715511565,0.13711334627076568,6.235434218324296,28,-0.7980453990799762,9,6,1,-1.0,loss,6
1h,5min,2025-08-11 08:10:00+00:00,long,121650.69,121183.00986199999,122335.16,119999.0,121559.11,1.2824505968687891,0.38444511740953596,1.463543016658932,3,1.5164624899876178,8,0,1,-1.0,loss,17
1h,5min,2025-08-11 13:30:00+00:00,long,119737.81,119358.962438,121823.0,119500.0,119937.59,0.3654568260435,0.316397604065078,5.5040343640908205,12,-0.3324262101838988,13,0,1,-1.0,loss,54
1h,5min,2025-08-11 16:35:00+00:00,short,120287.89,120818.10757800001,119382.91,120667.54,120954.13,0.2382534102144539,0.44079048855209835,1.7068087471064146,6,-0.10883401450851724,16,0,0,1.7068087471064146,win,17
1h,5min,2025-08-13 03:40:00+00:00,short,119443.49,119753.878698,119094.28,119716.24,119925.47,0.17517070206169957,0.25986238178405136,1.1250731816272892,10,0.0507655630407884,3,2,0,-1.0,loss,5
1h,5min,2025-08-14 06:30:00+00:00,long,121779.8,121289.50404,123849.98,121343.06,121421.76,0.06462483925905371,0.4026086099665159,4.222306869507919,2,-0.22183856954682288,6,3,0,-1.0,loss,50
1h,5min,2025-08-15 17:50:00+00:00,short,117547.44,117905.859488,116803.99,117588.68,117743.21,0.13146181660784223,0.30491475441745014,2.074245471831035,5,0.8715130549935718,17,4,0,-0.4756158794579869,timeout,288
1h,5min,2025-08-17 06:25:00+00:00,long,118087.94,117976.382412,118230.82,117771.37,118000.0,0.19360994865352438,0.0944699247018756,1.280773478178909,5,0.3534023896518198,6,6,0,-1.0,loss,1
1h,5min,2025-08-17 09:30:00+00:00,short,118291.98,118507.658396,117833.75,118274.0,118510.0,0.19950634015932445,0.18232715015844944,2.1245985156528593,8,-0.44762811249677065,9,6,1,-1.0,loss,52
1h,5min,2025-08-17 10:40:00+00:00,long,118291.99,118166.341602,118484.0,118030.15,118235.0,0.17317317935052562,0.10621885556241367,1.5281531882323514,7,0.4074140878629601,10,6,0,-1.0,loss,27
1h,5min,2025-08-17 17:30:00+00:00,long,117896.7,117621.46066,118575.0,117624.55,117684.95,0.051231289764678896,0.23345805268510492,2.464400619475409,3,-0.058706823302190674,17,6,0,-1.0,loss,16
1h,5min,2025-08-17 18:45:00+00:00,short,117811.41,117971.542282,117645.04,117934.82,118137.25,0.17182546240639426,0.13592255792540925,1.0389535321804684,8,0.12264799937541757,18,6,0,1.0389535321804684,win,1
1h,5min,2025-08-17 19:50:00+00:00,long,117601.64,117298.009672,118316.01,117491.44,117505.93,0.012321256744370816,0.25818545387632286,2.3527623367056965,11,-0.27637676034169945,19,6,0,-1.0,loss,54
1h,5min,2025-08-18 05:30:00+00:00,short,115377.75,115710.51555,115000.0,115636.89,116166.03,0.45861528760961223,0.28841397063124946,1.1351836150106405,5,1.5458463518886811,5,0,0,1.1351836150106405,win,3
1h,5min,2025-08-18 16:10:00+00:00,short,116087.49,116373.217498,114825.0,116339.61,117020.0,0.5861010518876749,0.24613117055075692,4.418510674810992,1,-0.014599916942408312,16,0,0,-1.0,loss,13
1h,5min,2025-08-19 02:10:00+00:00,long,115866.65,115493.64667,116980.0,115633.73,115818.86,0.1597785039957612,0.32192466943679854,2.9848258995436554,20,-0.30747500234090197,2,1,0,-1.0,loss,11
1h,5min,2025-08-20 15:45:00+00:00,short,113740.0,114349.09800000001,112380.0,114177.58,114869.6,0.6084227184807491,0.5355178477228879,2.232809826990027,6,0.030729913878459112,15,2,0,-1.0,loss,24
1h,5min,2025-08-22 13:05:00+00:00,short,112252.93,112736.380586,111684.79,112629.4,112815.55,0.16583086071785275,0.4306797034162105,1.175176980755572,4,0.5733561827968512,13,4,1,-1.0,loss,11
1h,5min,2025-08-23 02:45:00+00:00,long,115963.63,115476.807274,117030.0,112662.27,115808.23,2.7128850657744947,0.4198063875716882,2.190468815541694,3,0.5329405400698289,2,5,0,-1.0,loss,11
1h,5min,2025-08-23 17:50:00+00:00,short,115070.82,115190.79416399999,114560.0,115081.59,115175.48,0.08159323102068744,0.10426115326195184,4.257750026914728,11,0.22118183465591937,17,5,0,-1.0,loss,30
1h,5min,2025-08-24 22:00:00+00:00,short,112870.69,113429.374138,110680.0,112987.88,114301.22,1.1635793136375763,0.4949771619186495,3.9211601887290644,6,1.3959059037944277,22,6,0,-1.0,loss,10
1h,5min,2025-08-25 15:45:00+00:00,short,112244.01,112602.448802,110588.0,112459.18,112611.78,0.1359538027909069,0.3193389134974813,4.620063427173198,4,0.3063770924285981,15,0,0,-1.0,loss,6
1h,5min,2025-08-25 16:50:00+00:00,short,112564.11,112959.772822,110588.0,112863.24,112905.16,0.03724099981779117,0.3514999781013668,4.994429322449731,6,0.01851761330133168,16,0,0,4.994429322449731,win,38
1h,5min,2025-08-25 22:45:00+00:00,short,110354.92,110621.14098400001,109274.1,110280.5,110655.01,0.33936864799502797,0.24124070227228125,4.059860285092835,5,1.4659950609372152,22,0,0,4.059860285092835,win,23
1h,5min,2025-08-26 21:05:00+00:00,short,111228.47,111402.275694,109450.0,111092.54,112250.13,1.0407317479059193,0.15626007801779088,10.232518619327,21,-0.6441872864807284,21,1,0,-1.0,loss,6
1h,5min,2025-08-27 00:20:00+00:00,long,111751.14,111611.649772,112371.0,111584.61,111737.38,0.13670554054303524,0.12482219689212576,4.443752145849402,4,0.8544032385016944,0,2,0,-1.0,loss,1
1h,5min,2025-08-27 10:00:00+00:00,long,110960.14,110323.227972,111685.57,110205.68,110501.57,0.2666633261277554,0.5740007429695079,1.1389799032025827,15,-0.010786384300083784,10,2,0,1.1389799032025827,win,44
1h,5min,2025-08-27 10:20:00+00:00,short,111000.5,111289.9001,110345.42,111129.94,111337.85,0.1873054625880095,0.2607196363980333,2.2635790381551497,1,-0.023121679807885605,10,2,0,-1.0,loss,15
1h,5min,2025-08-27 12:05:00+00:00,short,111255.7,111419.99114,110345.42,111372.19,111403.29,0.02795362394914712,0.14766986320700978,5.54065179656062,3,-0.2276092612824459,12,2,1,-1.0,loss,19
1h,5min,2025-08-28 14:35:00+00:00,long,112968.79,112505.55624199999,113485.9,112042.04,112702.13,0.5843118263017698,0.41005463367360323,1.1163046541180581,10,0.5311442651432267,14,3,1,-1.0,loss,10
1h,5min,2025-08-28 20:15:00+00:00,long,112063.4,111849.64732,113186.56,111761.58,111945.07,0.16373766992613578,0.19074263318799048,5.254483826822912,4,-0.31361592697017593,20,3,0,-1.0,loss,60
1h,5min,2025-08-29 16:45:00+00:00,short,108589.8,108853.71796,108103.0,108727.38,108900.0,0.15896520667686592,0.24304120644848,1.8445125902004489,5,1.854250802188671,16,4,0,1.8445125902004489,win,20
1h,5min,2025-08-31 07:15:00+00:00,short,108710.09,108850.912018,108523.49,108816.33,109160.05,0.3161804023895125,0.12953905014705278,1.3250768782477116,1,0.11633686011335309,7,6,1,-1.0,loss,13
1h,5min,2025-08-31 15:10:00+00:00,short,108464.74,108720.152948,108191.29,108628.63,108708.25,0.0734063438496191,0.23548016433727442,1.0706191762839463,2,0.19990588937013457,15,6,0,-1.0,loss,7
1h,5min,2025-09-01 06:00:00+00:00,short,107675.24,108008.935048,107255.0,107769.94,107968.09,0.18402559399913496,0.3099088035466595,1.2593534201922367,5,0.6456874698698313,6,0,0,-1.0,loss,4
1h,5min,2025-09-01 09:20:00+00:00,short,109702.0,109841.96040000001,107255.0,109560.14,110070.73,0.46543362928660964,0.1275823594829728,17.483516766169647,16,-1.0941311096731303,9,0,1,-1.0,loss,2
1h,5min,2025-09-01 12:05:00+00:00,long,108912.79,108164.627442,109912.4,108128.0,109424.0,1.1899428891684807,0.6869372807362628,1.3360866422829,25,0.3010584780634829,12,0,1,-1.0,loss,112
1h,5min,2025-09-01 12:40:00+00:00,short,108966.67,109187.263334,108186.41,108857.35,109485.57,0.5765249135354886,0.20244110790942285,3.537096909736983,7,-0.3331884134521733,12,0,1,-1.0,loss,4
1h,5min,2025-09-02 05:15:00+00:00,long,110248.0,110022.9604,110623.97,109611.11,110060.12,0.407272694289234,0.20412125390030086,1.6706837374399661,2,1.0484410558782604,5,1,0,-1.0,loss,31
1h,5min,2025-09-02 13:15:00+00:00,long,109263.96,108371.537208,110711.1,108500.04,108883.8,0.3512228551848288,0.8167586018299283,1.6215856575747112,7,-0.24882734120111868,13,1,1,1.6215856575747112,win,6
1h,5min,2025-09-02 16:00:00+00:00,long,110923.98,110606.665204,111771.52,109836.34,110780.61,0.8512767031979958,0.2860651015226748,2.6709753553377666,2,0.9870937129093066,16,1,0,-1.0,loss,5
1h,5min,2025-09-02 22:35:00+00:00,long,111186.7,110848.03266,111538.17,110840.0,111129.57,0.2604358255079132,0.30459339111602374,1.0378030547616466,7,0.7978825931199297,22,1,0,1.0378030547616466,win,19
1h,5min,2025-09-04 09:25:00+00:00,short,110808.36,110880.76167200001,110279.68,110729.0,110917.45,0.17006839556148748,0.06533953936328202,7.302041311973496,12,0.40901783629710586,9,3,1,-1.0,loss,8
1h,5min,2025-09-04 10:50:00+00:00,short,110817.11,111177.09342199999,110279.68,110922.4,111136.0,0.19275001847639395,0.3248446219180326,1.49292986053125,8,0.3623639744337182,10,3,0,1.49292986053125,win,35
1h,5min,2025-09-04 17:40:00+00:00,short,109627.41,109914.425482,109329.12,109862.94,110217.13,0.3230852576011805,0.2618099634024032,1.0392819158097037,3,1.0083814820930597,17,3,0,-1.0,loss,4
1h,5min,2025-09-05 00:30:00+00:00,long,110778.0,110510.2944,111765.31,110545.44,110605.72,0.05441513657946419,0.24165953528679082,3.688043881039446,5,0.13789948786578754,0,4,0,-1.0,loss,5
1h,5min,2025-09-05 01:00:00+00:00,long,110612.17,110413.627566,111765.31,110409.46,110484.95,0.06824746318600447,0.1794942039379597,5.808027920116985,1,-0.012749585209066312,1,4,0,5.808027920116985,win,70
1h,5min,2025-09-05 09:40:00+00:00,long,112305.09,112108.558982,112999.0,111914.53,112605.37,0.6151457605349825,0.1749974270979118,3.5307912565741857,8,0.936427038565916,9,4,1,-1.0,loss,34
1h,5min,2025-09-05 16:35:00+00:00,long,110828.4,110264.74432,113384.62,110113.19,110328.96,0.19468836507610332,0.5085841535202135,4.535073610896671,19,-0.6182682776495197,16,4,0,-1.0,loss,13
1h,5min,2025-09-05 19:30:00+00:00,short,111258.47,111416.52169400001,110206.96,111017.8,112706.71,1.5180057752007587,0.14205812285573302,6.652949888660705,13,0.11212880520647218,19,4,0,-1.0,loss,2
1h,5min,2025-09-06 01:55:00+00:00,short,110867.7,110939.63354000001,110500.0,110917.46,111299.98,0.34502384373445966,0.0648823237065554,5.111662793182875,1,0.28705126909111256,1,5,0,-1.0,loss,10
1h,5min,2025-09-07 02:05:00+00:00,short,110488.51,110609.957702,110074.95,110402.0,110781.96,0.3438909620556983,0.10991885219558571,3.405251751902073,12,0.03792039866432909,2,6,0,-1.0,loss,10
1h,5min,2025-09-08 02:25:00+00:00,long,110863.14,110599.607372,111600.0,110665.35,110720.01,0.049304033784347924,0.2377098718293572,2.7960864109775363,1,-0.12052530728105602,2,0,0,2.7960864109775363,win,61
1h,5min,2025-09-09 02:35:00+00:00,long,111393.28,111088.721344,112512.71,111197.86,111252.9,0.04941052099372026,0.2734084641371488,3.6755809692042716,6,-0.38543581177929737,2,1,0,3.6755809692042716,win,41
1h,5min,2025-09-09 03:00:00+00:00,long,111361.67,111088.727666,112405.26,111061.05,111113.25,0.0468742970539119,0.24509540311311076,3.823481629639859,8,-0.39896064861010627,3,1,0,3.823481629639859,win,36
1h,5min,2025-09-09 05:10:00+00:00,short,111879.51,112133.365902,111111.0,112104.41,112210.91,0.0951916932778844,0.2269011564316024,3.027347380719806,10,-0.07170574351886444,5,1,0,-1.0,loss,9
1h,5min,2025-09-09 12:05:00+00:00,long,112670.82,112370.865836,113293.29,112248.84,112753.61,0.44800419487494986,0.2662216925376151,2.075217065497935,20,0.3904284960104243,12,1,1,-1.0,loss,23
1h,5min,2025-09-10 06:55:00+00:00,short,111792.33,111991.92846600001,111354.64,111847.23,112470.18,0.5572385869406221,0.17854397166604397,2.192852524227213,4,-0.15398215099739282,6,2,0,-1.0,loss,5
1h,5min,2025-09-10 09:20:00+00:00,long,112333.97,112074.73320599999,112859.8,111969.57,112336.28,0.32644622103179644,0.23077328612174153,2.0283771909321593,4,0.5169022403328777,9,2,1,2.0283771909321593,win,38
1h,5min,2025-09-10 17:00:00+00:00,long,113888.01,113530.962398,114313.13,113550.14,113802.14,0.2212700002397092,0.31350763087351463,1.1906535644511067,20,1.228194660025736,17,2,0,-1.0,loss,5
1h,5min,2025-09-10 19:40:00+00:00,long,113482.02,113132.333596,114295.63,112409.49,113384.61,0.8592726847830126,0.30814256214333097,2.326684682885136,15,0.6882293755055774,19,2,0,2.326684682885136,win,97
1h,5min,2025-09-11 05:25:00+00:00,long,114117.47,113943.63650600001,114434.23,113953.99,114071.81,0.10324449008551664,0.15232855582934965,1.8222034931887785,2,0.6373313267253004,5,3,0,1.8222034931887785,win,16
1h,5min,2025-09-12 03:40:00+00:00,long,115252.33,115022.399534,116331.81,114517.6,115084.0,0.4914434267836444,0.19950179402013413,4.694810647667592,1,0.5885087191168944,3,4,0,-1.0,loss,53
1h,5min,2025-09-12 20:35:00+00:00,long,116157.85,115950.76843,116665.63,115939.39,116238.64,0.2576235699954846,0.1782760011484453,2.45207721768758,5,0.7561276948670583,20,4,0,-1.0,loss,6
1h,5min,2025-09-12 22:00:00+00:00,long,116026.02,115729.474796,116665.63,115514.77,115769.88,0.21987309398357416,0.25558508686242026,2.1568718406923924,3,0.5731758015090153,22,4,0,-1.0,loss,46
1h,5min,2025-09-13 22:55:00+00:00,long,115871.58,115786.72568399999,115991.29,115800.88,115839.98,0.03374425376782751,0.07323134456267166,1.410770902919956,5,0.10479351222700384,22,5,0,1.410770902919956,win,14
1h,5min,2025-09-15 03:25:00+00:00,short,115440.0,115617.988,114825.0,115276.49,115810.22,0.46234407484407136,0.1541822591822571,3.4552891206149203,23,0.11855063504700811,3,0,0,-1.0,loss,10
1h,5min,2025-09-15 11:45:00+00:00,short,115003.77,115218.860754,114625.87,115188.0,115626.96,0.3816918349720243,0.1870293069522763,1.756932796841777,2,0.46007454874802817,11,0,0,1.756932796841777,win,15
1h,5min,2025-09-16 06:20:00+00:00,short,115877.65,116032.79552999999,114930.0,115806.62,116043.01,0.20399964963045022,0.13388736309374097,6.108136019130096,14,-0.4906887091229939,6,1,0,6.108136019130096,win,89
1h,5min,2025-09-16 09:15:00+00:00,long,115679.82,115503.364036,116009.62,115560.01,115591.57,0.02728220012791533,0.152538242192984,1.8690215537286883,8,0.23732203552710016,9,1,1,-1.0,loss,7
1h,5min,2025-09-16 10:15:00+00:00,long,115526.02,115376.894796,116009.62,115426.49,115454.3,0.02407249899199996,0.12908365059231752,3.2429125796867715,5,0.09618866886863864,10,1,0,-1.0,loss,8
1h,5min,2025-09-17 04:50:00+00:00,long,116264.99,116136.967002,117077.16,116068.92,116226.12,0.13520837184091022,0.11011311143621168,6.343938297711134,2,0.07522182995550401,4,2,0,6.343938297711134,win,13
1h,5min,2025-09-17 09:20:00+00:00,long,116758.7,116609.13826,117286.73,116480.01,116970.41,0.4200115280488809,0.1280947287011504,3.530515224014068,13,0.2933090664660047,9,2,1,-1.0,loss,5
1h,5min,2025-09-17 15:30:00+00:00,long,115803.66,115408.839268,116516.93,115306.71,115608.28,0.26041491262019906,0.3409397699520096,1.8065667331774669,13,-0.43661710729504644,15,2,0,-1.0,loss,15
1h,5min,2025-09-18 00:30:00+00:00,long,116281.06,116069.503788,116990.68,116120.0,116340.07,0.18925696067786704,0.1819352283166286,3.35428581033588,6,0.13167358547439098,0,3,0,3.35428581033588,win,30
1h,5min,2025-09-18 01:55:00+00:00,short,116634.84,117014.00696799999,115068.33,116860.01,117125.78,0.22786501871996742,0.32508894254923354,4.131451661685978,35,-0.39417600407607245,1,3,0,-1.0,loss,13
1h,5min,2025-09-18 06:40:00+00:00,long,117054.32,116864.609136,117896.0,116869.46,116896.93,0.023467737030112696,0.16207079243210148,4.43664628505386,2,0.4521492769270351,6,3,0,4.43664628505386,win,139
1h,5min,2025-09-19 23:30:00+00:00,long,115539.7,115424.90206,115657.28,115445.23,115465.39,0.01744854798827026,0.09935800421846691,1.0242344069936937,2,-0.5330170510333124,23,4,0,1.0242344069936937,win,7
1h,5min,2025-09-20 00:20:00+00:00,short,115575.38,115693.475076,115100.0,115644.73,115800.0,0.1343452212746383,0.10218013213540615,4.025400686477509,18,0.469411689357891,0,5,0,-1.0,loss,4
1h,5min,2025-09-21 00:10:00+00:00,long,115725.09,115580.274982,115944.7,115582.38,115625.85,0.03756315938056403,0.1251370968905653,1.5164863633135748,8,-0.09418708358716636,0,6,0,-1.0,loss,4
1h,5min,2025-09-21 18:40:00+00:00,short,115531.75,115688.62635,115209.02,115599.6,115645.2,0.03946966959298311,0.13578635310207446,2.0572253242759904,10,0.08719300077609743,18,6,0,2.0572253242759904,win,44
1h,5min,2025-09-22 14:45:00+00:00,short,112859.99,113455.331998,112262.22,112999.0,113623.0,0.5528974439923307,0.527504918261989,1.0040783314601889,10,0.9095649453546807,14,0,1,1.0040783314601889,win,29
1h,5min,2025-09-23 14:40:00+00:00,long,112814.23,112594.36715399999,113290.5,112469.21,112616.93,0.1309409282853649,0.19488928480033382,2.16621411332043,1,-0.0842587370845024,14,1,1,-1.0,loss,2
1h,5min,2025-09-23 21:45:00+00:00,short,112094.37,112224.658874,111458.73,112200.0,112486.37,0.2554722418262357,0.11623141643956367,4.878697470360927,1,0.42990367680963754,21,1,0,-1.0,loss,31
1h,5min,2025-09-24 07:40:00+00:00,long,112578.71,112436.924258,112779.37,112374.32,112535.78,0.14341965723358516,0.1259436548882176,1.4152339802966831,3,0.15859757944823083,7,2,1,-1.0,loss,6
1h,5min,2025-09-24 15:10:00+00:00,short,113484.51,113912.696902,112808.0,113698.38,114397.32,0.6158902214936668,0.37730867587127204,1.5799409016018728,4,-0.724202689644046,15,2,0,-1.0,loss,29
1h,5min,2025-09-25 09:35:00+00:00,short,111867.17,112268.833434,111450.42,112040.0,112214.74,0.1562031112434553,0.35905389758228606,1.037560217642311,2,0.6398192011554111,9,3,1,1.037560217642311,win,21
1h,5min,2025-09-25 19:10:00+00:00,short,109674.2,109909.34484,108631.51,109801.78,110904.91,1.0058245239080883,0.21440305924274639,4.434245718511052,2,1.7704064137748166,19,3,0,-1.0,loss,2
1h,5min,2025-09-26 23:00:00+00:00,short,109501.5,109629.2803,109030.41,109347.59,109700.0,0.3218312077916773,0.11669273936886575,3.6867185317298667,22,0.09821890003797616,23,4,0,-1.0,loss,6
1h,5min,2025-09-27 06:55:00+00:00,long,109541.36,109459.531728,109743.91,109482.64,109514.63,0.02920358118614306,0.07470079977097129,2.4753058453929686,3,-0.03538218990077629,6,5,0,-1.0,loss,7
1h,5min,2025-09-27 11:05:00+00:00,short,109358.62,109499.561724,109064.4,109411.2,109481.44,0.06422904751358899,0.12888030591461733,2.0875294529531443,6,0.1357327492405383,11,5,0,-1.0,loss,131
1h,5min,2025-09-29 03:15:00+00:00,long,111694.99,111565.731002,112350.0,110896.33,111938.51,0.9330588596677372,0.11572497387752556,5.067422849742116,18,0.9760656463969387,3,0,0,-1.0,loss,50
1h,5min,2025-09-29 11:15:00+00:00,long,112033.58,111900.723284,112421.99,111865.96,111988.13,0.10904766231695734,0.11858651307937741,2.9235255220369796,2,0.7036547419739377,11,0,0,2.9235255220369796,win,15
1h,5min,2025-09-29 17:05:00+00:00,long,113787.34,113426.98253200001,114231.56,113490.0,113686.06,0.17230387844552625,0.31669381497096905,1.2327203941837461,2,1.562209309247283,17,0,0,1.2327203941837461,win,32
1h,5min,2025-09-30 10:05:00+00:00,long,112981.39,112633.673722,114127.13,112515.0,113220.21,0.6241824427899201,0.30776420612278943,3.2950427474667423,10,-0.45410974661639475,10,1,0,3.2950427474667423,win,113
1h,5min,2025-09-30 12:50:00+00:00,short,113126.77,113278.61535400001,112656.27,113085.23,113350.35,0.23435655415602324,0.1342258370852492,3.0985472232491604,13,0.23416085921011323,12,1,1,-1.0,loss,6
1h,5min,2025-09-30 22:45:00+00:00,long,113994.97,113860.211006,114754.87,113714.56,114110.09,0.3469714497051921,0.11821485983109907,5.638955719719715,5,0.36776250460865034,22,1,0,-1.0,loss,3
1h,5min,2025-10-02 01:30:00+00:00,long,118640.5,118344.32190000001,119456.92,118080.0,118397.32,0.2674634715801155,0.24964333427454377,2.7565171091313827,6,1.645858499504943,1,3,0,-1.0,loss,52
1h,5min,2025-10-02 09:35:00+00:00,short,118600.01,118769.720002,118279.31,118677.32,118688.61,0.00951939211471702,0.14309442469693476,1.889694161926789,30,-0.8189427969225928,9,3,1,-1.0,loss,2
1h,5min,2025-10-03 06:40:00+00:00,short,119927.34,120099.605468,119746.81,120065.41,120157.82,0.07705499012985988,0.14364153161405713,1.0479755582819485,6,-0.2597296930680153,6,4,0,1.0479755582819485,win,11
1h,5min,2025-10-04 06:15:00+00:00,long,122560.83,122349.387834,122800.0,122325.6,122405.64,0.06530634624454942,0.17252018120308749,1.1311367288963035,2,0.7615343479506801,6,5,0,-1.0,loss,11
1h,5min,2025-10-04 09:00:00+00:00,long,122347.94,122173.160412,122800.0,122030.0,122219.3,0.1547226704430029,0.14285454091013292,2.586457636002581,4,0.4617317423730287,9,5,1,-1.0,loss,22
1h,5min,2025-10-05 07:45:00+00:00,long,124796.24,124597.640752,125708.42,124173.0,124876.72,0.56389519427829,0.15913880738714453,4.5930687511968795,17,1.4604055471815198,7,6,1,-1.0,loss,3
1h,5min,2025-10-05 10:20:00+00:00,long,123044.24,122495.631152,125392.08,122410.0,123344.98,0.7598730342842508,0.44586308794300605,4.279624742763867,10,-0.10631587655106152,10,6,0,-1.0,loss,78
1h,5min,2025-10-05 12:00:00+00:00,short,123123.61,123563.084722,122520.24,123130.0,124558.0,1.1598100478048037,0.3569378139578583,1.3729344824524325,12,0.037302508245843725,12,6,1,1.3729344824524325,win,58
1h,5min,2025-10-06 01:10:00+00:00,long,123486.87,123059.302626,124358.46,122801.44,123219.62,0.3386432905781749,0.34624521133298714,2.038485752189383,4,0.2918382098741041,1,0,0,2.038485752189383,win,123
1h,5min,2025-10-07 03:10:00+00:00,long,124484.91,124134.323018,125279.08,124142.85,124178.0,0.02823635410909979,0.28163010440382535,2.2652580979175667,10,-0.050142099772555127,3,1,0,-1.0,loss,4
1h,5min,2025-10-07 20:35:00+00:00,short,122072.8,122220.89456,120574.94,122084.14,122568.0,0.3963700349299767,0.121316591411025,10.114213513312194,6,0.9390327154800707,20,1,0,-1.0,loss,10
1h,5min,2025-10-08 11:15:00+00:00,short,122967.56,123224.593512,121311.91,122865.36,123288.0,0.3437004035861161,0.20902546330106012,6.441377963197016,8,-0.5057732169608063,11,2,0,-1.0,loss,33
1h,5min,2025-10-08 18:00:00+00:00,short,123880.85,124222.02617,121649.68,124000.0,124340.0,0.2744572708372601,0.2754067073320788,6.539641968546831,6,-1.0715174311257687,18,2,0,6.539641968546831,win,104
1h,5min,2025-10-08 19:25:00+00:00,long,123638.22,123136.09235600001,124197.25,123129.23,123415.58,0.2316031401940321,0.40612655536450853,1.1133224921589993,5,0.7836331353023128,19,2,0,-1.0,loss,18
1h,5min,2025-10-08 21:20:00+00:00,long,123245.99,122769.750802,124197.25,122622.55,122958.05,0.272219810153661,0.38641354416481233,1.997441630161603,5,0.3852601617837119,21,2,0,-1.0,loss,44
1h,5min,2025-10-09 04:40:00+00:00,short,122028.99,122288.405798,121475.98,122120.28,122339.41,0.17957208364996272,0.2125853848335562,2.13175143635626,4,0.5335774756036129,4,3,0,2.13175143635626,win,44
1h,5min,2025-10-09 23:30:00+00:00,short,121436.45,121792.29728999999,120496.09,121734.27,122277.76,0.44755096184052706,0.29303169682578056,2.642594243165447,9,0.2504041548620892,23,3,0,-1.0,loss,4
1h,5min,2025-10-12 02:35:00+00:00,short,110172.26,110730.924452,109565.06,110318.01,110644.0,0.29589117986687874,0.5070826830637875,1.0868778169547546,4,1.644648757948363,2,6,0,-1.0,loss,6
1h,5min,2025-10-12 05:05:00+00:00,short,111269.92,111979.393984,109565.06,111368.29,111836.45,0.42074264095813446,0.6376152548685184,2.4029915662136654,5,0.46582752089226476,5,6,0,-1.0,loss,16
1h,5min,2025-10-12 21:05:00+00:00,short,114863.97,115491.622794,113372.33,115112.69,115952.47,0.7311082839988892,0.5464313953278771,2.3765368596447503,8,-1.8898613727892977,21,6,0,-1.0,loss,1
1h,5min,2025-10-14 14:30:00+00:00,short,111495.59,112222.299118,109866.0,112194.0,112390.0,0.17579170620111523,0.6517828355363641,2.2424240451046593,3,1.2055018753156472,14,1,1,-1.0,loss,14
1h,5min,2025-10-15 05:45:00+00:00,short,112386.68,112681.477336,111746.76,112465.5,112673.9,0.1854312272593106,0.2623062946605445,2.170711610501091,9,0.29893865622970905,5,2,0,-1.0,loss,27
1h,5min,2025-10-16 11:50:00+00:00,long,111288.0,110979.1824,111728.7,110893.91,111021.02,0.11421716627129663,0.27749406944144456,1.4270559709032271,4,-0.025886426588095483,11,3,0,1.4270559709032271,win,2
1h,5min,2025-10-17 02:35:00+00:00,long,108649.99,108368.48000200001,109115.08,108420.73,108506.79,0.07920847484661311,0.25909804317514806,1.6521260463367495,5,-0.760234975998019,2,4,0,1.6521260463367495,win,16
1h,5min,2025-10-17 12:25:00+00:00,short,105600.74,106672.340148,103528.23,105716.15,106639.79,0.8746529617121995,1.0147657563763262,1.9340329542395824,15,2.0621844965832707,12,4,1,-1.0,loss,42
1h,5min,2025-10-17 16:25:00+00:00,short,106792.6,107596.95852,104533.21,106901.85,108299.12,1.3083959000904457,0.753196869446005,2.8089340061941726,5,0.3979701596135376,16,4,0,-0.028693672567784025,timeout,288
1h,5min,2025-10-17 17:50:00+00:00,long,106481.67,106050.123666,107575.6,105989.01,106239.75,0.23547714832046232,0.40527757876073767,2.5349074104288665,6,-0.6118366908488726,17,4,0,0.9146874133798042,timeout,288
1h,5min,2025-10-19 19:15:00+00:00,long,109131.19,108856.88376200001,109450.07,108988.27,109037.5,0.045110843197069435,0.2513545742514034,1.1624963483331945,2,1.2890334877758483,19,6,0,-1.0,loss,4
1h,5min,2025-10-20 09:40:00+00:00,long,110840.03,110669.791994,111445.67,110535.13,111001.91,0.4211294421338562,0.15358892089798207,3.5576074592885027,16,1.4471925155037453,9,0,1,-1.0,loss,14
1h,5min,2025-10-20 17:45:00+00:00,long,110396.42,109833.750716,111705.56,108970.51,109951.96,0.8890233940557235,0.5096807342122175,2.3266597932863027,2,0.31981432496366297,17,0,0,-1.0,loss,98
1h,5min,2025-10-21 14:25:00+00:00,short,109679.8,110619.90596,107580.0,110489.41,110521.85,0.029577005063833386,0.8571368292064726,2.233578010717006,1,-0.5515252918469272,14,1,1,-1.0,loss,4
1h,5min,2025-10-21 18:45:00+00:00,long,112007.86,111301.88842799999,114000.0,108913.68,111716.91,2.5027082920787973,0.6302875280359874,2.8218416704178177,2,1.7062922850329842,18,1,0,-1.0,loss,17
1h,5min,2025-10-23 19:30:00+00:00,short,110356.99,111315.681398,108723.13,111111.0,111562.94,0.40952548633303815,0.8687183276745727,1.7042606238133873,21,-0.9469095034130188,19,3,0,-1.0,loss,108
1h,5min,2025-10-23 22:45:00+00:00,short,109901.13,110180.350226,109341.28,109727.22,110106.0,0.344655236938873,0.2540649272668901,2.005048158653181,8,-0.41855129655642076,22,3,0,-1.0,loss,17
1h,5min,2025-10-24 08:10:00+00:00,long,111088.59,110746.012282,111522.3,110630.81,110941.02,0.2792456002907287,0.3083824522392448,1.2660192920077944,6,0.8275091286797475,8,4,1,-1.0,loss,4
1h,5min,2025-10-24 16:25:00+00:00,long,110353.05,109677.93939,112104.98,109727.22,109839.0,0.10129307708305192,0.6117734036349728,2.5950266134907647,24,-0.11574476863723356,16,4,0,1.2920845667052967,timeout,288
1h,5min,2025-10-28 10:00:00+00:00,short,114466.13,114657.353226,113483.3,114626.99,114790.81,0.1431165708144343,0.1670566009351429,5.139699923271832,12,-0.08463016185619532,10,1,0,-1.0,loss,19
1h,5min,2025-10-28 23:00:00+00:00,short,113027.21,113311.625442,112211.0,113225.53,113566.44,0.30161763702740557,0.2516344887217845,2.869780889041928,6,1.088571772413382,23,1,0,2.869780889041928,win,28
1h,5min,2025-10-29 01:30:00+00:00,long,112558.64,112077.488272,113289.02,111850.0,112189.33,0.3014695273503675,0.4274676097721126,1.5179827017061218,2,-1.2471917587747674,1,2,0,1.5179827017061218,win,50
1h,5min,2025-10-29 10:20:00+00:00,long,113081.48,112746.01370400001,113624.12,112666.75,112807.34,0.12432628225240465,0.2966589188609701,1.617569354866055,10,-0.3236422987924521,10,2,0,-1.0,loss,6
1h,5min,2025-10-30 01:55:00+00:00,short,110460.76,110747.732152,109703.43,110583.86,110949.68,0.33117642862496366,0.2597955617904513,2.6390365571081484,9,1.2967529200307442,1,3,0,-1.0,loss,4
1h,5min,2025-10-31 02:20:00+00:00,long,109333.34,108992.713332,110042.16,108334.53,109180.0,0.7732956845551423,0.31154876271043874,2.080929259478923,2,0.3504500363426365,2,4,0,-1.0,loss,3
1h,5min,2025-10-31 07:10:00+00:00,long,109757.33,109418.788534,110215.0,109324.4,109691.92,0.33484779558686795,0.30844542774500355,1.3518875705465423,13,0.5599309860792266,7,4,1,-1.0,loss,7
1h,5min,2025-10-31 09:25:00+00:00,short,109998.84,110471.999768,109214.13,110231.92,110681.22,0.4084588528388144,0.43014977976131175,1.6584461593530828,5,-0.68042651856084,9,4,1,-1.0,loss,30
1h,5min,2025-11-01 05:15:00+00:00,long,110167.07,110027.966586,110564.49,109872.29,110109.58,0.21539104198741796,0.12626587418546392,2.857011115485376,2,0.42103192179919513,5,5,0,-1.0,loss,12
1h,5min,2025-11-01 18:45:00+00:00,long,110276.63,110169.944674,110529.99,109993.98,110208.49,0.19451990870596,0.09674336801914074,2.374834567220481,10,0.25312405295951684,18,5,0,-1.0,loss,35
1h,5min,2025-11-02 00:00:00+00:00,short,110041.59,110166.498318,109858.44,110098.59,110298.17,0.18136779012371754,0.11351009922703006,1.4662754485253082,1,0.018740269488013404,0,6,0,-1.0,loss,30
1h,5min,2025-11-02 13:45:00+00:00,long,110491.27,110151.741746,111250.01,110086.82,110274.65,0.16999533085282412,0.3072896655093243,2.2346888397687836,5,0.09383028746521464,13,6,1,-1.0,loss,26
1h,5min,2025-11-05 04:50:00+00:00,short,101874.39,102292.604878,98966.8,102257.7,103185.89,0.9111122039601929,0.4105201297401623,6.952382980502201,13,0.7314350682521372,4,2,0,-1.0,loss,4
1h,5min,2025-11-05 08:30:00+00:00,long,101679.8,101156.13404,102370.0,101015.01,101461.98,0.43958583710825666,0.5150147423578709,1.3180157824274068,2,-0.7255025884643038,8,2,1,1.3180157824274068,win,46
1h,5min,2025-11-07 16:10:00+00:00,short,100566.65,101274.10333,99260.86,101250.03,101438.39,0.18729867207468937,0.7034671334880936,1.8457613309983096,11,0.746658006733679,16,4,0,-1.0,loss,2
1h,5min,2025-11-08 02:40:00+00:00,short,103142.21,103353.958442,102539.49,103240.32,103329.79,0.08674431156748202,0.20529756149300699,2.846396385764252,5,-0.7791866618932791,2,5,0,2.846396385764252,win,20
1h,5min,2025-11-08 06:30:00+00:00,long,102376.29,102071.78474199999,103333.33,101628.43,102282.2,0.6385951278367327,0.2974372855277376,3.142934234652833,7,-0.03897018647947696,6,5,0,-1.0,loss,10
1h,5min,2025-11-08 13:40:00+00:00,short,101975.72,102207.385144,101715.76,102108.0,102310.0,0.19808636800995372,0.22717676717555774,1.1221368718291427,4,0.3595332886548786,13,5,1,1.1221368718291427,win,4
1h,5min,2025-11-09 04:45:00+00:00,short,101781.15,102150.96623,101400.0,102100.0,102276.82,0.17372568496230098,0.36334451909809556,1.0306470324463115,5,0.2777230448299898,4,6,0,-1.0,loss,77
1h,5min,2025-11-09 22:45:00+00:00,long,104437.5,104037.7025,105061.08,103964.81,104153.84,0.18099820466786243,0.3828102932375828,1.5597396181817065,8,1.2674545248407192,22,6,0,1.5597396181817065,win,3
1h,5min,2025-11-10 02:10:00+00:00,long,105838.0,105535.51239999999,106670.11,105495.62,105698.94,0.19210491505887015,0.28580245280523786,2.7508896232439923,2,2.0142128818187808,2,0,0,-1.0,loss,151
1h,5min,2025-11-11 21:10:00+00:00,long,102967.65,102637.76647,103730.0,102425.19,102769.99,0.33486245437280826,0.32037589475917133,2.310967146495688,12,-1.4707391793796396,21,1,0,-1.0,loss,5
1h,5min,2025-11-12 09:25:00+00:00,short,104754.84,105100.260968,103051.59,104706.09,105145.47,0.41943646708830323,0.32974225152747677,4.9309398032836596,3,-0.9289756152005942,9,2,1,-1.0,loss,20
1h,5min,2025-11-13 10:05:00+00:00,long,103029.78,102533.024044,104085.01,102406.39,102914.39,0.49306132654073415,0.48214793431568387,2.1242422707862,12,0.20024358756137695,10,3,0,-1.0,loss,40
1h,5min,2025-11-13 23:50:00+00:00,short,99795.29,100521.26905799999,98000.4,99922.0,100550.0,0.6292882159067827,0.7274682582715049,2.4723715928455974,14,1.3358292059663766,23,3,0,2.4723715928455974,win,56
1h,5min,2025-11-14 18:10:00+00:00,long,96319.98,95580.736004,97411.11,95695.83,95868.4,0.1791632431817287,0.7674876967374683,1.4760079295930044,4,-1.5225192615314433,18,4,0,-1.0,loss,5
1h,5min,2025-11-16 12:40:00+00:00,long,95818.26,95417.296348,96635.11,95493.97,95630.22,0.14219627866337795,0.4184626729811116,2.0372170792180024,15,-0.10567419377181865,12,6,1,-1.0,loss,9
1h,5min,2025-11-17 03:00:00+00:00,long,95019.99,94688.816002,95487.8,94540.0,94722.21,0.19175964973265772,0.34853087018847123,1.4125807062908362,12,0.06368028730587823,3,0,0,1.4125807062908362,win,4
1h,5min,2025-11-17 08:40:00+00:00,short,95623.12,96045.83462400001,94849.37,95900.0,96375.05,0.49679408076206144,0.4420631997784791,1.8304311137340095,4,-0.5424421634591058,8,0,1,1.8304311137340095,win,54
1h,5min,2025-11-17 23:15:00+00:00,short,91870.0,92417.85399999999,91292.0,92234.53,92413.31,0.19460106672471847,0.596336127136162,1.0550256090126353,27,2.1530977620966802,23,0,0,1.0550256090126353,win,18
1h,5min,2025-11-18 09:00:00+00:00,short,91067.95,91458.21359,89253.78,90927.69,91624.5,0.7651539317619401,0.4285410948637828,4.648576107240718,9,1.1544997615100991,9,1,1,-1.0,loss,11
1h,5min,2025-11-18 22:05:00+00:00,long,92836.04,92444.15279200001,93766.0,92450.23,92579.23,0.13895465597196952,0.4221283113756097,2.3730297417619224,4,0.4674913737635485,22,1,0,-1.0,loss,26
1h,5min,2025-11-19 08:05:00+00:00,short,91743.57,92047.268714,90025.06,91976.12,92280.0,0.3312275726789405,0.33102997190974615,5.658601504647856,4,0.36654620609505856,8,2,1,-1.0,loss,84
1h,5min,2025-11-19 09:30:00+00:00,long,91366.65,91054.13667,92028.92,91104.0,91287.34,0.20066402784823184,0.342043108727295,2.1191736045308263,6,-0.7085400484547691,9,2,1,-1.0,loss,59
1h,5min,2025-11-20 07:45:00+00:00,long,92348.31,91668.600338,93160.0,91594.0,91820.01,0.2447364764985897,0.7360282629969015,1.1941716373600846,13,0.8249444649892043,7,3,1,-1.0,loss,24
1h,5min,2025-11-20 22:35:00+00:00,short,87803.59,88267.560718,86100.0,88158.49,89835.34,1.909773848654698,0.5284188471109176,3.671761889076819,1,2.1643290517264715,22,3,0,3.671761889076819,win,49
1h,5min,2025-11-21 05:25:00+00:00,short,86208.42,86367.241684,85360.0,86135.58,86834.81,0.8110924663739295,0.18422989772924153,5.341965773389136,5,2.448689384728689,5,4,0,-1.0,loss,3
1h,5min,2025-11-21 11:30:00+00:00,short,82795.18,83357.279036,81648.0,82911.99,83521.07,0.7356466886115856,0.6789030907354924,2.0408859053797848,6,4.537244497989796,11,4,0,2.0408859053797848,win,10
1h,5min,2025-11-21 15:25:00+00:00,short,83623.77,85512.724754,80600.0,84709.89,85550.0,1.0046306211738607,2.258872990299279,1.6007635935148599,11,2.5065565156627985,15,4,0,-1.0,loss,24
1h,5min,2025-11-23 07:10:00+00:00,long,85866.88,85585.146624,86860.0,85325.94,85689.36,0.42323652612042995,0.32810482458429113,3.525034960713998,1,0.7770791535730669,7,6,1,-1.0,loss,3
1h,5min,2025-11-24 12:00:00+00:00,short,86149.59,86451.15991799999,85696.56,86190.0,86724.78,0.6207574522409206,0.3500538052473538,1.5022386947759432,12,0.6014635816444078,12,0,1,-1.0,loss,14
1h,5min,2025-11-25 05:05:00+00:00,short,88217.52,88537.63350400001,87457.53,88300.01,88598.0,0.3377900444265552,0.3628684007439884,2.3741266472781666,6,-0.654994963475312,5,1,0,2.3741266472781666,win,33
1h,5min,2025-11-25 13:00:00+00:00,short,87422.23,87809.684446,86666.0,87606.57,87802.09,0.22365020887706652,0.443198996410871,1.951790740323546,10,0.16684909021562244,13,1,1,1.951790740323546,win,20
1h,5min,2025-11-25 16:35:00+00:00,short,87053.49,87317.410698,86116.0,87298.35,87361.71,0.07278283731071618,0.3031707264120045,3.552165506928142,10,0.4192441764625086,16,1,0,-1.0,loss,7
1h,5min,2025-11-27 00:30:00+00:00,long,90321.12,90071.845776,90656.08,90114.67,90127.88,0.014625593659607413,0.27598663966965137,1.3437410199299837,4,1.9562109354342518,0,3,0,1.3437410199299837,win,6
1h,5min,2025-11-28 21:50:00+00:00,short,90977.68,91265.355536,90180.63,91208.43,91976.59,0.8443389631390947,0.3162045196140523,2.77065617425307,16,0.33283337056642637,21,4,0,2.77065617425307,win,244
1h,5min,2025-11-29 08:50:00+00:00,short,90561.99,90756.282398,90311.92,90666.0,90733.22,0.07422540074483916,0.2145407780902236,1.2870807225304781,8,0.43794269440403644,8,5,1,-1.0,loss,39
1h,5min,2025-11-29 19:30:00+00:00,short,90695.06,90868.969012,90155.47,90719.16,90862.22,0.15773736739354677,0.1917513610994951,3.102714424022977,5,0.11187579900571007,19,5,0,-1.0,loss,15
1h,5min,2025-11-30 12:05:00+00:00,long,91161.5,90980.1077,91632.0,91037.72,91138.65,0.11071559814175175,0.1989790646270704,2.593825647505337,6,0.2307705017760437,12,6,1,2.593825647505337,win,14
1h,5min,2025-12-01 09:10:00+00:00,short,86642.43,86955.338486,85604.0,86800.0,86941.4,0.16319948551765479,0.3611492498536806,3.3186380250486147,6,2.36867393382653,9,0,1,3.3186380250486147,win,42
1h,5min,2025-12-01 14:40:00+00:00,short,86054.68,86691.210936,84756.0,86231.52,86552.0,0.3724143765336132,0.7396819510571768,2.0402464775097315,8,2.0077333670113227,14,0,1,2.0402464775097315,win,10
1h,5min,2025-12-01 18:35:00+00:00,short,84916.66,85571.983332,83822.76,85463.12,85868.0,0.4767968970988787,0.7717252798214154,1.6692523317634733,5,2.450997920356559,18,0,0,-1.0,loss,18
1h,5min,2025-12-02 00:05:00+00:00,long,86471.98,86232.505604,86860.0,85833.01,86300.0,0.5400477703875929,0.2769387216529453,1.6202984806777398,3,-0.1677431164973645,0,1,0,-1.0,loss,3
1h,5min,2025-12-02 05:10:00+00:00,long,87000.56,86800.739888,87350.0,86857.79,86900.79,0.049424969218588945,0.22967681127569897,1.7487729163118484,1,0.4041592800892939,5,1,0,-1.0,loss,36
1h,5min,2025-12-02 15:25:00+00:00,short,90174.52,90927.054904,86985.51,90417.0,91049.22,0.7011071420175023,0.8345316437503633,4.237690481928808,3,-3.35281829592235,15,1,0,-1.0,loss,5
1h,5min,2025-12-05 11:20:00+00:00,short,91330.34,91581.966068,90956.25,91488.0,91892.86,0.4432919005885673,0.2755120237152273,1.4866901628014146,3,0.9631886368724076,11,4,0,1.4866901628014146,win,24
1h,5min,2025-12-05 18:20:00+00:00,short,89346.61,89813.459322,88056.0,89540.71,90258.24,0.8030858697380895,0.5225148687790109,2.7645108157616978,3,2.1847539853456563,18,4,0,-1.0,loss,239
1h,5min,2025-12-07 00:10:00+00:00,short,89184.0,89401.29680000001,88908.01,89329.38,89390.01,0.0679830462863183,0.24364998205957458,1.270106140541376,1,0.5459291119419997,0,6,0,-1.0,loss,4
1h,5min,2025-12-07 22:30:00+00:00,long,90038.15,88977.32237000001,91760.0,89106.0,89115.85,0.010939807181739985,1.178197941650273,1.6231194883187854,5,0.12317577294106404,22,6,0,1.6231194883187854,win,109
1h,5min,2025-12-08 00:10:00+00:00,short,90069.21,90489.673842,88995.33,90241.8,91308.82,1.1846667690323962,0.4668230597337285,2.554036501431225,3,-0.149905529270301,0,0,0,-1.0,loss,5
1h,5min,2025-12-08 09:15:00+00:00,short,92001.01,92305.550202,91037.43,92112.04,92203.34,0.0992380409736838,0.3310183246901352,3.1640486007164,2,-1.441704084277099,9,0,1,3.1640486007164,win,64
1h,5min,2025-12-08 18:50:00+00:00,short,90085.05,90545.31701,89612.0,90499.99,90790.0,0.32192911032407123,0.510924964797151,1.0277729876838384,6,0.8165402598302383,18,0,0,-1.0,loss,18
1h,5min,2025-12-09 22:00:00+00:00,long,92675.54,92236.384892,94225.0,90644.02,92693.5,2.211457305778845,0.4738630149875488,3.5282750257798106,4,1.031882550125735,22,1,0,-1.0,loss,33
1h,5min,2025-12-11 05:10:00+00:00,short,90113.0,90498.1626,89389.63,90074.01,90658.24,0.6483304295717716,0.4274217926381277,1.8780899287729462,12,1.733284083390619,5,3,0,-1.0,loss,52
1h,5min,2025-12-11 19:50:00+00:00,short,90965.67,91556.453134,89333.0,91407.04,91942.56,0.5887056072911946,0.6494572446946167,2.7635690764320384,3,-0.33637964754154875,19,3,0,-1.0,loss,10
1h,5min,2025-12-12 01:20:00+00:00,long,92168.98,91429.876204,93555.0,91538.26,91706.06,0.1820569132912211,0.8019008087102578,1.8752711155065045,5,0.9906409706011229,1,4,0,-1.0,loss,169
1h,5min,2025-12-12 18:40:00+00:00,short,90438.09,90684.087618,89480.0,90441.17,91903.34,1.6167634676937541,0.27200664896838106,3.894712508964064,17,1.243391008367046,18,4,0,1.2117190500600352,timeout,288
1h,5min,2025-12-15 02:35:00+00:00,short,89558.37,90070.551674,87577.36,89853.7,90001.1,0.16458539832737995,0.57189704770197,3.8677877412692605,4,-0.41126985680312633,2,0,0,3.8677877412692605,win,149
1h,5min,2025-12-15 04:00:00+00:00,long,89478.58,89208.014284,90052.64,88692.3,89235.72,0.607318533664703,0.30238043116016966,2.121702662431937,5,0.301354240497748,4,0,0,-1.0,loss,126
1h,5min,2025-12-15 20:05:00+00:00,short,85900.01,86577.58000199999,85146.64,86496.89,86621.91,0.14554131018145874,0.7887892003737753,1.1118703569760502,13,2.8464974752667582,20,0,0,-1.0,loss,129
1h,5min,2025-12-16 11:35:00+00:00,short,87104.0,87345.1208,85850.0,87220.0,87840.0,0.711792799412197,0.27681943423953465,5.200712671822497,11,-0.33894832648132167,11,1,0,-1.0,loss,14
1h,5min,2025-12-16 14:05:00+00:00,long,86841.57,86090.06168599999,87786.88,86426.07,86820.0,0.45361915957990273,0.8653785439392915,1.257883622029991,6,-0.02678771425709179,14,1,1,1.257883622029991,win,21
1h,5min,2025-12-17 07:10:00+00:00,short,86662.31,87022.60246200001,86209.11,86756.74,87150.01,0.4537958888933258,0.4157429706178063,1.257867004722352,14,0.6248863995147018,7,2,1,-1.0,loss,4
1h,5min,2025-12-19 04:20:00+00:00,short,87092.61,87586.40852200001,85110.24,86889.04,87852.0,1.1056736042242923,0.5669809665825973,4.014532064557187,11,-0.8620532265103206,4,4,0,-1.0,loss,32
1h,5min,2025-12-19 05:45:00+00:00,long,87019.88,86630.106024,87568.99,85929.06,86846.15,1.05388561786111,0.4479137135100753,1.4087908218890033,6,0.6994879109437258,5,4,0,1.4087908218890033,win,15
1h,5min,2025-12-21 03:40:00+00:00,short,88049.24,88167.609848,87869.35,88149.99,88306.0,0.17718494787688654,0.13443596787432524,1.5197282334942117,4,0.11384463513382706,3,6,0,-1.0,loss,30
1h,5min,2025-12-21 14:05:00+00:00,long,88052.39,87582.42952199999,89081.77,87466.09,87614.79,0.1688767334992237,0.5337282474672274,2.1903543982691813,4,-0.2696744061763008,14,6,1,2.1903543982691813,win,121
1h,5min,2025-12-22 01:10:00+00:00,long,88970.33,88498.205934,89627.24,88494.99,88613.87,0.13361757790489268,0.5306533829873441,1.391392744635047,2,0.683153206758799,1,0,0,-1.0,loss,10
1h,5min,2025-12-22 17:35:00+00:00,long,89464.98,89074.197004,90454.74,89008.0,89093.44,0.09550105527325031,0.4367999590454214,2.5327611746955934,5,0.25768587975249585,17,0,0,-1.0,loss,17
1h,5min,2025-12-22 21:45:00+00:00,short,88343.36,88636.798672,87911.79,88486.12,89140.0,0.7401574945757153,0.33215702006353826,1.4707332099703658,8,0.8151942648249857,21,0,0,-1.0,loss,13
1h,5min,2025-12-23 04:30:00+00:00,short,88170.08,88385.734016,87800.0,88355.56,88430.0,0.08442773330817249,0.2445886586470154,1.7160821155308372,4,0.7120021982109576,4,1,0,1.7160821155308372,win,12
1h,5min,2025-12-23 12:00:00+00:00,short,87744.65,87907.54893,87297.69,87780.0,87930.99,0.17207886748651371,0.18565112516832685,2.7437872059685326,9,0.5785722290876449,12,1,1,-1.0,loss,1
1h,5min,2025-12-24 04:15:00+00:00,short,87351.63,87476.01032599999,86863.88,87392.61,87500.0,0.12293989247825074,0.14239038928063968,3.9214401158593404,3,0.4397406901271408,4,2,0,3.9214401158593404,win,17
1h,5min,2025-12-24 13:45:00+00:00,long,87242.01,87020.99159800001,87478.59,86903.17,87077.66,0.20000685449590772,0.2533394198505823,1.0704086078769843,3,-0.17360962298407817,13,2,1,-1.0,loss,9
1h,5min,2025-12-25 00:45:00+00:00,long,87627.05,87493.62458999999,88049.89,87500.67,87516.77,0.018373321936554776,0.15226509394075316,3.1691114908319373,2,0.1760948769955141,0,3,0,-1.0,loss,91
1h,5min,2025-12-25 14:15:00+00:00,short,87628.14,87747.90562800001,87251.6,87603.78,87755.94,0.17364285034465354,0.13667484896975823,3.143973828617736,7,-0.06566616402847054,14,3,1,-1.0,loss,6
1h,5min,2025-12-26 04:15:00+00:00,long,88771.64,88498.975672,89440.0,87500.0,88714.36,1.3679594068556136,0.30715251852956527,2.4512190681576915,3,1.0034448226332138,4,4,0,2.4512190681576915,win,37
1h,5min,2025-12-26 10:15:00+00:00,short,88750.69,88936.340138,88347.45,88886.0,88996.58,0.12459621440689841,0.2091816277710035,2.172042554581948,6,-0.5351337009997982,10,4,0,-1.0,loss,40
1h,5min,2025-12-26 20:00:00+00:00,short,87437.5,87597.7775,86655.08,87381.0,88618.14,1.4148849177984268,0.18330521801286234,4.881658373758109,30,0.6517647860717198,20,4,0,-1.0,loss,4
1h,5min,2025-12-26 22:30:00+00:00,long,87479.78,87381.934044,87792.7,87380.0,87399.71,0.022530920859661973,0.11184979660443209,3.198088227580743,2,-0.506718016607622,22,4,0,-1.0,loss,2
1h,5min,2025-12-29 06:15:00+00:00,long,90121.19,89861.975762,90406.08,89383.74,89952.81,0.6314497178743339,0.2876285122289225,1.0990522827685063,5,1.9079670491911591,6,0,0,-1.0,loss,6
1h,5min,2025-12-31 13:10:00+00:00,long,88816.22,88659.556756,89046.6,88715.27,88802.97,0.09874322505505986,0.17639035302335065,1.4705427649641347,6,0.3919967473383879,13,2,1,1.4705427649641347,win,10
1h,5min,2026-01-01 03:20:00+00:00,short,87935.45,88105.68709,87619.67,88053.49,88278.35,0.2557102965868721,0.19359324368046066,1.854942421771783,13,0.13158504682821193,3,3,0,1.854942421771783,win,11
1h,5min,2026-01-01 08:40:00+00:00,short,87700.17,87828.67003400001,87550.43,87749.34,87832.09,0.09435557536547536,0.14652198963811758,1.1652915204675496,7,0.2546896293417152,8,3,1,-1.0,loss,6
1h,5min,2026-01-01 18:10:00+00:00,short,88170.38,88517.634076,87810.66,88487.68,88741.54,0.28791982069261873,0.39384436814267715,1.035898567825605,8,-0.24019636133471747,18,3,0,-1.0,loss,47
1h,5min,2026-01-01 19:25:00+00:00,long,88166.75,88044.68665,88500.0,88048.7,88105.08,0.06394700950188667,0.13844601281094826,2.7301397184331657,3,0.21399364711681537,19,3,0,2.7301397184331657,win,32
1h,5min,2026-01-02 11:40:00+00:00,long,89528.0,89342.0944,89942.44,89200.0,89451.34,0.2807389866857257,0.20765079081404506,2.229303474451583,5,0.9253920004615261,11,4,0,-1.0,loss,27
1h,5min,2026-01-04 14:15:00+00:00,short,91285.36,91437.477072,91014.1,91360.0,91422.67,0.0686528486057329,0.1666390667682021,1.7832317992552873,1,-0.3687503659833039,14,6,1,-1.0,loss,22
1h,5min,2026-01-05 06:40:00+00:00,long,92427.86,92136.514428,93204.7,91590.0,92280.69,0.7472746853600227,0.3152140188034275,2.6663868431814763,3,0.6984204430881888,6,0,0,2.6663868431814763,win,67
1h,5min,2026-01-05 08:30:00+00:00,short,92652.01,92792.810402,92155.0,92720.73,92871.26,0.1624681428929592,0.15196691577442092,3.529890489943107,2,-0.8165836097887452,8,0,1,-1.0,loss,15
1h,5min,2026-01-06 09:35:00+00:00,short,93392.22,93588.288444,93137.98,93420.11,93538.83,0.12711979648840252,0.20994087516069765,1.2966900476855925,6,0.058412038116526586,9,1,1,-1.0,loss,7
1h,5min,2026-01-06 09:45:00+00:00,long,93500.5,93119.2799,94000.0,93020.0,93170.95,0.16144298693589562,0.4077198517655049,1.3102666937026464,23,0.05698228375622631,9,1,1,1.3102666937026464,win,53
1h,5min,2026-01-06 18:05:00+00:00,long,91852.2,91244.56956,94444.44,91401.98,91514.81,0.12283864730512906,0.661530632908078,4.266145718440361,1,-1.7133310063338312,18,1,0,-1.0,loss,254
1h,5min,2026-01-06 19:50:00+00:00,short,92034.56,92380.22691200001,91262.94,92221.52,92336.0,0.12438805596505914,0.3755838154710743,2.2322645680358364,8,1.3109674377764584,19,1,0,-1.0,loss,2
1h,5min,2026-01-07 02:35:00+00:00,long,92919.5,92217.48610000001,93792.17,92361.82,92372.4,0.01138619988268038,0.7555076168080874,1.243095044129482,15,-0.2360927293957005,2,2,0,-1.0,loss,80
1h,5min,2026-01-07 03:25:00+00:00,short,93002.08,93127.290416,92236.07,92902.52,93333.32,0.46321544636421347,0.13463184479315055,6.117781766654176,10,0.13590908538500987,3,2,0,6.117781766654176,win,70
1h,5min,2026-01-07 11:45:00+00:00,short,92132.24,92271.586448,91600.0,92000.0,92698.09,0.7577043606016705,0.15124613056189298,3.819544793850922,9,0.7071996821211689,11,2,0,-1.0,loss,20
1h,5min,2026-01-08 05:25:00+00:00,short,91008.7,91206.20174,90616.36,91142.51,91300.0,0.17304938978361986,0.21701413161599603,1.986514144128465,12,0.6382571308744877,5,3,0,1.986514144128465,win,8
1h,5min,2026-01-09 11:05:00+00:00,short,90464.73,90609.032946,89694.66,90481.2,90738.34,0.2842433730803148,0.15951293504110467,5.336481488049006,11,0.4450142560263406,11,4,0,-1.0,loss,2
1h,5min,2026-01-10 11:00:00+00:00,short,90772.19,90850.154438,90503.65,90820.3,91012.0,0.21118803016650484,0.08589022474834575,3.444390890113566,3,-0.09564508310387286,11,5,0,3.444390890113566,win,121
1h,5min,2026-01-10 19:05:00+00:00,short,90580.61,90613.74612200001,90504.55,90595.63,90609.56,0.015378567223154067,0.03658191526863288,2.2953802499873968,1,0.10103032836380485,19,5,0,-1.0,loss,6
1h,5min,2026-01-11 21:25:00+00:00,short,90636.15,90788.57723,90370.85,90743.72,90793.43,0.054845665884960745,0.16817487282944074,1.7405026647796877,2,0.159784563277783,21,6,0,-1.0,loss,5
1h,5min,2026-01-13 14:15:00+00:00,long,92125.2,91769.18496,92606.42,91650.81,91806.19,0.1686617776677876,0.3864469656510905,1.3516844681618039,3,0.4235658178926586,14,1,1,1.3516844681618039,win,4
1h,5min,2026-01-14 06:55:00+00:00,long,95028.87,94540.274226,95799.22,94507.99,95055.01,0.5756355936885176,0.5141550920262455,1.576661201330824,19,1.047091841553983,6,2,0,1.576661201330824,win,89
1h,5min,2026-01-14 09:40:00+00:00,short,95012.68,95334.152536,94559.28,95270.25,95285.5,0.01605048926101232,0.3383469827395682,1.41038486721613,20,-0.8059518184803726,9,2,1,-1.0,loss,53
1h,5min,2026-01-15 04:20:00+00:00,long,96358.64,95757.728272,97371.33,95241.7,96188.25,0.9823198002794591,0.6236199763716118,1.6852558417698107,21,0.2705270349932542,4,3,0,-1.0,loss,125
1h,5min,2026-01-15 11:20:00+00:00,long,96816.68,96706.786664,97193.34,96662.0,96750.0,0.09089342869431177,0.11350661476926674,3.4275053766683814,3,0.5193426725549286,11,3,0,-1.0,loss,3
1h,5min,2026-01-15 22:10:00+00:00,short,95562.76,95751.502552,95134.48,95660.0,95745.25,0.08920839038135776,0.1975063842861075,2.2691226512608282,1,0.6461877676639953,22,3,0,-1.0,loss,4
1h,5min,2026-01-17 08:40:00+00:00,short,95215.31,95279.69306199999,95021.67,95240.08,95275.05,0.036727286819736416,0.06761839246229784,3.0076233404372554,2,0.14479712570675837,8,5,1,-1.0,loss,12
1h,5min,2026-01-18 20:15:00+00:00,long,95349.99,95266.13000199999,95521.71,95280.24,95333.99,0.05637126967711271,0.08794966627685483,2.0476985940301544,2,0.15033222006340596,20,6,0,2.0476985940301544,win,23
1h,5min,2026-01-19 09:10:00+00:00,short,93041.56,93387.048312,92385.07,92875.68,93615.4,0.7950425594755733,0.37132686941190723,1.9001800558740412,11,0.8755759245139694,9,0,1,-1.0,loss,93
1h,5min,2026-01-19 10:15:00+00:00,long,93034.19,92881.393162,93368.44,92861.41,92950.0,0.09522305724379017,0.16423729598764636,2.1875452684431838,2,-0.8051947229633036,10,0,0,-1.0,loss,37
1h,5min,2026-01-19 14:45:00+00:00,long,92879.57,92681.424086,93317.29,92629.26,92702.56,0.07891940068198303,0.21333638172528996,2.209079113284007,2,-0.7178954764042873,14,0,1,2.209079113284007,win,25
1h,5min,2026-01-20 00:15:00+00:00,short,92595.53,92888.519106,92158.48,92750.0,93000.03,0.27002383376389644,0.3164181964291453,1.4916936877509388,3,0.6935441498690527,0,1,0,1.4916936877509388,win,55
1h,5min,2026-01-20 12:05:00+00:00,long,91283.69,91167.493262,91442.88,91116.0,91214.36,0.1077519981937634,0.12729189409411334,1.3700040357415546,1,-0.9951810421739429,12,1,1,-1.0,loss,2
1h,5min,2026-01-21 00:10:00+00:00,short,88419.03,88628.793806,87895.98,88534.21,89428.0,1.0108570519264841,0.23723830265950968,2.493518829459055,2,2.4826233448999213,0,2,0,-1.0,loss,5
1h,5min,2026-01-21 09:00:00+00:00,long,89272.71,88982.145458,90120.44,88982.0,89000.0,0.020162936691403226,0.32547969250626235,2.91752735610794,4,-0.7742933461909329,9,2,1,-1.0,loss,34
1h,5min,2026-01-21 09:45:00+00:00,short,89321.24,89511.324248,89000.0,89385.4,89491.96,0.11929973206822053,0.21280968334071404,1.68998748386561,5,0.6796311347680928,9,2,1,1.68998748386561,win,25
1h,5min,2026-01-21 13:40:00+00:00,short,88715.45,89038.06309000001,88196.72,88849.39,89080.0,0.25994344840723976,0.3636492741681562,1.60790127889719,8,1.0704959133637877,13,2,1,-1.0,loss,5
1h,5min,2026-01-22 00:00:00+00:00,long,89597.92,89327.060416,90450.0,88657.23,89392.0,0.8200748410230998,0.30230566066712855,3.1458366265525433,3,0.05663294442390098,0,3,0,-1.0,loss,175
1h,5min,2026-01-22 18:50:00+00:00,short,89415.81,89815.383162,88515.37,89742.67,89873.09,0.14585787457497534,0.4468708184827723,2.2535047036016924,6,0.26712294361741334,18,3,0,-1.0,loss,9
1h,5min,2026-01-23 13:25:00+00:00,short,89257.43,89444.771486,88860.44,89388.71,89447.52,0.06588807228708879,0.2098889537823404,2.119071479981644,3,0.26749517679310364,13,4,1,-1.0,loss,4
1h,5min,2026-01-24 07:05:00+00:00,long,89657.77,89584.288446,89957.39,89588.72,89670.88,0.09163734498415864,0.08195782027592047,4.077485895303778,10,-0.024992706215892384,7,5,1,-1.0,loss,2
1h,5min,2026-01-25 13:25:00+00:00,short,88697.45,88865.22949000001,88238.5,88831.36,88870.45,0.04407116551828323,0.189159316305052,2.735435660222564,4,0.3458901465644326,13,6,1,-1.0,loss,4
1h,5min,2026-01-26 08:10:00+00:00,short,87920.02,88199.18400400001,87244.27,88108.24,88340.75,0.2644562637724545,0.31752040547762117,2.4206201025830905,2,-0.11621004397544783,8,0,1,-1.0,loss,2
1h,5min,2026-01-28 03:50:00+00:00,long,89177.55,88967.16449,89515.78,88549.32,89008.75,0.5151857165844913,0.23591757118244147,1.6076677524035954,7,0.5868832705926916,3,2,0,-1.0,loss,4
1h,5min,2026-01-29 05:20:00+00:00,short,88214.96,88425.722992,87704.0,88265.39,88548.87,0.32135138983228684,0.23891978412730563,2.4243345340249913,6,0.8862194602252229,5,3,0,-1.0,loss,31
1h,5min,2026-01-30 04:35:00+00:00,short,82910.0,83348.78199999999,81118.0,82535.89,84100.0,1.8865154987335673,0.5292268725123531,4.08403261756415,10,2.8271303918782085,4,4,0,-1.0,loss,120
1h,5min,2026-02-01 00:20:00+00:00,short,78988.05,79439.79761,77092.34,79143.64,80098.01,1.2082460574732448,0.5719189295089463,4.196391874657717,12,2.353371222640635,0,6,0,4.196391874657717,win,181
1h,5min,2026-02-03 21:15:00+00:00,short,76446.54,76975.289308,72945.5,76525.44,77055.54,0.6934257587066613,0.6916589135361956,6.6213609115492345,9,1.05928954730873,21,1,0,6.6213609115492345,win,239
1h,5min,2026-02-03 23:20:00+00:00,long,75843.75,75391.62125,76960.0,75291.1,76124.05,1.098244746600738,0.5961318500206062,2.468876398592196,15,-1.5914338582085976,23,1,0,2.468876398592196,win,52
1h,5min,2026-02-05 10:30:00+00:00,short,71562.19,71992.892438,70140.0,71884.47,71995.09,0.15457883555547328,0.6018575423697807,3.3020244942287174,15,1.7772656191673268,10,3,0,3.3020244942287174,win,10
1h,5min,2026-02-06 04:10:00+00:00,long,64487.44,63757.272511999996,66010.0,63861.87,64201.28,0.5263195437747199,1.1322631011558317,2.0852202063535104,5,-4.103591339402462,4,4,0,2.0852202063535104,win,20
1h,5min,2026-02-06 18:30:00+00:00,long,69855.4,69326.93892,71500.0,69192.0,69593.43,0.5746585088625833,0.7565071275806791,3.1120551015791467,2,3.59585879053032,18,4,0,3.1120551015791467,win,52
1h,5min,2026-02-07 07:40:00+00:00,long,68476.92,67334.634616,71690.07,67690.7,67772.0,0.11872613429459576,1.6681319545330056,2.8129135196918544,5,-1.1632892706449163,7,5,1,-1.0,loss,1
1h,5min,2026-02-07 15:00:00+00:00,long,68997.83,68344.950434,69999.99,68157.21,68821.64,0.962972313766959,0.9462320278768234,1.5349844782858444,5,0.0727586899606613,15,5,0,1.5349844782858444,win,208
1h,5min,2026-02-09 12:20:00+00:00,short,69078.05,69276.72561000001,68420.58,69022.89,69478.63,0.65974647518279,0.2876103335285314,3.3092637792831354,4,1.637727894320547,12,0,1,-1.0,loss,10
1h,5min,2026-02-10 19:50:00+00:00,short,69060.93,70007.46218599999,67800.0,69906.5,69982.27,0.10971471134258413,1.3705754990556844,1.3321575522208364,28,0.48250729258808733,19,1,0,1.3321575522208364,win,102
1h,5min,2026-02-11 12:35:00+00:00,short,67160.74,67437.67214800001,66369.49,67254.6,67397.86,0.21330914459845848,0.41234231189234527,2.8571980743816696,6,1.3203966525578215,12,2,1,-1.0,loss,11
1h,5min,2026-02-11 14:20:00+00:00,short,67968.0,68847.93359999999,66369.49,68751.91,68914.73,0.23955390772126944,1.29462923728812,1.8166257090307882,2,-0.014261977612678748,14,2,1,1.8166257090307882,win,8
1h,5min,2026-02-11 14:20:00+00:00,short,67968.0,68847.93359999999,66369.49,68325.0,68603.4,0.4096045197740027,1.29462923728812,1.8166257090307882,2,-0.014261977612678748,14,2,1,1.8166257090307882,win,8
1h,5min,2026-02-12 06:50:00+00:00,short,67133.11,67369.35662199999,66670.45,67209.99,67306.61,0.1439230209951473,0.35190775758786014,1.9583772080348314,8,0.47846854016251894,6,3,0,-1.0,loss,32
1h,5min,2026-02-12 23:35:00+00:00,short,66231.47,66502.14629399999,65215.06,66265.06,67014.98,1.1322714111584693,0.4086822986112038,3.755075795444582,10,0.8040155116146449,23,3,0,-1.0,loss,6
1h,5min,2026-02-13 15:40:00+00:00,short,68730.01,69323.546002,66832.16,69303.99,69309.35,0.0077986311947293215,0.8635761903715831,3.1975313942286614,1,-2.6956642559015274,15,4,0,-1.0,loss,10
1h,5min,2026-02-14 14:30:00+00:00,long,69581.49,69050.68370200001,70560.01,68936.98,69218.71,0.4048921631313306,0.7628556071449402,1.8434596644518282,15,0.8655501995653255,14,5,1,1.8434596644518282,win,201
1h,5min,2026-02-15 19:20:00+00:00,long,68523.26,67986.295348,69255.6,68028.45,68540.83,0.7477460938081532,0.7836239139819021,1.3638514141895839,19,-1.4452042302801056,19,6,0,1.3638514141895839,win,205
1h,5min,2026-02-16 13:20:00+00:00,short,69291.63,70140.528326,68338.9,69620.06,70267.6,0.9345140242768255,1.2251094771475213,1.122313439454251,6,-0.5211186001381547,13,0,1,1.122313439454251,win,3
1h,5min,2026-02-16 17:45:00+00:00,short,67960.22,68087.712044,67294.11,67974.86,68260.39,0.4201428423863237,0.18759804485623902,5.224718179277189,8,1.026972763137168,17,0,0,-1.0,loss,4
1h,5min,2026-02-17 04:20:00+00:00,long,68682.71,68373.463458,69042.74,68130.0,68427.18,0.43268531483395595,0.4502538440897396,1.1642167368196132,28,0.08474350932235303,4,1,0,-1.0,loss,2
1h,5min,2026-02-18 02:20:00+00:00,short,67220.0,67413.444,66892.03,67378.26,67394.0,0.023415650104143468,0.2877774471883415,1.6954260664584884,3,0.8744493902604483,2,2,0,-1.0,loss,3
1h,5min,2026-02-19 02:00:00+00:00,short,66800.0,66897.52,66106.16,66619.0,67057.13,0.6558832335329411,0.14598802395210192,7.114848236258895,11,0.3841951523631606,2,3,0,-1.0,loss,4
1h,5min,2026-02-21 01:35:00+00:00,long,67985.99,67773.592802,68233.99,67840.0,67914.0,0.10884595487982156,0.31241318689336733,1.1676236896495826,14,0.6063335516899504,1,5,0,-1.0,loss,17
1h,5min,2026-02-21 12:35:00+00:00,long,68026.57,67901.394686,68314.54,67884.74,67978.9,0.13841650402186811,0.18400944513299336,2.3005334741957966,5,0.30841479592814636,12,5,1,2.3005334741957966,win,21
1h,5min,2026-02-21 22:05:00+00:00,short,68338.43,68451.227686,68183.1,68390.93,68526.81,0.19883395038487814,0.1650574735182025,1.377067256503647,1,-0.28858195842874634,22,5,0,1.377067256503647,win,6
1h,5min,2026-02-22 16:00:00+00:00,short,67633.15,67826.72662999999,67303.5,67682.47,67871.59,0.2796261892282045,0.286215605808684,1.7029431703610147,5,0.5071235759683285,16,6,0,1.7029431703610147,win,18
1h,5min,2026-02-22 19:10:00+00:00,short,67411.89,67497.482378,67190.0,67461.41,67513.83,0.07776076297519363,0.12696926017057406,2.5924037301545275,2,0.6594390996403356,19,6,0,-1.0,loss,27
1h,5min,2026-02-23 03:15:00+00:00,short,64791.01,65092.748202,64290.71,64916.85,66715.01,2.7753233048844215,0.46570998353012316,1.658059856802627,2,3.7567122675107463,3,0,0,-1.0,loss,23
1h,5min,2026-02-24 17:15:00+00:00,short,64253.89,64532.850778,62510.28,64500.0,64656.01,0.24280242021144874,0.4341539134829044,6.250376889900977,2,-0.4433391929567497,17,1,0,-1.0,loss,21
1h,5min,2026-02-25 04:10:00+00:00,long,65439.57,65103.562086,66310.0,64319.29,65866.66,2.364578495855035,0.5134629001993772,2.5905044605586167,14,1.4841246391617473,4,2,0,-1.0,loss,16
1h,5min,2026-02-25 10:20:00+00:00,short,65389.17,65705.69783399999,64755.26,65650.0,65866.66,0.3313392722372887,0.48406767359180913,2.002699073851464,14,-0.9141877646530995,10,2,0,-1.0,loss,23
1h,5min,2026-02-25 10:45:00+00:00,long,65484.24,65331.903152,65692.62,65193.25,65396.47,0.3103342117126215,0.23263131403830753,1.367889665145223,5,1.0256879204866551,10,2,0,-1.0,loss,3
1h,5min,2026-02-25 15:05:00+00:00,short,66826.97,67262.56539399999,65200.8,66740.47,67469.58,1.091041536074433,0.6518257434086702,3.733212110135488,7,-2.4583950929072005,15,2,0,-1.0,loss,5
1h,5min,2026-02-25 23:55:00+00:00,long,67988.04,67586.402392,69988.83,67578.0,68016.53,0.6450105047887819,0.5907474432267646,4.981580310577036,4,1.5121421054551276,23,2,0,-1.0,loss,178
1h,5min,2026-02-26 01:30:00+00:00,short,68325.08,68713.665016,67600.0,68696.97,68773.83,0.11249163557510738,0.5687296904738307,1.8659494580202929,5,-1.7520685508531597,1,3,0,-1.0,loss,36
1h,5min,2026-02-26 20:50:00+00:00,short,67333.05,67916.58661,66500.0,67743.36,67848.69,0.15643135132004526,0.8666421764645974,1.4275882364947234,22,0.40793905660135266,20,3,0,-1.0,loss,88
1h,5min,2026-02-26 22:30:00+00:00,long,67457.77,67136.648446,67903.12,67044.1,67285.99,0.3585798937616814,0.4760334561904397,1.386858012028662,23,-0.18821261783851506,22,3,0,-1.0,loss,25
1h,5min,2026-02-27 06:30:00+00:00,long,67657.54,67511.928492,68216.8,67546.15,67578.67,0.04806559623658217,0.21521844867547243,3.840767860189034,1,0.15355987186231465,6,4,0,-1.0,loss,11
1h,5min,2026-02-27 12:55:00+00:00,long,65928.01,65721.52439800001,68149.93,65485.91,66025.39,0.8182864915837683,0.31319859646906695,10.760653423187094,15,-2.130897138828876,12,4,1,-1.0,loss,8
1h,5min,2026-02-27 18:05:00+00:00,short,65538.68,65801.17773600001,65113.72,65765.06,65845.18,0.12224841879634339,0.4005233794760886,1.61890920080149,1,1.9531486384356782,18,4,0,1.61890920080149,win,53
1h,5min,2026-02-28 14:45:00+00:00,short,64749.02,65373.459804000006,63452.64,64327.22,65500.0,1.8112706570694026,0.964400394013699,2.0760688087077472,12,0.4760312268829895,14,5,1,-1.0,loss,38
1h,5min,2026-02-28 20:30:00+00:00,short,66723.8,67058.34476,64754.33,66778.68,67284.22,0.7576606847931444,0.5013874509545384,5.887014939346161,2,-2.2705844288840016,20,5,0,-1.0,loss,3
1h,5min,2026-02-28 22:55:00+00:00,short,67103.64,67773.420728,65445.88,67416.78,67655.86,0.35628469632944165,0.9981287572477407,2.4750786797795223,4,-2.3673856068641985,22,5,0,-1.0,loss,37
1h,5min,2026-03-01 01:30:00+00:00,long,66534.48,66029.413104,67760.0,66157.61,66190.61,0.04959834359568152,0.7591054983821762,2.42645085177,4,1.1662705641246522,1,6,0,2.42645085177,win,6
1h,5min,2026-03-01 04:40:00+00:00,long,67397.42,67065.880516,68199.99,67121.8,67339.36,0.3228016740106634,0.49191717427758147,2.4207373140510247,6,1.8230556954393486,4,6,0,-1.0,loss,18
1h,5min,2026-03-02 05:15:00+00:00,long,66759.14,66534.458172,67079.0,66609.94,66633.13,0.034736816561750684,0.3365559053037542,1.4236131281609459,3,0.6315050273932783,5,0,0,-1.0,loss,9
1h,5min,2026-03-02 09:45:00+00:00,short,66344.86,66734.108972,65542.6,66209.46,66547.81,0.5099867570750639,0.5867055443330519,2.0610459056009844,11,-0.07471812069124896,9,0,1,2.0610459056009844,win,47
1h,5min,2026-03-02 17:50:00+00:00,long,69182.05,68780.04359,70096.0,67220.81,68933.69,2.4759023475019957,0.581084847876005,2.273471211565987,2,3.358563959966764,17,0,0,-1.0,loss,2
1h,5min,2026-03-03 09:05:00+00:00,long,67156.54,66864.998692,68617.42,66157.28,66975.29,1.2180645399539567,0.4341219902037834,5.01088511271962,2,-1.2697145797137954,9,1,1,-1.0,loss,4
1h,5min,2026-03-04 12:35:00+00:00,long,70918.53,70573.816294,71893.0,69668.0,70724.26,1.489399173953542,0.48607001019337964,2.826896589948806,4,2.696264509525344,12,2,1,2.826896589948806,win,20
1h,5min,2026-03-04 22:10:00+00:00,short,73244.25,73537.95885,72878.0,73322.93,73516.0,0.26359748376153347,0.4009991910627735,1.2469831944117642,2,-2.8249363126471816,22,2,0,1.2469831944117642,win,6
1h,5min,2026-03-06 06:50:00+00:00,short,70595.84,70867.489168,70143.19,70658.01,71000.0,0.4844336436821281,0.3847948660997639,1.6663036494188277,2,1.0080952402119385,6,4,0,-1.0,loss,7
1h,5min,2026-03-07 22:10:00+00:00,short,67332.35,67496.51647,66915.26,67437.5,67480.0,0.06311973367927898,0.24381514977569693,2.540652789817677,14,1.0234604470093231,22,5,0,2.540652789817677,win,56
1h,5min,2026-03-08 12:00:00+00:00,long,67633.25,67398.23335,68200.0,67465.11,67474.0,0.013144422307074431,0.34748685003309027,2.411531268103719,11,0.0752253440761699,12,6,1,-1.0,loss,1
1h,5min,2026-03-09 03:20:00+00:00,short,67145.76,67682.069152,65821.97,67650.94,67680.99,0.04475338427922018,0.7987237794314961,2.4683337867036617,1,-0.25273730160474067,3,0,0,-1.0,loss,28
1h,5min,2026-03-09 07:25:00+00:00,long,67205.06,66840.038988,68069.29,66707.58,67093.09,0.573632402084002,0.543145132226647,2.3676171277504485,2,0.16510014496894596,7,0,1,2.3676171277504485,win,25
1h,5min,2026-03-09 17:50:00+00:00,long,68612.92,68256.617416,69480.0,68348.26,68696.28,0.5072222549339164,0.5192937190255197,2.433549569766776,16,1.079514511025835,17,0,0,-1.0,loss,3
1h,5min,2026-03-10 11:20:00+00:00,long,70731.36,70549.183728,71300.0,70546.74,70653.24,0.15056970486641286,0.25756082167796146,3.1213724694070417,4,1.806484804322206,11,1,0,-1.0,loss,4
1h,5min,2026-03-10 12:45:00+00:00,long,70503.52,70276.77929600001,71300.0,70185.24,70369.0,0.26063946878112576,0.321601962568672,3.5127349697212256,7,1.3218112681988008,12,1,1,-1.0,loss,9
1h,5min,2026-03-10 21:10:00+00:00,short,70097.6,70431.31952,69739.0,70290.0,70512.64,0.3176142977790957,0.4760783821414695,1.0745550634856695,8,-0.052114051730900716,21,1,0,1.0745550634856695,win,6
1h,5min,2026-03-11 00:00:00+00:00,short,69766.74,69995.753348,69452.42,69869.9,70007.52,0.19725731774196398,0.32825576771968007,1.3724964188550983,6,0.3368362246796562,0,2,0,-1.0,loss,1
1h,5min,2026-03-11 15:50:00+00:00,long,70242.34,69688.201532,71091.18,69777.66,69906.77,0.18380651897416939,0.7888952275792495,1.5318192997206102,4,0.5057536106471858,15,2,0,1.5318192997206102,win,18
1h,5min,2026-03-12 09:30:00+00:00,long,69781.08,69566.043784,70116.37,69561.84,69698.33,0.19559743128080737,0.3081583374748681,1.5592257259585593,4,-0.1852103673902446,9,3,1,1.5592257259585593,win,2
1h,5min,2026-03-13 03:50:00+00:00,long,71471.72,70950.135656,72000.0,70734.25,71283.99,0.7691713589654835,0.7297772377662137,1.0128371491150359,15,1.3813213978210777,3,4,0,1.0128371491150359,win,57
1h,5min,2026-03-13 17:20:00+00:00,short,71880.01,72264.36600200001,71154.54,72100.0,72350.0,0.34780184365583705,0.5347189044631672,1.8874949167568167,2,-0.35147553734327286,17,4,0,1.8874949167568167,win,4
1h,5min,2026-03-14 06:45:00+00:00,long,70636.41,70302.872718,71307.92,70305.26,70386.01,0.11431781428303052,0.4721888923856758,2.0132981715668747,1,-0.7909495448006469,6,5,0,2.0132981715668747,win,231
1h,5min,2026-03-15 01:15:00+00:00,long,70988.15,70878.94237,71253.17,70805.15,70967.59,0.22882692393026488,0.1538392393659926,2.426753515299514,1,0.17894038604865506,1,6,0,-1.0,loss,3
1h,5min,2026-03-15 11:40:00+00:00,long,71754.99,71645.35900200001,71940.49,71658.44,71713.9,0.07729079190170865,0.15278519027038157,1.6920396911830666,7,0.6624635158564091,11,6,0,-1.0,loss,12
1h,5min,2026-03-16 01:20:00+00:00,long,72608.57,72255.888286,73199.0,72222.0,72420.44,0.2733010717605405,0.48573014728152025,1.6741157155655182,4,1.2109547318993301,1,0,0,1.6741157155655182,win,26
1h,5min,2026-03-16 08:00:00+00:00,long,73676.64,73370.444672,74451.03,72852.28,73573.31,0.9786412626851589,0.41559350154947566,2.5290719001434123,5,1.6289809273530547,8,0,1,-1.0,loss,5
1h,5min,2026-03-18 02:50:00+00:00,short,74357.24,74490.871448,73535.36,74398.74,74450.01,0.06895091856554858,0.1797154493631018,6.150348681397242,4,-0.22211654979957504,2,2,0,-1.0,loss,6
1h,5min,2026-03-18 17:05:00+00:00,short,71261.75,71580.03235,70857.21,71531.54,71980.0,0.6293137622918415,0.44663841401592586,1.2710098439326,13,2.8365752650248512,17,2,0,-1.0,loss,6
1h,5min,2026-03-19 22:50:00+00:00,long,70166.51,69940.016698,70695.6,69931.1,70201.0,0.3846564408005959,0.3227940252407994,2.3360072696544423,4,-0.40258090593748574,22,3,0,-1.0,loss,9
1h,5min,2026-03-22 03:45:00+00:00,short,69327.21,69602.65544199999,68228.5,69155.86,70265.55,1.600655788686725,0.3973121693487766,3.988847998436214,16,1.090207520481871,3,6,0,3.988847998436214,win,97
1h,5min,2026-03-22 16:05:00+00:00,short,68776.01,69019.465202,68110.55,68990.67,69059.87,0.100616479496262,0.3539827361314097,2.7333981551150393,10,0.7234190642684302,16,6,0,2.7333981551150393,win,57
1h,5min,2026-03-24 13:30:00+00:00,long,70731.83,70554.03363399999,71368.61,70572.83,70850.11,0.3920158717793656,0.25136684007752885,3.5815130214751663,5,0.23557411462340705,13,1,1,-1.0,loss,1
1h,5min,2026-03-24 17:55:00+00:00,long,69238.43,68909.22231400001,71327.26,68714.28,69671.95,1.3831480580943247,0.47546959975837083,6.34502196889817,38,-1.5423194504656168,17,1,0,6.34502196889817,win,135
1h,5min,2026-03-24 18:45:00+00:00,short,69459.56,69760.291912,68923.07,69512.73,69770.85,0.3716119134644819,0.4329597135369169,1.7839476909254162,3,1.1358859342492413,18,1,0,-1.0,loss,19
1h,5min,2026-03-24 22:25:00+00:00,short,70238.88,70600.90777600001,69201.5,70462.91,70860.18,0.5655984263985837,0.5154236172330803,2.8654707422228207,4,-0.11106861964417321,22,1,0,-1.0,loss,11
1h,5min,2026-03-25 07:10:00+00:00,long,71142.98,70944.501404,71345.0,70977.49,70984.67,0.010092352049342064,0.2789854965310714,1.017842750157318,2,0.8948233994483152,7,2,1,-1.0,loss,7
1h,5min,2026-03-26 06:15:00+00:00,long,70134.18,69841.70316399999,71289.49,69700.0,69901.39,0.28714957528554474,0.4170246747021234,3.950090597943988,3,-1.1499740440273922,6,3,0,-1.0,loss,15
1h,5min,2026-03-26 17:35:00+00:00,short,69011.12,69175.802224,68632.4,69142.94,69259.25,0.16853805589591603,0.23863143215180943,2.2997017577318637,1,1.4623989852977086,17,3,0,2.2997017577318637,win,4
1h,5min,2026-03-26 23:00:00+00:00,long,68958.18,68589.44836400001,69478.42,68681.54,68879.05,0.28641997222085813,0.5347177608225482,1.4108906022916632,11,-0.8886178039670228,23,3,0,-1.0,loss,19
1h,5min,2026-03-27 05:20:00+00:00,short,68685.52,68879.617104,68304.14,68791.4,68862.0,0.10278731237676561,0.28258809717099087,1.9648927889207655,2,0.820756804958331,5,4,0,-1.0,loss,22
1h,5min,2026-03-28 14:50:00+00:00,short,66709.24,67177.331848,66124.4,66848.05,67548.67,1.0502593044081978,0.7016896729748328,1.2494129143646517,14,-0.1840527822762052,14,5,1,-1.0,loss,6
1h,5min,2026-03-28 22:25:00+00:00,long,66778.8,66574.86424,67010.0,66527.01,66666.66,0.20912325468563187,0.3053899740636363,1.1336903346425782,7,0.07788959377241576,22,5,0,-1.0,loss,8
1h,5min,2026-03-29 01:30:00+00:00,short,66493.46,66633.298692,66281.4,66500.0,66588.22,0.13267470214364113,0.21030442993941095,1.5164615527155174,6,0.2719899250148088,1,6,0,-1.0,loss,8
1h,5min,2026-03-29 05:50:00+00:00,long,66788.5,66583.74230000001,67130.5,66620.0,66760.48,0.21033561166966755,0.3065762818449095,1.6702668568753267,13,0.1328139324077091,5,6,0,-1.0,loss,14
1h,5min,2026-03-30 22:05:00+00:00,short,66739.33,67007.517866,66233.13,66929.18,67222.0,0.4387517824946804,0.40184380933999925,1.887482858751001,9,0.47787175255662145,22,0,0,-1.0,loss,32
1h,5min,2026-03-31 05:20:00+00:00,long,67624.06,67386.475188,68408.37,67303.33,67775.18,0.6977546157388232,0.35133177747683436,3.3011790332792588,21,0.5798626471026651,5,1,0,-1.0,loss,13
1h,5min,2026-03-31 15:05:00+00:00,long,66935.6,66414.14288,67767.87,66471.08,66520.71,0.0741458954577305,0.7790430204554921,1.59604686191643,3,-0.20447961669721737,15,1,0,1.59604686191643,win,19
1h,5min,2026-04-01 21:40:00+00:00,short,68343.3,68547.66866,67939.28,68330.31,68610.0,0.40924274947215356,0.2990324728246848,1.9769175958780485,7,-0.11661797461647286,21,2,0,-1.0,loss,37
1h,5min,2026-04-02 17:30:00+00:00,short,67028.64,67444.395728,65712.12,67359.27,68050.0,1.0304997982951705,0.6202657968295399,3.166570924550178,3,0.006862939848659664,17,3,0,0.348546009689618,timeout,288
1h,5min,2026-04-02 18:45:00+00:00,long,66860.65,66583.42787,67430.99,66285.81,66646.36,0.5392559001445587,0.4146267348582383,2.057339361760268,8,-0.21850324515036604,18,3,0,-1.0,loss,82
1h,5min,2026-04-04 12:50:00+00:00,long,67115.83,67047.136834,67232.72,66994.52,67083.43,0.13247247333451578,0.1023501698481525,1.701624874882081,2,0.26005228191164487,12,5,1,1.701624874882081,win,9
1h,5min,2026-04-04 17:10:00+00:00,long,67375.36,67278.524928,67562.93,67223.51,67331.06,0.15962808955677996,0.1437247563500984,1.9370048075142567,2,0.49260892739173445,17,5,0,-1.0,loss,19
1h,5min,2026-04-05 10:05:00+00:00,short,67000.83,67062.040166,66611.66,66940.0,67073.56,0.19934081413617963,0.09135732497642848,6.3579308051536785,14,0.11071654176119336,10,6,0,-1.0,loss,6
1h,5min,2026-04-05 14:10:00+00:00,short,66872.11,66977.174422,66680.57,66918.03,66973.67,0.08320359563949667,0.15711246736493859,1.8230719434215439,2,0.23379332994600738,14,6,1,-1.0,loss,13
1h,5min,2026-04-06 02:10:00+00:00,long,69112.58,68762.787484,69588.0,68374.75,69034.18,0.9541388847008648,0.5061198930788017,1.3591485759517978,14,2.1237518556390262,2,0,0,1.3591485759517978,win,84
1h,5min,2026-04-06 11:30:00+00:00,long,69697.9,69557.69042,70283.32,69347.85,69708.13,0.516916578548276,0.20116758180661856,4.17532097307497,6,1.6200909307900186,11,0,0,-1.0,loss,7
1h,5min,2026-04-07 00:55:00+00:00,short,68775.7,69141.95513999999,68300.0,68912.97,69423.09,0.7417154605478321,0.5325356775721568,1.298821362616249,11,0.5496067427306361,0,1,0,1.298821362616249,win,14
1h,5min,2026-04-07 11:35:00+00:00,long,68448.06,68058.270388,69247.9,67682.42,68266.13,0.852778004226864,0.5694677277924214,2.0519787479611193,9,-0.641462891591262,11,1,0,-1.0,loss,30
1h,5min,2026-04-07 12:30:00+00:00,short,68358.0,68483.2816,68071.96,68455.96,68930.04,0.6935252640510067,0.18327276982943047,2.283176460070664,5,0.7162501398599748,12,1,1,-1.0,loss,5
1h,5min,2026-04-08 15:00:00+00:00,long,70998.09,70693.030382,72857.0,70216.68,71194.9,1.3778117129629843,0.42967299261149045,6.093595777072033,6,0.06476744542571694,15,2,0,-1.0,loss,117
1h,5min,2026-04-08 20:40:00+00:00,short,71303.81,71495.960762,71019.0,71372.22,71490.55,0.16595186147837226,0.26948175981059747,1.4822215485150698,8,-0.24872383197069436,20,2,0,-1.0,loss,6
1h,5min,2026-04-09 09:00:00+00:00,short,71128.4,71394.22568,70689.38,71204.0,71330.86,0.1783535128022008,0.3737265002446407,1.651533441012827,4,-0.09887530610549404,9,3,1,-1.0,loss,3
1h,5min,2026-04-10 00:30:00+00:00,long,71884.06,71558.973188,73145.0,71250.39,71729.66,0.6667263924714382,0.4522376894126377,3.878779308955865,15,0.34524227561369264,0,4,0,-1.0,loss,88
1h,5min,2026-04-10 10:20:00+00:00,short,71738.43,71887.347686,71426.15,71837.59,72010.4,0.24088901861944526,0.20758425574688588,2.09699739760929,13,0.046926799705378996,10,4,0,-1.0,loss,6
1h,5min,2026-04-11 20:45:00+00:00,long,73412.56,73211.597488,73790.0,73169.04,73472.38,0.4131990493180065,0.27374404597796104,1.8781612363603697,6,0.6848358492428948,20,5,0,-1.0,loss,3
1h,5min,2026-04-11 23:15:00+00:00,long,73123.64,72892.775272,73790.0,72896.03,72942.06,0.06294817927553777,0.31571832036807856,2.886365560355323,1,0.1795109200912289,23,5,0,-1.0,loss,9
1h,5min,2026-04-12 19:35:00+00:00,short,71118.12,71236.80362400001,70604.07,71146.03,71412.57,0.3747849352598299,0.1668823979036736,4.331263089842421,21,0.7432294081823816,19,6,0,-1.0,loss,13
1h,5min,2026-04-13 15:05:00+00:00,short,71986.11,72478.677222,70709.63,71982.46,72873.25,1.2374470574948329,0.6842531455026503,2.5914838482695495,5,-1.1464158739874142,15,0,0,-1.0,loss,29
1h,5min,2026-04-14 00:40:00+00:00,long,74422.87,74150.335426,74900.0,73368.08,74405.64,1.3941413439175319,0.3661973449827859,1.750713654407832,7,2.815143668061853,0,1,0,-1.0,loss,2
1h,5min,2026-04-14 15:30:00+00:00,long,75090.5,74549.3219,76038.0,74485.06,75013.61,0.7038839799974735,0.7207011539409175,1.7508099459309088,6,1.5058036059969353,15,1,0,-1.0,loss,17
1h,5min,2026-04-15 04:30:00+00:00,short,74297.33,74449.36946599999,74126.32,74372.84,74500.0,0.17115016111615786,0.2046365138558646,1.1247737478899649,6,-0.06934563080226203,4,2,0,1.1247737478899649,win,10
1h,5min,2026-04-15 09:00:00+00:00,short,74047.37,74196.70947399999,73514.0,74048.95,74261.47,0.28700546690585244,0.2016809969077809,3.5715272440293995,6,0.14848808863451257,9,2,1,-1.0,loss,21
1h,5min,2026-04-16 00:30:00+00:00,long,74849.99,74436.520002,75425.0,74399.75,74512.06,0.15004678023336765,0.5523982007212032,1.3906934064899048,2,0.636742998029307,0,3,0,-1.0,loss,115
1h,5min,2026-04-16 11:30:00+00:00,long,74436.76,74262.45264799999,75082.86,74242.0,74355.46,0.15242468909179607,0.23416837594758752,3.706670961302843,15,-0.22211308017249495,11,3,0,-1.0,loss,28
1h,5min,2026-04-17 01:55:00+00:00,long,74750.0,74555.04000000001,75177.76,74438.31,74717.97,0.374127090301008,0.2608160535116948,2.1940910956094206,7,0.042465701457218154,1,4,0,-1.0,loss,7
1h,5min,2026-04-17 03:45:00+00:00,short,74759.05,74854.26181,74529.4,74802.98,74886.82,0.11214695745867698,0.12735823957098627,2.41199069737278,2,-0.05883986467064979,3,4,0,-1.0,loss,10
1h,5min,2026-04-17 11:50:00+00:00,long,75567.99,75080.816402,76370.25,75089.51,75518.78,0.5680579832810215,0.6446824879158602,1.646764117130955,17,0.8134896388993406,11,4,0,1.646764117130955,win,14
1h,5min,2026-04-17 20:20:00+00:00,short,77438.8,77627.16776,77000.0,77565.63,77705.2,0.18023264823317564,0.24324726106292158,2.3294856826880435,3,-1.6643145495236316,20,4,0,2.3294856826880435,win,35
1h,5min,2026-04-17 21:10:00+00:00,long,77381.04,76984.523792,78333.0,76265.82,77015.39,0.9686739800860683,0.5124203655055378,2.4008098049803785,25,1.490074898286374,21,4,0,-1.0,loss,25
1h,5min,2026-04-18 12:00:00+00:00,long,76225.88,75748.514824,77136.01,75609.77,76061.57,0.5927120815135265,0.626250790413973,1.9065697410654385,12,-0.5747632384168864,12,5,1,-1.0,loss,51
1h,5min,2026-04-18 12:35:00+00:00,short,76060.96,76315.212192,75763.76,76189.56,76409.37,0.2889918823007199,0.3342742347716883,1.1689181425032187,7,0.7620789231096431,12,5,1,-1.0,loss,29
1h,5min,2026-04-19 07:40:00+00:00,long,75181.27,74852.683746,75782.63,74950.0,74993.24,0.05751432504399731,0.43705866368047375,1.8301435092899054,4,-0.8858837791016052,7,6,1,1.8301435092899054,win,67
1h,5min,2026-04-19 07:40:00+00:00,long,75181.27,74852.683746,75782.63,74801.13,74930.0,0.17141237438526288,0.43705866368047375,1.8301435092899054,4,-0.8858837791016052,7,6,1,1.8301435092899054,win,67
1h,5min,2026-04-20 00:35:00+00:00,short,74155.88,74294.831176,73762.9,74054.22,74368.6,0.4239448038375442,0.1873771520208543,2.828187650603288,7,1.3076328696266502,0,0,0,-1.0,loss,3
1h,5min,2026-04-20 05:50:00+00:00,long,74297.2,74080.32056,74746.93,74054.22,74214.67,0.2159569943416402,0.2919079588463687,2.073640544258078,6,-0.7832641491834084,5,0,0,2.073640544258078,win,10
1h,5min,2026-04-20 07:45:00+00:00,short,74856.62,75586.971324,74095.18,75382.87,75401.44,0.024807425181643233,0.9756669804220429,1.042566741482349,5,-0.002254638739198588,7,0,1,-1.0,loss,55
1h,5min,2026-04-20 09:05:00+00:00,long,74949.99,74604.420002,75572.0,74567.63,74670.86,0.1377318395906336,0.4610674371004002,1.7999537101018341,13,0.1352405374737814,9,0,1,1.7999537101018341,win,39
1h,5min,2026-04-21 09:00:00+00:00,short,76400.95,76942.85019000001,75689.91,76738.63,76890.0,0.1981258086450435,0.7092846227697626,1.3121235480651412,3,-0.8843117725384226,9,1,1,1.3121235480651412,win,71
1h,5min,2026-04-21 19:10:00+00:00,short,75607.58,75810.911516,75052.64,75668.24,75760.0,0.12136349291961832,0.26893006759374005,2.729237507873726,2,0.326210062632736,19,1,0,-1.0,loss,2
1h,5min,2026-04-22 01:55:00+00:00,long,76297.99,76117.690402,76500.0,75650.04,76220.4,0.7475426285803866,0.23630976124012223,1.1204129251579416,8,0.5769913552216084,1,2,0,1.1204129251579416,win,3
1h,5min,2026-04-22 07:40:00+00:00,long,78062.69,77809.387462,78452.18,77700.0,77900.0,0.2562043403833509,0.3244860483285979,1.537647443548257,4,1.9287189673426846,7,2,1,1.537647443548257,win,54
1h,5min,2026-04-23 05:20:00+00:00,short,77938.01,78065.847602,77453.43,78025.99,78057.5,0.04042956703666768,0.16402471913255112,3.7905905024720603,4,0.1547012696676072,5,3,0,-1.0,loss,6
1h,5min,2026-04-23 13:10:00+00:00,short,77661.49,77919.902298,77174.01,77860.8,77981.88,0.15590738730354226,0.3327418750271153,1.886442726499103,13,0.3296178811976341,13,3,1,-1.0,loss,15
1h,5min,2026-04-24 06:25:00+00:00,short,77840.4,78073.21807999999,77457.0,77854.57,78067.17,0.27312295414719256,0.2990967158442111,1.646779322293177,7,0.15112711813567128,6,4,0,1.646779322293177,win,32
1h,5min,2026-04-25 21:30:00+00:00,short,77466.33,77545.493266,77193.79,77454.31,77638.0,0.23712237303613365,0.10219054652518482,3.442758412721339,7,0.10392384778311213,21,5,0,-1.0,loss,7
1h,5min,2026-04-26 04:05:00+00:00,long,77445.46,77311.02090799999,77650.0,77343.81,77415.2,0.0921810006680823,0.17359196007101652,1.5214324714419423,7,-0.11501855162606865,4,6,0,1.5214324714419423,win,8
1h,5min,2026-04-27 08:00:00+00:00,long,77702.91,77449.509418,79375.0,77541.96,77719.77,0.22883312864344163,0.32611466160019237,6.598603629094992,30,-0.69940639113098,8,0,1,-1.0,loss,84
1h,5min,2026-04-27 11:00:00+00:00,short,77800.01,77995.560002,77465.05,77871.9,78872.42,1.2860152588669385,0.25134958465944107,1.712912281125856,18,0.4457129615581262,11,0,0,-1.0,loss,43
1h,5min,2026-04-28 21:05:00+00:00,short,76414.18,76496.582836,75881.28,76421.94,76484.7,0.08213135310749231,0.10783710039158753,6.467010431533447,13,0.20194396139773466,21,1,0,-1.0,loss,45
1h,5min,2026-04-28 21:35:00+00:00,long,76367.09,76273.036582,76481.3,76280.91,76323.71,0.056045084341963154,0.1231596201976478,1.214309936083465,2,-0.25175409630909984,21,1,0,-1.0,loss,3
1h,5min,2026-04-29 20:10:00+00:00,short,75528.81,75731.645762,74937.52,75591.83,75803.55,0.2803168751103071,0.2685541609883731,2.915117108392289,2,1.2666988384389777,20,2,0,-1.0,loss,5
1h,5min,2026-05-01 05:15:00+00:00,short,77062.7,77469.15254000001,76290.85,77240.0,77485.81,0.3189740302377125,0.5274309620607803,1.8989917002363097,24,-0.7760025420416826,5,4,0,-1.0,loss,37
1h,5min,2026-05-01 10:55:00+00:00,long,77304.34,77131.019132,77500.0,77140.36,77200.15,0.07734365237448972,0.22420586994209543,1.1288888767855054,9,0.7222315515869138,10,4,0,1.1288888767855054,win,5
1h,5min,2026-05-01 21:05:00+00:00,long,77956.71,77736.408658,78623.37,77600.0,77896.0,0.37969791182824414,0.2825944578728452,3.0261277300796943,3,0.45307527124916636,21,4,0,2.5286727486207368,timeout,288
1h,5min,2026-05-03 08:50:00+00:00,short,78419.81,78521.603962,78084.08,78309.09,78490.61,0.231472124199235,0.12980643793959218,3.2981327517245944,24,-0.13385422880127285,8,6,1,-1.0,loss,7
1h,5min,2026-05-03 10:00:00+00:00,short,78477.3,78620.36546,78084.08,78542.33,78631.9,0.11413491544687755,0.18230171017606106,2.748532035615072,5,-0.18759021894534492,10,6,0,-1.0,loss,20
1h,5min,2026-05-04 06:45:00+00:00,long,79865.1,79484.02698,80635.51,78572.57,79540.05,1.2113927109588492,0.47714586221016525,2.021686027522933,4,0.9355347620617783,6,0,0,-1.0,loss,39
1h,5min,2026-05-05 10:50:00+00:00,short,80724.94,80848.014988,80527.76,80815.24,80826.0,0.013329213995073592,0.15246216101243681,1.6021126892169084,4,-0.5308401597901027,10,1,0,-1.0,loss,4
1h,5min,2026-05-05 22:50:00+00:00,long,81212.0,80801.4776,81791.48,80831.87,80932.54,0.12395951337240588,0.5054947544697849,1.4115673103343291,3,0.265717889637855,22,1,0,-1.0,loss,9
1h,5min,2026-05-06 12:45:00+00:00,long,82393.81,82167.73123800001,82850.0,82060.0,82261.6,0.2446785747618733,0.2743880420143092,2.0178365980260557,7,1.0917908403587817,12,2,1,-1.0,loss,2
1h,5min,2026-05-07 08:50:00+00:00,long,81279.88,81183.554024,81708.32,81172.27,81390.3,0.2682459668985717,0.11851146433780088,4.447813744445939,7,-0.06417935988824247,8,3,1,-1.0,loss,2
1h,5min,2026-05-07 11:45:00+00:00,short,80864.54,81057.32290799999,80572.4,80997.0,81194.74,0.24453239949179859,0.23840228114819398,1.5153833035862747,8,0.4747928522103203,11,3,0,-1.0,loss,5
1h,5min,2026-05-07 14:10:00+00:00,long,80666.64,80244.846672,81180.0,80183.33,80300.0,0.14463227921728022,0.5228844637634589,1.2170889530998008,5,-0.6361564083554766,14,3,1,-1.0,loss,4
1h,5min,2026-05-07 15:05:00+00:00,long,80268.7,80029.94626,81180.0,80067.22,80080.76,0.016868343451424527,0.29744313786071047,3.8169035592908513,6,-1.0510988051965802,15,3,0,-1.0,loss,2
1h,5min,2026-05-08 10:20:00+00:00,long,79886.29,79772.032742,80061.17,79727.0,79794.88,0.08497077533579875,0.14302486446672869,1.5305811032154124,3,-0.19357277266034062,10,4,0,1.5305811032154124,win,3
1h,5min,2026-05-09 03:50:00+00:00,long,80387.43,80291.682514,80550.67,80240.87,80327.75,0.10807659854283769,0.11910753459837307,1.7049011605382234,2,0.27472643619291476,3,5,0,1.7049011605382234,win,3
1h,5min,2026-05-09 16:35:00+00:00,short,80614.44,80793.122888,80234.0,80685.7,80846.87,0.19992696097621995,0.22165121782151648,2.1291350518131957,3,-0.3892719737750629,16,5,0,-1.0,loss,7
1h,5min,2026-05-11 01:15:00+00:00,long,81672.56,81263.665488,82479.32,80944.44,82044.49,1.3469028030956822,0.5006510289379921,1.973027214412727,14,0.6430320527538642,1,0,0,-1.0,loss,12
1h,5min,2026-05-11 05:35:00+00:00,short,80864.29,80997.97285800001,80525.0,80879.12,81117.64,0.2949633268282008,0.16531754375140706,2.5380217409771144,7,0.2911262726267143,5,0,0,-1.0,loss,10
1h,5min,2026-05-11 16:40:00+00:00,short,81579.64,81926.665928,80462.97,81744.85,82044.49,0.36729752668680493,0.42538300978038485,3.217828726618921,6,-0.6034873676134869,16,0,0,-1.0,loss,12
1h,5min,2026-05-12 01:20:00+00:00,long,81409.77,81242.538046,81969.99,81252.72,81344.72,0.11300854921958384,0.20542000548583123,3.3499578675017605,1,-0.02888039955627496,1,1,0,-1.0,loss,2
1h,5min,2026-05-12 21:05:00+00:00,long,80728.82,80626.704236,80896.25,80593.06,80679.11,0.10659142546615064,0.12649232826641332,1.639609727641952,6,-0.1655778571407731,21,1,0,-1.0,loss,5
1h,5min,2026-05-13 07:50:00+00:00,long,80966.32,80872.926736,81299.99,80768.95,80934.69,0.2047023997138628,0.11534828802891499,3.5727416058609087,6,0.05999262869256804,7,2,1,3.5727416058609087,win,14
1h,5min,2026-05-13 19:30:00+00:00,long,79516.92,79384.096616,79800.0,79222.22,79514.97,0.3681606380126394,0.16703788828843344,2.131251226064195,5,-0.9811871716327571,19,2,0,-1.0,loss,20
1h,5min,2026-05-14 00:20:00+00:00,short,79489.32,79605.887864,79228.0,79470.0,79622.7,0.1921012785113737,0.14664594438598405,2.2417842365200573,16,0.6665621619026548,0,3,0,-1.0,loss,3
1h,5min,2026-05-14 15:35:00+00:00,short,80866.64,81171.173328,79230.31,80843.87,81137.77,0.3634378774733422,0.37658709203202334,5.373237834907761,9,-1.2446193321776187,15,3,0,-1.0,loss,3
1h,5min,2026-05-15 00:05:00+00:00,long,81301.15,81043.66977,81590.19,81020.0,81080.25,0.07410719282568574,0.3166993701811119,1.1225716242369637,4,0.7888545176588425,0,4,0,1.1225716242369637,win,5
1h,5min,2026-05-15 02:40:00+00:00,long,81088.0,80733.7824,81664.45,80059.71,80816.08,0.932776736385156,0.43683109707972034,1.627389491657081,2,0.37653997639044284,2,4,0,-1.0,loss,27
1h,5min,2026-05-15 07:35:00+00:00,short,80796.76,81019.529352,80314.0,80882.45,80930.82,0.05986626196398209,0.2757156994909239,2.167084456034097,3,-0.012792446765827956,7,4,1,2.167084456034097,win,65
1h,5min,2026-05-15 18:15:00+00:00,short,79217.31,79577.783462,78659.0,79353.32,80340.83,1.246583606537504,0.455043805451118,1.5488241406242096,35,1.2558329112372697,18,4,0,1.5488241406242096,win,150
1h,5min,2026-05-16 11:45:00+00:00,short,78118.42,78209.50368400001,77640.0,78101.43,78334.21,0.29798349736209895,0.11659693578033453,5.252532385492173,7,1.1840390415354576,11,5,0,-1.0,loss,35
1h,5min,2026-05-17 13:25:00+00:00,long,78292.62,78157.491476,78599.99,78200.91,78249.03,0.061461731642133505,0.17259420364269296,2.2746492813020773,2,-0.011098616831474018,13,6,1,-1.0,loss,7
1h,5min,2026-05-17 14:50:00+00:00,long,78078.88,77834.384224,78599.99,77938.0,78003.35,0.08369740959399752,0.3131394507708239,2.131366064990742,7,-0.2580251741316061,14,6,1,-1.0,loss,96
1h,5min,2026-05-17 16:10:00+00:00,short,78062.83,78142.832566,77850.0,78119.42,78173.15,0.06882917260365264,0.10248483945559693,2.660289671208965,2,0.24888313103288345,16,6,0,-1.0,loss,3
1h,5min,2026-05-18 13:00:00+00:00,short,77521.38,77815.504276,76668.58,77477.99,77830.0,0.45408118379728885,0.37941052648959844,2.8994546509312826,12,-0.13306013039375217,13,0,1,2.8994546509312826,win,15
1h,5min,2026-05-18 20:35:00+00:00,short,77079.71,77197.555942,76144.24,76954.25,77275.96,0.4173731323068112,0.15288840863568365,7.938075627585053,10,-0.038288264986092696,20,0,0,-1.0,loss,20
1h,5min,2026-05-18 21:10:00+00:00,long,76917.76,76784.616448,77182.14,76706.38,76874.73,0.218870128303257,0.1730985821739922,1.9856763322644149,2,-0.1640166917104236,21,0,0,1.9856763322644149,win,13
1h,5min,2026-05-20 13:55:00+00:00,long,77204.61,76952.60907800001,77748.05,76836.82,77179.93,0.4444164668404983,0.3264065733898429,2.156500046456257,4,0.09239283971150615,13,2,1,-1.0,loss,3
1h,5min,2026-05-21 06:00:00+00:00,long,77846.34,77699.370732,78180.01,77559.34,77800.0,0.30914748207816,0.18879406276518682,2.2703385853428664,3,0.3467302478152604,6,3,0,-1.0,loss,8
1h,5min,2026-05-21 15:50:00+00:00,short,77168.01,77417.553602,76719.47,77372.0,77633.02,0.33824897130301024,0.323377008166992,1.7974413946304433,1,0.3913795667686637,15,3,0,-1.0,loss,16
1h,5min,2026-05-23 09:55:00+00:00,short,74656.91,74767.38138199999,74289.6,74746.67,75394.54,0.8677964303639077,0.14797207920872804,3.324933510834823,3,1.6827858177020008,9,5,1,-1.0,loss,7
1h,5min,2026-05-23 21:25:00+00:00,short,76752.13,77419.530426,75371.72,77290.0,77395.45,0.13739032389068173,0.8695529700608866,2.0683385059751496,6,-1.3345358066314215,21,5,0,-1.0,loss,156
1h,5min,2026-05-23 23:30:00+00:00,long,76728.49,76380.714302,77404.18,76012.22,76538.04,0.6852995543115633,0.45325497478187327,1.9428902131050114,12,1.1105774946269453,23,5,0,1.9428902131050114,win,131
1h,5min,2026-05-24 12:40:00+00:00,long,77127.09,77029.304582,77543.15,77046.67,77190.73,0.18678262073675758,0.1267847885872519,4.2548266245586825,6,0.7030402967687917,12,6,1,-1.0,loss,6
1h,5min,2026-05-24 23:25:00+00:00,short,76861.13,77032.402226,76108.0,76840.01,77044.73,0.266350494716902,0.2228333437200324,4.397268708354386,16,-0.2858448917744463,23,6,0,-1.0,loss,2
1h,5min,2026-05-25 06:30:00+00:00,long,77360.59,77206.747882,77650.0,77169.88,77324.0,0.19922288596815946,0.19886368239952734,1.8812143498960576,4,0.6005276708463049,6,0,0,-1.0,loss,9
1h,5min,2026-05-25 16:20:00+00:00,long,77585.68,77493.36286400001,77905.52,77450.0,77557.0,0.13791204768715054,0.11898733890066222,3.4645788838170732,2,0.46645618689845614,16,0,0,-1.0,loss,32
1h,5min,2026-05-26 05:45:00+00:00,short,76893.01,77004.608602,76475.59,76888.01,77072.36,0.2397487105785114,0.145134911482849,3.740369435810719,4,0.2742133592678639,5,1,0,-1.0,loss,11
1h,5min,2026-05-26 11:10:00+00:00,short,77267.73,77637.203546,76586.94,77500.0,77543.38,0.05614245429496202,0.47817315973952956,1.8425947063608668,6,-0.313308730421137,11,1,0,-1.0,loss,37
1h,5min,2026-05-26 11:10:00+00:00,short,77267.73,77637.203546,76586.94,77543.39,77550.39,0.009059409406747163,0.47817315973952956,1.8425947063608668,6,-0.313308730421137,11,1,0,-1.0,loss,37
1h,5min,2026-05-26 12:30:00+00:00,long,77043.36,76862.531328,77621.75,76804.0,77174.94,0.4814691363408895,0.23471026185774257,3.1985524950378936,5,0.005285190648484547,12,1,1,-1.0,loss,10
1h,5min,2026-05-26 19:35:00+00:00,long,75964.13,75764.107174,77092.12,75522.0,75780.9,0.34081875221896724,0.2633122053790392,5.639306385962113,8,-1.0960499162399826,19,1,0,-1.0,loss,31
1h,5min,2026-05-27 15:40:00+00:00,short,75202.01,75517.33040199999,74758.33,75274.11,75575.75,0.40110630021724075,0.41929783791682906,1.4070767295292121,4,0.9111158714854011,15,2,0,1.4070767295292121,win,27
1h,5min,2026-05-28 08:20:00+00:00,short,73310.01,73526.802002,72728.85,73260.01,74127.57,1.183412742680041,0.29571950951855275,2.680726201329068,13,1.575414986068772,8,3,1,-1.0,loss,17
1h,5min,2026-05-28 19:20:00+00:00,long,73512.82,73414.787436,73749.69,73440.67,73514.57,0.10052668364512302,0.1333543781887408,2.4162379349781706,4,-0.3629667643348109,19,3,0,-1.0,loss,6
1h,5min,2026-05-28 20:10:00+00:00,long,73443.82,73226.79123599999,73749.69,73180.01,73316.31,0.18558402871746443,0.2955030988312113,1.4093523566303472,1,-0.42631934781698944,20,3,0,1.4093523566303472,win,14
1h,5min,2026-05-29 19:30:00+00:00,long,73564.01,73172.537198,74514.1,73198.17,73565.73,0.49964649833525615,0.5321526137577184,2.4269629847747045,8,-0.08799077978864867,19,4,0,1.0941500860639954,timeout,288
1h,5min,2026-05-29 20:50:00+00:00,short,73663.01,73774.732602,73187.25,73727.95,73925.33,0.2679499520858633,0.15166716918031037,4.258404221555427,6,-0.041091498454335844,20,4,0,-1.0,loss,4
1h,5min,2026-05-30 05:25:00+00:00,short,73520.01,73642.704002,73216.0,73575.0,73613.85,0.052842756686248854,0.1668851813268304,2.4777902346031984,4,0.08696582337034459,5,5,0,-1.0,loss,13
1h,5min,2026-06-02 04:05:00+00:00,short,70794.45,71055.19889,70111.0,70880.63,71100.0,0.30986892334073557,0.36831826506174226,2.621104158870975,13,1.4334646460307208,4,1,0,2.621104158870975,win,32
1h,5min,2026-06-03 00:55:00+00:00,short,66938.01,67217.537602,66193.0,66868.62,67412.0,0.8117659906531502,0.41759174197141796,2.6652466327815083,11,2.510219409636175,0,2,0,2.6652466327815083,win,30
1h,5min,2026-06-03 07:10:00+00:00,long,67072.0,66858.5956,67516.0,66623.44,66962.95,0.506187380725183,0.3181721135496175,2.08055691447787,2,-1.2001860706403131,7,2,1,-1.0,loss,26
1h,5min,2026-06-04 05:05:00+00:00,short,63828.17,64777.085634,61383.56,64428.0,64778.15,0.5485822325785017,1.486672160583649,2.576214272806458,19,2.565358737752187,5,3,0,0.4483011816411905,timeout,288
1h,5min,2026-06-04 18:15:00+00:00,long,63388.01,62932.232398,64494.92,62833.82,63068.41,0.37008576227586854,0.7190280969539853,2.428618684074764,9,-1.219648871634829,18,3,0,-1.0,loss,97
1h,5min,2026-06-05 04:15:00+00:00,short,62698.01,62992.539602,62339.0,62888.0,63052.0,0.26157130026933867,0.46975909123749715,1.2189267141983509,2,1.585460277372746,4,4,0,-1.0,loss,2
1h,5min,2026-06-05 17:10:00+00:00,short,61061.06,61559.452212,59786.0,61227.98,61620.47,0.6427828144483538,0.816219390885122,2.5583465577909164,10,2.2907350735551817,17,4,0,2.5583465577909164,win,18
1h,5min,2026-06-07 21:25:00+00:00,short,61781.85,62030.06637,61184.0,61962.47,62022.0,0.09635515932267946,0.4017626050369193,2.408584091371548,3,0.012596204486952856,21,6,0,-1.0,loss,9
1h,5min,2026-06-08 05:50:00+00:00,long,62735.01,62395.452998,64234.68,62017.71,62803.42,1.2524266753125552,0.5412559940613724,4.416548594689242,53,0.5611239588766738,5,0,0,1.8229045384256084,timeout,288
1h,5min,2026-06-09 03:20:00+00:00,short,62793.99,62992.498798,62423.07,62879.1,62978.66,0.15855020520276694,0.3161270656634537,1.8685317917243822,4,0.5048993137598409,3,1,0,-1.0,loss,14
1h,5min,2026-06-09 17:45:00+00:00,short,61630.0,61901.326,60780.0,61706.86,62140.0,0.702807074476715,0.44024987830602136,3.132762801943039,6,1.4794353094593042,17,1,0,-1.0,loss,6
1h,5min,2026-06-09 23:50:00+00:00,long,61702.21,61543.659558,62272.0,61484.67,61602.0,0.19015526348246156,0.25696071826276523,3.593745894445389,3,-0.9177745225948941,23,1,0,-1.0,loss,9
1h,5min,2026-06-11 07:35:00+00:00,short,62644.12,63010.058824,61944.19,62944.43,63012.0,0.10786327591480206,0.584155103463816,1.9126967517390443,15,-0.9044581754193753,7,3,1,-1.0,loss,14
1h,5min,2026-06-11 20:50:00+00:00,long,63400.0,63257.32,63933.02,62842.0,63324.35,0.7608044164037833,0.22504731861198785,3.735772357723547,3,1.0174268656096286,20,3,0,-1.0,loss,113
1h,5min,2026-06-12 17:35:00+00:00,long,63841.67,63497.391666,64394.44,63532.59,63551.9,0.030246702506380157,0.5392689978191283,1.6055904348602197,19,0.5981669889650203,17,4,0,-1.0,loss,38
1h,5min,2026-06-13 16:55:00+00:00,long,64029.17,63907.244166000004,64350.0,63908.48,63921.33,0.020068977936147765,0.19042232469981138,2.6313537457534797,1,0.3350921258808146,16,5,0,2.6313537457534797,win,57
1h,5min,2026-06-13 23:55:00+00:00,long,64458.01,64369.528397999995,64762.77,64296.6,64383.61,0.1349871024563154,0.13727014222128037,3.444331851043681,2,0.6637447774231506,23,5,0,-1.0,loss,58
1h,5min,2026-06-15 23:40:00+00:00,long,66269.52,66063.306096,66920.0,65973.15,66106.0,0.2004692353287089,0.31117458523919267,3.1543944776875175,15,0.261196613435431,23,0,0,-1.0,loss,30
1h,5min,2026-06-16 09:15:00+00:00,short,66620.69,67005.324138,65806.02,66933.86,67088.83,0.23261542322662998,0.5773493759971474,2.118038726973348,5,-0.6467871687975859,9,1,1,2.118038726973348,win,60
1h,5min,2026-06-17 10:30:00+00:00,long,64948.43,64796.990314,66048.19,64092.4,64946.12,1.3144582555729232,0.23316912510432955,7.2620330182143755,22,-1.1864012789412666,10,2,0,-1.0,loss,5
1h,5min,2026-06-17 13:20:00+00:00,short,64901.26,65120.980252,64565.0,65076.76,65251.0,0.2684693640770579,0.33854543347848587,1.5304005750002658,7,0.9750007605611041,13,2,1,-1.0,loss,3
1h,5min,2026-06-17 17:35:00+00:00,short,65940.03,66459.11800599999,64590.53,66265.8,66368.0,0.15498931377495143,0.7872122684809074,2.5997518424650785,14,-0.5993137833174461,17,2,0,2.5997518424650785,win,21
1h,5min,2026-06-17 20:20:00+00:00,long,64360.0,63985.477999999996,66445.93,63861.86,64007.24,0.22588564325667712,0.5819173399627167,5.569579357153834,6,-1.6799991898690465,20,2,0,-1.0,loss,20
1h,5min,2026-06-17 23:30:00+00:00,short,64457.84,64542.091567999996,63915.77,64488.96,64800.0,0.4825479724421434,0.1307080224841535,6.433945537963184,2,1.1230425454419912,23,2,0,-1.0,loss,6
1h,5min,2026-06-18 09:10:00+00:00,long,64390.31,64296.281938,64646.75,64134.33,64378.25,0.37881476265605535,0.1460282797209667,2.7272709289702144,2,-0.48702497469506195,9,3,1,-1.0,loss,3
1h,5min,2026-06-18 18:35:00+00:00,short,62720.0,62972.294,62272.07,62814.0,63587.3,1.2329400510204127,0.402254464285717,1.7754286665556742,4,2.0765235155633435,18,3,0,-1.0,loss,13
1h,5min,2026-06-19 17:15:00+00:00,long,63083.17,62868.223366,63419.27,62872.99,63010.0,0.21718946590667848,0.34073530864095747,1.5636439321957407,5,0.07564423613313917,17,4,0,-1.0,loss,2
1h,5min,2026-06-20 01:25:00+00:00,long,63511.19,63391.297762,63777.0,63369.48,63470.0,0.15827132195129204,0.1887734082765578,2.2170743030086473,4,0.5781499821089874,1,5,0,-1.0,loss,14
1h,5min,2026-06-20 19:00:00+00:00,long,63862.01,63717.437598,64388.0,63655.1,63836.0,0.2832670002087336,0.2263824799751922,3.638246253942567,17,0.4222335190227978,19,5,0,3.638246253942567,win,100
1h,5min,2026-06-22 00:50:00+00:00,short,63803.12,64106.760624,63270.0,63969.59,64168.73,0.312116398069572,0.4759024699732547,1.7557597958302287,3,0.2785685293284184,0,0,0,-1.0,loss,5
1h,5min,2026-06-22 16:50:00+00:00,long,64752.52,64506.049496,65622.83,64272.0,64579.08,0.4742363694880165,0.3806346131393762,3.5310918989317073,2,0.513240883023789,16,0,0,-1.0,loss,8
1h,5min,2026-06-23 00:30:00+00:00,long,64009.99,63791.788001999994,64659.43,63801.6,63850.8,0.07686300216576251,0.3408874114806206,2.976324717246586,23,-0.5358081622011565,0,1,0,-1.0,loss,52
1h,5min,2026-06-23 10:20:00+00:00,short,62380.32,62598.476064,61938.0,62528.13,62872.0,0.5512475729524995,0.3497193730330375,2.027539330742576,4,2.1560744067427513,10,1,0,-1.0,loss,14
1h,5min,2026-06-24 01:40:00+00:00,short,62943.99,63132.038797999994,62480.39,63095.0,63342.34,0.3929525281126864,0.2987557636559045,2.465317539546347,2,-0.0844980803687211,1,2,0,2.465317539546347,win,19
1h,5min,2026-06-24 21:00:00+00:00,short,60761.04,61220.632208,59102.7,61150.13,61255.74,0.17381203481704818,0.7563929254667165,3.608285717498494,3,1.405529545531428,21,2,0,-1.0,loss,12
1h,5min,2026-06-25 06:20:00+00:00,short,61668.1,61819.37362,60684.94,61456.0,62585.2,1.831092574605018,0.24530287133866607,6.499216452941343,16,-0.5790395354873263,6,3,0,-1.0,loss,7
1h,5min,2026-06-25 11:10:00+00:00,long,61358.01,61053.728398,61962.4,60910.63,61280.0,0.6019914922273434,0.495911783970834,1.9862850597191017,3,-0.12171579188300038,11,3,0,-1.0,loss,28
1h,5min,2026-06-26 05:55:00+00:00,long,59953.3,59724.00934,60238.77,59456.0,59836.17,0.6341102157846161,0.38244877262803884,1.245013643381664,7,-0.15008852143655319,5,4,0,-1.0,loss,1
1h,5min,2026-06-26 08:00:00+00:00,short,60374.0,60772.0648,58728.18,60485.51,61080.0,0.9846788352602079,0.6593315003147052,4.134552967255581,10,-0.47487727350040254,8,4,1,4.134552967255581,win,63
1h,5min,2026-06-26 09:10:00+00:00,long,60175.68,60068.144864,60759.99,60047.68,60283.08,0.39118793505948163,0.17870198724800218,5.433665885725064,13,0.12722069339444558,9,4,1,-1.0,loss,4
1h,5min,2026-06-27 18:30:00+00:00,long,60528.91,60401.044218,60941.17,60430.01,60510.0,0.13215172716640355,0.2112474551416848,3.2241620357821166,18,0.2862832538303199,18,5,0,-1.0,loss,10
1h,5min,2026-06-28 07:25:00+00:00,short,60108.42,60198.021684,59753.48,60140.0,60150.45,0.01738525151717029,0.14906677633516424,3.961309477174454,5,0.18010648065070334,7,6,1,-1.0,loss,2
1h,5min,2026-06-28 10:45:00+00:00,long,60150.56,60055.969888,60545.01,60030.0,60140.14,0.18310718969199857,0.15725557999792195,4.170097610202772,4,-0.12699066627753952,10,6,0,-1.0,loss,27
1h,5min,2026-06-29 19:15:00+00:00,long,60281.99,60141.293602,60683.84,60030.0,60193.87,0.27183906835192834,0.23339706934027898,2.856149878122668,3,0.565529491665735,19,0,0,-1.0,loss,61
1h,5min,2026-07-02 16:10:00+00:00,long,61698.0,61382.1504,62200.0,61388.0,61506.0,0.1912541735550585,0.5119284255567463,1.5893640517512064,19,1.644386870990546,16,3,0,-1.0,loss,3
1h,5min,2026-07-02 22:25:00+00:00,short,61522.35,61665.73447,61342.0,61596.0,61664.39,0.11116285382466602,0.23306078197598842,1.257807069342955,17,-0.7618075703697782,22,3,0,1.257807069342955,win,24
1h,5min,2026-07-03 09:40:00+00:00,long,61657.94,61497.678412,61896.99,61524.01,61612.0,0.1427066814103714,0.2599204384707001,1.491623806947388,10,0.44578802730258865,9,4,1,1.491623806947388,win,12
1h,5min,2026-07-04 02:50:00+00:00,long,62561.98,62391.737604,62979.86,62317.64,62518.72,0.3214092648602262,0.272117979641951,2.454617708740388,21,0.6728953160494506,2,5,0,-1.0,loss,42
1h,5min,2026-07-06 05:50:00+00:00,long,63158.0,62937.3684,63920.0,62836.01,63005.04,0.267630387282686,0.3493327844453602,3.4537210444922573,5,0.09388368794482062,5,0,0,-1.0,loss,14
1h,5min,2026-07-07 00:15:00+00:00,long,64098.36,63984.680328,64700.0,63892.65,64151.01,0.4030680348139961,0.17735191976830356,5.292414988671044,11,1.1443376248235952,0,1,0,-1.0,loss,9
1h,5min,2026-07-07 05:30:00+00:00,long,63125.02,62787.374996,64340.76,62411.41,63386.01,1.5439203029163375,0.5348830051855796,3.600645605880228,32,-0.44543324559856884,5,1,0,-1.0,loss,109
1h,5min,2026-07-07 09:20:00+00:00,short,63182.01,63458.33640199999,62800.0,63414.0,63767.04,0.5587666489242759,0.4373498120746578,1.3824592845095338,28,0.25552670687417267,9,1,1,-1.0,loss,8
1h,5min,2026-07-08 12:20:00+00:00,short,62259.18,62463.531836,61743.83,62190.01,62550.0,0.5782119199128514,0.3282276380768292,2.5218760451948885,18,1.0355849718769747,12,2,1,2.5218760451948885,win,17
1h,5min,2026-07-08 21:20:00+00:00,long,62074.52,61943.585096,62394.32,61922.0,62032.0,0.177206364221584,0.2109318026140102,2.4424350591803763,2,-0.6200886326921262,21,2,0,2.4424350591803763,win,45
1h,5min,2026-07-09 09:55:00+00:00,long,62953.4,62774.22932,63283.26,62624.61,62788.06,0.2596364930249948,0.2846084246442653,1.8410378305200117,3,0.7508369878881026,9,3,1,-1.0,loss,11
1h,5min,2026-07-10 20:30:00+00:00,long,63829.52,63643.234096,64220.0,63255.49,63692.76,0.6850592014478631,0.2918491381417198,2.0961328346132415,2,-0.009615506238358256,20,4,0,2.0961328346132415,win,38
1h,5min,2026-07-12 16:00:00+00:00,short,64140.75,64302.93815,63826.01,64246.0,64338.09,0.143574872448477,0.25286288358025405,1.940585671641205,14,-0.14153368725676982,16,6,0,1.940585671641205,win,72
1h,5min,2026-07-13 09:15:00+00:00,short,63115.63,63315.503125999996,62500.76,62911.94,63237.26,0.5154349247563554,0.3166777009118005,3.0763015133910483,23,0.6605785678867341,9,0,1,3.0763015133910483,win,48
1h,5min,2026-07-13 10:15:00+00:00,long,63122.41,63055.485518,63302.88,63070.01,63086.12,0.025521839232691818,0.1060233314919411,2.696621544265192,2,-0.5966593983647033,10,0,0,-1.0,loss,5
1h,5min,2026-07-14 00:40:00+00:00,short,62309.35,62496.46187,61882.88,62370.0,62559.58,0.3042561028160328,0.30029501190431396,2.279224722621818,6,0.5711529925087641,0,1,0,-1.0,loss,3
1h,5min,2026-07-14 06:20:00+00:00,long,62702.71,62635.449457999996,62872.0,62604.0,62697.69,0.14941937916240355,0.10726895536094633,2.5169288704214092,4,0.09574249842184498,6,1,0,-1.0,loss,4
1h,5min,2026-07-14 14:10:00+00:00,long,63872.21,63568.215557999996,64181.99,62923.06,63699.03,1.2148788964715658,0.47594163721593924,1.0190317887456504,2,1.6383405424787136,14,1,1,1.0190317887456504,win,9
1h,5min,2026-07-15 16:45:00+00:00,long,65033.28,64771.823344000004,65600.0,64767.37,64888.0,0.18548964468653187,0.40203516722514204,2.167548566826359,2,0.551825841636226,16,2,0,-1.0,loss,31
1h,5min,2026-07-17 09:45:00+00:00,short,62968.27,63081.653653999994,62666.0,62998.52,63320.0,0.5105428495971117,0.18006474371933273,2.6659045579886103,2,1.1809049297106804,9,4,1,-1.0,loss,3
1h,5min,2026-07-17 23:15:00+00:00,long,63918.41,63871.566318,64216.61,63706.75,63894.0,0.2929515925067598,0.07328668219376246,6.3658531368212765,1,0.31769425564048265,23,4,0,6.3658531368212765,win,154
1h,5min,2026-07-19 04:15:00+00:00,long,64661.59,64597.957682,64967.25,64597.9,64614.36,0.025455606643757334,0.09840821730488888,4.80353395266885,1,0.37582418723846256,4,6,0,-1.0,loss,60
1h,5min,2026-07-19 12:50:00+00:00,long,64437.39,64272.352522,64743.0,64314.0,64462.0,0.2296803144882187,0.2561206746579872,1.8517612102628205,11,-0.12327436575066039,12,6,1,1.8517612102628205,win,53
1h,5min,2026-07-19 18:35:00+00:00,long,64441.99,64267.111602,64752.0,64163.99,64280.22,0.1803637659234347,0.2713733669615118,1.7727175199763707,6,-0.1254638250135633,18,6,0,1.7727175199763707,win,44
1h,5min,2026-07-21 18:35:00+00:00,long,66268.0,66039.37640000001,66956.15,65991.05,66129.19,0.20845657029033532,0.3449984909760242,3.009969224524586,10,0.44666998012135534,18,1,0,-1.0,loss,132
1h,5min,2026-07-21 19:10:00+00:00,short,66297.99,66389.209598,66052.63,66358.0,66462.32,0.15735017004287305,0.13759029195303812,2.6897728709570856,2,-0.4664268310469428,19,1,0,-1.0,loss,3
1h,5min,2026-07-22 08:25:00+00:00,short,66019.96,66177.773992,65701.0,66026.93,66198.0,0.25911860594887814,0.2390398176551391,2.02111356513949,4,0.20330284917251643,8,2,1,2.02111356513949,win,52
1h,5min,2026-07-23 23:40:00+00:00,short,65172.07,65248.464414,64686.56,65221.29,65540.93,0.4904554972705212,0.11721956046509209,6.355307601416884,12,0.21602744212518496,23,3,0,-1.0,loss,41
1h,5min,2026-07-24 05:55:00+00:00,long,65325.0,65234.935,65469.86,65187.57,65272.26,0.1296440872560311,0.13787217757367368,1.6083939377116176,11,0.08665901387298676,5,4,0,1.6083939377116176,win,4
1h,5min,2026-07-24 15:45:00+00:00,short,64134.01,64346.156802000005,63739.75,64198.3,64766.0,0.8851777707334955,0.3307867416991436,1.8584300884252622,3,1.3408241644760046,15,4,0,-0.282775886482593,timeout,288
1h,5min,2026-07-25 12:30:00+00:00,long,64065.38,64030.186924,64113.0,64024.72,64047.09,0.034917454637739355,0.054933063692115654,1.3531070714025717,4,-0.2569733561657156,12,5,1,1.3531070714025717,win,3
1h,5min,2026-07-25 16:30:00+00:00,long,64182.49,64110.163502,64272.0,64123.8,64126.0,0.003427726160198973,0.11268883148658598,1.2375823864720832,1,-0.048684765832544795,16,5,0,1.2375823864720832,win,11
1h,5min,2026-07-25 21:30:00+00:00,long,64357.99,64250.158402,64475.28,64241.71,64267.41,0.0399328816826075,0.16754966710426636,1.0877145676724933,4,0.15853741018194978,21,5,0,1.0877145676724933,win,35
1h,5min,2026-07-26 02:10:00+00:00,long,64474.0,64414.695199999995,64541.66,64429.38,64456.67,0.04232713962217464,0.09198250457549607,1.140885729316976,2,0.25237643328524706,2,6,0,1.140885729316976,win,10
1h,5min,2026-07-26 07:05:00+00:00,short,64423.01,64472.884602,64293.81,64457.55,64491.73,0.05305557750251082,0.07741737307833992,2.5904968625115874,1,-0.08784845409103026,7,6,1,-1.0,loss,20
1h,5min,2026-07-26 11:45:00+00:00,long,64515.2,64482.26696,64573.73,64493.99,64497.62,0.005626581022773946,0.051046947076032086,1.777242550338893,2,0.17471284897870612,11,6,0,1.777242550338893,win,4
1h,5min,2026-07-26 15:45:00+00:00,short,64766.07,64839.953214,64414.0,64802.0,64857.14,0.08513717136148514,0.11407703755994662,4.765223126324654,2,-0.4709807053635606,15,6,0,-1.0,loss,9
1h,5min,2026-07-26 18:35:00+00:00,long,64721.05,64655.96579,64940.51,64571.42,64673.42,0.1575994208993828,0.10056111574209764,3.3719392153641583,11,0.31392039926739035,18,6,0,-1.0,loss,20
1h,5min,2026-07-27 00:25:00+00:00,long,65199.99,65094.960002,65577.0,64924.0,65273.76,0.5364418000677639,0.1610889786946258,3.5895459123974147,4,0.7519154591126611,0,0,0,-1.0,loss,6
1h,5min,2026-07-27 02:50:00+00:00,short,65166.0,65294.6732,64892.03,65225.75,65273.76,0.07367338796305134,0.19745450081330362,2.129192403701832,6,-0.5751390256956849,2,0,0,-1.0,loss,5
1h,5min,2026-07-27 09:50:00+00:00,short,65266.01,65361.223202,65100.0,65258.0,65404.9,0.22507887336762497,0.14588482121091667,1.7435607301601281,4,-0.3686777764948164,9,0,1,-1.0,loss,6
1h,5min,2026-07-27 12:40:00+00:00,long,65046.79,64822.990642,65432.0,64703.36,64858.03,0.23778267920676524,0.3440590350423193,1.7212292449918132,2,-0.024361246660456554,12,0,1,1.7212292449918132,win,11
1h,5min,2026-07-28 04:25:00+00:00,short,63295.11,63388.049022,63059.39,63305.94,63469.3,0.25809260778597365,0.14683444266073423,2.5362866417940633,14,1.7050811059940596,4,1,0,-1.0,loss,7
1h,5min,2026-07-28 05:55:00+00:00,short,63451.61,63636.190322,63108.0,63529.89,63605.56,0.11925623321456817,0.2908993514900593,1.8615743881950622,8,1.2805061327411322,5,1,0,-1.0,loss,11
1h,5min,2026-07-28 17:05:00+00:00,short,63858.48,64112.771696,62742.47,63940.27,64790.28,1.3310839844606417,0.3982113197808658,4.388700132779802,20,-0.0683980392863959,17,1,0,-1.0,loss,84
1h,5min,2026-07-28 18:00:00+00:00,long,63794.01,63491.241198,64100.0,63550.0,63773.65,0.3505815044390554,0.4746038099815306,1.0106391344772678,9,-0.017736653824421373,18,1,0,1.0106391344772678,win,73
1h,5min,2026-07-31 02:45:00+00:00,long,64320.28,64190.715944,65409.56,64144.06,64283.8,0.2172565169181559,0.20143577733180829,8.407269991609677,1,-0.46515513873252096,2,4,0,-1.0,loss,5
1h,5min,2026-07-31 06:35:00+00:00,short,64365.65,64509.51313,64172.0,64439.81,64480.44,0.0631237313691459,0.2235091698755437,1.3460710885409226,2,0.2802801775013613,6,4,0,1.3460710885409226,win,5
1h,5min,2026-08-01 20:35:00+00:00,short,62564.88,62652.512976,62275.0,62624.0,62666.0,0.0671303133643028,0.14006736047443996,3.3078872044696372,3,0.7235313938123846,20,5,0,-1.0,loss,3
1h,5min,2026-08-01 22:20:00+00:00,short,62826.09,62879.185218000006,62275.0,62734.0,62874.0,0.22283735944732516,0.08451141556001572,10.37927747089951,16,0.2520076396316585,22,5,0,-1.0,loss,20
1h,5min,2026-08-02 01:45:00+00:00,short,62990.39,63100.598078,62743.16,63027.65,63069.31,0.06613707265504502,0.17496014550791525,2.243301983725626,6,-0.04995468378844266,1,6,0,-1.0,loss,4
1h,5min,2026-08-02 03:50:00+00:00,short,63446.0,63562.6892,62769.97,63310.0,63627.66,0.5006777417016101,0.18391892317876732,5.793423898698378,21,-0.6581120753846582,3,6,0,-1.0,loss,13
1h,5min,2026-08-02 09:05:00+00:00,long,63247.99,63081.350402,63634.0,63088.0,63380.0,0.46167475045452044,0.26347018774826136,2.316436217038872,7,0.10998117584929999,9,6,1,-1.0,loss,33
1h,5min,2026-08-02 18:25:00+00:00,short,63290.0,63354.658,63010.0,63320.0,63480.0,0.2528045504819087,0.10216147890662519,4.3304772804600615,13,-0.17713391864907654,18,6,0,-1.0,loss,2
1h,5min,2026-08-03 22:15:00+00:00,long,63620.0,63379.286,64080.0,63390.0,63646.59,0.4033165671172533,0.3783621502672115,1.9109814967139431,6,0.3773660325958559,22,0,0,-1.0,loss,28
1h,5min,2026-08-04 03:25:00+00:00,long,63774.0,63636.2452,63972.0,63585.09,63686.44,0.15892056323894663,0.2160046413899119,1.4373364848266377,2,0.4848964790400674,3,1,0,1.4373364848266377,win,14
1h,5min,2026-08-06 10:15:00+00:00,long,64667.32,64568.276536,64999.0,64583.63,64730.26,0.22674513185331424,0.15315844850227617,3.3488327912278306,10,0.07679929025587487,10,3,0,-1.0,loss,9
1h,5min,2026-08-06 20:35:00+00:00,short,64467.93,64549.213586,64365.0,64474.71,64548.81,0.11494087060031016,0.1260837535810406,1.2663073206440862,7,0.17957014050861667,20,3,0,1.2663073206440862,win,21
1h,5min,2026-08-07 16:05:00+00:00,long,65023.99,64774.995202,65390.99,64672.1,64802.0,0.19977242245516072,0.382927590263224,1.4739263749598512,23,0.4921960589502379,16,4,0,-1.0,loss,11
1h,5min,2026-08-07 17:35:00+00:00,long,64678.65,64512.06427,65338.0,64436.13,64599.99,0.2533448054342516,0.2575590708835124,3.958022094689641,2,-0.059934636500162196,17,4,0,2.7454932664400706,timeout,288
1h,5min,2026-08-07 18:35:00+00:00,short,64758.56,64894.081712,64525.0,64828.82,64894.83,0.1019324703946506,0.20927227535634144,1.7234138836734512,7,-0.05529745438090048,18,4,0,-1.0,loss,9
1h,5min,2026-08-07 22:10:00+00:00,long,64932.08,64887.873584,65102.0,64881.13,64948.0,0.10298453399306264,0.0680810101878777,3.8437859336978324,4,0.23664285309313482,22,4,0,-1.0,loss,4
1h,5min,2026-08-08 06:40:00+00:00,long,64990.02,64946.811996,65074.18,64957.47,64971.18,0.021095546670087388,0.06648406016800744,1.9477872664519136,3,0.18679876773639795,6,5,0,-1.0,loss,65
1h,5min,2026-08-08 16:55:00+00:00,long,65086.45,65025.98271,65192.54,65018.0,65061.31,0.06654226801430663,0.09290303895818638,1.754502310257379,5,0.19035583252808785,16,5,0,-1.0,loss,18
1h,5min,2026-08-09 04:35:00+00:00,short,64813.49,64839.092698,64730.08,64820.01,64838.33,0.028265720608471646,0.03950211290890588,3.257859777121471,4,0.21099878530725794,4,6,0,-1.0,loss,21
1h,5min,2026-08-09 12:50:00+00:00,long,64944.99,64901.741002,65000.0,64877.86,64950.0,0.11107862207692915,0.06659327840376214,1.2719369822165079,10,0.04115110825744721,12,6,1,1.2719369822165079,win,2
1h,5min,2026-08-10 08:55:00+00:00,long,65245.58,65178.950884,65379.13,65159.25,65196.53,0.057137970112303135,0.1021205053277229,2.0043789865077635,3,0.2290326269025496,8,0,1,-1.0,loss,5
1h,5min,2026-08-10 12:10:00+00:00,short,65126.0,65250.8252,64958.87,65074.61,65192.0,0.1802505911617471,0.19166722967785418,1.3389123350092633,10,-0.05311316180113827,12,0,1,1.3389123350092633,win,5
1h,5min,2026-08-11 12:15:00+00:00,short,64394.56,64528.308912,63911.09,64354.0,64544.01,0.29507150914611735,0.2077021909925353,3.614758376501719,15,-0.1933669052951913,12,1,1,3.614758376501719,win,28
1h,5min,2026-08-11 13:45:00+00:00,long,64178.01,64037.164398,64515.43,64108.0,64121.51,0.021050824106266363,0.21946084336364005,2.3956729582510876,3,-0.14404275270648279,13,1,1,-1.0,loss,7
1h,5min,2026-08-11 20:15:00+00:00,short,63621.61,63728.504322,63238.0,63660.0,63714.75,0.0860556656771182,0.16801574496464347,3.5886845327481494,3,0.5788372864590487,20,1,0,-1.0,loss,3
1h,5min,2026-08-12 00:10:00+00:00,long,63607.57,63521.288486000005,63768.58,63536.0,63622.0,0.1352040331048647,0.13564661250224586,1.866100773336126,14,-0.4549014882017301,0,2,0,1.866100773336126,win,10
1h,5min,2026-08-12 03:50:00+00:00,short,63788.84,63920.767768000005,63534.01,63868.0,64050.0,0.28531636568402874,0.20681951262949547,1.9315872910089538,21,0.11916857329065372,3,2,0,-1.0,loss,65
1h,5min,2026-08-12 13:45:00+00:00,long,63997.53,63855.200494,64500.0,63867.2,64059.99,0.3012460012128607,0.22239843631465442,3.5303291223395,14,0.11714757171649313,13,2,1,-1.0,loss,2
1h,5min,2026-08-12 16:40:00+00:00,short,63520.39,63590.704078,63316.0,63570.01,63840.0,0.4250446195308278,0.11069528697793428,2.90681476332507,3,0.5105943452292097,16,2,0,2.90681476332507,win,33
1h,5min,2026-08-13 05:55:00+00:00,short,63878.0,64022.7756,63380.0,63926.13,63976.37,0.0786499264222506,0.22664391496289935,3.439806155180825,8,-0.3453474359555458,5,3,0,3.439806155180825,win,68
1h,5min,2026-08-13 09:20:00+00:00,long,63709.1,63575.248179999995,64010.0,63582.0,63591.56,0.015005705621328308,0.21009843177819731,2.2480082825918513,1,0.019350201957678462,9,3,1,-1.0,loss,24
1h,5min,2026-08-13 22:45:00+00:00,short,63538.3,63652.70766,63105.44,63568.97,63686.0,0.18418811960659764,0.18006093962223904,3.7834879237982095,8,0.029677333415254192,22,3,0,3.7834879237982095,win,97
1h,5min,2026-08-14 16:50:00+00:00,short,63114.18,63228.202836000004,62535.24,63110.0,63286.67,0.2799212474914485,0.18066120165072846,5.077403968447017,6,0.02937778979751409,16,4,0,-1.0,loss,6
1h,5min,2026-08-14 19:25:00+00:00,long,62929.1,62817.41418,63247.05,62797.88,62966.86,0.2685244187506308,0.17747881345831862,2.8468251385897316,17,-0.2908929897225525,19,4,0,-1.0,loss,34
1h,5min,2026-08-16 12:30:00+00:00,short,63004.95,63038.02099,62968.45,63013.62,63061.02,0.07523218413790374,0.052489510744790954,1.1036863426223351,7,0.09239392026428767,12,6,1,-1.0,loss,7
1h,5min,2026-08-16 19:00:00+00:00,long,63148.1,63107.37038,63390.0,63102.86,63137.35,0.05461763695186072,0.06449856765286406,5.939166631066331,16,0.07942954480274157,19,6,0,-1.0,loss,10
1h,5min,2026-08-16 20:10:00+00:00,long,63135.97,63088.262806,63390.0,63070.05,63102.86,0.05196720664939126,0.07556262143434612,5.324773450309954,4,0.05106303179022658,20,6,0,-1.0,loss,6
1h,5min,2026-08-16 21:15:00+00:00,long,63068.51,63014.986297999996,63322.01,63025.42,63060.0,0.05482926423979533,0.08486596876952676,4.736219478988434,7,-0.05256220667540458,21,6,0,-1.0,loss,4
1h,5min,2026-08-17 09:50:00+00:00,long,63323.97,63282.335206,63717.17,63246.91,63339.78,0.14665852441025942,0.06574886887224188,9.444024149609533,6,0.12502256922588087,9,0,1,9.444024149609533,win,23
1h,5min,2026-08-17 21:55:00+00:00,long,64382.02,64253.123596,64610.01,64216.42,64280.49,0.09951536158697678,0.20020559156112092,1.7687847986822558,23,0.9456731176008404,21,0,0,-1.0,loss,45
1h,5min,2026-08-18 06:00:00+00:00,short,64196.61,64288.839322,64047.73,64272.0,64367.27,0.14840347488753192,0.14366696621519304,1.6142371728591762,11,-0.2902735726703016,6,1,0,-1.0,loss,4
1h,5min,2026-08-18 20:30:00+00:00,long,64638.0,64579.0724,64891.81,64284.0,64652.0,0.5693245459327331,0.09116556824159583,4.307149790590249,7,0.398451129311577,20,1,0,-1.0,loss,4
1h,5min,2026-08-19 09:40:00+00:00,short,64365.09,64523.823017999995,64166.0,64414.65,64488.0,0.11395929066517042,0.24661352605892264,1.2542444067937886,13,0.05999178128208224,9,2,1,-1.0,loss,17
1h,5min,2026-08-19 17:35:00+00:00,long,68034.02,67811.423196,69500.0,65970.0,68416.36,3.5957892830675013,0.3271845526693861,6.585808842071207,7,4.046413532622304,17,2,0,6.585808842071207,win,39
1h,5min,2026-08-19 22:35:00+00:00,long,69386.58,68966.122684,70000.0,68483.52,68984.78,0.7224163519804474,0.6059634528751814,1.4589352513490295,1,4.171122540000171,22,2,0,-1.0,loss,55
1h,5min,2026-08-22 00:55:00+00:00,long,77953.3,77667.77934,78760.68,77548.99,78081.8,0.6834989666890274,0.3662714214792821,2.8277463354139205,10,1.7799884267942625,0,5,0,2.8277463354139205,win,30
1h,5min,2026-08-22 09:20:00+00:00,short,77244.85,77684.72897,76500.0,77572.16,78207.61,0.8226438396863959,0.5694605789253143,1.693306683881754,28,-0.11810491032489144,9,5,1,1.693306683881754,win,235
1h,5min,2026-08-23 05:20:00+00:00,long,76280.51,75530.413898,77400.0,75753.0,76235.76,0.6328746359981007,0.9833391281731021,1.4924620952103167,3,-1.0587215195047752,5,6,0,1.4924620952103167,win,78
1h,5min,2026-08-23 05:20:00+00:00,long,76280.51,75530.413898,77400.0,75500.0,75620.0,0.157314102907807,0.9833391281731021,1.4924620952103167,1,-1.0587215195047752,5,6,0,1.4924620952103167,win,78
1h,5min,2026-08-24 05:00:00+00:00,long,76956.0,76654.6188,77717.28,76640.21,76744.94,0.13609075315764324,0.3916279432402976,2.5259704321304386,2,-0.36190317764557445,5,0,0,2.5259704321304386,win,26
1h,5min,2026-08-25 09:10:00+00:00,long,79844.01,79353.201198,80923.69,79017.76,79478.0,0.5764239546585965,0.6147096093996276,2.199797549678028,16,0.5665253139314547,9,1,1,-1.0,loss,8
1h,5min,2026-08-25 16:05:00+00:00,short,79336.01,79579.577202,78120.74,79484.01,79622.0,0.1739311064420876,0.3070071232470673,4.9894648787728055,2,-0.060151205559121394,16,1,0,4.9894648787728055,win,59
1h,5min,2026-08-25 23:15:00+00:00,short,78806.18,79015.761236,77851.0,78976.0,79048.44,0.09192172492056122,0.26594517841115095,4.557564494943311,12,0.3714151382960324,23,1,0,-1.0,loss,38
1h,5min,2026-08-27 01:20:00+00:00,long,78791.09,78530.371782,79174.12,78521.7,78554.0,0.04099448300563289,0.3308980977417555,1.4691340058177556,1,0.182017812807368,1,3,0,1.4691340058177556,win,80
1h,5min,2026-08-27 12:10:00+00:00,long,79498.01,79156.75039799999,80520.0,79095.99,79683.09,0.7385090519875798,0.42926810620794853,2.9947582251472844,21,0.5996609348411619,12,3,1,-1.0,loss,16
1h,5min,2026-08-27 20:05:00+00:00,long,80023.97,79733.695206,80848.74,79568.0,80094.0,0.6573030555719742,0.3627348080831246,2.841342124938385,23,0.6103063206286198,20,3,0,2.841342124938385,win,61
1h,5min,2026-08-29 01:15:00+00:00,long,77701.8,77615.73964,77963.92,77537.33,77640.74,0.13308572002193447,0.11075722827528207,3.0457692717063445,1,-1.0836291686264703,1,5,0,-1.0,loss,13
1h,5min,2026-08-29 16:25:00+00:00,short,77946.0,78165.5892,77506.63,78131.86,78312.64,0.23192979755215,0.28171965206681826,2.0008725383579473,20,-0.01975633888216056,16,5,0,-1.0,loss,26
1h,5min,2026-08-30 21:25:00+00:00,long,78644.0,78214.09120000001,79400.0,78242.0,78590.14,0.44267839886068794,0.5466517471135626,1.7585125031169804,9,0.16878245824479643,21,6,0,-1.0,loss,22
1h,5min,2026-08-31 10:10:00+00:00,long,78519.99,78301.206002,78802.0,78322.56,78396.35,0.0939760690239621,0.27863477567941486,1.2889882376132284,1,0.3812904810254149,10,0,0,-1.0,loss,22
1h,5min,2026-08-31 13:00:00+00:00,long,78000.01,77659.43999799999,78802.0,77769.11,77864.16,0.12185895873603467,0.4366281517143493,2.354846273278018,4,-0.31459271116908594,13,0,1,2.354846273278018,win,47
1h,5min,2026-09-01 03:10:00+00:00,short,78430.86,78515.686172,78189.93,78457.55,78562.0,0.1331746202961399,0.10815407608688844,2.8402790591564697,2,0.11712777872320819,3,1,0,-1.0,loss,4
1h,5min,2026-09-01 12:00:00+00:00,short,78028.73,78218.125746,77758.69,78062.24,78500.0,0.561024125344594,0.24272565502477003,1.4257975994876908,18,0.5356236472010766,12,1,1,1.4257975994876908,win,7
1h,5min,2026-09-02 05:00:00+00:00,short,77486.01,77807.497202,76718.48,77721.26,77727.61,0.008195027721785934,0.414897091745986,2.3874356279973767,19,0.2314976682535744,5,2,0,2.3874356279973767,win,52
1h,5min,2026-09-02 12:30:00+00:00,short,76912.0,77064.7824,76264.0,77049.4,77473.84,0.5518514666111951,0.1986457249843931,4.241326226057551,2,0.6084246412889233,12,2,1,-1.0,loss,14
1h,5min,2026-09-04 08:10:00+00:00,long,80773.96,80486.715208,81288.0,80561.0,80613.52,0.06502095477305318,0.35561558700354945,1.7895537684804106,19,0.6184467557931528,8,4,1,1.7895537684804106,win,13
1h,5min,2026-09-04 13:20:00+00:00,long,79414.23,79161.88715400001,81423.03,79000.0,80354.65,1.7058025998615038,0.31775520079963626,7.9605981776084205,10,-1.3099664995743145,13,4,1,-1.0,loss,3
1h,5min,2026-09-04 17:25:00+00:00,short,79511.59,79892.972318,78660.0,79704.0,81080.01,1.7305778943673429,0.4796562589177296,2.2329037289033113,11,0.8120960755053506,17,4,0,-1.0,loss,276
1h,5min,2026-09-05 18:55:00+00:00,long,79999.98,79914.000004,80200.0,79816.0,79973.85,0.19731254932814463,0.10747502186874869,2.326355074499151,6,0.2592312035713718,18,5,0,-1.0,loss,5
1h,5min,2026-09-06 20:10:00+00:00,long,79809.56,79760.628088,79970.0,79773.88,79799.52,0.03212647707868508,0.061310840455704826,3.27884183229959,2,-0.018989071380435252,20,6,0,3.27884183229959,win,7
1h,5min,2026-09-07 09:20:00+00:00,short,79455.58,79565.891116,79001.1,79530.47,79644.55,0.14357707790944543,0.13883369298921122,4.119983701370655,3,0.42428217758882175,9,0,1,-1.0,loss,42
1h,5min,2026-09-07 19:05:00+00:00,short,79158.08,79259.831616,78680.0,79191.96,79318.92,0.1603879224963413,0.12854229915631368,4.698500316693049,15,0.39308302223644687,19,0,0,-1.0,loss,5
1h,5min,2026-09-07 20:10:00+00:00,short,79236.76,79435.017352,78680.0,79396.36,79400.48,0.0051996068491383845,0.25020880712437077,2.8082691228519647,7,0.2745256842321619,20,0,0,-1.0,loss,62
1h,5min,2026-09-08 10:30:00+00:00,short,78736.53,79010.247306,78179.98,78929.24,78930.0,0.0009652444678407359,0.3476369939086799,2.0333021982906367,2,0.33134211775784983,10,1,0,2.0333021982906367,win,36
1h,5min,2026-09-09 03:40:00+00:00,long,78650.01,78532.72999800001,78928.65,78575.31,78633.53,0.0740241482486794,0.14911632179065834,2.3758526197845318,6,-0.0403607382125081,3,2,0,2.3758526197845318,win,4
1h,5min,2026-09-09 11:20:00+00:00,long,78923.99,78709.505202,79760.0,78726.01,78840.59,0.145177657642501,0.2717612198775112,3.897758758641605,4,0.017143825911466425,11,2,0,-1.0,loss,44
1h,5min,2026-09-11 01:10:00+00:00,short,76901.29,77015.380258,76464.0,76876.31,77100.02,0.2909053931345058,0.14835935522019345,3.8328425902933017,9,0.7722355005417791,1,4,0,-1.0,loss,38
1h,5min,2026-09-11 10:00:00+00:00,long,77162.68,76850.14746400001,77500.0,76897.54,77069.06,0.22228362208259758,0.40503069100241756,1.0793116272541428,5,-0.1837954380656798,10,4,0,-1.0,loss,13
1h,5min,2026-09-11 20:45:00+00:00,short,77263.04,77519.462608,76883.0,77372.01,77490.34,0.1531521410495908,0.3318826284857651,1.482084606205946,9,0.30659448565729425,20,4,0,0.22349823382186282,timeout,288
1h,5min,2026-09-12 03:50:00+00:00,long,77268.09,77204.546382,77378.37,77225.71,77262.29,0.047341664586231125,0.08223785265042279,1.7355008019846412,15,-0.16234088253481585,3,5,0,-1.0,loss,14
1h,5min,2026-09-12 21:10:00+00:00,short,77165.52,77252.533104,77059.75,77216.01,77336.0,0.15549691105561814,0.11276163758113446,1.215564037343234,4,0.18548182045954914,21,5,0,-1.0,loss,6
1h,5min,2026-09-13 19:50:00+00:00,long,77271.65,77207.70567000001,77413.52,77216.01,77249.35,0.04314648386570115,0.0827526395514835,2.218648627642914,6,0.16879352733381345,19,6,0,2.218648627642914,win,18
1h,5min,2026-09-14 05:55:00+00:00,long,77611.79,77478.817642,77869.82,77170.76,77504.01,0.4293806392044302,0.171330100748867,1.94047848651383,2,0.5119069960267424,5,0,0,1.94047848651383,win,3
1h,5min,2026-09-14 10:15:00+00:00,short,78003.8,78389.61076,77379.41,78068.01,78509.09,0.5654596314538545,0.49460508334208464,1.6183841010551667,5,-0.788032981869256,10,0,0,-1.0,loss,42
1h,5min,2026-09-15 09:55:00+00:00,short,76984.05,77075.26681,76703.59,77007.84,77191.02,0.23794539258457764,0.11848793353947742,3.0746525777432065,2,1.0334042972236213,9,1,1,-1.0,loss,10
1h,5min,2026-09-17 02:35:00+00:00,long,76396.01,76040.06079799999,76774.08,75986.01,76188.0,0.2643986250067317,0.46592642992743133,1.06214594070084,6,0.43138779167067504,2,3,0,1.06214594070084,win,115
1h,5min,2026-09-17 23:30:00+00:00,short,76406.45,76525.29129,76259.98,76458.55,76500.0,0.054249346750172386,0.15553829552347567,1.2324840970676545,6,0.08203499506707865,23,3,0,-1.0,loss,16
1h,5min,2026-09-19 07:25:00+00:00,short,81103.2,81266.22064,80911.12,81228.03,81264.0,0.0443509010741884,0.20100395545428845,1.178255710442548,2,-1.063730524425522,7,5,1,-1.0,loss,10
1h,5min,2026-09-20 05:20:00+00:00,short,80457.32,80684.24146399999,80126.04,80525.83,81027.11,0.6230384009807918,0.28203955090721955,1.4598883426912668,13,0.6198471468796958,5,6,0,-1.0,loss,104
1h,5min,2026-09-20 19:25:00+00:00,long,81116.64,81014.74667200001,81497.33,80969.84,81068.08,0.12110955286117034,0.12561334887637238,3.7361621950363215,16,0.3693668703795161,19,6,0,-1.0,loss,19
1h,5min,2026-09-21 22:55:00+00:00,long,86453.74,86278.489252,87395.67,86071.19,86490.11,0.48455971945227383,0.20271042987845966,5.374755946833172,6,2.251504921063119,22,0,0,-1.0,loss,20
1h,5min,2026-09-23 17:40:00+00:00,long,84259.24,83483.15815199999,85940.32,81725.74,83700.0,2.3430783377585587,0.9210643817817679,2.166111737224869,20,-1.5510144357778797,17,2,0,-1.0,loss,181
1h,5min,2026-09-25 01:45:00+00:00,long,84551.95,84349.08961,84796.51,84368.01,84410.24,0.049945625145263337,0.23992396390621584,1.205558167368187,3,0.24702768542483092,1,4,0,1.205558167368187,win,3
1h,5min,2026-09-27 20:40:00+00:00,long,84639.98,84566.252004,84843.0,84574.01,84666.0,0.10868386311055987,0.08710776632981417,2.7536351320331574,4,0.08666226775550866,20,6,0,-1.0,loss,1
1h,5min,2026-09-28 13:00:00+00:00,short,83395.66,83648.109132,82597.55,83536.48,83613.8,0.09271465685385424,0.30271255362688454,3.161468584490988,2,0.3247772839363218,13,0,1,-1.0,loss,6
1h,5min,2026-09-28 14:35:00+00:00,long,83418.0,83078.3164,83820.0,83111.0,83310.71,0.23940876069913736,0.40720659809633886,1.1834542497783094,4,-0.2721467198187214,14,0,1,-1.0,loss,1
1h,5min,2026-09-28 16:45:00+00:00,short,83600.0,84205.62,82597.55,83782.07,84140.0,0.4281459330143457,0.7244258373205686,1.655245863742949,38,-0.007045197073717932,16,0,0,-1.0,loss,5
1h,5min,2026-09-28 21:15:00+00:00,short,83530.01,83680.716002,83118.1,83613.8,83800.0,0.22291389645469586,0.1804213862778255,2.7332023577931013,3,0.11594720045405497,21,0,0,2.7332023577931013,win,9
1h,5min,2026-09-29 04:30:00+00:00,short,83149.33,83312.239866,82775.94,83241.99,83455.0,0.2561776504994024,0.19592444821864685,2.2920036040051457,2,0.34991119230742385,4,1,0,-1.0,loss,9
1h,5min,2026-09-29 09:25:00+00:00,long,83849.55,83743.63008999999,84368.01,83434.56,83873.74,0.5237714454043075,0.1263213815697418,4.894830443114386,9,0.3573002660829667,9,1,1,4.894830443114386,win,28
1h,5min,2026-09-29 19:40:00+00:00,short,83436.0,83716.6872,82900.0,83290.0,83688.0,0.4770123208207488,0.33641018265496947,1.909599012708807,20,0.22273878111133064,19,1,0,-1.0,loss,30
1h,5min,2026-09-29 21:40:00+00:00,long,83506.43,83367.298714,83700.0,83218.01,83398.5,0.2161390446220791,0.16661146453032288,1.3912758630005218,3,-0.12622842273548798,21,1,0,1.3912758630005218,win,6
1h,5min,2026-09-29 23:20:00+00:00,short,83732.01,83865.746402,83384.0,83756.25,84025.26,0.3212749819334264,0.15971956483549068,2.6022084847173463,3,-0.1395434037679395,23,1,0,2.6022084847173463,win,18
1h,5min,2026-09-30 16:45:00+00:00,long,84371.49,83356.125702,85649.95,83339.91,83632.01,0.34620699480356604,1.2034447868586893,1.2591145882499715,27,0.698157115637333,16,2,0,-1.0,loss,176
1h,5min,2026-09-30 21:40:00+00:00,short,83708.25,83835.57165,83503.18,83771.16,83792.98,0.02606672580061396,0.15210167456612467,1.610645165217464,6,0.11691691439232313,21,2,0,-1.0,loss,10
1h,5min,2026-10-02 07:45:00+00:00,long,85878.01,85750.274398,86912.75,85569.0,85893.27,0.3775937518813071,0.14874075680142176,8.100639005874024,20,1.1293300200327614,7,4,1,8.100639005874024,win,57
1h,5min,2026-10-03 13:15:00+00:00,short,84812.12,84943.432424,84570.0,84900.0,85018.0,0.13913105815536744,0.15482742796666726,1.8438468548870068,10,-0.02432242638955101,13,5,1,-1.0,loss,4
